arch,seed,N,lag,mode,eps,proj_mean,absproj_mean,norm_mean
rnn_only,1,7,1,full,0.001,1.3613479004309395,1.3613479004309395,1.4317881110193347
rnn_only,1,7,2,full,0.001,1.4275383609412802,1.4275383609412802,1.5405942713853578
rnn_only,1,7,3,full,0.001,1.3874845327047778,1.3874845327047778,1.5262436917304847
rnn_only,1,7,4,full,0.001,1.4440690314594238,1.4440690314594238,1.6024754134998813
rnn_only,1,7,5,full,0.001,1.578719518527786,1.578719518527786,1.7406075253593136
rnn_only,1,7,1,full,0.01,1.3611946698499586,1.3611946698499586,1.4316747008738644
rnn_only,1,7,2,full,0.01,1.4273429889136364,1.4273429889136364,1.5403581933138337
rnn_only,1,7,3,full,0.01,1.3872520737284768,1.3872520737284768,1.5261203204791718
rnn_only,1,7,4,full,0.01,1.4438642437373637,1.4438642437373637,1.6023908687660233
rnn_only,1,7,5,full,0.01,1.5784550771997108,1.5784550771997108,1.7404122620993825
rnn_only,1,7,1,full,0.1,1.3604801061743315,1.3604801061743315,1.4310057464800505
rnn_only,1,7,2,full,0.1,1.4260123972246284,1.4260123972246284,1.5394140136132604
rnn_only,1,7,3,full,0.1,1.3858964176848616,1.3858964176848616,1.5250365058338327
rnn_only,1,7,4,full,0.1,1.442359266938346,1.442359266938346,1.6011811944065937
rnn_only,1,7,5,full,0.1,1.5773677617574124,1.5773677617574124,1.738850298996566
rnn_only,1,7,1,full,0.3,1.3586424135548638,1.3586424135548638,1.4291416808977693
rnn_only,1,7,2,full,0.3,1.4225491017990515,1.4225491017990515,1.536459702443611
rnn_only,1,7,3,full,0.3,1.3817444756646347,1.3817444756646347,1.5218849325349462
rnn_only,1,7,4,full,0.3,1.438502424214569,1.438502424214569,1.5972320807519291
rnn_only,1,7,5,full,0.3,1.5736902809740336,1.5736902809740336,1.734439486889039
rnn_only,1,11,1,full,0.001,1.346530878181686,1.346530878181686,1.4382305235281239
rnn_only,1,11,2,full,0.001,1.3883508658394839,1.3883508658394839,1.574423299660224
rnn_only,1,11,3,full,0.001,1.2822752962943467,1.2822752962943467,1.5062775667718502
rnn_only,1,11,4,full,0.001,1.182305187491255,1.182305187491255,1.398928353955779
rnn_only,1,11,5,full,0.001,1.1747080771485137,1.1747080771485137,1.3672180221038839
rnn_only,1,11,6,full,0.001,1.1401809575303077,1.1401809575303077,1.3641951738918991
rnn_only,1,11,7,full,0.001,1.1318265278540018,1.1318265278540018,1.3662670558694325
rnn_only,1,11,8,full,0.001,1.2858657152776312,1.2858657152776312,1.4743398736426083
rnn_only,1,11,9,full,0.001,1.4196886524229553,1.4196886524229553,1.6660643619986706
rnn_only,1,11,1,full,0.01,1.3465329833597577,1.3465329833597577,1.4380821145299874
rnn_only,1,11,2,full,0.01,1.3877322182765088,1.3877322182765088,1.57378632499695
rnn_only,1,11,3,full,0.01,1.2817575058406685,1.2817575058406685,1.505883285249763
rnn_only,1,11,4,full,0.01,1.181835916469309,1.181835916469309,1.3985635731348887
rnn_only,1,11,5,full,0.01,1.1742058042204175,1.1742058042204175,1.3666099130978666
rnn_only,1,11,6,full,0.01,1.1397574895113214,1.1397574895113214,1.363561562186224
rnn_only,1,11,7,full,0.01,1.131489872642684,1.131489872642684,1.3656609858368833
rnn_only,1,11,8,full,0.01,1.2852242542779269,1.2852242542779269,1.4734765555961684
rnn_only,1,11,9,full,0.01,1.4192197280945473,1.4192197280945473,1.6650283960939611
rnn_only,1,11,1,full,0.1,1.3466694418106162,1.3466694418106162,1.4376587684356201
rnn_only,1,11,2,full,0.1,1.3866612577167838,1.3866612577167838,1.5721854053479007
rnn_only,1,11,3,full,0.1,1.280072410288625,1.280072410288625,1.5038990035142838
rnn_only,1,11,4,full,0.1,1.179678508693954,1.179678508693954,1.3959884532213094
rnn_only,1,11,5,full,0.1,1.1712834087352457,1.1712834087352457,1.363235537691591
rnn_only,1,11,6,full,0.1,1.1370139797340792,1.1370139797340792,1.3596918011957821
rnn_only,1,11,7,full,0.1,1.128567777046492,1.128567777046492,1.3611078562965275
rnn_only,1,11,8,full,0.1,1.281746295032519,1.281746295032519,1.4684797060001549
rnn_only,1,11,9,full,0.1,1.4148286249379791,1.4148286249379791,1.6586424511026991
rnn_only,1,11,1,full,0.3,1.345866899284843,1.345866899284843,1.4358655869202401
rnn_only,1,11,2,full,0.3,1.3839101446070612,1.3839101446070612,1.568360288044417
rnn_only,1,11,3,full,0.3,1.2755019846776117,1.2755019846776117,1.4986501822576597
rnn_only,1,11,4,full,0.3,1.1743162564096725,1.1743162564096725,1.3901438470438823
rnn_only,1,11,5,full,0.3,1.1647875185646068,1.1647875185646068,1.3563313953487972
rnn_only,1,11,6,full,0.3,1.1304866432436882,1.1304866432436882,1.3519921866638591
rnn_only,1,11,7,full,0.3,1.1224159731648895,1.1224159731648895,1.3527967678522135
rnn_only,1,11,8,full,0.3,1.2750685670986934,1.2750685670986934,1.4595425268359432
rnn_only,1,11,9,full,0.3,1.4069669862287029,1.4069669862287029,1.6469917188501921
rnn_only,1,16,1,full,0.001,1.2678603435737315,1.2678603435737315,1.3403011543471726
rnn_only,1,16,2,full,0.001,1.2178845627991546,1.2178845627991546,1.39048862822266
rnn_only,1,16,3,full,0.001,1.0673123559255506,1.0673123559255506,1.2859922729208422
rnn_only,1,16,4,full,0.001,0.9765719175332277,0.9765719175332277,1.1640870101120546
rnn_only,1,16,5,full,0.001,0.9203946394379867,0.9203946394379867,1.0769357781708155
rnn_only,1,16,6,full,0.001,0.8956048847603206,0.8956048847603206,1.048833913747291
rnn_only,1,16,7,full,0.001,0.9020340970445533,0.9020340970445533,1.0560281791918453
rnn_only,1,16,8,full,0.001,0.9240856445688137,0.9240856445688137,1.0825701505455125
rnn_only,1,16,9,full,0.001,0.9465032701324269,0.9465032701324269,1.1185026636913744
rnn_only,1,16,10,full,0.001,0.9436153512337517,0.9436153512337517,1.1554641399874084
rnn_only,1,16,11,full,0.001,0.92942072831449,0.92942072831449,1.1727164166111672
rnn_only,1,16,12,full,0.001,0.9472349462707759,0.9472349462707759,1.1936612837325224
rnn_only,1,16,13,full,0.001,1.108086118527772,1.108086118527772,1.343777256718981
rnn_only,1,16,14,full,0.001,1.1530319113436085,1.1530319113436085,1.4805011388293015
rnn_only,1,16,1,full,0.01,1.2678652767455991,1.2678652767455991,1.340236446985354
rnn_only,1,16,2,full,0.01,1.2175982556397689,1.2175982556397689,1.3898935937442296
rnn_only,1,16,3,full,0.01,1.06704010895325,1.06704010895325,1.2856204786004617
rnn_only,1,16,4,full,0.01,0.976290282134709,0.976290282134709,1.1637435526192679
rnn_only,1,16,5,full,0.01,0.9202113638209226,0.9202113638209226,1.0766129035242464
rnn_only,1,16,6,full,0.01,0.8953857221349599,0.8953857221349599,1.048539471041837
rnn_only,1,16,7,full,0.01,0.9017685840958285,0.9017685840958285,1.0556960086332383
rnn_only,1,16,8,full,0.01,0.923828202226659,0.923828202226659,1.0821934495677352
rnn_only,1,16,9,full,0.01,0.9462609401107793,0.9462609401107793,1.1181048358570325
rnn_only,1,16,10,full,0.01,0.9432854772682893,0.9432854772682893,1.1550637523086982
rnn_only,1,16,11,full,0.01,0.929109977196534,0.929109977196534,1.1722552664614232
rnn_only,1,16,12,full,0.01,0.9467978198557069,0.9467978198557069,1.1931474894864444
rnn_only,1,16,13,full,0.01,1.1074156307498635,1.1074156307498635,1.3431657551715133
rnn_only,1,16,14,full,0.01,1.1525634919709389,1.1525634919709389,1.4795927001955413
rnn_only,1,16,1,full,0.1,1.2681923114090243,1.2681923114090243,1.3401059565204514
rnn_only,1,16,2,full,0.1,1.2172031656354045,1.2172031656354045,1.3891549893233939
rnn_only,1,16,3,full,0.1,1.0664057528425794,1.0664057528425794,1.2844814955074164
rnn_only,1,16,4,full,0.1,0.9755293661622952,0.9755293661622952,1.1629520015416168
rnn_only,1,16,5,full,0.1,0.9194241724284722,0.9194241724284722,1.0758341102973066
rnn_only,1,16,6,full,0.1,0.8947165060205016,0.8947165060205016,1.047728228561381
rnn_only,1,16,7,full,0.1,0.9012930651079482,0.9012930651079482,1.0550486151251939
rnn_only,1,16,8,full,0.1,0.923486550433414,0.923486550433414,1.0816453308581582
rnn_only,1,16,9,full,0.1,0.9457327688527816,0.9457327688527816,1.1171659336875717
rnn_only,1,16,10,full,0.1,0.9428406223402448,0.9428406223402448,1.1537397858429645
rnn_only,1,16,11,full,0.1,0.9283502385387481,0.9283502385387481,1.1701961303842388
rnn_only,1,16,12,full,0.1,0.9461714917101618,0.9461714917101618,1.1912702837549918
rnn_only,1,16,13,full,0.1,1.106041396940817,1.106041396940817,1.3416841002710855
rnn_only,1,16,14,full,0.1,1.1516846391986715,1.1516846391986715,1.4765211974714545
rnn_only,1,16,1,full,0.3,1.2674141615707202,1.2674141615707202,1.3386955593695402
rnn_only,1,16,2,full,0.3,1.2145897479744023,1.2145897479744023,1.385682585894259
rnn_only,1,16,3,full,0.3,1.0633046581847962,1.0633046581847962,1.2803699441300789
rnn_only,1,16,4,full,0.3,0.9722802150537267,0.9722802150537267,1.1594059960500858
rnn_only,1,16,5,full,0.3,0.9161692323444044,0.9161692323444044,1.0728575596863092
rnn_only,1,16,6,full,0.3,0.8918210344525441,0.8918210344525441,1.0445315124266774
rnn_only,1,16,7,full,0.3,0.8989818210866122,0.8989818210866122,1.0521820966486173
rnn_only,1,16,8,full,0.3,0.9210660363031413,0.9210660363031413,1.0789943278978895
rnn_only,1,16,9,full,0.3,0.9429914659372346,0.9429914659372346,1.1143653183644298
rnn_only,1,16,10,full,0.3,0.939989734372479,0.939989734372479,1.150000655084817
rnn_only,1,16,11,full,0.3,0.9254221851137845,0.9254221851137845,1.1663938864374663
rnn_only,1,16,12,full,0.3,0.9436555767724759,0.9436555767724759,1.188045680622628
rnn_only,1,16,13,full,0.3,1.1023970505306249,1.1023970505306249,1.337800834778583
rnn_only,1,16,14,full,0.3,1.1478427087024603,1.1478427087024603,1.468381954031343
rnn_only,1,21,1,full,0.001,1.1113761813524539,1.1113761813524539,1.1865550034891994
rnn_only,1,21,2,full,0.001,1.016834523919817,1.016834523919817,1.1929465964360224
rnn_only,1,21,3,full,0.001,0.9324368081221801,0.9324368081221801,1.1574318417807516
rnn_only,1,21,4,full,0.001,0.8839451195515489,0.8839451195515489,1.081895546686925
rnn_only,1,21,5,full,0.001,0.8602052570796291,0.8602052570796291,1.0309152511537767
rnn_only,1,21,6,full,0.001,0.8415951547425263,0.8415951547425263,1.013394510757312
rnn_only,1,21,7,full,0.001,0.8312453163657754,0.8312453163657754,1.0133883889805209
rnn_only,1,21,8,full,0.001,0.8418614036734994,0.8418614036734994,1.027504000290746
rnn_only,1,21,9,full,0.001,0.847944313743958,0.847944313743958,1.0402244369549352
rnn_only,1,21,10,full,0.001,0.8653520119218233,0.8653520119218233,1.0647242312766418
rnn_only,1,21,11,full,0.001,0.8892412099231246,0.8892412099231246,1.10281138506819
rnn_only,1,21,12,full,0.001,0.89362204065745,0.89362204065745,1.1210115869690778
rnn_only,1,21,13,full,0.001,0.8867795715145377,0.8867795715145377,1.124033972713792
rnn_only,1,21,14,full,0.001,0.8973488850920359,0.8973488850920359,1.1340452072229898
rnn_only,1,21,15,full,0.001,0.917154486972113,0.917154486972113,1.16535391341788
rnn_only,1,21,16,full,0.001,0.9372191512351693,0.9372191512351693,1.2071151762692125
rnn_only,1,21,17,full,0.001,0.9553325266150957,0.9553325266150957,1.2538470357341305
rnn_only,1,21,18,full,0.001,1.072095703260905,1.072095703260905,1.3668631418127526
rnn_only,1,21,19,full,0.001,0.9987424501877347,0.9987424501877347,1.420191812668281
rnn_only,1,21,1,full,0.01,1.1114210714559456,1.1114210714559456,1.1865336030525706
rnn_only,1,21,2,full,0.01,1.016772164677923,1.016772164677923,1.1928277168821313
rnn_only,1,21,3,full,0.01,0.9326809604671473,0.9326809604671473,1.1575380168580973
rnn_only,1,21,4,full,0.01,0.8841188053366759,0.8841188053366759,1.082049125737289
rnn_only,1,21,5,full,0.01,0.8604136349056183,0.8604136349056183,1.0310980206023543
rnn_only,1,21,6,full,0.01,0.8417614399205957,0.8417614399205957,1.0135806705059172
rnn_only,1,21,7,full,0.01,0.8314236192884195,0.8314236192884195,1.013633516041183
rnn_only,1,21,8,full,0.01,0.8420813627901131,0.8420813627901131,1.027786878469338
rnn_only,1,21,9,full,0.01,0.8481499410245632,0.8481499410245632,1.040498925535172
rnn_only,1,21,10,full,0.01,0.8655696306724106,0.8655696306724106,1.0649500085166572
rnn_only,1,21,11,full,0.01,0.8895055632650677,0.8895055632650677,1.103182356359036
rnn_only,1,21,12,full,0.01,0.8938588775187265,0.8938588775187265,1.1213538991483367
rnn_only,1,21,13,full,0.01,0.8870660302242406,0.8870660302242406,1.1244264782003566
rnn_only,1,21,14,full,0.01,0.8976175522301012,0.8976175522301012,1.1344236831009105
rnn_only,1,21,15,full,0.01,0.9174268777271564,0.9174268777271564,1.165695906125059
rnn_only,1,21,16,full,0.01,0.9374784723845018,0.9374784723845018,1.2074999555262864
rnn_only,1,21,17,full,0.01,0.9555132221125061,0.9555132221125061,1.2539342253732395
rnn_only,1,21,18,full,0.01,1.0722207429701145,1.0722207429701145,1.3667214250490094
rnn_only,1,21,19,full,0.01,0.9987936767943111,0.9987936767943111,1.419865973768181
rnn_only,1,21,1,full,0.1,1.111502073252165,1.111502073252165,1.1861847347200383
rnn_only,1,21,2,full,0.1,1.0169532293983892,1.0169532293983892,1.1921586256081105
rnn_only,1,21,3,full,0.1,0.9325978084512956,0.9325978084512956,1.1570276826066248
rnn_only,1,21,4,full,0.1,0.8838012908557471,0.8838012908557471,1.0809785757070525
rnn_only,1,21,5,full,0.1,0.859681705627644,0.859681705627644,1.0296962856090526
rnn_only,1,21,6,full,0.1,0.840659556358236,0.840659556358236,1.012001751771336
rnn_only,1,21,7,full,0.1,0.8304359365301637,0.8304359365301637,1.0120761312566477
rnn_only,1,21,8,full,0.1,0.8410745085045852,0.8410745085045852,1.0261496683013493
rnn_only,1,21,9,full,0.1,0.8467987635060399,0.8467987635060399,1.038371073887168
rnn_only,1,21,10,full,0.1,0.8639395789355538,0.8639395789355538,1.062687323316594
rnn_only,1,21,11,full,0.1,0.8871720574457403,0.8871720574457403,1.1000567672892032
rnn_only,1,21,12,full,0.1,0.8916362142841288,0.8916362142841288,1.1180589293204113
rnn_only,1,21,13,full,0.1,0.8848587295123802,0.8848587295123802,1.1208948960407514
rnn_only,1,21,14,full,0.1,0.8955636217110848,0.8955636217110848,1.1313289404409426
rnn_only,1,21,15,full,0.1,0.9151380979589119,0.9151380979589119,1.162078553647663
rnn_only,1,21,16,full,0.1,0.9355080633462903,0.9355080633462903,1.2039679475654514
rnn_only,1,21,17,full,0.1,0.9539311886806585,0.9539311886806585,1.250510295990843
rnn_only,1,21,18,full,0.1,1.070667483046444,1.070667483046444,1.3631710094939242
rnn_only,1,21,19,full,0.1,0.9973407880167972,0.9973407880167972,1.4152708672803218
rnn_only,1,21,1,full,0.3,1.111845481979792,1.111845481979792,1.1857908090696183
rnn_only,1,21,2,full,0.3,1.0174125291203207,1.0174125291203207,1.191408377213488
rnn_only,1,21,3,full,0.3,0.9324166700907789,0.9324166700907789,1.1556192041748863
rnn_only,1,21,4,full,0.3,0.8830432660573684,0.8830432660573684,1.0791788430672606
rnn_only,1,21,5,full,0.3,0.8583042049357883,0.8583042049357883,1.0278719729413353
rnn_only,1,21,6,full,0.3,0.8390329032219326,0.8390329032219326,1.0099997492816064
rnn_only,1,21,7,full,0.3,0.8284378453819786,0.8284378453819786,1.0096351831148156
rnn_only,1,21,8,full,0.3,0.839159595760583,0.839159595760583,1.023495497139724
rnn_only,1,21,9,full,0.3,0.8449656827603178,0.8449656827603178,1.0357515763761191
rnn_only,1,21,10,full,0.3,0.8622711982013709,0.8622711982013709,1.059901720875029
rnn_only,1,21,11,full,0.3,0.8848278297868034,0.8848278297868034,1.0969413036895523
rnn_only,1,21,12,full,0.3,0.8893217518570752,0.8893217518570752,1.1147304894154209
rnn_only,1,21,13,full,0.3,0.881222710076113,0.881222710076113,1.1167457396438714
rnn_only,1,21,14,full,0.3,0.8922617843036547,0.8922617843036547,1.1274060769559238
rnn_only,1,21,15,full,0.3,0.9115162538318495,0.9115162538318495,1.1572099127712077
rnn_only,1,21,16,full,0.3,0.9318655643794069,0.9318655643794069,1.1984603584283087
rnn_only,1,21,17,full,0.3,0.9505758531477065,0.9505758531477065,1.2446589359260811
rnn_only,1,21,18,full,0.3,1.067291619538136,1.067291619538136,1.3577546208620153
rnn_only,1,21,19,full,0.3,0.9943896641882701,0.9943896641882701,1.40586999072187
rnn_only,1,25,1,full,0.001,1.0510158852566256,1.0510158852566256,1.1465702660346102
rnn_only,1,25,2,full,0.001,0.9965349216489529,0.9965349216489529,1.1933206999532069
rnn_only,1,25,3,full,0.001,0.988006671772355,0.988006671772355,1.2209767261986775
rnn_only,1,25,4,full,0.001,0.9656034322199036,0.9656034322199036,1.1879336570040064
rnn_only,1,25,5,full,0.001,0.9603533200927907,0.9603533200927907,1.1681623345370928
rnn_only,1,25,6,full,0.001,0.95761730230489,0.95761730230489,1.1689809475124024
rnn_only,1,25,7,full,0.001,0.9562086020504093,0.9562086020504093,1.1745777790415421
rnn_only,1,25,8,full,0.001,0.9682121636848267,0.9682121636848267,1.1804276624857957
rnn_only,1,25,9,full,0.001,0.9611376481037164,0.9611376481037164,1.1793110696239035
rnn_only,1,25,10,full,0.001,0.9431716124147008,0.9431716124147008,1.1641435861062286
rnn_only,1,25,11,full,0.001,0.9292887934455113,0.9292887934455113,1.1498708004423457
rnn_only,1,25,12,full,0.001,0.9215340129355915,0.9215340129355915,1.1404501300319092
rnn_only,1,25,13,full,0.001,0.9321766507391094,0.9321766507391094,1.1573955706880135
rnn_only,1,25,14,full,0.001,0.9395512643280662,0.9395512643280662,1.164771494975859
rnn_only,1,25,15,full,0.001,0.957719730488944,0.957719730488944,1.1805181801243623
rnn_only,1,25,16,full,0.001,0.9753873499574728,0.9753873499574728,1.1965651462005762
rnn_only,1,25,17,full,0.001,0.9821936188960756,0.9821936188960756,1.2031623723567695
rnn_only,1,25,18,full,0.001,0.9988671207622111,0.9988671207622111,1.222903044120653
rnn_only,1,25,19,full,0.001,1.0044047037876838,1.0044047037876838,1.2437216523097185
rnn_only,1,25,20,full,0.001,1.0004130914487108,1.0004130914487108,1.2620833533541356
rnn_only,1,25,21,full,0.001,0.9933516680083884,0.9933516680083884,1.2800021208082475
rnn_only,1,25,22,full,0.001,1.0768457544180539,1.0768457544180539,1.3662337118047225
rnn_only,1,25,23,full,0.001,1.1999375260113339,1.1999375260113339,1.606882097537223
rnn_only,1,25,1,full,0.01,1.050870138800028,1.050870138800028,1.1464662479706726
rnn_only,1,25,2,full,0.01,0.9964937076590513,0.9964937076590513,1.1931262287111597
rnn_only,1,25,3,full,0.01,0.9880117439065748,0.9880117439065748,1.2208042199993105
rnn_only,1,25,4,full,0.01,0.9653477389149707,0.9653477389149707,1.1875627594769687
rnn_only,1,25,5,full,0.01,0.9600016914072238,0.9600016914072238,1.1677804420540232
rnn_only,1,25,6,full,0.01,0.9573012427132144,0.9573012427132144,1.1686106575899293
rnn_only,1,25,7,full,0.01,0.95601064234734,0.95601064234734,1.1743576052857263
rnn_only,1,25,8,full,0.01,0.9679057393501997,0.9679057393501997,1.1801841108339677
rnn_only,1,25,9,full,0.01,0.9609073728038885,0.9609073728038885,1.1789412738669902
rnn_only,1,25,10,full,0.01,0.9429534009854252,0.9429534009854252,1.1637142139335248
rnn_only,1,25,11,full,0.01,0.9291590564553657,0.9291590564553657,1.149502391462687
rnn_only,1,25,12,full,0.01,0.921466886002451,0.921466886002451,1.1403049838704913
rnn_only,1,25,13,full,0.01,0.9322451286933857,0.9322451286933857,1.1573704140212597
rnn_only,1,25,14,full,0.01,0.9396798812943634,0.9396798812943634,1.1648241946843971
rnn_only,1,25,15,full,0.01,0.9576625245155825,0.9576625245155825,1.1805034440172741
rnn_only,1,25,16,full,0.01,0.9752957073439804,0.9752957073439804,1.196388073244779
rnn_only,1,25,17,full,0.01,0.9820278781605214,0.9820278781605214,1.2029424207645665
rnn_only,1,25,18,full,0.01,0.9987002901297095,0.9987002901297095,1.2225828415140882
rnn_only,1,25,19,full,0.01,1.004209536270907,1.004209536270907,1.2433801199034644
rnn_only,1,25,20,full,0.01,1.0002892850130856,1.0002892850130856,1.2618445096254018
rnn_only,1,25,21,full,0.01,0.9931803126494407,0.9931803126494407,1.2796329947478835
rnn_only,1,25,22,full,0.01,1.076294037741722,1.076294037741722,1.3655586321663642
rnn_only,1,25,23,full,0.01,1.1993817738155048,1.1993817738155048,1.6059808453120659
rnn_only,1,25,1,full,0.1,1.051020974995577,1.051020974995577,1.146172415886506
rnn_only,1,25,2,full,0.1,0.996760836483793,0.996760836483793,1.1929801486271474
rnn_only,1,25,3,full,0.1,0.9885815870776408,0.9885815870776408,1.2210654164641288
rnn_only,1,25,4,full,0.1,0.9653234670821631,0.9653234670821631,1.187411706156388
rnn_only,1,25,5,full,0.1,0.959023751395905,0.959023751395905,1.16686022260739
rnn_only,1,25,6,full,0.1,0.9561151114738171,0.9561151114738171,1.1673785439570887
rnn_only,1,25,7,full,0.1,0.9550046807618755,0.9550046807618755,1.1732703131398372
rnn_only,1,25,8,full,0.1,0.9670773058445203,0.9670773058445203,1.1791348512069413
rnn_only,1,25,9,full,0.1,0.9601874376967121,0.9601874376967121,1.1778684578824183
rnn_only,1,25,10,full,0.1,0.9424567055380831,0.9424567055380831,1.1630852329389025
rnn_only,1,25,11,full,0.1,0.9285954426964337,0.9285954426964337,1.1486231130036524
rnn_only,1,25,12,full,0.1,0.9210752708615613,0.9210752708615613,1.139689939115103
rnn_only,1,25,13,full,0.1,0.9315762722991141,0.9315762722991141,1.1564646218083692
rnn_only,1,25,14,full,0.1,0.9394512810224949,0.9394512810224949,1.163993589402344
rnn_only,1,25,15,full,0.1,0.9572012627966223,0.9572012627966223,1.1796859360037089
rnn_only,1,25,16,full,0.1,0.9749670635488992,0.9749670635488992,1.1960571871954224
rnn_only,1,25,17,full,0.1,0.9817636918950459,0.9817636918950459,1.202732763330931
rnn_only,1,25,18,full,0.1,0.9988318371824053,0.9988318371824053,1.2228443085591616
rnn_only,1,25,19,full,0.1,1.0038120175069554,1.0038120175069554,1.2430607814657617
rnn_only,1,25,20,full,0.1,0.9997882937764228,0.9997882937764228,1.261702921408138
rnn_only,1,25,21,full,0.1,0.9926746285830772,0.9926746285830772,1.2790193557938472
rnn_only,1,25,22,full,0.1,1.074837622168686,1.074837622168686,1.3633313727085834
rnn_only,1,25,23,full,0.1,1.195179539758441,1.195179539758441,1.5996607002779588
rnn_only,1,25,1,full,0.3,1.0510295342269589,1.0510295342269589,1.144992205202764
rnn_only,1,25,2,full,0.3,0.996399454991226,0.996399454991226,1.1921335304296734
rnn_only,1,25,3,full,0.3,0.9888531372826974,0.9888531372826974,1.2197781557811826
rnn_only,1,25,4,full,0.3,0.9645144505369041,0.9645144505369041,1.1858156278023613
rnn_only,1,25,5,full,0.3,0.9564929318670581,0.9564929318670581,1.164483068784238
rnn_only,1,25,6,full,0.3,0.9535909899420618,0.9535909899420618,1.1643526390985168
rnn_only,1,25,7,full,0.3,0.9528099125791876,0.9528099125791876,1.1709500154107886
rnn_only,1,25,8,full,0.3,0.965795702054299,0.965795702054299,1.1773907749200911
rnn_only,1,25,9,full,0.3,0.9585720639235387,0.9585720639235387,1.1758200967982053
rnn_only,1,25,10,full,0.3,0.9413284949464071,0.9413284949464071,1.1618062275870322
rnn_only,1,25,11,full,0.3,0.9275685320700534,0.9275685320700534,1.1469995575674323
rnn_only,1,25,12,full,0.3,0.9199269716909904,0.9199269716909904,1.1380332866792784
rnn_only,1,25,13,full,0.3,0.929786079046792,0.929786079046792,1.1544868729915323
rnn_only,1,25,14,full,0.3,0.9376886245753662,0.9376886245753662,1.1619049438706988
rnn_only,1,25,15,full,0.3,0.9554209311702699,0.9554209311702699,1.1774410546864038
rnn_only,1,25,16,full,0.3,0.9731562794077073,0.9731562794077073,1.1943452635003975
rnn_only,1,25,17,full,0.3,0.9804843805083346,0.9804843805083346,1.201178527462646
rnn_only,1,25,18,full,0.3,0.9975888585051459,0.9975888585051459,1.2219060491921288
rnn_only,1,25,19,full,0.3,1.0025413252817925,1.0025413252817925,1.2420333086915734
rnn_only,1,25,20,full,0.3,0.9981068448969886,0.9981068448969886,1.260982498761881
rnn_only,1,25,21,full,0.3,0.990140271446768,0.990140271446768,1.2774752701826089
rnn_only,1,25,22,full,0.3,1.0711433505014665,1.0711433505014665,1.3600716731321718
rnn_only,1,25,23,full,0.3,1.1878000963786135,1.1878000963786135,1.588237567591409
rnn_only,1,30,1,full,0.001,1.034513588787708,1.034513588787708,1.1734537850538107
rnn_only,1,30,2,full,0.001,0.9672965509325726,0.9672965509325726,1.233197570124092
rnn_only,1,30,3,full,0.001,0.9240491637670398,0.9240491637670398,1.2196243793064432
rnn_only,1,30,4,full,0.001,0.8731312018186473,0.8731312018186473,1.153220144049149
rnn_only,1,30,5,full,0.001,0.859127567898941,0.859127567898941,1.1262123326971247
rnn_only,1,30,6,full,0.001,0.8481138917706463,0.8481138917706463,1.1144779485856757
rnn_only,1,30,7,full,0.001,0.8315340154647397,0.8315340154647397,1.1021147672483447
rnn_only,1,30,8,full,0.001,0.8226670280908778,0.8226670280908778,1.0922862730651826
rnn_only,1,30,9,full,0.001,0.8246854385791935,0.8246854385791935,1.0916045684498359
rnn_only,1,30,10,full,0.001,0.8200698088351746,0.8200698088351746,1.083992845336497
rnn_only,1,30,11,full,0.001,0.8033044397845877,0.8033044397845877,1.0597728872838907
rnn_only,1,30,12,full,0.001,0.7844525848394599,0.7844525848394599,1.0372730905470693
rnn_only,1,30,13,full,0.001,0.7618850619353734,0.7618850619353734,1.0141852894783145
rnn_only,1,30,14,full,0.001,0.7347322672364975,0.7347322672364975,0.9760440866353381
rnn_only,1,30,15,full,0.001,0.7226423873338297,0.7226423873338297,0.9525964630076215
rnn_only,1,30,16,full,0.001,0.724419455482918,0.724419455482918,0.9554528272220602
rnn_only,1,30,17,full,0.001,0.7189497200259907,0.7189497200259907,0.9492782254802545
rnn_only,1,30,18,full,0.001,0.7158070873633544,0.7158070873633544,0.9399153460718159
rnn_only,1,30,19,full,0.001,0.7133347393143344,0.7133347393143344,0.9354945110106443
rnn_only,1,30,20,full,0.001,0.7015742609590643,0.7015742609590643,0.9261528182740674
rnn_only,1,30,21,full,0.001,0.683036211844391,0.683036211844391,0.9043203291633974
rnn_only,1,30,22,full,0.001,0.6823710569801728,0.6823710569801728,0.9014839809005589
rnn_only,1,30,23,full,0.001,0.6924495576925039,0.6924495576925039,0.9224230002735796
rnn_only,1,30,24,full,0.001,0.6925042735072542,0.6925042735072542,0.9388841856941315
rnn_only,1,30,25,full,0.001,0.6956237607793352,0.6956237607793352,0.9586980347544916
rnn_only,1,30,26,full,0.001,0.7069247846952849,0.7069247846952849,0.981964753707514
rnn_only,1,30,27,full,0.001,0.7365568380718568,0.7365568380718568,1.028556535001794
rnn_only,1,30,28,full,0.001,0.7147972398383869,0.7147972398383869,1.0763111543860528
rnn_only,1,30,1,full,0.01,1.0345169382303052,1.0345169382303052,1.1733545916185302
rnn_only,1,30,2,full,0.01,0.9673398562165064,0.9673398562165064,1.233175309030894
rnn_only,1,30,3,full,0.01,0.9239513650340088,0.9239513650340088,1.219536842172898
rnn_only,1,30,4,full,0.01,0.8731884626235058,0.8731884626235058,1.153040543023242
rnn_only,1,30,5,full,0.01,0.8592939937698483,0.8592939937698483,1.1261767018928426
rnn_only,1,30,6,full,0.01,0.8480056588736469,0.8480056588736469,1.1143167096118582
rnn_only,1,30,7,full,0.01,0.831365463626978,0.831365463626978,1.1019243125054528
rnn_only,1,30,8,full,0.01,0.8226091086822537,0.8226091086822537,1.0922062635380405
rnn_only,1,30,9,full,0.01,0.8244890216146488,0.8244890216146488,1.091328375234237
rnn_only,1,30,10,full,0.01,0.81987833127141,0.81987833127141,1.0836060289211675
rnn_only,1,30,11,full,0.01,0.8031049971341337,0.8031049971341337,1.059385794047473
rnn_only,1,30,12,full,0.01,0.7843269780211669,0.7843269780211669,1.0368638286645782
rnn_only,1,30,13,full,0.01,0.7617543476513355,0.7617543476513355,1.0138231558547977
rnn_only,1,30,14,full,0.01,0.7345851512882058,0.7345851512882058,0.9756486771078179
rnn_only,1,30,15,full,0.01,0.7225893028141334,0.7225893028141334,0.9523591090615366
rnn_only,1,30,16,full,0.01,0.7242066440747081,0.7242066440747081,0.9550584797583708
rnn_only,1,30,17,full,0.01,0.7187797921638407,0.7187797921638407,0.9487312385821933
rnn_only,1,30,18,full,0.01,0.7155055377605135,0.7155055377605135,0.9393831762778497
rnn_only,1,30,19,full,0.01,0.7131287717635366,0.7131287717635366,0.9349588849855031
rnn_only,1,30,20,full,0.01,0.7013159213187521,0.7013159213187521,0.9256352692516683
rnn_only,1,30,21,full,0.01,0.6827774153354385,0.6827774153354385,0.903754607519844
rnn_only,1,30,22,full,0.01,0.6819822899660828,0.6819822899660828,0.9007893153897122
rnn_only,1,30,23,full,0.01,0.6921406230210965,0.6921406230210965,0.9217660237621804
rnn_only,1,30,24,full,0.01,0.6920041147773537,0.6920041147773537,0.9380702852918176
rnn_only,1,30,25,full,0.01,0.6951826603503959,0.6951826603503959,0.9578731679635594
rnn_only,1,30,26,full,0.01,0.7065940764450306,0.7065940764450306,0.9814023134063747
rnn_only,1,30,27,full,0.01,0.7363091810486033,0.7363091810486033,1.0278768050039853
rnn_only,1,30,28,full,0.01,0.7146126266609663,0.7146126266609663,1.0758452603594155
rnn_only,1,30,1,full,0.1,1.0339743332735116,1.0339743332735116,1.1720415329837266
rnn_only,1,30,2,full,0.1,0.9662230992468861,0.9662230992468861,1.2308737529484772
rnn_only,1,30,3,full,0.1,0.9234802781217872,0.9234802781217872,1.2173926504846102
rnn_only,1,30,4,full,0.1,0.8725473695087673,0.8725473695087673,1.1510557490578095
rnn_only,1,30,5,full,0.1,0.8572598251863542,0.8572598251863542,1.1232796636277378
rnn_only,1,30,6,full,0.1,0.8457067518306931,0.8457067518306931,1.1110747289407952
rnn_only,1,30,7,full,0.1,0.8288893987793887,0.8288893987793887,1.098554394305368
rnn_only,1,30,8,full,0.1,0.8204976509572321,0.8204976509572321,1.089371240820873
rnn_only,1,30,9,full,0.1,0.822456750695256,0.822456750695256,1.0884732124498502
rnn_only,1,30,10,full,0.1,0.8181787652222978,0.8181787652222978,1.0808671868282818
rnn_only,1,30,11,full,0.1,0.8010902469902671,0.8010902469902671,1.056319024734804
rnn_only,1,30,12,full,0.1,0.7819339942784604,0.7819339942784604,1.0333068308928821
rnn_only,1,30,13,full,0.1,0.7595387435840827,0.7595387435840827,1.0103581692396095
rnn_only,1,30,14,full,0.1,0.7322759231741067,0.7322759231741067,0.9722259176297756
rnn_only,1,30,15,full,0.1,0.7202688240729116,0.7202688240729116,0.9488459349889091
rnn_only,1,30,16,full,0.1,0.7216586071790814,0.7216586071790814,0.9513765482797961
rnn_only,1,30,17,full,0.1,0.7162724184621796,0.7162724184621796,0.9451078420295262
rnn_only,1,30,18,full,0.1,0.7123820938537142,0.7123820938537142,0.9351814987311067
rnn_only,1,30,19,full,0.1,0.7104066217254308,0.7104066217254308,0.9311209171012491
rnn_only,1,30,20,full,0.1,0.6986213322521024,0.6986213322521024,0.921652866790295
rnn_only,1,30,21,full,0.1,0.6802724132676204,0.6802724132676204,0.9001528696989147
rnn_only,1,30,22,full,0.1,0.6790541117637767,0.6790541117637767,0.896603375665274
rnn_only,1,30,23,full,0.1,0.6885628949378021,0.6885628949378021,0.9169773059336197
rnn_only,1,30,24,full,0.1,0.688128283283801,0.688128283283801,0.9330461680903321
rnn_only,1,30,25,full,0.1,0.6917621424746944,0.6917621424746944,0.9526345876430448
rnn_only,1,30,26,full,0.1,0.7029947819589217,0.7029947819589217,0.9762305311159252
rnn_only,1,30,27,full,0.1,0.7324988837538273,0.7324988837538273,1.0226016473013027
rnn_only,1,30,28,full,0.1,0.7116580538949313,0.7116580538949313,1.0699620603390456
rnn_only,1,30,1,full,0.3,1.0342597137620717,1.0342597137620717,1.1706677536514203
rnn_only,1,30,2,full,0.3,0.9664561794372262,0.9664561794372262,1.2286638925113722
rnn_only,1,30,3,full,0.3,0.9258647619833787,0.9258647619833787,1.215895288914171
rnn_only,1,30,4,full,0.3,0.872810946568922,0.872810946568922,1.1490600020596176
rnn_only,1,30,5,full,0.3,0.8557898233036388,0.8557898233036388,1.1202132200531092
rnn_only,1,30,6,full,0.3,0.8437383834273624,0.8437383834273624,1.106965718150363
rnn_only,1,30,7,full,0.3,0.8263685904335727,0.8263685904335727,1.0942505648122545
rnn_only,1,30,8,full,0.3,0.818394833388219,0.818394833388219,1.0848713700708879
rnn_only,1,30,9,full,0.3,0.8207464782359708,0.8207464782359708,1.084895899487038
rnn_only,1,30,10,full,0.3,0.8164498870164887,0.8164498870164887,1.0766306572153403
rnn_only,1,30,11,full,0.3,0.7988555823965522,0.7988555823965522,1.0518995224881613
rnn_only,1,30,12,full,0.3,0.7793299753731415,0.7793299753731415,1.028444783604502
rnn_only,1,30,13,full,0.3,0.7573585518960082,0.7573585518960082,1.0057119534364458
rnn_only,1,30,14,full,0.3,0.7301456470234635,0.7301456470234635,0.9675518950104292
rnn_only,1,30,15,full,0.3,0.7180009568649217,0.7180009568649217,0.9438679742719751
rnn_only,1,30,16,full,0.3,0.7197349189637895,0.7197349189637895,0.9470574001140128
rnn_only,1,30,17,full,0.3,0.7142077125190085,0.7142077125190085,0.9409511443987864
rnn_only,1,30,18,full,0.3,0.7098119737333949,0.7098119737333949,0.9301722049139859
rnn_only,1,30,19,full,0.3,0.7078465599074312,0.7078465599074312,0.926089199218334
rnn_only,1,30,20,full,0.3,0.696138320800687,0.696138320800687,0.916190007924655
rnn_only,1,30,21,full,0.3,0.67777275535507,0.67777275535507,0.8943333050913392
rnn_only,1,30,22,full,0.3,0.676463322545574,0.676463322545574,0.8906177147617302
rnn_only,1,30,23,full,0.3,0.6854633378700663,0.6854633378700663,0.9109433804821874
rnn_only,1,30,24,full,0.3,0.6842092076446066,0.6842092076446066,0.9256724063269846
rnn_only,1,30,25,full,0.3,0.6870609382258113,0.6870609382258113,0.9444383411746897
rnn_only,1,30,26,full,0.3,0.699071982358761,0.699071982358761,0.9676701698200888
rnn_only,1,30,27,full,0.3,0.7287229443557448,0.7287229443557448,1.0138080078788771
rnn_only,1,30,28,full,0.3,0.7099720798940513,0.7099720798940513,1.0623542025952566
rnn_only,2,7,1,full,0.001,1.3497435887821212,1.3497435887821212,1.4214824880610917
rnn_only,2,7,2,full,0.001,1.4451986646769392,1.4451986646769392,1.5611907620395364
rnn_only,2,7,3,full,0.001,1.3682148247354742,1.3682148247354742,1.5400626325405593
rnn_only,2,7,4,full,0.001,1.4299027786586405,1.4299027786586405,1.6062047703426288
rnn_only,2,7,5,full,0.001,1.6487562577859438,1.6487562577859438,1.831642437429936
rnn_only,2,7,1,full,0.01,1.349720521307415,1.349720521307415,1.4214451556166918
rnn_only,2,7,2,full,0.01,1.4453166392623968,1.4453166392623968,1.5612553694788112
rnn_only,2,7,3,full,0.01,1.3683447635917498,1.3683447635917498,1.540151211806967
rnn_only,2,7,4,full,0.01,1.4301894451023347,1.4301894451023347,1.6064088498588571
rnn_only,2,7,5,full,0.01,1.6489216056416236,1.6489216056416236,1.8317522854893924
rnn_only,2,7,1,full,0.1,1.34947557282872,1.34947557282872,1.4209364396963942
rnn_only,2,7,2,full,0.1,1.4450213834154826,1.4450213834154826,1.5607545047355655
rnn_only,2,7,3,full,0.1,1.3677262956632346,1.3677262956632346,1.5392096738843324
rnn_only,2,7,4,full,0.1,1.4305601335840252,1.4305601335840252,1.6059911660597965
rnn_only,2,7,5,full,0.1,1.649400221091958,1.649400221091958,1.8314979964214464
rnn_only,2,7,1,full,0.3,1.3487706869946487,1.3487706869946487,1.4194158642126347
rnn_only,2,7,2,full,0.3,1.4441719053764424,1.4441719053764424,1.5592721396770175
rnn_only,2,7,3,full,0.3,1.3670655406156134,1.3670655406156134,1.5376379263232582
rnn_only,2,7,4,full,0.3,1.4320438459107072,1.4320438459107072,1.6057081561879478
rnn_only,2,7,5,full,0.3,1.65141952287702,1.65141952287702,1.8316368688388753
rnn_only,2,11,1,full,0.001,1.3477716360692653,1.3477716360692653,1.4314248724141665
rnn_only,2,11,2,full,0.001,1.4226180383796756,1.4226180383796756,1.5733128312084523
rnn_only,2,11,3,full,0.001,1.2799078992907484,1.2799078992907484,1.4817035702755845
rnn_only,2,11,4,full,0.001,1.1524435011434666,1.1524435011434666,1.360632880576628
rnn_only,2,11,5,full,0.001,1.1155397356094872,1.1155397356094872,1.3230678403052745
rnn_only,2,11,6,full,0.001,1.07816874262403,1.07816874262403,1.3245927718513222
rnn_only,2,11,7,full,0.001,1.0955330651634752,1.0955330651634752,1.3385914836144155
rnn_only,2,11,8,full,0.001,1.2118253132717718,1.2118253132717718,1.4323948440539644
rnn_only,2,11,9,full,0.001,1.440550462650928,1.440550462650928,1.678446417147808
rnn_only,2,11,1,full,0.01,1.3474991561845895,1.3474991561845895,1.4312051194673665
rnn_only,2,11,2,full,0.01,1.4222550106442764,1.4222550106442764,1.5729752200787774
rnn_only,2,11,3,full,0.01,1.2796255051993033,1.2796255051993033,1.481360416569654
rnn_only,2,11,4,full,0.01,1.1520426741665841,1.1520426741665841,1.3602431710264202
rnn_only,2,11,5,full,0.01,1.1151749642637714,1.1151749642637714,1.3227503046279017
rnn_only,2,11,6,full,0.01,1.0778371046243893,1.0778371046243893,1.3243431160226289
rnn_only,2,11,7,full,0.01,1.0953000080744613,1.0953000080744613,1.338315458918001
rnn_only,2,11,8,full,0.01,1.2116809233661714,1.2116809233661714,1.4322347868991159
rnn_only,2,11,9,full,0.01,1.4405594589658541,1.4405594589658541,1.6784032706348162
rnn_only,2,11,1,full,0.1,1.3470399818106393,1.3470399818106393,1.4304954732387887
rnn_only,2,11,2,full,0.1,1.421433547605959,1.421433547605959,1.5720488369632104
rnn_only,2,11,3,full,0.1,1.279072165346716,1.279072165346716,1.480660173291668
rnn_only,2,11,4,full,0.1,1.151171222734536,1.151171222734536,1.3593556312509958
rnn_only,2,11,5,full,0.1,1.1149076263329503,1.1149076263329503,1.322003603495428
rnn_only,2,11,6,full,0.1,1.0779491466766304,1.0779491466766304,1.3237262011452722
rnn_only,2,11,7,full,0.1,1.0960684377200325,1.0960684377200325,1.3379431960941766
rnn_only,2,11,8,full,0.1,1.212564991871842,1.212564991871842,1.4324089488116698
rnn_only,2,11,9,full,0.1,1.4415570811762572,1.4415570811762572,1.678344238522702
rnn_only,2,11,1,full,0.3,1.3457995566046699,1.3457995566046699,1.4287948790599347
rnn_only,2,11,2,full,0.3,1.4194673636026416,1.4194673636026416,1.5691813990000547
rnn_only,2,11,3,full,0.3,1.2778036089161615,1.2778036089161615,1.4786361173072167
rnn_only,2,11,4,full,0.3,1.1496897513822792,1.1496897513822792,1.3574880886518885
rnn_only,2,11,5,full,0.3,1.1138683602183104,1.1138683602183104,1.31999668066307
rnn_only,2,11,6,full,0.3,1.0773641317989666,1.0773641317989666,1.3213530136424534
rnn_only,2,11,7,full,0.3,1.0963329295643356,1.0963329295643356,1.3360635997845915
rnn_only,2,11,8,full,0.3,1.2135383012040106,1.2135383012040106,1.4315498374084812
rnn_only,2,11,9,full,0.3,1.4424120675141534,1.4424120675141534,1.6765622977841397
rnn_only,2,16,1,full,0.001,1.3334600297410333,1.3334600297410333,1.4383296479261332
rnn_only,2,16,2,full,0.001,1.300142810009519,1.300142810009519,1.484117023005393
rnn_only,2,16,3,full,0.001,1.160345651273555,1.160345651273555,1.3893230936271685
rnn_only,2,16,4,full,0.001,1.0914308031845188,1.0914308031845188,1.3172477617828693
rnn_only,2,16,5,full,0.001,1.0262477144648976,1.0262477144648976,1.2487328348444724
rnn_only,2,16,6,full,0.001,0.9842227081341177,0.9842227081341177,1.1973046051034033
rnn_only,2,16,7,full,0.001,0.9738422968595417,0.9738422968595417,1.165828018677189
rnn_only,2,16,8,full,0.001,0.9885269558503756,0.9885269558503756,1.1693179909461493
rnn_only,2,16,9,full,0.001,1.0114012795321607,1.0114012795321607,1.2235158981038043
rnn_only,2,16,10,full,0.001,1.0172304321219445,1.0172304321219445,1.2824866424250883
rnn_only,2,16,11,full,0.001,1.0126311082708952,1.0126311082708952,1.29585372838519
rnn_only,2,16,12,full,0.001,1.0489585401316304,1.0489585401316304,1.3297357381400836
rnn_only,2,16,13,full,0.001,1.205002425930481,1.205002425930481,1.4893495508776113
rnn_only,2,16,14,full,0.001,1.3737937697382168,1.3737937697382168,1.7196566533678321
rnn_only,2,16,1,full,0.01,1.3334324288756916,1.3334324288756916,1.4382786653368957
rnn_only,2,16,2,full,0.01,1.300024908187063,1.300024908187063,1.484020887812953
rnn_only,2,16,3,full,0.01,1.1603440830074558,1.1603440830074558,1.3892942942087343
rnn_only,2,16,4,full,0.01,1.0914308831660968,1.0914308831660968,1.3171709395250426
rnn_only,2,16,5,full,0.01,1.026286104058101,1.026286104058101,1.248744914720555
rnn_only,2,16,6,full,0.01,0.9842999084208839,0.9842999084208839,1.1973384162717833
rnn_only,2,16,7,full,0.01,0.9738396383347712,0.9738396383347712,1.1657745490681766
rnn_only,2,16,8,full,0.01,0.9886133735601862,0.9886133735601862,1.1693679560039536
rnn_only,2,16,9,full,0.01,1.0113149173192197,1.0113149173192197,1.2234605460456676
rnn_only,2,16,10,full,0.01,1.0171474391769322,1.0171474391769322,1.282441971312889
rnn_only,2,16,11,full,0.01,1.012615473870914,1.012615473870914,1.2958448323318397
rnn_only,2,16,12,full,0.01,1.0490018478366077,1.0490018478366077,1.3296910608492314
rnn_only,2,16,13,full,0.01,1.2050211163644087,1.2050211163644087,1.4894443250837532
rnn_only,2,16,14,full,0.01,1.3736244680647816,1.3736244680647816,1.7194655587294627
rnn_only,2,16,1,full,0.1,1.332599221874907,1.332599221874907,1.4371217210463
rnn_only,2,16,2,full,0.1,1.2991245628077317,1.2991245628077317,1.4828368136109016
rnn_only,2,16,3,full,0.1,1.1596175668478779,1.1596175668478779,1.3883251777790089
rnn_only,2,16,4,full,0.1,1.0908886882690445,1.0908886882690445,1.3165584101233208
rnn_only,2,16,5,full,0.1,1.0260851821595405,1.0260851821595405,1.2481257594784674
rnn_only,2,16,6,full,0.1,0.983806571084223,0.983806571084223,1.1963658278553297
rnn_only,2,16,7,full,0.1,0.9732312904343385,0.9732312904343385,1.1645860016801497
rnn_only,2,16,8,full,0.1,0.9884774605214481,0.9884774605214481,1.1683668118608093
rnn_only,2,16,9,full,0.1,1.0116353781825986,1.0116353781825986,1.2228850011995767
rnn_only,2,16,10,full,0.1,1.0178150351443886,1.0178150351443886,1.2820103931812297
rnn_only,2,16,11,full,0.1,1.0140146607914717,1.0140146607914717,1.296030028329497
rnn_only,2,16,12,full,0.1,1.050238780216353,1.050238780216353,1.3298548596216162
rnn_only,2,16,13,full,0.1,1.2057445737728365,1.2057445737728365,1.4883789006223087
rnn_only,2,16,14,full,0.1,1.3741695755012857,1.3741695755012857,1.718374107219554
rnn_only,2,16,1,full,0.3,1.3315422724901267,1.3315422724901267,1.4350419386385624
rnn_only,2,16,2,full,0.3,1.2982217149782889,1.2982217149782889,1.4813190163253984
rnn_only,2,16,3,full,0.3,1.1587994514946875,1.1587994514946875,1.387173857141904
rnn_only,2,16,4,full,0.3,1.0901418562568106,1.0901418562568106,1.315516621581625
rnn_only,2,16,5,full,0.3,1.0253818338593523,1.0253818338593523,1.2467863190430657
rnn_only,2,16,6,full,0.3,0.9827437937044071,0.9827437937044071,1.194766723226506
rnn_only,2,16,7,full,0.3,0.9717449778826072,0.9717449778826072,1.1624429407180066
rnn_only,2,16,8,full,0.3,0.9872443359536438,0.9872443359536438,1.166036656462839
rnn_only,2,16,9,full,0.3,1.0107734933390016,1.0107734933390016,1.2207573354170265
rnn_only,2,16,10,full,0.3,1.0174629768703354,1.0174629768703354,1.2802407225608718
rnn_only,2,16,11,full,0.3,1.0143712670235416,1.0143712670235416,1.2948594977675485
rnn_only,2,16,12,full,0.3,1.0508524613558956,1.0508524613558956,1.3290504126518783
rnn_only,2,16,13,full,0.3,1.2050844737197428,1.2050844737197428,1.4857807902423183
rnn_only,2,16,14,full,0.3,1.3717007014974965,1.3717007014974965,1.7121838587731375
rnn_only,2,21,1,full,0.001,1.1458040344222145,1.1458040344222145,1.254292592660512
rnn_only,2,21,2,full,0.001,1.103492500706321,1.103492500706321,1.2992104837330785
rnn_only,2,21,3,full,0.001,1.0175954107794285,1.0175954107794285,1.250876298080861
rnn_only,2,21,4,full,0.001,0.982688214404237,0.982688214404237,1.2066275026335678
rnn_only,2,21,5,full,0.001,0.9648815401821174,0.9648815401821174,1.1743967652376106
rnn_only,2,21,6,full,0.001,0.9586360260523814,0.9586360260523814,1.1859163843556542
rnn_only,2,21,7,full,0.001,0.9574512562136068,0.9574512562136068,1.1957172080885998
rnn_only,2,21,8,full,0.001,0.9664931501816525,0.9664931501816525,1.1974133015762185
rnn_only,2,21,9,full,0.001,0.9684555893746932,0.9684555893746932,1.1890043582760552
rnn_only,2,21,10,full,0.001,0.9623546842599572,0.9623546842599572,1.1950078998595361
rnn_only,2,21,11,full,0.001,0.9807838400567174,0.9807838400567174,1.2334367710139613
rnn_only,2,21,12,full,0.001,0.9838852456292408,0.9838852456292408,1.2535708187298662
rnn_only,2,21,13,full,0.001,0.992032520345884,0.992032520345884,1.2788588887730037
rnn_only,2,21,14,full,0.001,1.0032466130075022,1.0032466130075022,1.3056065414390203
rnn_only,2,21,15,full,0.001,1.0185448091947977,1.0185448091947977,1.3285841736658637
rnn_only,2,21,16,full,0.001,1.0451910744897996,1.0451910744897996,1.374898375865674
rnn_only,2,21,17,full,0.001,1.074504713593175,1.074504713593175,1.4508772989863434
rnn_only,2,21,18,full,0.001,1.1935202980537456,1.1935202980537456,1.5725120523377902
rnn_only,2,21,19,full,0.001,1.1938880307136215,1.1938880307136215,1.6605873154549409
rnn_only,2,21,1,full,0.01,1.1458486979021432,1.1458486979021432,1.2542979396579226
rnn_only,2,21,2,full,0.01,1.1036377666903987,1.1036377666903987,1.2991386122776927
rnn_only,2,21,3,full,0.01,1.017589377784452,1.017589377784452,1.2506684060948583
rnn_only,2,21,4,full,0.01,0.9827255755023357,0.9827255755023357,1.2064724135405036
rnn_only,2,21,5,full,0.01,0.9649953676718334,0.9649953676718334,1.1743991861607668
rnn_only,2,21,6,full,0.01,0.9586133834040609,0.9586133834040609,1.1858519482886116
rnn_only,2,21,7,full,0.01,0.9573792878983463,0.9573792878983463,1.1955960306152793
rnn_only,2,21,8,full,0.01,0.9664040195813401,0.9664040195813401,1.1973108266648016
rnn_only,2,21,9,full,0.01,0.9683993687414114,0.9683993687414114,1.1889271046607386
rnn_only,2,21,10,full,0.01,0.9624046956531165,0.9624046956531165,1.1949701313725942
rnn_only,2,21,11,full,0.01,0.9808057883956501,0.9808057883956501,1.2334232135543912
rnn_only,2,21,12,full,0.01,0.9838776682630964,0.9838776682630964,1.253592926097178
rnn_only,2,21,13,full,0.01,0.9919757519357311,0.9919757519357311,1.2787767816372837
rnn_only,2,21,14,full,0.01,1.0031429741109883,1.0031429741109883,1.3054554674553942
rnn_only,2,21,15,full,0.01,1.0184991601066185,1.0184991601066185,1.3283593670889504
rnn_only,2,21,16,full,0.01,1.0454337824184456,1.0454337824184456,1.374851148795678
rnn_only,2,21,17,full,0.01,1.0747994267085597,1.0747994267085597,1.4510811423848224
rnn_only,2,21,18,full,0.01,1.1937858091783684,1.1937858091783684,1.5727133588366549
rnn_only,2,21,19,full,0.01,1.193974198188915,1.193974198188915,1.6607706164342428
rnn_only,2,21,1,full,0.1,1.1458781481684093,1.1458781481684093,1.2536663305572284
rnn_only,2,21,2,full,0.1,1.1039268274815481,1.1039268274815481,1.2985247118074996
rnn_only,2,21,3,full,0.1,1.0177481668423032,1.0177481668423032,1.2501676253391376
rnn_only,2,21,4,full,0.1,0.9823469012809158,0.9823469012809158,1.2057912754578992
rnn_only,2,21,5,full,0.1,0.9653465728472479,0.9653465728472479,1.1740931044010552
rnn_only,2,21,6,full,0.1,0.9589795070251947,0.9589795070251947,1.1856850212031351
rnn_only,2,21,7,full,0.1,0.9576922289746663,0.9576922289746663,1.1957397152838198
rnn_only,2,21,8,full,0.1,0.9663544882546733,0.9663544882546733,1.1971950372018743
rnn_only,2,21,9,full,0.1,0.9682676965595786,0.9682676965595786,1.1885980318655793
rnn_only,2,21,10,full,0.1,0.962541878072892,0.962541878072892,1.1948766474205734
rnn_only,2,21,11,full,0.1,0.980701583566816,0.980701583566816,1.232830508420262
rnn_only,2,21,12,full,0.1,0.9840928360002495,0.9840928360002495,1.2533483218086836
rnn_only,2,21,13,full,0.1,0.9921365948861396,0.9921365948861396,1.278550130213394
rnn_only,2,21,14,full,0.1,1.0029949484237939,1.0029949484237939,1.3049686550956894
rnn_only,2,21,15,full,0.1,1.0187309339535302,1.0187309339535302,1.3276232728007336
rnn_only,2,21,16,full,0.1,1.0455447970447818,1.0455447970447818,1.3737853104337627
rnn_only,2,21,17,full,0.1,1.0754207094736006,1.0754207094736006,1.4502369190908462
rnn_only,2,21,18,full,0.1,1.1940056802999475,1.1940056802999475,1.5713165388258066
rnn_only,2,21,19,full,0.1,1.195433374372309,1.195433374372309,1.6602104787024095
rnn_only,2,21,1,full,0.3,1.1460462321137526,1.1460462321137526,1.2524633069239006
rnn_only,2,21,2,full,0.3,1.1055430205564747,1.1055430205564747,1.2976717661827855
rnn_only,2,21,3,full,0.3,1.0187893919424547,1.0187893919424547,1.249723811059772
rnn_only,2,21,4,full,0.3,0.9824196567321257,0.9824196567321257,1.2050659386237452
rnn_only,2,21,5,full,0.3,0.966714819698601,0.966714819698601,1.1741119922286403
rnn_only,2,21,6,full,0.3,0.960901367641497,0.960901367641497,1.1862210528188757
rnn_only,2,21,7,full,0.3,0.959856557780064,0.959856557780064,1.1972667910128982
rnn_only,2,21,8,full,0.3,0.9681222652497661,0.9681222652497661,1.1986592825708005
rnn_only,2,21,9,full,0.3,0.9702693862845245,0.9702693862845245,1.1905169708610384
rnn_only,2,21,10,full,0.3,0.9646184806841045,0.9646184806841045,1.196622099113783
rnn_only,2,21,11,full,0.3,0.9824817505930779,0.9824817505930779,1.2338857518043969
rnn_only,2,21,12,full,0.3,0.9864718685092619,0.9864718685092619,1.2548487585594685
rnn_only,2,21,13,full,0.3,0.9939374095650021,0.9939374095650021,1.2796427346162202
rnn_only,2,21,14,full,0.3,1.004617413544964,1.004617413544964,1.3056556952497345
rnn_only,2,21,15,full,0.3,1.0208701825088211,1.0208701825088211,1.3280733754859468
rnn_only,2,21,16,full,0.3,1.0480604809486458,1.0480604809486458,1.3741791813733233
rnn_only,2,21,17,full,0.3,1.078747516909015,1.078747516909015,1.450584271672123
rnn_only,2,21,18,full,0.3,1.1975561409623872,1.1975561409623872,1.5723495527708538
rnn_only,2,21,19,full,0.3,1.198725251574754,1.198725251574754,1.6606281904327487
rnn_only,2,25,1,full,0.001,1.045548519318218,1.045548519318218,1.222342667657693
rnn_only,2,25,2,full,0.001,1.011433726324577,1.011433726324577,1.287147917235702
rnn_only,2,25,3,full,0.001,0.9697172671265659,0.9697172671265659,1.2739024139254584
rnn_only,2,25,4,full,0.001,0.940495211582201,0.940495211582201,1.215410143745302
rnn_only,2,25,5,full,0.001,0.906931655838157,0.906931655838157,1.159689238856974
rnn_only,2,25,6,full,0.001,0.8809250509864146,0.8809250509864146,1.1314292145893337
rnn_only,2,25,7,full,0.001,0.8795218873097137,0.8795218873097137,1.1249353855210562
rnn_only,2,25,8,full,0.001,0.8761724807612086,0.8761724807612086,1.1197308974722793
rnn_only,2,25,9,full,0.001,0.8604145691596002,0.8604145691596002,1.1046184266369403
rnn_only,2,25,10,full,0.001,0.8446129715845494,0.8446129715845494,1.0848153729281573
rnn_only,2,25,11,full,0.001,0.8405265821461015,0.8405265821461015,1.06858352949033
rnn_only,2,25,12,full,0.001,0.8274515744518555,0.8274515744518555,1.0498478055687719
rnn_only,2,25,13,full,0.001,0.8152686918529796,0.8152686918529796,1.0443752650927929
rnn_only,2,25,14,full,0.001,0.8236069393205487,0.8236069393205487,1.0618162990234872
rnn_only,2,25,15,full,0.001,0.8348544845129002,0.8348544845129002,1.0839480151636665
rnn_only,2,25,16,full,0.001,0.8473061384097893,0.8473061384097893,1.1052208704431659
rnn_only,2,25,17,full,0.001,0.8637779066305002,0.8637779066305002,1.1280061400785395
rnn_only,2,25,18,full,0.001,0.8726818115091836,0.8726818115091836,1.1457119452176263
rnn_only,2,25,19,full,0.001,0.8781263891503195,0.8781263891503195,1.172802314576139
rnn_only,2,25,20,full,0.001,0.9118788292195341,0.9118788292195341,1.2333471143731622
rnn_only,2,25,21,full,0.001,0.9643206120567169,0.9643206120567169,1.3369829929545585
rnn_only,2,25,22,full,0.001,1.0435547957857954,1.0435547957857954,1.439870386238956
rnn_only,2,25,23,full,0.001,1.0714564913376887,1.0714564913376887,1.5771804194544063
rnn_only,2,25,1,full,0.01,1.0454306141742657,1.0454306141742657,1.2222057840946967
rnn_only,2,25,2,full,0.01,1.0113040240066624,1.0113040240066624,1.28672705559591
rnn_only,2,25,3,full,0.01,0.9697156709195186,0.9697156709195186,1.273700392055976
rnn_only,2,25,4,full,0.01,0.9404346208341664,0.9404346208341664,1.2152790081513554
rnn_only,2,25,5,full,0.01,0.9069056130458186,0.9069056130458186,1.159509464593126
rnn_only,2,25,6,full,0.01,0.8808982392675377,0.8808982392675377,1.1311975996097665
rnn_only,2,25,7,full,0.01,0.879563103139027,0.879563103139027,1.1247791872069264
rnn_only,2,25,8,full,0.01,0.8761703819659105,0.8761703819659105,1.1195445995208426
rnn_only,2,25,9,full,0.01,0.86050540484512,0.86050540484512,1.1044950754585874
rnn_only,2,25,10,full,0.01,0.8446640247254591,0.8446640247254591,1.08468878374525
rnn_only,2,25,11,full,0.01,0.8405374268640854,0.8405374268640854,1.068370063981476
rnn_only,2,25,12,full,0.01,0.8274520461413226,0.8274520461413226,1.049604063363038
rnn_only,2,25,13,full,0.01,0.8152617700895595,0.8152617700895595,1.0441187801058933
rnn_only,2,25,14,full,0.01,0.8235552817847461,0.8235552817847461,1.0615254054756773
rnn_only,2,25,15,full,0.01,0.8347954632583714,0.8347954632583714,1.0836174292933927
rnn_only,2,25,16,full,0.01,0.8472038554842879,0.8472038554842879,1.1048654324497944
rnn_only,2,25,17,full,0.01,0.8637449752813768,0.8637449752813768,1.1276242314661142
rnn_only,2,25,18,full,0.01,0.8725954542031776,0.8725954542031776,1.1453747117302955
rnn_only,2,25,19,full,0.01,0.8781827911434656,0.8781827911434656,1.1725533444921727
rnn_only,2,25,20,full,0.01,0.9119785818241084,0.9119785818241084,1.2332420179043997
rnn_only,2,25,21,full,0.01,0.9644101941022687,0.9644101941022687,1.336664412946166
rnn_only,2,25,22,full,0.01,1.043886562677634,1.043886562677634,1.4396462128075858
rnn_only,2,25,23,full,0.01,1.0716861652587517,1.0716861652587517,1.5767619858891506
rnn_only,2,25,1,full,0.1,1.0457238724110833,1.0457238724110833,1.2212053666714684
rnn_only,2,25,2,full,0.1,1.012714214926581,1.012714214926581,1.28633079791519
rnn_only,2,25,3,full,0.1,0.9718583310152806,0.9718583310152806,1.2749540200740666
rnn_only,2,25,4,full,0.1,0.9425625002833121,0.9425625002833121,1.2174968121400003
rnn_only,2,25,5,full,0.1,0.9091923719325785,0.9091923719325785,1.1615927512978446
rnn_only,2,25,6,full,0.1,0.88309296989577,0.88309296989577,1.1329853223268551
rnn_only,2,25,7,full,0.1,0.8819984689381026,0.8819984689381026,1.1268921115716672
rnn_only,2,25,8,full,0.1,0.8782289671056863,0.8782289671056863,1.1212785208565896
rnn_only,2,25,9,full,0.1,0.8626565498167893,0.8626565498167893,1.1062571331334259
rnn_only,2,25,10,full,0.1,0.8468314127605783,0.8468314127605783,1.0865826063683865
rnn_only,2,25,11,full,0.1,0.8427346998545594,0.8427346998545594,1.0703167198339858
rnn_only,2,25,12,full,0.1,0.8294271153645063,0.8294271153645063,1.0512971370413793
rnn_only,2,25,13,full,0.1,0.8173209959253437,0.8173209959253437,1.0453811193319038
rnn_only,2,25,14,full,0.1,0.8252272991260198,0.8252272991260198,1.0624644302694861
rnn_only,2,25,15,full,0.1,0.8368307787541374,0.8368307787541374,1.0846065510995104
rnn_only,2,25,16,full,0.1,0.8494349701297257,0.8494349701297257,1.1060370369152803
rnn_only,2,25,17,full,0.1,0.8661971196903775,0.8661971196903775,1.1291822569140053
rnn_only,2,25,18,full,0.1,0.8753394633919209,0.8753394633919209,1.1474320292001337
rnn_only,2,25,19,full,0.1,0.8812724891910898,0.8812724891910898,1.1751785609118564
rnn_only,2,25,20,full,0.1,0.9153076019306894,0.9153076019306894,1.2358972990470969
rnn_only,2,25,21,full,0.1,0.9674671493302971,0.9674671493302971,1.338335430152153
rnn_only,2,25,22,full,0.1,1.047122724068813,1.047122724068813,1.4403154746342826
rnn_only,2,25,23,full,0.1,1.0746342070389454,1.0746342070389454,1.5770292764601883
rnn_only,2,25,1,full,0.3,1.046554101133174,1.046554101133174,1.2196441905240927
rnn_only,2,25,2,full,0.3,1.0165226050771214,1.0165226050771214,1.286497879360288
rnn_only,2,25,3,full,0.3,0.9743664765506365,0.9743664765506365,1.275847833528228
rnn_only,2,25,4,full,0.3,0.9432272999902676,0.9432272999902676,1.2173864449579295
rnn_only,2,25,5,full,0.3,0.9109036357905091,0.9109036357905091,1.161907180808635
rnn_only,2,25,6,full,0.3,0.8844108975773772,0.8844108975773772,1.1327425221037748
rnn_only,2,25,7,full,0.3,0.8831882798287631,0.8831882798287631,1.1265355130762513
rnn_only,2,25,8,full,0.3,0.8790833223129391,0.8790833223129391,1.1204601177433866
rnn_only,2,25,9,full,0.3,0.8637896962699523,0.8637896962699523,1.1053370803584768
rnn_only,2,25,10,full,0.3,0.8479275302256107,0.8479275302256107,1.0858953988850686
rnn_only,2,25,11,full,0.3,0.8438234137533682,0.8438234137533682,1.0696310883488205
rnn_only,2,25,12,full,0.3,0.8300653059717804,0.8300653059717804,1.050338435573456
rnn_only,2,25,13,full,0.3,0.8178759203326997,0.8178759203326997,1.0438556479373775
rnn_only,2,25,14,full,0.3,0.8255959178266692,0.8255959178266692,1.0605634696487574
rnn_only,2,25,15,full,0.3,0.8378635109307478,0.8378635109307478,1.0833133559310768
rnn_only,2,25,16,full,0.3,0.8509452588299709,0.8509452588299709,1.105198898434085
rnn_only,2,25,17,full,0.3,0.8674159080675657,0.8674159080675657,1.128337113247075
rnn_only,2,25,18,full,0.3,0.8770418060626581,0.8770418060626581,1.147198743528274
rnn_only,2,25,19,full,0.3,0.8837283840356288,0.8837283840356288,1.1759738645409523
rnn_only,2,25,20,full,0.3,0.9178073602219214,0.9178073602219214,1.2359826158565135
rnn_only,2,25,21,full,0.3,0.9695880236469847,0.9695880236469847,1.3359895197814051
rnn_only,2,25,22,full,0.3,1.049266362052058,1.049266362052058,1.4369064743933877
rnn_only,2,25,23,full,0.3,1.0743199894995725,1.0743199894995725,1.568955747107168
rnn_only,2,30,1,full,0.001,1.0172894381317916,1.0172894381317916,1.253618331057174
rnn_only,2,30,2,full,0.001,0.9736038270068288,0.9736038270068288,1.319498245998465
rnn_only,2,30,3,full,0.001,0.9126231123038484,0.9126231123038484,1.2845179181997861
rnn_only,2,30,4,full,0.001,0.8705084089720447,0.8705084089720447,1.2184308358856426
rnn_only,2,30,5,full,0.001,0.8468824723857487,0.8468824723857487,1.1750599428564588
rnn_only,2,30,6,full,0.001,0.8277668236867652,0.8277668236867652,1.1494311788901093
rnn_only,2,30,7,full,0.001,0.8150156274483191,0.8150156274483191,1.129561225713029
rnn_only,2,30,8,full,0.001,0.8047710783951888,0.8047710783951888,1.1098686034257643
rnn_only,2,30,9,full,0.001,0.7868911766693345,0.7868911766693345,1.0872775607053706
rnn_only,2,30,10,full,0.001,0.7734752638073925,0.7734752638073925,1.0642449022305849
rnn_only,2,30,11,full,0.001,0.7572106339395877,0.7572106339395877,1.0426946342605614
rnn_only,2,30,12,full,0.001,0.7389959177542329,0.7389959177542329,1.0171924173632179
rnn_only,2,30,13,full,0.001,0.7162842289940163,0.7162842289940163,0.9817248699492591
rnn_only,2,30,14,full,0.001,0.6941424595671014,0.6941424595671014,0.9421509157002915
rnn_only,2,30,15,full,0.001,0.6789299092253656,0.6789299092253656,0.9190380065301431
rnn_only,2,30,16,full,0.001,0.6653493323592827,0.6653493323592827,0.9050804842925358
rnn_only,2,30,17,full,0.001,0.6512787075790422,0.6512787075790422,0.8816970970791117
rnn_only,2,30,18,full,0.001,0.6376829417973549,0.6376829417973549,0.8627187477097709
rnn_only,2,30,19,full,0.001,0.6353675216542206,0.6353675216542206,0.8603950952055706
rnn_only,2,30,20,full,0.001,0.6245352792081973,0.6245352792081973,0.8527674299281931
rnn_only,2,30,21,full,0.001,0.6123608108227488,0.6123608108227488,0.8406084079027001
rnn_only,2,30,22,full,0.001,0.6066832510174841,0.6066832510174841,0.8355261014174791
rnn_only,2,30,23,full,0.001,0.6011758833840064,0.6011758833840064,0.8395412209111447
rnn_only,2,30,24,full,0.001,0.5884922877774548,0.5884922877774548,0.8449069644071797
rnn_only,2,30,25,full,0.001,0.5905007321713494,0.5905007321713494,0.8672849939693186
rnn_only,2,30,26,full,0.001,0.6004134919781442,0.6004134919781442,0.9044430098916634
rnn_only,2,30,27,full,0.001,0.6053940068970354,0.6053940068970354,0.9246739597550568
rnn_only,2,30,28,full,0.001,0.5508598023628772,0.5508598023628772,0.9195594065611291
rnn_only,2,30,1,full,0.01,1.0171742772669323,1.0171742772669323,1.253329656896197
rnn_only,2,30,2,full,0.01,0.9733938375881324,0.9733938375881324,1.3192442281048349
rnn_only,2,30,3,full,0.01,0.912287676615473,0.912287676615473,1.2840782939418829
rnn_only,2,30,4,full,0.01,0.8700401037331633,0.8700401037331633,1.2179161017052769
rnn_only,2,30,5,full,0.01,0.8465026152000121,0.8465026152000121,1.1745544185053027
rnn_only,2,30,6,full,0.01,0.8274413789707358,0.8274413789707358,1.1489624574055313
rnn_only,2,30,7,full,0.01,0.8145914356385361,0.8145914356385361,1.1290812385558098
rnn_only,2,30,8,full,0.01,0.8044729079377777,0.8044729079377777,1.109501471948585
rnn_only,2,30,9,full,0.01,0.7865809677991459,0.7865809677991459,1.0869537795491744
rnn_only,2,30,10,full,0.01,0.7731886873076153,0.7731886873076153,1.0639922988136212
rnn_only,2,30,11,full,0.01,0.7569614163300158,0.7569614163300158,1.0424129145181822
rnn_only,2,30,12,full,0.01,0.7386351658590541,0.7386351658590541,1.0167516437550086
rnn_only,2,30,13,full,0.01,0.7158533454844787,0.7158533454844787,0.9811825861126036
rnn_only,2,30,14,full,0.01,0.6936858143457165,0.6936858143457165,0.9415923412147595
rnn_only,2,30,15,full,0.01,0.678548330774425,0.678548330774425,0.9185380232313569
rnn_only,2,30,16,full,0.01,0.6649088448912697,0.6649088448912697,0.9045974072590258
rnn_only,2,30,17,full,0.01,0.6508637011463643,0.6508637011463643,0.881238184508356
rnn_only,2,30,18,full,0.01,0.6372973563881771,0.6372973563881771,0.862287932800436
rnn_only,2,30,19,full,0.01,0.634959766455297,0.634959766455297,0.8600567793227871
rnn_only,2,30,20,full,0.01,0.6240666581822476,0.6240666581822476,0.8523308433395209
rnn_only,2,30,21,full,0.01,0.6118733898001655,0.6118733898001655,0.8401898776058447
rnn_only,2,30,22,full,0.01,0.6061208853998243,0.6061208853998243,0.8350308832803479
rnn_only,2,30,23,full,0.01,0.6006953805359947,0.6006953805359947,0.8390185772962108
rnn_only,2,30,24,full,0.01,0.5879557863719438,0.5879557863719438,0.8443003423841894
rnn_only,2,30,25,full,0.01,0.589944607971121,0.589944607971121,0.8666600823858744
rnn_only,2,30,26,full,0.01,0.5996896051586956,0.5996896051586956,0.9036212808233919
rnn_only,2,30,27,full,0.01,0.6046241547925119,0.6046241547925119,0.9236788848552244
rnn_only,2,30,28,full,0.01,0.5502966157741703,0.5502966157741703,0.918609233518998
rnn_only,2,30,1,full,0.1,1.0165615960995866,1.0165615960995866,1.251581466459525
rnn_only,2,30,2,full,0.1,0.972655535023097,0.972655535023097,1.3173708886154958
rnn_only,2,30,3,full,0.1,0.9122248488640218,0.9122248488640218,1.282679847562295
rnn_only,2,30,4,full,0.1,0.8696938074983493,0.8696938074983493,1.2163230210045368
rnn_only,2,30,5,full,0.1,0.8460575507451393,0.8460575507451393,1.1730425175714934
rnn_only,2,30,6,full,0.1,0.8272060771476939,0.8272060771476939,1.1472363254815896
rnn_only,2,30,7,full,0.1,0.8139155026229972,0.8139155026229972,1.1270025308091887
rnn_only,2,30,8,full,0.1,0.8035600163822011,0.8035600163822011,1.107168661198095
rnn_only,2,30,9,full,0.1,0.7854530036692764,0.7854530036692764,1.084477250458726
rnn_only,2,30,10,full,0.1,0.7722276744457358,0.7722276744457358,1.0616102711118969
rnn_only,2,30,11,full,0.1,0.7556592419330328,0.7556592419330328,1.0396040133518039
rnn_only,2,30,12,full,0.1,0.737301688262556,0.737301688262556,1.0138446708300695
rnn_only,2,30,13,full,0.1,0.7146933953774292,0.7146933953774292,0.9782303932935201
rnn_only,2,30,14,full,0.1,0.6922574943537023,0.6922574943537023,0.9386761727708643
rnn_only,2,30,15,full,0.1,0.6772824575264202,0.6772824575264202,0.9155124459075841
rnn_only,2,30,16,full,0.1,0.6634601703895603,0.6634601703895603,0.901131824773967
rnn_only,2,30,17,full,0.1,0.6494280788023794,0.6494280788023794,0.8777589148162632
rnn_only,2,30,18,full,0.1,0.6357906925027101,0.6357906925027101,0.8585817173868528
rnn_only,2,30,19,full,0.1,0.6335719570496181,0.6335719570496181,0.8562684179702535
rnn_only,2,30,20,full,0.1,0.6227293960768927,0.6227293960768927,0.8486583448992691
rnn_only,2,30,21,full,0.1,0.6104600652317606,0.6104600652317606,0.8363644263555833
rnn_only,2,30,22,full,0.1,0.6045548098793763,0.6045548098793763,0.8307267100543675
rnn_only,2,30,23,full,0.1,0.599586883666694,0.599586883666694,0.8350884762612704
rnn_only,2,30,24,full,0.1,0.5870199156836016,0.5870199156836016,0.8406049219562812
rnn_only,2,30,25,full,0.1,0.5892231040182665,0.5892231040182665,0.8632985825850172
rnn_only,2,30,26,full,0.1,0.599675181461865,0.599675181461865,0.90072321767573
rnn_only,2,30,27,full,0.1,0.6048496953343165,0.6048496953343165,0.9203716306871796
rnn_only,2,30,28,full,0.1,0.5509307328965178,0.5509307328965178,0.9160041157805174
rnn_only,2,30,1,full,0.3,1.0156828666166846,1.0156828666166846,1.2473116414620553
rnn_only,2,30,2,full,0.3,0.9720962783539466,0.9720962783539466,1.3133277772780556
rnn_only,2,30,3,full,0.3,0.9126292380481297,0.9126292380481297,1.2798511578187481
rnn_only,2,30,4,full,0.3,0.869027294777249,0.869027294777249,1.2129612122994222
rnn_only,2,30,5,full,0.3,0.8462954277984782,0.8462954277984782,1.1703256024496187
rnn_only,2,30,6,full,0.3,0.8282084792709714,0.8282084792709714,1.1454415474164188
rnn_only,2,30,7,full,0.3,0.8149112642199728,0.8149112642199728,1.125307305859841
rnn_only,2,30,8,full,0.3,0.8045658238603112,0.8045658238603112,1.1057640458191547
rnn_only,2,30,9,full,0.3,0.7856290092158831,0.7856290092158831,1.0819386325592424
rnn_only,2,30,10,full,0.3,0.7720236053220983,0.7720236053220983,1.0586473911367804
rnn_only,2,30,11,full,0.3,0.7550247452167211,0.7550247452167211,1.0356763821942885
rnn_only,2,30,12,full,0.3,0.7363917850645281,0.7363917850645281,1.00938077033839
rnn_only,2,30,13,full,0.3,0.7135508643403328,0.7135508643403328,0.973393686408097
rnn_only,2,30,14,full,0.3,0.691203538136114,0.691203538136114,0.9337457371018116
rnn_only,2,30,15,full,0.3,0.6762756327693975,0.6762756327693975,0.910627404536015
rnn_only,2,30,16,full,0.3,0.6629287576028445,0.6629287576028445,0.8964543122046738
rnn_only,2,30,17,full,0.3,0.6486886447405001,0.6486886447405001,0.8729630615854853
rnn_only,2,30,18,full,0.3,0.6351357381844736,0.6351357381844736,0.8534284145417905
rnn_only,2,30,19,full,0.3,0.632931707953234,0.632931707953234,0.8510100243716421
rnn_only,2,30,20,full,0.3,0.6223629706171563,0.6223629706171563,0.8443022165085152
rnn_only,2,30,21,full,0.3,0.6108544833681719,0.6108544833681719,0.8326311382279323
rnn_only,2,30,22,full,0.3,0.6048410755386023,0.6048410755386023,0.8270626889617844
rnn_only,2,30,23,full,0.3,0.5998322572794434,0.5998322572794434,0.8312872948423636
rnn_only,2,30,24,full,0.3,0.5874234990369934,0.5874234990369934,0.8365940094106747
rnn_only,2,30,25,full,0.3,0.5897480157438388,0.5897480157438388,0.8585336208590638
rnn_only,2,30,26,full,0.3,0.6005446392965006,0.6005446392965006,0.8955894914591975
rnn_only,2,30,27,full,0.3,0.6068091860603835,0.6068091860603835,0.9167572994090367
rnn_only,2,30,28,full,0.3,0.5538141882588126,0.5538141882588126,0.913405214709106
rnn_only,3,7,1,full,0.001,1.337643743384632,1.337643743384632,1.3995248117507422
rnn_only,3,7,2,full,0.001,1.391295625845103,1.391295625845103,1.4804172220631298
rnn_only,3,7,3,full,0.001,1.3662132397779316,1.3662132397779316,1.4851731955309067
rnn_only,3,7,4,full,0.001,1.5046692139755482,1.5046692139755482,1.622028879227499
rnn_only,3,7,5,full,0.001,1.6730239006704903,1.6730239006704903,1.8266189112286364
rnn_only,3,7,1,full,0.01,1.3375545334812715,1.3375545334812715,1.3994390681144204
rnn_only,3,7,2,full,0.01,1.391186503375517,1.391186503375517,1.4803048485395542
rnn_only,3,7,3,full,0.01,1.3661995373066298,1.3661995373066298,1.4851228937206593
rnn_only,3,7,4,full,0.01,1.5047489419590985,1.5047489419590985,1.6221443503338864
rnn_only,3,7,5,full,0.01,1.6729432374934907,1.6729432374934907,1.8264953237110504
rnn_only,3,7,1,full,0.1,1.3370885494965359,1.3370885494965359,1.398601510805593
rnn_only,3,7,2,full,0.1,1.390625516597083,1.390625516597083,1.4792678962163786
rnn_only,3,7,3,full,0.1,1.3657463092320472,1.3657463092320472,1.4840558036688103
rnn_only,3,7,4,full,0.1,1.505095850309948,1.505095850309948,1.6219888805894271
rnn_only,3,7,5,full,0.1,1.6733427659662439,1.6733427659662439,1.8259314755423737
rnn_only,3,7,1,full,0.3,1.3352545037829868,1.3352545037829868,1.3961764159115728
rnn_only,3,7,2,full,0.3,1.387851594720336,1.387851594720336,1.4756875855372418
rnn_only,3,7,3,full,0.3,1.362194953465513,1.362194953465513,1.479702499434699
rnn_only,3,7,4,full,0.3,1.5023740932775367,1.5023740932775367,1.6183494273249175
rnn_only,3,7,5,full,0.3,1.6700842731779157,1.6700842731779157,1.8213751026524057
rnn_only,3,11,1,full,0.001,1.2686194830576167,1.2686194830576167,1.3346540026939864
rnn_only,3,11,2,full,0.001,1.3022943304142216,1.3022943304142216,1.403720882773853
rnn_only,3,11,3,full,0.001,1.254754931149208,1.254754931149208,1.3798424972738257
rnn_only,3,11,4,full,0.001,1.2117214887507357,1.2117214887507357,1.3502205129753628
rnn_only,3,11,5,full,0.001,1.1756227149303957,1.1756227149303957,1.3275706818316966
rnn_only,3,11,6,full,0.001,1.1449772033980814,1.1449772033980814,1.3047198382830727
rnn_only,3,11,7,full,0.001,1.2258156633966282,1.2258156633966282,1.3667612777326734
rnn_only,3,11,8,full,0.001,1.4271422850803557,1.4271422850803557,1.5752704428113238
rnn_only,3,11,9,full,0.001,1.655676241260347,1.655676241260347,1.8951470882011876
rnn_only,3,11,1,full,0.01,1.2685691375229937,1.2685691375229937,1.3345932145559043
rnn_only,3,11,2,full,0.01,1.3022612196897778,1.3022612196897778,1.403663464283349
rnn_only,3,11,3,full,0.01,1.2547499531295911,1.2547499531295911,1.3798632326389644
rnn_only,3,11,4,full,0.01,1.2117094981301504,1.2117094981301504,1.350158030679177
rnn_only,3,11,5,full,0.01,1.1755351807939631,1.1755351807939631,1.3273706154562166
rnn_only,3,11,6,full,0.01,1.1448133349067087,1.1448133349067087,1.3044607076940626
rnn_only,3,11,7,full,0.01,1.2258388593535567,1.2258388593535567,1.3666821639491613
rnn_only,3,11,8,full,0.01,1.4272207804967323,1.4272207804967323,1.5753181696891037
rnn_only,3,11,9,full,0.01,1.6555855350848407,1.6555855350848407,1.895045423210199
rnn_only,3,11,1,full,0.1,1.2683365940196256,1.2683365940196256,1.3340489612729671
rnn_only,3,11,2,full,0.1,1.3019703198760832,1.3019703198760832,1.4028590615253715
rnn_only,3,11,3,full,0.1,1.2544398007646733,1.2544398007646733,1.3792783352815985
rnn_only,3,11,4,full,0.1,1.2113745844105162,1.2113745844105162,1.3497534709029222
rnn_only,3,11,5,full,0.1,1.1749614579998966,1.1749614579998966,1.3267375596216313
rnn_only,3,11,6,full,0.1,1.1439960515786995,1.1439960515786995,1.3035329247230543
rnn_only,3,11,7,full,0.1,1.2248071576559543,1.2248071576559543,1.365029718674661
rnn_only,3,11,8,full,0.1,1.4267677111023969,1.4267677111023969,1.574131589249001
rnn_only,3,11,9,full,0.1,1.6553705393902112,1.6553705393902112,1.8935578238656452
rnn_only,3,11,1,full,0.3,1.2671736279413535,1.2671736279413535,1.3324456812954615
rnn_only,3,11,2,full,0.3,1.3006128369596004,1.3006128369596004,1.400588304301918
rnn_only,3,11,3,full,0.3,1.2525214465295418,1.2525214465295418,1.3771649099443293
rnn_only,3,11,4,full,0.3,1.2094456383888632,1.2094456383888632,1.3475287234115054
rnn_only,3,11,5,full,0.3,1.1725347005370597,1.1725347005370597,1.3236608699893826
rnn_only,3,11,6,full,0.3,1.1407976999634886,1.1407976999634886,1.3000913169139396
rnn_only,3,11,7,full,0.3,1.2203540701351931,1.2203540701351931,1.3603782503599047
rnn_only,3,11,8,full,0.3,1.421683894997414,1.421683894997414,1.5684245911680526
rnn_only,3,11,9,full,0.3,1.6509234277290825,1.6509234277290825,1.8861940184687198
rnn_only,3,16,1,full,0.001,1.2795778326355653,1.2795778326355653,1.3670902669487885
rnn_only,3,16,2,full,0.001,1.277042179626987,1.277042179626987,1.4352626981118526
rnn_only,3,16,3,full,0.001,1.1407927692778572,1.1407927692778572,1.3395523005391545
rnn_only,3,16,4,full,0.001,1.083347794936626,1.083347794936626,1.291102796096402
rnn_only,3,16,5,full,0.001,1.075637075287132,1.075637075287132,1.2766810563037578
rnn_only,3,16,6,full,0.001,1.0921850553778751,1.0921850553778751,1.286163195305843
rnn_only,3,16,7,full,0.001,1.100198440331599,1.100198440331599,1.2925790850156071
rnn_only,3,16,8,full,0.001,1.0865985285350823,1.0865985285350823,1.2837866939525973
rnn_only,3,16,9,full,0.001,1.0737575933867975,1.0737575933867975,1.2777115083088255
rnn_only,3,16,10,full,0.001,1.064279435961787,1.064279435961787,1.2911632963610804
rnn_only,3,16,11,full,0.001,1.070297648884106,1.070297648884106,1.3071739307446892
rnn_only,3,16,12,full,0.001,1.1361035512613071,1.1361035512613071,1.3775350642717423
rnn_only,3,16,13,full,0.001,1.348111993606186,1.348111993606186,1.5917113186053125
rnn_only,3,16,14,full,0.001,1.3871985319966922,1.3871985319966922,1.792553829470404
rnn_only,3,16,1,full,0.01,1.2794989673204966,1.2794989673204966,1.3669671299898374
rnn_only,3,16,2,full,0.01,1.2767041837533726,1.2767041837533726,1.4347211068972079
rnn_only,3,16,3,full,0.01,1.1401957285134685,1.1401957285134685,1.3387691107294302
rnn_only,3,16,4,full,0.01,1.0823360894081644,1.0823360894081644,1.2899771700433156
rnn_only,3,16,5,full,0.01,1.07475979762581,1.07475979762581,1.2755661094899393
rnn_only,3,16,6,full,0.01,1.0912921881891622,1.0912921881891622,1.2851132867450015
rnn_only,3,16,7,full,0.01,1.0991180426364076,1.0991180426364076,1.2912785479330928
rnn_only,3,16,8,full,0.01,1.085426257463305,1.085426257463305,1.2823161838833954
rnn_only,3,16,9,full,0.01,1.0726709132277616,1.0726709132277616,1.2764182600462126
rnn_only,3,16,10,full,0.01,1.0632044148773883,1.0632044148773883,1.2899650032430556
rnn_only,3,16,11,full,0.01,1.069359798378263,1.069359798378263,1.3060969807851532
rnn_only,3,16,12,full,0.01,1.1352238539145145,1.1352238539145145,1.3765479071345572
rnn_only,3,16,13,full,0.01,1.3472838202417567,1.3472838202417567,1.5906846394932346
rnn_only,3,16,14,full,0.01,1.3863742697380734,1.3863742697380734,1.7911887559095847
rnn_only,3,16,1,full,0.1,1.2792982088134655,1.2792982088134655,1.3661528480886536
rnn_only,3,16,2,full,0.1,1.276055667174636,1.276055667174636,1.433456441500662
rnn_only,3,16,3,full,0.1,1.1388855073773576,1.1388855073773576,1.3370692410153753
rnn_only,3,16,4,full,0.1,1.0810497946311552,1.0810497946311552,1.2881599760475653
rnn_only,3,16,5,full,0.1,1.0732220092954297,1.0732220092954297,1.2735524678736132
rnn_only,3,16,6,full,0.1,1.0897829933281735,1.0897829933281735,1.2830099513568047
rnn_only,3,16,7,full,0.1,1.097561274073932,1.097561274073932,1.2890149112830465
rnn_only,3,16,8,full,0.1,1.083442133306868,1.083442133306868,1.279605547943079
rnn_only,3,16,9,full,0.1,1.070733712988152,1.070733712988152,1.2737590222319226
rnn_only,3,16,10,full,0.1,1.0612070807677538,1.0612070807677538,1.287654775091792
rnn_only,3,16,11,full,0.1,1.0670110419769907,1.0670110419769907,1.303009678616956
rnn_only,3,16,12,full,0.1,1.1325327759513044,1.1325327759513044,1.3726751560217727
rnn_only,3,16,13,full,0.1,1.3444701034959854,1.3444701034959854,1.5859683203779102
rnn_only,3,16,14,full,0.1,1.384337423694895,1.384337423694895,1.7845909141109797
rnn_only,3,16,1,full,0.3,1.2795844168860029,1.2795844168860029,1.364883511743658
rnn_only,3,16,2,full,0.3,1.2754891847123784,1.2754891847123784,1.4306026598376897
rnn_only,3,16,3,full,0.3,1.13707209027503,1.13707209027503,1.3334019813320435
rnn_only,3,16,4,full,0.3,1.0791373766598196,1.0791373766598196,1.284407334874903
rnn_only,3,16,5,full,0.3,1.0715688643124066,1.0715688643124066,1.2708795624535623
rnn_only,3,16,6,full,0.3,1.0882208484793474,1.0882208484793474,1.280716632744014
rnn_only,3,16,7,full,0.3,1.0953446316701665,1.0953446316701665,1.2859525367302478
rnn_only,3,16,8,full,0.3,1.0800058658113394,1.0800058658113394,1.2756335916914456
rnn_only,3,16,9,full,0.3,1.0674637376103395,1.0674637376103395,1.2700147461748856
rnn_only,3,16,10,full,0.3,1.057634959784123,1.057634959784123,1.2837063967124256
rnn_only,3,16,11,full,0.3,1.0629678351226617,1.0629678351226617,1.2984864084792411
rnn_only,3,16,12,full,0.3,1.127570386055544,1.127570386055544,1.3666606252595308
rnn_only,3,16,13,full,0.3,1.3387528165437503,1.3387528165437503,1.5783845566714483
rnn_only,3,16,14,full,0.3,1.378978636964992,1.378978636964992,1.772587852866455
rnn_only,3,21,1,full,0.001,1.0965468250057837,1.0965468250057837,1.1841043752633602
rnn_only,3,21,2,full,0.001,1.036259538744991,1.036259538744991,1.2208390876094646
rnn_only,3,21,3,full,0.001,0.9509195548412032,0.9509195548412032,1.1698424953817868
rnn_only,3,21,4,full,0.001,0.9109500131679356,0.9109500131679356,1.1224516092688652
rnn_only,3,21,5,full,0.001,0.9145457299408188,0.9145457299408188,1.1235467225757279
rnn_only,3,21,6,full,0.001,0.923466201373599,0.923466201373599,1.14440192405629
rnn_only,3,21,7,full,0.001,0.9239699683675433,0.9239699683675433,1.151096210615417
rnn_only,3,21,8,full,0.001,0.9253256285692558,0.9253256285692558,1.1550174571154845
rnn_only,3,21,9,full,0.001,0.9351658181457363,0.9351658181457363,1.1729350043264706
rnn_only,3,21,10,full,0.001,0.9338656402666213,0.9338656402666213,1.1889738135979901
rnn_only,3,21,11,full,0.001,0.9449618709454506,0.9449618709454506,1.2033005263103451
rnn_only,3,21,12,full,0.001,0.9566106716708465,0.9566106716708465,1.210946568536821
rnn_only,3,21,13,full,0.001,0.9752111009049906,0.9752111009049906,1.2405995357421142
rnn_only,3,21,14,full,0.001,0.997647627294361,0.997647627294361,1.2734458500795958
rnn_only,3,21,15,full,0.001,1.0005677375869895,1.0005677375869895,1.284043679100911
rnn_only,3,21,16,full,0.001,1.0214320702246864,1.0214320702246864,1.3127668036780595
rnn_only,3,21,17,full,0.001,1.0441497618268032,1.0441497618268032,1.3571977698862685
rnn_only,3,21,18,full,0.001,1.1396521323058328,1.1396521323058328,1.4534557438252365
rnn_only,3,21,19,full,0.001,1.1183822745633107,1.1183822745633107,1.568764916015397
rnn_only,3,21,1,full,0.01,1.096504545669907,1.096504545669907,1.1839852423458095
rnn_only,3,21,2,full,0.01,1.036240281711192,1.036240281711192,1.2205581062997344
rnn_only,3,21,3,full,0.01,0.950799383731769,0.950799383731769,1.169637838979929
rnn_only,3,21,4,full,0.01,0.9108849256375894,0.9108849256375894,1.1223051305066325
rnn_only,3,21,5,full,0.01,0.9145433882310583,0.9145433882310583,1.1234686072903126
rnn_only,3,21,6,full,0.01,0.9234447573251253,0.9234447573251253,1.1443324341914494
rnn_only,3,21,7,full,0.01,0.9239328758624434,0.9239328758624434,1.1510278774014746
rnn_only,3,21,8,full,0.01,0.9251929961862468,0.9251929961862468,1.1548152757404613
rnn_only,3,21,9,full,0.01,0.9349984429493324,0.9349984429493324,1.1726857931210124
rnn_only,3,21,10,full,0.01,0.9336389386825028,0.9336389386825028,1.1886449302260065
rnn_only,3,21,11,full,0.01,0.9447517929530307,0.9447517929530307,1.2031035503333318
rnn_only,3,21,12,full,0.01,0.9563478650532957,0.9563478650532957,1.2106559741851455
rnn_only,3,21,13,full,0.01,0.9749864550730085,0.9749864550730085,1.2403882356998266
rnn_only,3,21,14,full,0.01,0.9973720226908434,0.9973720226908434,1.273093657783344
rnn_only,3,21,15,full,0.01,1.0004253507894592,1.0004253507894592,1.2837224654351826
rnn_only,3,21,16,full,0.01,1.0211885931071194,1.0211885931071194,1.3123377981232434
rnn_only,3,21,17,full,0.01,1.0439935860002036,1.0439935860002036,1.3568215554610823
rnn_only,3,21,18,full,0.01,1.1394272711408298,1.1394272711408298,1.4529536472256663
rnn_only,3,21,19,full,0.01,1.1184229840911226,1.1184229840911226,1.5683707840893328
rnn_only,3,21,1,full,0.1,1.096880611846429,1.096880611846429,1.183632277528396
rnn_only,3,21,2,full,0.1,1.036830993220024,1.036830993220024,1.2195826428986094
rnn_only,3,21,3,full,0.1,0.9503903718587984,0.9503903718587984,1.1683521215088115
rnn_only,3,21,4,full,0.1,0.9101247338010989,0.9101247338010989,1.1208512802019435
rnn_only,3,21,5,full,0.1,0.9140784755755342,0.9140784755755342,1.122497681021536
rnn_only,3,21,6,full,0.1,0.9233842192568696,0.9233842192568696,1.1435513321277475
rnn_only,3,21,7,full,0.1,0.92430727524036,0.92430727524036,1.1508799770015858
rnn_only,3,21,8,full,0.1,0.9249893490822564,0.9249893490822564,1.1543588234704858
rnn_only,3,21,9,full,0.1,0.9343454530345288,0.9343454530345288,1.1717484377960874
rnn_only,3,21,10,full,0.1,0.9332408325906536,0.9332408325906536,1.1878397963107425
rnn_only,3,21,11,full,0.1,0.9443685089228632,0.9443685089228632,1.2025585801103384
rnn_only,3,21,12,full,0.1,0.9558459467244254,0.9558459467244254,1.2100210867497943
rnn_only,3,21,13,full,0.1,0.9741669584535464,0.9741669584535464,1.239495167078322
rnn_only,3,21,14,full,0.1,0.9965455303978195,0.9965455303978195,1.2720550966840225
rnn_only,3,21,15,full,0.1,0.9995952098338373,0.9995952098338373,1.2826476858348657
rnn_only,3,21,16,full,0.1,1.0203418577828938,1.0203418577828938,1.310799898067909
rnn_only,3,21,17,full,0.1,1.0426363098781042,1.0426363098781042,1.3542010525255175
rnn_only,3,21,18,full,0.1,1.1378027999721865,1.1378027999721865,1.4494940616639125
rnn_only,3,21,19,full,0.1,1.1165029235271784,1.1165029235271784,1.5632274314528625
rnn_only,3,21,1,full,0.3,1.0970985359379832,1.0970985359379832,1.1826172406115778
rnn_only,3,21,2,full,0.3,1.0376533445976506,1.0376533445976506,1.217150703995236
rnn_only,3,21,3,full,0.3,0.9492071532127127,0.9492071532127127,1.1648081285745548
rnn_only,3,21,4,full,0.3,0.9081741876225604,0.9081741876225604,1.1169508238636403
rnn_only,3,21,5,full,0.3,0.9128913121737385,0.9128913121737385,1.1197111709251266
rnn_only,3,21,6,full,0.3,0.9231575775472247,0.9231575775472247,1.1417470888574965
rnn_only,3,21,7,full,0.3,0.9241852238280952,0.9241852238280952,1.1494549097771574
rnn_only,3,21,8,full,0.3,0.9241032470730159,0.9241032470730159,1.1527337761200882
rnn_only,3,21,9,full,0.3,0.9327454929497967,0.9327454929497967,1.1693675096362306
rnn_only,3,21,10,full,0.3,0.9314709177440847,0.9314709177440847,1.1853387505107429
rnn_only,3,21,11,full,0.3,0.9425103285565639,0.9425103285565639,1.2002680260651286
rnn_only,3,21,12,full,0.3,0.9541700188836001,0.9541700188836001,1.2078940433899306
rnn_only,3,21,13,full,0.3,0.9720716606600549,0.9720716606600549,1.2369832056383854
rnn_only,3,21,14,full,0.3,0.9944475805253248,0.9944475805253248,1.2691516408354113
rnn_only,3,21,15,full,0.3,0.9969641959428156,0.9969641959428156,1.2791918427480107
rnn_only,3,21,16,full,0.3,1.0166327894006724,1.0166327894006724,1.305708375746228
rnn_only,3,21,17,full,0.3,1.0372993520795963,1.0372993520795963,1.3462954180039683
rnn_only,3,21,18,full,0.3,1.1319817448968919,1.1319817448968919,1.4396699333177907
rnn_only,3,21,19,full,0.3,1.1117130166088858,1.1117130166088858,1.550472053208307
rnn_only,3,25,1,full,0.001,1.0513742028893382,1.0513742028893382,1.1560954211673784
rnn_only,3,25,2,full,0.001,0.9863979218857654,0.9863979218857654,1.2057683138533715
rnn_only,3,25,3,full,0.001,0.9238346543301451,0.9238346543301451,1.1714195460847234
rnn_only,3,25,4,full,0.001,0.8827728423161623,0.8827728423161623,1.117528432296476
rnn_only,3,25,5,full,0.001,0.8626911387363377,0.8626911387363377,1.095122738935195
rnn_only,3,25,6,full,0.001,0.8511058482295681,0.8511058482295681,1.088253967853234
rnn_only,3,25,7,full,0.001,0.8516621289159051,0.8516621289159051,1.0910807193128789
rnn_only,3,25,8,full,0.001,0.8583031449798961,0.8583031449798961,1.0964622371521917
rnn_only,3,25,9,full,0.001,0.8601014936122348,0.8601014936122348,1.0933225899190666
rnn_only,3,25,10,full,0.001,0.8579570988245815,0.8579570988245815,1.0883051094904181
rnn_only,3,25,11,full,0.001,0.8593387908156356,0.8593387908156356,1.0948698115717845
rnn_only,3,25,12,full,0.001,0.8557194238009926,0.8557194238009926,1.0966134322862713
rnn_only,3,25,13,full,0.001,0.8541983796390402,0.8541983796390402,1.0972329895622628
rnn_only,3,25,14,full,0.001,0.8645512052967828,0.8645512052967828,1.1057357010602868
rnn_only,3,25,15,full,0.001,0.8739713899875651,0.8739713899875651,1.1167223699988362
rnn_only,3,25,16,full,0.001,0.8795370184003812,0.8795370184003812,1.1303476622430257
rnn_only,3,25,17,full,0.001,0.891996279419542,0.891996279419542,1.1547345422935673
rnn_only,3,25,18,full,0.001,0.8984805746728366,0.8984805746728366,1.1656767562455856
rnn_only,3,25,19,full,0.001,0.9020512840610051,0.9020512840610051,1.1754313872907651
rnn_only,3,25,20,full,0.001,0.9241971095600628,0.9241971095600628,1.2129890392156852
rnn_only,3,25,21,full,0.001,0.9389961898982608,0.9389961898982608,1.2658482006185565
rnn_only,3,25,22,full,0.001,0.9877388764977297,0.9877388764977297,1.3389078944492545
rnn_only,3,25,23,full,0.001,0.9531350919670922,0.9531350919670922,1.416826540217708
rnn_only,3,25,1,full,0.01,1.0514228664069973,1.0514228664069973,1.1560315925131646
rnn_only,3,25,2,full,0.01,0.9865354030486123,0.9865354030486123,1.2057160873396071
rnn_only,3,25,3,full,0.01,0.9239126656926282,0.9239126656926282,1.171378365015223
rnn_only,3,25,4,full,0.01,0.8828218069118774,0.8828218069118774,1.1174875329344087
rnn_only,3,25,5,full,0.01,0.8627617703698104,0.8627617703698104,1.0950984937041706
rnn_only,3,25,6,full,0.01,0.851086588880297,0.851086588880297,1.0881736772728412
rnn_only,3,25,7,full,0.01,0.8517248582267994,0.8517248582267994,1.091114186262661
rnn_only,3,25,8,full,0.01,0.8583617157819469,0.8583617157819469,1.0965428457204167
rnn_only,3,25,9,full,0.01,0.8602536203879936,0.8602536203879936,1.093446344211057
rnn_only,3,25,10,full,0.01,0.8581089996751109,0.8581089996751109,1.088474319986487
rnn_only,3,25,11,full,0.01,0.8595693530920475,0.8595693530920475,1.095111101233989
rnn_only,3,25,12,full,0.01,0.8559701484548445,0.8559701484548445,1.0969066189239602
rnn_only,3,25,13,full,0.01,0.8543593082426038,0.8543593082426038,1.0974005137368261
rnn_only,3,25,14,full,0.01,0.8647113247612694,0.8647113247612694,1.1059716501137027
rnn_only,3,25,15,full,0.01,0.8742279141141529,0.8742279141141529,1.117037142459699
rnn_only,3,25,16,full,0.01,0.8797825933060672,0.8797825933060672,1.1306994843372307
rnn_only,3,25,17,full,0.01,0.8922177363425053,0.8922177363425053,1.1550071294873816
rnn_only,3,25,18,full,0.01,0.8986753254693074,0.8986753254693074,1.1658851652619027
rnn_only,3,25,19,full,0.01,0.9022739275543137,0.9022739275543137,1.1757019531756776
rnn_only,3,25,20,full,0.01,0.9245037519191444,0.9245037519191444,1.2132710167731788
rnn_only,3,25,21,full,0.01,0.9392672522330359,0.9392672522330359,1.2661567255985189
rnn_only,3,25,22,full,0.01,0.9879947645458076,0.9879947645458076,1.3391256957360809
rnn_only,3,25,23,full,0.01,0.9532164636092898,0.9532164636092898,1.417095263204206
rnn_only,3,25,1,full,0.1,1.0521419735968187,1.0521419735968187,1.156118541821387
rnn_only,3,25,2,full,0.1,0.9886373190360372,0.9886373190360372,1.205621902106292
rnn_only,3,25,3,full,0.1,0.9249653965768918,0.9249653965768918,1.171140200976779
rnn_only,3,25,4,full,0.1,0.8827385726394403,0.8827385726394403,1.1167699934983841
rnn_only,3,25,5,full,0.1,0.8623715705151765,0.8623715705151765,1.0939796794979162
rnn_only,3,25,6,full,0.1,0.8504457557229382,0.8504457557229382,1.0868548936336917
rnn_only,3,25,7,full,0.1,0.8513068694015015,0.8513068694015015,1.0897415434219884
rnn_only,3,25,8,full,0.1,0.8578296961765259,0.8578296961765259,1.0951584332833888
rnn_only,3,25,9,full,0.1,0.8596944749336922,0.8596944749336922,1.0920096426239054
rnn_only,3,25,10,full,0.1,0.857812230543537,0.857812230543537,1.0872247601083114
rnn_only,3,25,11,full,0.1,0.8590378700359278,0.8590378700359278,1.0938363583024258
rnn_only,3,25,12,full,0.1,0.8557147863946724,0.8557147863946724,1.095930938043824
rnn_only,3,25,13,full,0.1,0.8541409462747693,0.8541409462747693,1.0964760772899553
rnn_only,3,25,14,full,0.1,0.8648154185963305,0.8648154185963305,1.1053535086130317
rnn_only,3,25,15,full,0.1,0.8738523876067842,0.8738523876067842,1.1160195553429846
rnn_only,3,25,16,full,0.1,0.8794417321902681,0.8794417321902681,1.1293799662321558
rnn_only,3,25,17,full,0.1,0.8922227785981174,0.8922227785981174,1.154088501315842
rnn_only,3,25,18,full,0.1,0.8990835182225969,0.8990835182225969,1.1652195717632696
rnn_only,3,25,19,full,0.1,0.903363073505389,0.903363073505389,1.1759306988063132
rnn_only,3,25,20,full,0.1,0.9253743135781225,0.9253743135781225,1.213689467878635
rnn_only,3,25,21,full,0.1,0.9395237921424238,0.9395237921424238,1.2657428362944447
rnn_only,3,25,22,full,0.1,0.9880315112968714,0.9880315112968714,1.3387587755242434
rnn_only,3,25,23,full,0.1,0.9526378370074107,0.9526378370074107,1.4128727485448769
rnn_only,3,25,1,full,0.3,1.0533185612950176,1.0533185612950176,1.1560343464075271
rnn_only,3,25,2,full,0.3,0.9921881341201286,0.9921881341201286,1.205694248408319
rnn_only,3,25,3,full,0.3,0.9266768866487086,0.9266768866487086,1.1702337141084493
rnn_only,3,25,4,full,0.3,0.8822430354243076,0.8822430354243076,1.114971352067632
rnn_only,3,25,5,full,0.3,0.8612293649701759,0.8612293649701759,1.091709280967224
rnn_only,3,25,6,full,0.3,0.8488512080859967,0.8488512080859967,1.0841227394371904
rnn_only,3,25,7,full,0.3,0.8495495353206369,0.8495495353206369,1.0868414901815553
rnn_only,3,25,8,full,0.3,0.8557489707331938,0.8557489707331938,1.0918185527292434
rnn_only,3,25,9,full,0.3,0.8573697275095548,0.8573697275095548,1.0883344571549152
rnn_only,3,25,10,full,0.3,0.855395327933294,0.855395327933294,1.0832605020951704
rnn_only,3,25,11,full,0.3,0.8562974872590808,0.8562974872590808,1.089563451932033
rnn_only,3,25,12,full,0.3,0.853165188102406,0.853165188102406,1.0916187855761024
rnn_only,3,25,13,full,0.3,0.8518283356167737,0.8518283356167737,1.0922935313949758
rnn_only,3,25,14,full,0.3,0.8626428642874141,0.8626428642874141,1.1012412274308954
rnn_only,3,25,15,full,0.3,0.8714764690695573,0.8714764690695573,1.1119302814629943
rnn_only,3,25,16,full,0.3,0.877114597861388,0.877114597861388,1.1250647771654507
rnn_only,3,25,17,full,0.3,0.8908105445374748,0.8908105445374748,1.1504534293801507
rnn_only,3,25,18,full,0.3,0.8978374789262795,0.8978374789262795,1.161619701463818
rnn_only,3,25,19,full,0.3,0.9021217711972365,0.9021217711972365,1.1726196930764345
rnn_only,3,25,20,full,0.3,0.9242660744953994,0.9242660744953994,1.2097619566125726
rnn_only,3,25,21,full,0.3,0.9386033323311773,0.9386033323311773,1.2619685313901816
rnn_only,3,25,22,full,0.3,0.9869067810860996,0.9869067810860996,1.3337869104391342
rnn_only,3,25,23,full,0.3,0.9492605587142358,0.9492605587142358,1.401940806891326
rnn_only,3,30,1,full,0.001,1.0648495903745154,1.0648495903745154,1.2492159619031205
rnn_only,3,30,2,full,0.001,1.0268686809745642,1.0268686809745642,1.3446261335306113
rnn_only,3,30,3,full,0.001,0.9820162664295597,0.9820162664295597,1.3373823287843478
rnn_only,3,30,4,full,0.001,0.96303809805469,0.96303809805469,1.3098984131358336
rnn_only,3,30,5,full,0.001,0.960445714594405,0.960445714594405,1.3041429736559103
rnn_only,3,30,6,full,0.001,0.960858145773075,0.960858145773075,1.3067008646415976
rnn_only,3,30,7,full,0.001,0.9586145640135066,0.9586145640135066,1.30654631505311
rnn_only,3,30,8,full,0.001,0.9544367458525906,0.9544367458525906,1.3008151501039453
rnn_only,3,30,9,full,0.001,0.9436475721720151,0.9436475721720151,1.2896566827982636
rnn_only,3,30,10,full,0.001,0.9370444823533906,0.9370444823533906,1.2768761160102517
rnn_only,3,30,11,full,0.001,0.9234060204811676,0.9234060204811676,1.2578367719687846
rnn_only,3,30,12,full,0.001,0.9107059995501801,0.9107059995501801,1.2414541611373182
rnn_only,3,30,13,full,0.001,0.903267655564703,0.903267655564703,1.2316223468118799
rnn_only,3,30,14,full,0.001,0.8990115479725094,0.8990115479725094,1.226422012079519
rnn_only,3,30,15,full,0.001,0.8877849740087511,0.8877849740087511,1.2166353759137034
rnn_only,3,30,16,full,0.001,0.8829533620646746,0.8829533620646746,1.211412128640409
rnn_only,3,30,17,full,0.001,0.8829456520005396,0.8829456520005396,1.199430747451121
rnn_only,3,30,18,full,0.001,0.8675374243767482,0.8675374243767482,1.1742986860328788
rnn_only,3,30,19,full,0.001,0.8478543614422389,0.8478543614422389,1.1475113340626193
rnn_only,3,30,20,full,0.001,0.8284469984153175,0.8284469984153175,1.1196960113501118
rnn_only,3,30,21,full,0.001,0.8147348776769923,0.8147348776769923,1.1019898180800936
rnn_only,3,30,22,full,0.001,0.8101480497745613,0.8101480497745613,1.094783675380015
rnn_only,3,30,23,full,0.001,0.8106975464089845,0.8106975464089845,1.1042967228611087
rnn_only,3,30,24,full,0.001,0.8119359757781518,0.8119359757781518,1.117209941809423
rnn_only,3,30,25,full,0.001,0.804964591181666,0.804964591181666,1.1293122046448516
rnn_only,3,30,26,full,0.001,0.8072963721329198,0.8072963721329198,1.1408737849071433
rnn_only,3,30,27,full,0.001,0.79696763546406,0.79696763546406,1.1393608600026626
rnn_only,3,30,28,full,0.001,0.7415208964798501,0.7415208964798501,1.1881863181054055
rnn_only,3,30,1,full,0.01,1.0649977864720308,1.0649977864720308,1.2493127238589754
rnn_only,3,30,2,full,0.01,1.0270146955936603,1.0270146955936603,1.3447521166903205
rnn_only,3,30,3,full,0.01,0.9818050901064186,0.9818050901064186,1.337174045390773
rnn_only,3,30,4,full,0.01,0.9627238821236932,0.9627238821236932,1.3095298140552916
rnn_only,3,30,5,full,0.01,0.959758708410577,0.959758708410577,1.3033099162118125
rnn_only,3,30,6,full,0.01,0.9599760309487941,0.9599760309487941,1.3054969287642106
rnn_only,3,30,7,full,0.01,0.9577586000595534,0.9577586000595534,1.3052651144317942
rnn_only,3,30,8,full,0.01,0.9535286887779447,0.9535286887779447,1.2993800836555176
rnn_only,3,30,9,full,0.01,0.9427203492961274,0.9427203492961274,1.2881010923882075
rnn_only,3,30,10,full,0.01,0.9361757757134763,0.9361757757134763,1.2753600925709798
rnn_only,3,30,11,full,0.01,0.9223055652644684,0.9223055652644684,1.2561934772445011
rnn_only,3,30,12,full,0.01,0.9096242310353844,0.9096242310353844,1.2397390056521274
rnn_only,3,30,13,full,0.01,0.9019929403910777,0.9019929403910777,1.229571414012062
rnn_only,3,30,14,full,0.01,0.8977172474003434,0.8977172474003434,1.2243077102930973
rnn_only,3,30,15,full,0.01,0.8867116845426983,0.8867116845426983,1.2146649419518667
rnn_only,3,30,16,full,0.01,0.8818251922089536,0.8818251922089536,1.2094003375534335
rnn_only,3,30,17,full,0.01,0.8820064881262133,0.8820064881262133,1.197630618375093
rnn_only,3,30,18,full,0.01,0.8666949324051394,0.8666949324051394,1.1726863452636138
rnn_only,3,30,19,full,0.01,0.8469989346762357,0.8469989346762357,1.1459359102058482
rnn_only,3,30,20,full,0.01,0.8277465732605107,0.8277465732605107,1.1183677702152988
rnn_only,3,30,21,full,0.01,0.8140495344907146,0.8140495344907146,1.1007089071635563
rnn_only,3,30,22,full,0.01,0.8094525185478887,0.8094525185478887,1.0935253519782404
rnn_only,3,30,23,full,0.01,0.8099498249472232,0.8099498249472232,1.1029889823409924
rnn_only,3,30,24,full,0.01,0.8111412079649591,0.8111412079649591,1.1158394399663214
rnn_only,3,30,25,full,0.01,0.8042940120819846,0.8042940120819846,1.1282116240731739
rnn_only,3,30,26,full,0.01,0.8066302211246855,0.8066302211246855,1.1397923654491997
rnn_only,3,30,27,full,0.01,0.796341836973701,0.796341836973701,1.1380865219355114
rnn_only,3,30,28,full,0.01,0.741075157081359,0.741075157081359,1.187209168092465
rnn_only,3,30,1,full,0.1,1.065333987116007,1.065333987116007,1.2490435754756173
rnn_only,3,30,2,full,0.1,1.027408756814438,1.027408756814438,1.344376727660907
rnn_only,3,30,3,full,0.1,0.9813406409684633,0.9813406409684633,1.3363174609898532
rnn_only,3,30,4,full,0.1,0.9621335911852739,0.9621335911852739,1.3086643080421858
rnn_only,3,30,5,full,0.1,0.9590905514029545,0.9590905514029545,1.3023341401436754
rnn_only,3,30,6,full,0.1,0.958840622597968,0.958840622597968,1.3041120969128375
rnn_only,3,30,7,full,0.1,0.9570380709799997,0.9570380709799997,1.3040834104071397
rnn_only,3,30,8,full,0.1,0.9540388237504387,0.9540388237504387,1.2994725796458129
rnn_only,3,30,9,full,0.1,0.9430230837671357,0.9430230837671357,1.2882712909564087
rnn_only,3,30,10,full,0.1,0.9359221296574061,0.9359221296574061,1.2751313579261865
rnn_only,3,30,11,full,0.1,0.9227521716757785,0.9227521716757785,1.2570520677989343
rnn_only,3,30,12,full,0.1,0.9093186329830214,0.9093186329830214,1.24004162422787
rnn_only,3,30,13,full,0.1,0.9023463289566008,0.9023463289566008,1.2302929294176377
rnn_only,3,30,14,full,0.1,0.8976849968446552,0.8976849968446552,1.2243555409961
rnn_only,3,30,15,full,0.1,0.8870323362928211,0.8870323362928211,1.2149267972424411
rnn_only,3,30,16,full,0.1,0.8823510484112124,0.8823510484112124,1.2099080757654255
rnn_only,3,30,17,full,0.1,0.8830395933410474,0.8830395933410474,1.1986200847132547
rnn_only,3,30,18,full,0.1,0.867935531644843,0.867935531644843,1.1741568053346207
rnn_only,3,30,19,full,0.1,0.8482102164436276,0.8482102164436276,1.1471777152552818
rnn_only,3,30,20,full,0.1,0.8293211357232213,0.8293211357232213,1.1200142099908375
rnn_only,3,30,21,full,0.1,0.81621851622828,0.81621851622828,1.1029260745670915
rnn_only,3,30,22,full,0.1,0.8112828319095156,0.8112828319095156,1.095846168791943
rnn_only,3,30,23,full,0.1,0.8120031997920393,0.8120031997920393,1.105646841216824
rnn_only,3,30,24,full,0.1,0.8127370449987499,0.8127370449987499,1.1183123879138246
rnn_only,3,30,25,full,0.1,0.8056669040257223,0.8056669040257223,1.1297353916429154
rnn_only,3,30,26,full,0.1,0.8072046709328234,0.8072046709328234,1.139775733006818
rnn_only,3,30,27,full,0.1,0.7965351544352507,0.7965351544352507,1.1362703296118002
rnn_only,3,30,28,full,0.1,0.740763816011535,0.740763816011535,1.1820884760387895
rnn_only,3,30,1,full,0.3,1.0665845496228203,1.0665845496228203,1.249448339105813
rnn_only,3,30,2,full,0.3,1.0303382422736664,1.0303382422736664,1.345454887402172
rnn_only,3,30,3,full,0.3,0.981652326840238,0.981652326840238,1.3354524134782788
rnn_only,3,30,4,full,0.3,0.9603762834139908,0.9603762834139908,1.3054086363685942
rnn_only,3,30,5,full,0.3,0.9568983023887186,0.9568983023887186,1.2985125802336162
rnn_only,3,30,6,full,0.3,0.9561504982129903,0.9561504982129903,1.2999069340366627
rnn_only,3,30,7,full,0.3,0.9542590439513496,0.9542590439513496,1.299304883316459
rnn_only,3,30,8,full,0.3,0.9517311837959158,0.9517311837959158,1.294508168515525
rnn_only,3,30,9,full,0.3,0.9410012244833759,0.9410012244833759,1.283635646961094
rnn_only,3,30,10,full,0.3,0.9333905189263287,0.9333905189263287,1.270581579298988
rnn_only,3,30,11,full,0.3,0.9205656914348468,0.9205656914348468,1.2526095772742782
rnn_only,3,30,12,full,0.3,0.906641256896749,0.906641256896749,1.2349453101037602
rnn_only,3,30,13,full,0.3,0.901149898113601,0.901149898113601,1.2260186565552398
rnn_only,3,30,14,full,0.3,0.8963488480289679,0.8963488480289679,1.2200827824088034
rnn_only,3,30,15,full,0.3,0.8866639505243589,0.8866639505243589,1.2118538018855136
rnn_only,3,30,16,full,0.3,0.8820696493473275,0.8820696493473275,1.2069314154572008
rnn_only,3,30,17,full,0.3,0.8832726770408739,0.8832726770408739,1.1961357946122906
rnn_only,3,30,18,full,0.3,0.8684535024467299,0.8684535024467299,1.171999693086742
rnn_only,3,30,19,full,0.3,0.8480972281458391,0.8480972281458391,1.144595674363058
rnn_only,3,30,20,full,0.3,0.8296997158385675,0.8296997158385675,1.117806457892541
rnn_only,3,30,21,full,0.3,0.8170813848429727,0.8170813848429727,1.1012395701066082
rnn_only,3,30,22,full,0.3,0.8124255891306448,0.8124255891306448,1.0946013866773834
rnn_only,3,30,23,full,0.3,0.8142577507929332,0.8142577507929332,1.1049763363193892
rnn_only,3,30,24,full,0.3,0.8152059526555037,0.8152059526555037,1.1183263002267516
rnn_only,3,30,25,full,0.3,0.8077103450585974,0.8077103450585974,1.129300413679707
rnn_only,3,30,26,full,0.3,0.8089431545642389,0.8089431545642389,1.1381314974704622
rnn_only,3,30,27,full,0.3,0.7999898698015407,0.7999898698015407,1.1339283447219128
rnn_only,3,30,28,full,0.3,0.7452656511469569,0.7452656511469569,1.1776585627178329
rnn_only,4,7,1,full,0.001,1.3338879064367042,1.3338879064367042,1.4098038945468654
rnn_only,4,7,2,full,0.001,1.365158425325938,1.365158425325938,1.5002527221233926
rnn_only,4,7,3,full,0.001,1.2498848659293185,1.2498848659293185,1.446426177690458
rnn_only,4,7,4,full,0.001,1.3625102188109488,1.3625102188109488,1.5258263986068268
rnn_only,4,7,5,full,0.001,1.6179692211558871,1.6179692211558871,1.7748105279381714
rnn_only,4,7,1,full,0.01,1.3337473965527171,1.3337473965527171,1.4096199361929491
rnn_only,4,7,2,full,0.01,1.3649558009184326,1.3649558009184326,1.5000683102821393
rnn_only,4,7,3,full,0.01,1.2496772623295236,1.2496772623295236,1.446040976919949
rnn_only,4,7,4,full,0.01,1.3626023449682454,1.3626023449682454,1.5256413019296855
rnn_only,4,7,5,full,0.01,1.6179825814266189,1.6179825814266189,1.7747848588821276
rnn_only,4,7,1,full,0.1,1.3333057030004993,1.3333057030004993,1.4087866005839238
rnn_only,4,7,2,full,0.1,1.364226361005863,1.364226361005863,1.4987519276029788
rnn_only,4,7,3,full,0.1,1.248825365007085,1.248825365007085,1.4443893646200816
rnn_only,4,7,4,full,0.1,1.3631740010780284,1.3631740010780284,1.524945242981972
rnn_only,4,7,5,full,0.1,1.6181115610565313,1.6181115610565313,1.7735568994751891
rnn_only,4,7,1,full,0.3,1.3319234434620815,1.3319234434620815,1.4066623034053527
rnn_only,4,7,2,full,0.3,1.3641925071124978,1.3641925071124978,1.4971055572880851
rnn_only,4,7,3,full,0.3,1.2498378157761687,1.2498378157761687,1.4439025854254974
rnn_only,4,7,4,full,0.3,1.3694021869636976,1.3694021869636976,1.5282537300531192
rnn_only,4,7,5,full,0.3,1.6244364227558727,1.6244364227558727,1.7774977696358918
rnn_only,4,11,1,full,0.001,1.2954222681728678,1.2954222681728678,1.3615545848119348
rnn_only,4,11,2,full,0.001,1.3182873453334725,1.3182873453334725,1.4245951296772972
rnn_only,4,11,3,full,0.001,1.2305985256466445,1.2305985256466445,1.3539273057331682
rnn_only,4,11,4,full,0.001,1.146214429403706,1.146214429403706,1.2983692885785132
rnn_only,4,11,5,full,0.001,1.085570172501288,1.085570172501288,1.2701987903073393
rnn_only,4,11,6,full,0.001,1.0393322206356617,1.0393322206356617,1.262841388646177
rnn_only,4,11,7,full,0.001,1.0989092677677015,1.0989092677677015,1.313374910455015
rnn_only,4,11,8,full,0.001,1.323150586166835,1.323150586166835,1.50890942281389
rnn_only,4,11,9,full,0.001,1.6015731269666007,1.6015731269666007,1.8343803909348386
rnn_only,4,11,1,full,0.01,1.2953779873014888,1.2953779873014888,1.3614747002448202
rnn_only,4,11,2,full,0.01,1.3182198467461066,1.3182198467461066,1.4244144566491865
rnn_only,4,11,3,full,0.01,1.230550691959652,1.230550691959652,1.3538133324155994
rnn_only,4,11,4,full,0.01,1.146075460007745,1.146075460007745,1.2982378002732735
rnn_only,4,11,5,full,0.01,1.0855431297326774,1.0855431297326774,1.2700786705613725
rnn_only,4,11,6,full,0.01,1.0394986334278902,1.0394986334278902,1.2628281370744647
rnn_only,4,11,7,full,0.01,1.09912033744056,1.09912033744056,1.3133587071404391
rnn_only,4,11,8,full,0.01,1.323533866615068,1.323533866615068,1.5090064611168916
rnn_only,4,11,9,full,0.01,1.601925949401289,1.601925949401289,1.8344612102037843
rnn_only,4,11,1,full,0.1,1.294668073814789,1.294668073814789,1.3603361631654947
rnn_only,4,11,2,full,0.1,1.3174656621383578,1.3174656621383578,1.4228030709150414
rnn_only,4,11,3,full,0.1,1.229686928028479,1.229686928028479,1.3524517424297113
rnn_only,4,11,4,full,0.1,1.1454141303189302,1.1454141303189302,1.2970698774838862
rnn_only,4,11,5,full,0.1,1.0856004768642888,1.0856004768642888,1.2692939744434857
rnn_only,4,11,6,full,0.1,1.0403757184902744,1.0403757184902744,1.2622986267644865
rnn_only,4,11,7,full,0.1,1.1000154841310454,1.1000154841310454,1.312704228481161
rnn_only,4,11,8,full,0.1,1.3249186346717203,1.3249186346717203,1.5084565158314056
rnn_only,4,11,9,full,0.1,1.603552458203621,1.603552458203621,1.834396304277853
rnn_only,4,11,1,full,0.3,1.2935075233886644,1.2935075233886644,1.3583237738056315
rnn_only,4,11,2,full,0.3,1.316078202401048,1.316078202401048,1.4204422139744464
rnn_only,4,11,3,full,0.3,1.2281951564502789,1.2281951564502789,1.3502958140971446
rnn_only,4,11,4,full,0.3,1.1446144842049093,1.1446144842049093,1.2953420352390432
rnn_only,4,11,5,full,0.3,1.0862264427273916,1.0862264427273916,1.2684132569204163
rnn_only,4,11,6,full,0.3,1.0423841037812873,1.0423841037812873,1.2615141501553002
rnn_only,4,11,7,full,0.3,1.102308625708295,1.102308625708295,1.3118967431044868
rnn_only,4,11,8,full,0.3,1.3285837756037275,1.3285837756037275,1.5082978927517294
rnn_only,4,11,9,full,0.3,1.607263175780309,1.607263175780309,1.8340416434720175
rnn_only,4,16,1,full,0.001,1.2287529088656888,1.2287529088656888,1.2963205185599764
rnn_only,4,16,2,full,0.001,1.1946224814481723,1.1946224814481723,1.3222021213731696
rnn_only,4,16,3,full,0.001,1.079564886032706,1.079564886032706,1.2424289667733361
rnn_only,4,16,4,full,0.001,1.030584605150474,1.030584605150474,1.2050202963469037
rnn_only,4,16,5,full,0.001,1.0032143596248395,1.0032143596248395,1.1790339508269978
rnn_only,4,16,6,full,0.001,0.9943220668501844,0.9943220668501844,1.1720030246677942
rnn_only,4,16,7,full,0.001,0.9595651171911113,0.9595651171911113,1.1445497720688054
rnn_only,4,16,8,full,0.001,0.9438300432462615,0.9438300432462615,1.1396102670039103
rnn_only,4,16,9,full,0.001,0.9655688849932409,0.9655688849932409,1.186098574582855
rnn_only,4,16,10,full,0.001,0.9608681002503475,0.9608681002503475,1.2316236976713437
rnn_only,4,16,11,full,0.001,0.9469369412674052,0.9469369412674052,1.235142789949982
rnn_only,4,16,12,full,0.001,0.9795670585278238,0.9795670585278238,1.2557111064686242
rnn_only,4,16,13,full,0.001,1.1666605162953676,1.1666605162953676,1.4335786157597354
rnn_only,4,16,14,full,0.001,1.2970408632165955,1.2970408632165955,1.6345017436232623
rnn_only,4,16,1,full,0.01,1.2286615262092082,1.2286615262092082,1.296222101353036
rnn_only,4,16,2,full,0.01,1.194557205132697,1.194557205132697,1.3221241249971436
rnn_only,4,16,3,full,0.01,1.0794076580605414,1.0794076580605414,1.2422617479319464
rnn_only,4,16,4,full,0.01,1.030436927792025,1.030436927792025,1.2048396038550053
rnn_only,4,16,5,full,0.01,1.0030065305706075,1.0030065305706075,1.1788051760919829
rnn_only,4,16,6,full,0.01,0.9940695902756835,0.9940695902756835,1.171737889028413
rnn_only,4,16,7,full,0.01,0.9593274172506955,0.9593274172506955,1.1442406335161768
rnn_only,4,16,8,full,0.01,0.9435399061838212,0.9435399061838212,1.1392739147989719
rnn_only,4,16,9,full,0.01,0.9652934545933417,0.9652934545933417,1.1856762347505567
rnn_only,4,16,10,full,0.01,0.9606145604187641,0.9606145604187641,1.2310986124216257
rnn_only,4,16,11,full,0.01,0.9465695012318647,0.9465695012318647,1.2346057191824578
rnn_only,4,16,12,full,0.01,0.979209139511224,0.979209139511224,1.2552416810006535
rnn_only,4,16,13,full,0.01,1.1663511462801557,1.1663511462801557,1.433314715554641
rnn_only,4,16,14,full,0.01,1.2967383922330682,1.2967383922330682,1.6340723208976928
rnn_only,4,16,1,full,0.1,1.2282194917210059,1.2282194917210059,1.2952663229808277
rnn_only,4,16,2,full,0.1,1.1939171470361494,1.1939171470361494,1.320670592229408
rnn_only,4,16,3,full,0.1,1.078998150293113,1.078998150293113,1.240853195515455
rnn_only,4,16,4,full,0.1,1.0301705531217968,1.0301705531217968,1.203699050240382
rnn_only,4,16,5,full,0.1,1.002371800976781,1.002371800976781,1.1778248763930375
rnn_only,4,16,6,full,0.1,0.9934231589077107,0.9934231589077107,1.1707421873677761
rnn_only,4,16,7,full,0.1,0.9588498322145649,0.9588498322145649,1.1432832140840412
rnn_only,4,16,8,full,0.1,0.9432080901035194,0.9432080901035194,1.1384778108761744
rnn_only,4,16,9,full,0.1,0.9651402985576201,0.9651402985576201,1.1846308927668985
rnn_only,4,16,10,full,0.1,0.9601499431081655,0.9601499431081655,1.229469420200103
rnn_only,4,16,11,full,0.1,0.945493243441627,0.945493243441627,1.2325005281268604
rnn_only,4,16,12,full,0.1,0.9782259432264753,0.9782259432264753,1.2537640803427044
rnn_only,4,16,13,full,0.1,1.1657793741091638,1.1657793741091638,1.4325497563208325
rnn_only,4,16,14,full,0.1,1.2963610787503597,1.2963610787503597,1.632011075582386
rnn_only,4,16,1,full,0.3,1.2267017560667464,1.2267017560667464,1.2928918851313789
rnn_only,4,16,2,full,0.3,1.192212585942106,1.192212585942106,1.3172546229946838
rnn_only,4,16,3,full,0.3,1.0774525259246364,1.0774525259246364,1.237518531043305
rnn_only,4,16,4,full,0.3,1.0290816490705306,1.0290816490705306,1.2007393771546393
rnn_only,4,16,5,full,0.3,1.0015465129755978,1.0015465129755978,1.1752033373596822
rnn_only,4,16,6,full,0.3,0.9924841758004146,0.9924841758004146,1.1684475711613056
rnn_only,4,16,7,full,0.3,0.9580173322838259,0.9580173322838259,1.1409155280252432
rnn_only,4,16,8,full,0.3,0.9429631163231771,0.9429631163231771,1.1362471266914997
rnn_only,4,16,9,full,0.3,0.9654827237552351,0.9654827237552351,1.1825837572525744
rnn_only,4,16,10,full,0.3,0.9598233405371458,0.9598233405371458,1.22645510465716
rnn_only,4,16,11,full,0.3,0.9447262805916266,0.9447262805916266,1.2288241306225496
rnn_only,4,16,12,full,0.3,0.9771467054632785,0.9771467054632785,1.2507257167515093
rnn_only,4,16,13,full,0.3,1.1650848833769096,1.1650848833769096,1.4297491590522702
rnn_only,4,16,14,full,0.3,1.2960734995802774,1.2960734995802774,1.6264436873164416
rnn_only,4,21,1,full,0.001,1.1110576367313336,1.1110576367313336,1.1795748705895683
rnn_only,4,21,2,full,0.001,1.0236892805082909,1.0236892805082909,1.1680912684189666
rnn_only,4,21,3,full,0.001,0.9271069774108702,0.9271069774108702,1.0914845159668123
rnn_only,4,21,4,full,0.001,0.9071957920019368,0.9071957920019368,1.0674739418913228
rnn_only,4,21,5,full,0.001,0.8875848335385145,0.8875848335385145,1.062550237564499
rnn_only,4,21,6,full,0.001,0.8860608630222732,0.8860608630222732,1.0629041917810822
rnn_only,4,21,7,full,0.001,0.8850672664900108,0.8850672664900108,1.0618313761449323
rnn_only,4,21,8,full,0.001,0.8688211441527667,0.8688211441527667,1.0514408520276235
rnn_only,4,21,9,full,0.001,0.8547678321253074,0.8547678321253074,1.0375282154130308
rnn_only,4,21,10,full,0.001,0.8509817562040822,0.8509817562040822,1.0377307329978138
rnn_only,4,21,11,full,0.001,0.8437193710190859,0.8437193710190859,1.0393179041669778
rnn_only,4,21,12,full,0.001,0.8620319283725496,0.8620319283725496,1.0666047451829073
rnn_only,4,21,13,full,0.001,0.8795324519587211,0.8795324519587211,1.1154239191207733
rnn_only,4,21,14,full,0.001,0.8974554159506478,0.8974554159506478,1.1582691024581426
rnn_only,4,21,15,full,0.001,0.9068465121588078,0.9068465121588078,1.1771089898272904
rnn_only,4,21,16,full,0.001,0.9325886006498303,0.9325886006498303,1.205417558777532
rnn_only,4,21,17,full,0.001,0.9571613535367345,0.9571613535367345,1.2524414790240965
rnn_only,4,21,18,full,0.001,1.072619247306373,1.072619247306373,1.3723255045655103
rnn_only,4,21,19,full,0.001,1.0982996554459667,1.0982996554459667,1.5026638224215112
rnn_only,4,21,1,full,0.01,1.1109836966674305,1.1109836966674305,1.1794483575912205
rnn_only,4,21,2,full,0.01,1.0238123961220984,1.0238123961220984,1.168047663053984
rnn_only,4,21,3,full,0.01,0.9271395681914059,0.9271395681914059,1.0915122730406024
rnn_only,4,21,4,full,0.01,0.9071617231736184,0.9071617231736184,1.0674398416269342
rnn_only,4,21,5,full,0.01,0.8875807758794614,0.8875807758794614,1.0625421308130205
rnn_only,4,21,6,full,0.01,0.8861700411140726,0.8861700411140726,1.0629726055356457
rnn_only,4,21,7,full,0.01,0.8851569552345453,0.8851569552345453,1.061878776294747
rnn_only,4,21,8,full,0.01,0.8689064582964197,0.8689064582964197,1.0515301819979732
rnn_only,4,21,9,full,0.01,0.854839985369162,0.854839985369162,1.0376150105742235
rnn_only,4,21,10,full,0.01,0.8510585563103122,0.8510585563103122,1.0378130715183516
rnn_only,4,21,11,full,0.01,0.8438570021008855,0.8438570021008855,1.0394089409712013
rnn_only,4,21,12,full,0.01,0.8621032806273543,0.8621032806273543,1.0666431646105954
rnn_only,4,21,13,full,0.01,0.8796860258480024,0.8796860258480024,1.11553609052759
rnn_only,4,21,14,full,0.01,0.897689729326102,0.897689729326102,1.1585175140628499
rnn_only,4,21,15,full,0.01,0.9072101493325988,0.9072101493325988,1.1774132682119154
rnn_only,4,21,16,full,0.01,0.9328748196156419,0.9328748196156419,1.205667372376774
rnn_only,4,21,17,full,0.01,0.9574141319816851,0.9574141319816851,1.2526443513184122
rnn_only,4,21,18,full,0.01,1.072670580936299,1.072670580936299,1.3722000621639903
rnn_only,4,21,19,full,0.01,1.0979460576423197,1.0979460576423197,1.5020432152333114
rnn_only,4,21,1,full,0.1,1.1106216787734253,1.1106216787734253,1.1781530390603332
rnn_only,4,21,2,full,0.1,1.0236204747228892,1.0236204747228892,1.1664794207024274
rnn_only,4,21,3,full,0.1,0.9265451726933671,0.9265451726933671,1.0900917468592786
rnn_only,4,21,4,full,0.1,0.9065834405595027,0.9065834405595027,1.0663328086372978
rnn_only,4,21,5,full,0.1,0.887188610028652,0.887188610028652,1.061715002235858
rnn_only,4,21,6,full,0.1,0.8863312067808835,0.8863312067808835,1.0626746641559888
rnn_only,4,21,7,full,0.1,0.8852096662422893,0.8852096662422893,1.06141874815273
rnn_only,4,21,8,full,0.1,0.8689767492209227,0.8689767492209227,1.0513568288246624
rnn_only,4,21,9,full,0.1,0.8548051702060395,0.8548051702060395,1.0372392601653708
rnn_only,4,21,10,full,0.1,0.8512728440225482,0.8512728440225482,1.0376292080524312
rnn_only,4,21,11,full,0.1,0.8443121580202219,0.8443121580202219,1.0394294560816955
rnn_only,4,21,12,full,0.1,0.8626513169119636,0.8626513169119636,1.0667233735190735
rnn_only,4,21,13,full,0.1,0.8805705593747033,0.8805705593747033,1.1156676298506154
rnn_only,4,21,14,full,0.1,0.8983365282955588,0.8983365282955588,1.1584359496600791
rnn_only,4,21,15,full,0.1,0.9074188192271887,0.9074188192271887,1.1767006757641332
rnn_only,4,21,16,full,0.1,0.9327040097421301,0.9327040097421301,1.2044914558616289
rnn_only,4,21,17,full,0.1,0.9570998538227125,0.9570998538227125,1.2511603051181346
rnn_only,4,21,18,full,0.1,1.0722764834581577,1.0722764834581577,1.3697401548878476
rnn_only,4,21,19,full,0.1,1.09753859103363,1.09753859103363,1.4983096855650562
rnn_only,4,21,1,full,0.3,1.109290866830492,1.109290866830492,1.175511229704548
rnn_only,4,21,2,full,0.3,1.0213595557270576,1.0213595557270576,1.1621680823070852
rnn_only,4,21,3,full,0.3,0.9235421526270026,0.9235421526270026,1.085753301907857
rnn_only,4,21,4,full,0.3,0.903812444755778,0.903812444755778,1.0624585618138473
rnn_only,4,21,5,full,0.3,0.8845736693244187,0.8845736693244187,1.0582266746526368
rnn_only,4,21,6,full,0.3,0.8841844549520068,0.8841844549520068,1.0597572985030572
rnn_only,4,21,7,full,0.3,0.8830806060821319,0.8830806060821319,1.0584321566777177
rnn_only,4,21,8,full,0.3,0.866700627054377,0.866700627054377,1.0480412019219505
rnn_only,4,21,9,full,0.3,0.8526163533472525,0.8526163533472525,1.0339922102872026
rnn_only,4,21,10,full,0.3,0.8495078302680692,0.8495078302680692,1.0346041653090392
rnn_only,4,21,11,full,0.3,0.8425337329957432,0.8425337329957432,1.0364202862921912
rnn_only,4,21,12,full,0.3,0.8611380758161378,0.8611380758161378,1.063571027213784
rnn_only,4,21,13,full,0.3,0.8797015574291714,0.8797015574291714,1.1124344852315822
rnn_only,4,21,14,full,0.3,0.8973948259285727,0.8973948259285727,1.155010880526277
rnn_only,4,21,15,full,0.3,0.9066649324985422,0.9066649324985422,1.1731339026286758
rnn_only,4,21,16,full,0.3,0.9319038024886123,0.9319038024886123,1.2003976629918776
rnn_only,4,21,17,full,0.3,0.9557397407400862,0.9557397407400862,1.246815412092488
rnn_only,4,21,18,full,0.3,1.071275986911945,1.071275986911945,1.364855239374002
rnn_only,4,21,19,full,0.3,1.0984043349016213,1.0984043349016213,1.4935914871946374
rnn_only,4,25,1,full,0.001,1.0338893923456736,1.0338893923456736,1.1170661550741547
rnn_only,4,25,2,full,0.001,0.9326354943187947,0.9326354943187947,1.1119034657903932
rnn_only,4,25,3,full,0.001,0.8599926930034777,0.8599926930034777,1.0693416752787424
rnn_only,4,25,4,full,0.001,0.8571651583864558,0.8571651583864558,1.051734368251424
rnn_only,4,25,5,full,0.001,0.8587695970374639,0.8587695970374639,1.059090649972348
rnn_only,4,25,6,full,0.001,0.8437595806521142,0.8437595806521142,1.0600179248723915
rnn_only,4,25,7,full,0.001,0.8443037817160232,0.8443037817160232,1.0571911637638731
rnn_only,4,25,8,full,0.001,0.8493424276615653,0.8493424276615653,1.0513514891082143
rnn_only,4,25,9,full,0.001,0.824634476651622,0.824634476651622,1.0344008853547504
rnn_only,4,25,10,full,0.001,0.806085942397887,0.806085942397887,1.0257771047281297
rnn_only,4,25,11,full,0.001,0.7974293949093665,0.7974293949093665,1.0113666436515656
rnn_only,4,25,12,full,0.001,0.7837476044240734,0.7837476044240734,0.9892090993697609
rnn_only,4,25,13,full,0.001,0.7711267757655069,0.7711267757655069,0.9802130772326636
rnn_only,4,25,14,full,0.001,0.7731974862369275,0.7731974862369275,0.9851032435473228
rnn_only,4,25,15,full,0.001,0.7934583731450462,0.7934583731450462,1.0070987432076568
rnn_only,4,25,16,full,0.001,0.811409024690583,0.811409024690583,1.0382810274127352
rnn_only,4,25,17,full,0.001,0.8237757206168063,0.8237757206168063,1.068400690324753
rnn_only,4,25,18,full,0.001,0.8305037301274244,0.8305037301274244,1.075535611271832
rnn_only,4,25,19,full,0.001,0.8472876888004455,0.8472876888004455,1.0827882628967098
rnn_only,4,25,20,full,0.001,0.8723741102186529,0.8723741102186529,1.1235915155703724
rnn_only,4,25,21,full,0.001,0.890933521134589,0.890933521134589,1.1839524622009063
rnn_only,4,25,22,full,0.001,0.9386776959424593,0.9386776959424593,1.2400938717141305
rnn_only,4,25,23,full,0.001,0.9396007338676572,0.9396007338676572,1.3548437395052715
rnn_only,4,25,1,full,0.01,1.0338351515238648,1.0338351515238648,1.1169238813321876
rnn_only,4,25,2,full,0.01,0.9326621680858209,0.9326621680858209,1.111722266514204
rnn_only,4,25,3,full,0.01,0.8598328130569534,0.8598328130569534,1.0690708003398823
rnn_only,4,25,4,full,0.01,0.8570410771924304,0.8570410771924304,1.0515175387601419
rnn_only,4,25,5,full,0.01,0.8586136073486837,0.8586136073486837,1.0588336097687345
rnn_only,4,25,6,full,0.01,0.8435662182620538,0.8435662182620538,1.0596872150885281
rnn_only,4,25,7,full,0.01,0.8441303251397518,0.8441303251397518,1.0568127689136544
rnn_only,4,25,8,full,0.01,0.8492097951686128,0.8492097951686128,1.0510157812577985
rnn_only,4,25,9,full,0.01,0.8245257902589087,0.8245257902589087,1.034076741995956
rnn_only,4,25,10,full,0.01,0.8059847895139527,0.8059847895139527,1.0254067516288847
rnn_only,4,25,11,full,0.01,0.7974147038237576,0.7974147038237576,1.0110913935987633
rnn_only,4,25,12,full,0.01,0.7838156292643983,0.7838156292643983,0.9890970401304825
rnn_only,4,25,13,full,0.01,0.7712325275248901,0.7712325275248901,0.9802024290175935
rnn_only,4,25,14,full,0.01,0.7732207938826741,0.7732207938826741,0.9850466775057569
rnn_only,4,25,15,full,0.01,0.7937078440914975,0.7937078440914975,1.0073186664285885
rnn_only,4,25,16,full,0.01,0.811622171859532,0.811622171859532,1.038431051969414
rnn_only,4,25,17,full,0.01,0.8239201048344214,0.8239201048344214,1.068631996848226
rnn_only,4,25,18,full,0.01,0.8305977094039301,0.8305977094039301,1.075747791592293
rnn_only,4,25,19,full,0.01,0.8472758571821584,0.8472758571821584,1.0828624968293679
rnn_only,4,25,20,full,0.01,0.8723796995579964,0.8723796995579964,1.1235089212794496
rnn_only,4,25,21,full,0.01,0.8909106156571803,0.8909106156571803,1.1837156987060875
rnn_only,4,25,22,full,0.01,0.9385751708637436,0.9385751708637436,1.239911653567029
rnn_only,4,25,23,full,0.01,0.9399050813565599,0.9399050813565599,1.3549503484612313
rnn_only,4,25,1,full,0.1,1.0349297045604473,1.0349297045604473,1.1166215933542754
rnn_only,4,25,2,full,0.1,0.9334559920934857,0.9334559920934857,1.1103748595442493
rnn_only,4,25,3,full,0.1,0.8592749220219165,0.8592749220219165,1.0671471635817087
rnn_only,4,25,4,full,0.1,0.8563993483956086,0.8563993483956086,1.0500194034068964
rnn_only,4,25,5,full,0.1,0.858188134278278,0.858188134278278,1.057581428354259
rnn_only,4,25,6,full,0.1,0.8429671772374878,0.8429671772374878,1.05837116878117
rnn_only,4,25,7,full,0.1,0.8436220245017748,0.8436220245017748,1.0555100089357965
rnn_only,4,25,8,full,0.1,0.8490678544524167,0.8490678544524167,1.0501386393139
rnn_only,4,25,9,full,0.1,0.8244923604199421,0.8244923604199421,1.033366256856088
rnn_only,4,25,10,full,0.1,0.8056319482399353,0.8056319482399353,1.0244054327571006
rnn_only,4,25,11,full,0.1,0.7975827084490086,0.7975827084490086,1.0106504400008407
rnn_only,4,25,12,full,0.1,0.784238276001024,0.784238276001024,0.9892733778913366
rnn_only,4,25,13,full,0.1,0.7714858415614839,0.7714858415614839,0.9800442493750983
rnn_only,4,25,14,full,0.1,0.7734917184469321,0.7734917184469321,0.984815776177354
rnn_only,4,25,15,full,0.1,0.7942720620267243,0.7942720620267243,1.0072578154478973
rnn_only,4,25,16,full,0.1,0.8123489191349529,0.8123489191349529,1.0386508240850905
rnn_only,4,25,17,full,0.1,0.8247637882584846,0.8247637882584846,1.0691972095718922
rnn_only,4,25,18,full,0.1,0.8316951800652362,0.8316951800652362,1.0762907832600108
rnn_only,4,25,19,full,0.1,0.8485811323550965,0.8485811323550965,1.083823062819587
rnn_only,4,25,20,full,0.1,0.8735951428448875,0.8735951428448875,1.1246185639709503
rnn_only,4,25,21,full,0.1,0.8916955715869181,0.8916955715869181,1.1840992106729376
rnn_only,4,25,22,full,0.1,0.9389821331324351,0.9389821331324351,1.2399138946840553
rnn_only,4,25,23,full,0.1,0.9387639976524274,0.9387639976524274,1.351406521282262
rnn_only,4,25,1,full,0.3,1.0365293548708272,1.0365293548708272,1.1152637109215786
rnn_only,4,25,2,full,0.3,0.936293786981619,0.936293786981619,1.1081364261443896
rnn_only,4,25,3,full,0.3,0.8611946748866524,0.8611946748866524,1.0659739930725367
rnn_only,4,25,4,full,0.3,0.8577586747658403,0.8577586747658403,1.0499835176208765
rnn_only,4,25,5,full,0.3,0.8600436800510874,0.8600436800510874,1.0584209979560035
rnn_only,4,25,6,full,0.3,0.8444614410031501,0.8444614410031501,1.0590380300750226
rnn_only,4,25,7,full,0.3,0.8450755210662018,0.8450755210662018,1.0563978354618317
rnn_only,4,25,8,full,0.3,0.8508164021338949,0.8508164021338949,1.0513376871752829
rnn_only,4,25,9,full,0.3,0.8267943528005864,0.8267943528005864,1.035147811920905
rnn_only,4,25,10,full,0.3,0.8077604597034596,0.8077604597034596,1.0259112065635856
rnn_only,4,25,11,full,0.3,0.7996807911059658,0.7996807911059658,1.0122855119567544
rnn_only,4,25,12,full,0.3,0.7862959686042952,0.7862959686042952,0.9911314850812409
rnn_only,4,25,13,full,0.3,0.7734764090905588,0.7734764090905588,0.9813834431097653
rnn_only,4,25,14,full,0.3,0.7755390729853877,0.7755390729853877,0.9861909461344534
rnn_only,4,25,15,full,0.3,0.7966638709209675,0.7966638709209675,1.0087624124437893
rnn_only,4,25,16,full,0.3,0.8150463379363082,0.8150463379363082,1.0401823295390544
rnn_only,4,25,17,full,0.3,0.8282046601822319,0.8282046601822319,1.071879809999082
rnn_only,4,25,18,full,0.3,0.8359345446938466,0.8359345446938466,1.0794129102096546
rnn_only,4,25,19,full,0.3,0.8534015965474491,0.8534015965474491,1.0876996937701147
rnn_only,4,25,20,full,0.3,0.8785397794302887,0.8785397794302887,1.1292858910049262
rnn_only,4,25,21,full,0.3,0.8959384339177605,0.8959384339177605,1.188147498112373
rnn_only,4,25,22,full,0.3,0.9428127048432834,0.9428127048432834,1.2428056564189425
rnn_only,4,25,23,full,0.3,0.9419495481158753,0.9419495481158753,1.3516460137108206
rnn_only,4,30,1,full,0.001,0.9863859073828234,0.9863859073828234,1.1344252538443436
rnn_only,4,30,2,full,0.001,0.9240033011021198,0.9240033011021198,1.1949787676541834
rnn_only,4,30,3,full,0.001,0.9179743095367395,0.9179743095367395,1.2006984643187482
rnn_only,4,30,4,full,0.001,0.9499644148104058,0.9499644148104058,1.2361138573991306
rnn_only,4,30,5,full,0.001,0.9620210817855412,0.9620210817855412,1.2583532757711509
rnn_only,4,30,6,full,0.001,0.9648525177380488,0.9648525177380488,1.2681005499628684
rnn_only,4,30,7,full,0.001,0.9625213480852916,0.9625213480852916,1.2703707722691373
rnn_only,4,30,8,full,0.001,0.9550758257310967,0.9550758257310967,1.2594708761310804
rnn_only,4,30,9,full,0.001,0.9470941196496739,0.9470941196496739,1.2525253054156074
rnn_only,4,30,10,full,0.001,0.940468620258439,0.940468620258439,1.2473573307105035
rnn_only,4,30,11,full,0.001,0.9272892088879049,0.9272892088879049,1.2347144212436783
rnn_only,4,30,12,full,0.001,0.9116778942836046,0.9116778942836046,1.2161193183718493
rnn_only,4,30,13,full,0.001,0.8988407430736045,0.8988407430736045,1.1932968526518062
rnn_only,4,30,14,full,0.001,0.8918410893066135,0.8918410893066135,1.1777516021628802
rnn_only,4,30,15,full,0.001,0.8838748653466028,0.8838748653466028,1.1705600108965326
rnn_only,4,30,16,full,0.001,0.8722090134695759,0.8722090134695759,1.1571037969174387
rnn_only,4,30,17,full,0.001,0.8589942592191713,0.8589942592191713,1.1276861436649317
rnn_only,4,30,18,full,0.001,0.8544010133300501,0.8544010133300501,1.1108234435106028
rnn_only,4,30,19,full,0.001,0.849912866562865,0.849912866562865,1.111300807479545
rnn_only,4,30,20,full,0.001,0.8319592793421234,0.8319592793421234,1.094670082424832
rnn_only,4,30,21,full,0.001,0.8305194013910027,0.8305194013910027,1.0873852788446836
rnn_only,4,30,22,full,0.001,0.8340029897341374,0.8340029897341374,1.0901072048438039
rnn_only,4,30,23,full,0.001,0.8186483045763904,0.8186483045763904,1.0795173164147567
rnn_only,4,30,24,full,0.001,0.8126693100435672,0.8126693100435672,1.0734853507991367
rnn_only,4,30,25,full,0.001,0.820351403943238,0.820351403943238,1.085979579444157
rnn_only,4,30,26,full,0.001,0.8284661922704795,0.8284661922704795,1.0999097223701968
rnn_only,4,30,27,full,0.001,0.8214129103804149,0.8214129103804149,1.1175722769649095
rnn_only,4,30,28,full,0.001,0.8099748537261912,0.8099748537261912,1.2180706470994858
rnn_only,4,30,1,full,0.01,0.9864200688259752,0.9864200688259752,1.1344463475711928
rnn_only,4,30,2,full,0.01,0.9242296043764999,0.9242296043764999,1.195166386661501
rnn_only,4,30,3,full,0.01,0.9180069954727959,0.9180069954727959,1.2006859000526113
rnn_only,4,30,4,full,0.01,0.949785297090064,0.949785297090064,1.2358921945164707
rnn_only,4,30,5,full,0.01,0.9618141622899624,0.9618141622899624,1.257980122245998
rnn_only,4,30,6,full,0.01,0.9648777835530835,0.9648777835530835,1.268029909787557
rnn_only,4,30,7,full,0.01,0.9625033006248334,0.9625033006248334,1.2702114696499631
rnn_only,4,30,8,full,0.01,0.9551291642943825,0.9551291642943825,1.2594078283873014
rnn_only,4,30,9,full,0.01,0.9473313730987163,0.9473313730987163,1.2526778317739233
rnn_only,4,30,10,full,0.01,0.9408664907129233,0.9408664907129233,1.24761907605038
rnn_only,4,30,11,full,0.01,0.9273931523847014,0.9273931523847014,1.2348258575231656
rnn_only,4,30,12,full,0.01,0.9117413321360018,0.9117413321360018,1.21600747978261
rnn_only,4,30,13,full,0.01,0.8989037990414184,0.8989037990414184,1.1931931366933561
rnn_only,4,30,14,full,0.01,0.8920648392657125,0.8920648392657125,1.1777615165261817
rnn_only,4,30,15,full,0.01,0.8843746965422646,0.8843746965422646,1.1709404298889083
rnn_only,4,30,16,full,0.01,0.8726387966049144,0.8726387966049144,1.1574203148440283
rnn_only,4,30,17,full,0.01,0.8593841611120585,0.8593841611120585,1.1280222129345894
rnn_only,4,30,18,full,0.01,0.8547544716356215,0.8547544716356215,1.1110546198951896
rnn_only,4,30,19,full,0.01,0.8502860086704376,0.8502860086704376,1.1115326269226355
rnn_only,4,30,20,full,0.01,0.8323117335255417,0.8323117335255417,1.0949538569922206
rnn_only,4,30,21,full,0.01,0.830912521636745,0.830912521636745,1.0877125362141098
rnn_only,4,30,22,full,0.01,0.8344898593348304,0.8344898593348304,1.09039230390241
rnn_only,4,30,23,full,0.01,0.8191031515267009,0.8191031515267009,1.07992951284097
rnn_only,4,30,24,full,0.01,0.8130528633785091,0.8130528633785091,1.0738778295806712
rnn_only,4,30,25,full,0.01,0.8208308933210373,0.8208308933210373,1.0863795423775007
rnn_only,4,30,26,full,0.01,0.8289948229321653,0.8289948229321653,1.100411435494451
rnn_only,4,30,27,full,0.01,0.8219963450876517,0.8219963450876517,1.1180439622118143
rnn_only,4,30,28,full,0.01,0.8103328921747672,0.8103328921747672,1.2185075224946318
rnn_only,4,30,1,full,0.1,0.9862133543344368,0.9862133543344368,1.1336296994694783
rnn_only,4,30,2,full,0.1,0.9241962938918464,0.9241962938918464,1.1941076157655264
rnn_only,4,30,3,full,0.1,0.9170885248320131,0.9170885248320131,1.1988467696232705
rnn_only,4,30,4,full,0.1,0.9488842049348759,0.9488842049348759,1.234072639048476
rnn_only,4,30,5,full,0.1,0.9604404585136244,0.9604404585136244,1.2553643097996834
rnn_only,4,30,6,full,0.1,0.9632026287253586,0.9632026287253586,1.2653899360074372
rnn_only,4,30,7,full,0.1,0.9619789767668788,0.9619789767668788,1.2684333957532066
rnn_only,4,30,8,full,0.1,0.9549893183121602,0.9549893183121602,1.2579809388031036
rnn_only,4,30,9,full,0.1,0.9475671705340436,0.9475671705340436,1.2522173366171665
rnn_only,4,30,10,full,0.1,0.9410090474473226,0.9410090474473226,1.2466489782089378
rnn_only,4,30,11,full,0.1,0.9267126015368236,0.9267126015368236,1.233187079661538
rnn_only,4,30,12,full,0.1,0.9117071053162233,0.9117071053162233,1.21444761219424
rnn_only,4,30,13,full,0.1,0.8986711590116239,0.8986711590116239,1.1917093245804802
rnn_only,4,30,14,full,0.1,0.8916802728756718,0.8916802728756718,1.17620777581622
rnn_only,4,30,15,full,0.1,0.8835701644954035,0.8835701644954035,1.1687373090075068
rnn_only,4,30,16,full,0.1,0.8721269870051196,0.8721269870051196,1.1548383725670535
rnn_only,4,30,17,full,0.1,0.8593041278115716,0.8593041278115716,1.1258162477849047
rnn_only,4,30,18,full,0.1,0.8549725959035976,0.8549725959035976,1.1095871563939095
rnn_only,4,30,19,full,0.1,0.8504382878382286,0.8504382878382286,1.1096368134331556
rnn_only,4,30,20,full,0.1,0.8326855943512568,0.8326855943512568,1.0933113025925283
rnn_only,4,30,21,full,0.1,0.8315639251987952,0.8315639251987952,1.0865147306504725
rnn_only,4,30,22,full,0.1,0.8353349669505108,0.8353349669505108,1.089280262319947
rnn_only,4,30,23,full,0.1,0.8203709172615021,0.8203709172615021,1.0796996703035333
rnn_only,4,30,24,full,0.1,0.8145602156397944,0.8145602156397944,1.0740818894380464
rnn_only,4,30,25,full,0.1,0.8231284452765937,0.8231284452765937,1.087741869870046
rnn_only,4,30,26,full,0.1,0.8314037936442173,0.8314037936442173,1.1018810346054315
rnn_only,4,30,27,full,0.1,0.8250598783876146,0.8250598783876146,1.1197889658793116
rnn_only,4,30,28,full,0.1,0.8133242646112296,0.8133242646112296,1.2180288631803586
rnn_only,4,30,1,full,0.3,0.9856840932794466,0.9856840932794466,1.1318329471781865
rnn_only,4,30,2,full,0.3,0.9241120610444062,0.9241120610444062,1.1924154859829206
rnn_only,4,30,3,full,0.3,0.9168715191987247,0.9168715191987247,1.1976788765473247
rnn_only,4,30,4,full,0.3,0.9480881207033354,0.9480881207033354,1.2322182600107727
rnn_only,4,30,5,full,0.3,0.9593996790548709,0.9593996790548709,1.2530922315710462
rnn_only,4,30,6,full,0.3,0.9621400596173599,0.9621400596173599,1.2635799027650374
rnn_only,4,30,7,full,0.3,0.9614126827005938,0.9614126827005938,1.266681850533772
rnn_only,4,30,8,full,0.3,0.954346213521206,0.954346213521206,1.2560171318253526
rnn_only,4,30,9,full,0.3,0.9468014580763744,0.9468014580763744,1.2500659002361125
rnn_only,4,30,10,full,0.3,0.940854615221241,0.940854615221241,1.2447851812353017
rnn_only,4,30,11,full,0.3,0.9263991924639793,0.9263991924639793,1.2311223692330233
rnn_only,4,30,12,full,0.3,0.911586497289038,0.911586497289038,1.2123063143981887
rnn_only,4,30,13,full,0.3,0.8993905463961749,0.8993905463961749,1.1906762997157627
rnn_only,4,30,14,full,0.3,0.8919408537531159,0.8919408537531159,1.1751885844010115
rnn_only,4,30,15,full,0.3,0.8839975335673493,0.8839975335673493,1.1673653458776787
rnn_only,4,30,16,full,0.3,0.8732177948218778,0.8732177948218778,1.153995382862437
rnn_only,4,30,17,full,0.3,0.8609653171968232,0.8609653171968232,1.125373150935683
rnn_only,4,30,18,full,0.3,0.8563260505508999,0.8563260505508999,1.1088374868401625
rnn_only,4,30,19,full,0.3,0.851319020028634,0.851319020028634,1.1082997308801144
rnn_only,4,30,20,full,0.3,0.8335427816537053,0.8335427816537053,1.0913141996235505
rnn_only,4,30,21,full,0.3,0.8331587676750049,0.8331587676750049,1.0846898793641158
rnn_only,4,30,22,full,0.3,0.8375126228199918,0.8375126228199918,1.0883919195655816
rnn_only,4,30,23,full,0.3,0.8231359642030409,0.8231359642030409,1.0794915151240967
rnn_only,4,30,24,full,0.3,0.8180084664599343,0.8180084664599343,1.0751403787989977
rnn_only,4,30,25,full,0.3,0.8269752451572345,0.8269752451572345,1.089774963916717
rnn_only,4,30,26,full,0.3,0.8353501716589476,0.8353501716589476,1.1039046677332405
rnn_only,4,30,27,full,0.3,0.8296714608322155,0.8296714608322155,1.122851426324075
rnn_only,4,30,28,full,0.3,0.818364562159511,0.818364562159511,1.2188923183177245
rnn_only,5,7,1,full,0.001,1.336165309213592,1.336165309213592,1.4350966577923843
rnn_only,5,7,2,full,0.001,1.4618423446944286,1.4618423446944286,1.613703465078372
rnn_only,5,7,3,full,0.001,1.470359209347155,1.470359209347155,1.6923388481986774
rnn_only,5,7,4,full,0.001,1.5680457598468789,1.5680457598468789,1.7794489188084377
rnn_only,5,7,5,full,0.001,1.6241288015971085,1.6241288015971085,1.836023217766107
rnn_only,5,7,1,full,0.01,1.335940871698583,1.335940871698583,1.4348918120923422
rnn_only,5,7,2,full,0.01,1.461581214420308,1.461581214420308,1.613424182131737
rnn_only,5,7,3,full,0.01,1.4701505660210517,1.4701505660210517,1.6920209407417897
rnn_only,5,7,4,full,0.01,1.567653621934812,1.567653621934812,1.7790040156581801
rnn_only,5,7,5,full,0.01,1.6239273324062633,1.6239273324062633,1.8356709830632996
rnn_only,5,7,1,full,0.1,1.3347178353618574,1.3347178353618574,1.433449004671297
rnn_only,5,7,2,full,0.1,1.4602830005323233,1.4602830005323233,1.611637882418282
rnn_only,5,7,3,full,0.1,1.469800424352714,1.469800424352714,1.6907722187249816
rnn_only,5,7,4,full,0.1,1.5666006257557528,1.5666006257557528,1.777437036237674
rnn_only,5,7,5,full,0.1,1.6228386742036354,1.6228386742036354,1.8339496579732155
rnn_only,5,7,1,full,0.3,1.3340064903294213,1.3340064903294213,1.4316505567685054
rnn_only,5,7,2,full,0.3,1.4599380799845463,1.4599380799845463,1.6102220617457341
rnn_only,5,7,3,full,0.3,1.4717618404295632,1.4717618404295632,1.6910639423038867
rnn_only,5,7,4,full,0.3,1.5682602922140072,1.5682602922140072,1.7782136295318136
rnn_only,5,7,5,full,0.3,1.6249902100536886,1.6249902100536886,1.8349675169423378
rnn_only,5,11,1,full,0.001,1.2788355927488242,1.2788355927488242,1.3481522104789008
rnn_only,5,11,2,full,0.001,1.2940182503050828,1.2940182503050828,1.4203659740167685
rnn_only,5,11,3,full,0.001,1.2209741669324856,1.2209741669324856,1.372409312421194
rnn_only,5,11,4,full,0.001,1.1429342732231083,1.1429342732231083,1.3035830737825223
rnn_only,5,11,5,full,0.001,1.0670517869415388,1.0670517869415388,1.258848356042682
rnn_only,5,11,6,full,0.001,1.0114530410817548,1.0114530410817548,1.2319976591976443
rnn_only,5,11,7,full,0.001,1.0521627069804267,1.0521627069804267,1.2669300465343647
rnn_only,5,11,8,full,0.001,1.2055177610349044,1.2055177610349044,1.3948990818709448
rnn_only,5,11,9,full,0.001,1.4001154673798184,1.4001154673798184,1.625201219814283
rnn_only,5,11,1,full,0.01,1.278911250679559,1.278911250679559,1.348168780995871
rnn_only,5,11,2,full,0.01,1.2939510515800121,1.2939510515800121,1.4202910094924204
rnn_only,5,11,3,full,0.01,1.2208802606502358,1.2208802606502358,1.3723494054093743
rnn_only,5,11,4,full,0.01,1.1427230908778685,1.1427230908778685,1.3033904182397564
rnn_only,5,11,5,full,0.01,1.067026525154171,1.067026525154171,1.258752547060468
rnn_only,5,11,6,full,0.01,1.0114461272100865,1.0114461272100865,1.231953415661904
rnn_only,5,11,7,full,0.01,1.0522082294926682,1.0522082294926682,1.2669154468167458
rnn_only,5,11,8,full,0.01,1.2056414792213477,1.2056414792213477,1.3949905536417302
rnn_only,5,11,9,full,0.01,1.40024674289574,1.40024674289574,1.6251601538385372
rnn_only,5,11,1,full,0.1,1.2784795949512116,1.2784795949512116,1.3475348505684228
rnn_only,5,11,2,full,0.1,1.2933502406451816,1.2933502406451816,1.4195189149698453
rnn_only,5,11,3,full,0.1,1.2200332589929426,1.2200332589929426,1.371752583696979
rnn_only,5,11,4,full,0.1,1.1424485427822466,1.1424485427822466,1.30347369683049
rnn_only,5,11,5,full,0.1,1.0682456462578842,1.0682456462578842,1.2599958943441623
rnn_only,5,11,6,full,0.1,1.0131340964761817,1.0131340964761817,1.2330723030258097
rnn_only,5,11,7,full,0.1,1.0545099879516782,1.0545099879516782,1.2681925830959093
rnn_only,5,11,8,full,0.1,1.208052300315563,1.208052300315563,1.396249271652768
rnn_only,5,11,9,full,0.1,1.4019366607567672,1.4019366607567672,1.6262168944386621
rnn_only,5,11,1,full,0.3,1.2769689201486654,1.2769689201486654,1.3459198858160146
rnn_only,5,11,2,full,0.3,1.2906826652963952,1.2906826652963952,1.4173140733340783
rnn_only,5,11,3,full,0.3,1.216865297474505,1.216865297474505,1.3693564722927773
rnn_only,5,11,4,full,0.3,1.140632673719237,1.140632673719237,1.302203766643362
rnn_only,5,11,5,full,0.3,1.0688289688042003,1.0688289688042003,1.2601995603610558
rnn_only,5,11,6,full,0.3,1.0156357179247235,1.0156357179247235,1.2343829279149452
rnn_only,5,11,7,full,0.3,1.057935988403315,1.057935988403315,1.2702839862308046
rnn_only,5,11,8,full,0.3,1.2101949857619567,1.2101949857619567,1.3970141597458554
rnn_only,5,11,9,full,0.3,1.4048500051906359,1.4048500051906359,1.625852528798791
rnn_only,5,16,1,full,0.001,1.2074496410568143,1.2074496410568143,1.2593365512122112
rnn_only,5,16,2,full,0.001,1.1850521868157013,1.1850521868157013,1.2835711709425701
rnn_only,5,16,3,full,0.001,1.0551011151652077,1.0551011151652077,1.172582225660276
rnn_only,5,16,4,full,0.001,0.9679361753311977,0.9679361753311977,1.0915733586272742
rnn_only,5,16,5,full,0.001,0.9461765646304678,0.9461765646304678,1.0748989670532398
rnn_only,5,16,6,full,0.001,0.98253891486535,0.98253891486535,1.114039140736669
rnn_only,5,16,7,full,0.001,0.9788640801132729,0.9788640801132729,1.1168579415907591
rnn_only,5,16,8,full,0.001,0.9918601918091192,0.9918601918091192,1.1406284352840224
rnn_only,5,16,9,full,0.001,1.0075846969529256,1.0075846969529256,1.1813106258560417
rnn_only,5,16,10,full,0.001,1.004945728725644,1.004945728725644,1.2110473736924754
rnn_only,5,16,11,full,0.001,1.0355472320383834,1.0355472320383834,1.251004793854817
rnn_only,5,16,12,full,0.001,1.055460315519246,1.055460315519246,1.2908359918591836
rnn_only,5,16,13,full,0.001,1.1256772805735111,1.1256772805735111,1.378417057413961
rnn_only,5,16,14,full,0.001,1.337699027415042,1.337699027415042,1.5857082496270347
rnn_only,5,16,1,full,0.01,1.207360565765431,1.207360565765431,1.259272287960052
rnn_only,5,16,2,full,0.01,1.1848797708006185,1.1848797708006185,1.2833886777617007
rnn_only,5,16,3,full,0.01,1.0548439280009692,1.0548439280009692,1.1723768106008605
rnn_only,5,16,4,full,0.01,0.9677449321645739,0.9677449321645739,1.0913942753420862
rnn_only,5,16,5,full,0.01,0.9460739904350817,0.9460739904350817,1.0747739593278518
rnn_only,5,16,6,full,0.01,0.9824944162704864,0.9824944162704864,1.1139625857437745
rnn_only,5,16,7,full,0.01,0.9788171666817049,0.9788171666817049,1.1168022798051633
rnn_only,5,16,8,full,0.01,0.9918312219076046,0.9918312219076046,1.1406181061499492
rnn_only,5,16,9,full,0.01,1.0076043046144822,1.0076043046144822,1.1813560705060093
rnn_only,5,16,10,full,0.01,1.0049298130934563,1.0049298130934563,1.2110199955188323
rnn_only,5,16,11,full,0.01,1.0354348846754018,1.0354348846754018,1.2509836938921448
rnn_only,5,16,12,full,0.01,1.0552714255082716,1.0552714255082716,1.2908299737195092
rnn_only,5,16,13,full,0.01,1.1254358709501422,1.1254358709501422,1.3781866274209325
rnn_only,5,16,14,full,0.01,1.3374371940292606,1.3374371940292606,1.5852173977917317
rnn_only,5,16,1,full,0.1,1.2070580608708057,1.2070580608708057,1.25887189877007
rnn_only,5,16,2,full,0.1,1.184128399171327,1.184128399171327,1.2823161069725588
rnn_only,5,16,3,full,0.1,1.0537315146568575,1.0537315146568575,1.171333218606913
rnn_only,5,16,4,full,0.1,0.9667919040685071,0.9667919040685071,1.0903414871901904
rnn_only,5,16,5,full,0.1,0.9450045406193108,0.9450045406193108,1.0736464478014032
rnn_only,5,16,6,full,0.1,0.9813031301496908,0.9813031301496908,1.112712234035087
rnn_only,5,16,7,full,0.1,0.9779393207867839,0.9779393207867839,1.1158302708195134
rnn_only,5,16,8,full,0.1,0.9914499351620049,0.9914499351620049,1.1400280346500624
rnn_only,5,16,9,full,0.1,1.0076446729136137,1.0076446729136137,1.1810351398353427
rnn_only,5,16,10,full,0.1,1.0051416424453543,1.0051416424453543,1.2106743963053486
rnn_only,5,16,11,full,0.1,1.035787007000151,1.035787007000151,1.2504286733141559
rnn_only,5,16,12,full,0.1,1.0555437702356385,1.0555437702356385,1.290654190147875
rnn_only,5,16,13,full,0.1,1.124720585223218,1.124720585223218,1.3770905255518386
rnn_only,5,16,14,full,0.1,1.3363559511596739,1.3363559511596739,1.583398238798453
rnn_only,5,16,1,full,0.3,1.2064274737328202,1.2064274737328202,1.2579713771742864
rnn_only,5,16,2,full,0.3,1.1830164891701833,1.1830164891701833,1.280736821349819
rnn_only,5,16,3,full,0.3,1.0513517091610087,1.0513517091610087,1.169088769618476
rnn_only,5,16,4,full,0.3,0.9642071314826622,0.9642071314826622,1.0879406593666539
rnn_only,5,16,5,full,0.3,0.9425702253805088,0.9425702253805088,1.0711591592436596
rnn_only,5,16,6,full,0.3,0.9784540835970077,0.9784540835970077,1.1099039472518455
rnn_only,5,16,7,full,0.3,0.9754357588435976,0.9754357588435976,1.113092757877138
rnn_only,5,16,8,full,0.3,0.9898021732013581,0.9898021732013581,1.1377958716724943
rnn_only,5,16,9,full,0.3,1.0070760729418948,1.0070760729418948,1.1796408465665507
rnn_only,5,16,10,full,0.3,1.00526171695798,1.00526171695798,1.2092540387744473
rnn_only,5,16,11,full,0.3,1.0362517088462813,1.0362517088462813,1.2488066817291414
rnn_only,5,16,12,full,0.3,1.0558570283771247,1.0558570283771247,1.2893671127950816
rnn_only,5,16,13,full,0.3,1.1232913639032716,1.1232913639032716,1.374870956900458
rnn_only,5,16,14,full,0.3,1.334844668803309,1.334844668803309,1.5799257800449995
rnn_only,5,21,1,full,0.001,1.1705715344800285,1.1705715344800285,1.2133013844109302
rnn_only,5,21,2,full,0.001,1.0611032203838617,1.0611032203838617,1.1743109523395145
rnn_only,5,21,3,full,0.001,0.9750326852604287,0.9750326852604287,1.1285467160298812
rnn_only,5,21,4,full,0.001,0.973691826198762,0.973691826198762,1.130463487384025
rnn_only,5,21,5,full,0.001,0.9793932383500457,0.9793932383500457,1.14160435320755
rnn_only,5,21,6,full,0.001,0.9552001864214886,0.9552001864214886,1.1342121295983714
rnn_only,5,21,7,full,0.001,0.9378614416136749,0.9378614416136749,1.1340093940255036
rnn_only,5,21,8,full,0.001,0.9568632244493488,0.9568632244493488,1.155128106880714
rnn_only,5,21,9,full,0.001,0.9691310530536801,0.9691310530536801,1.1657570236287744
rnn_only,5,21,10,full,0.001,0.9635644458275683,0.9635644458275683,1.1752071828765607
rnn_only,5,21,11,full,0.001,0.9570854176573302,0.9570854176573302,1.176679400238501
rnn_only,5,21,12,full,0.001,0.9756341902237434,0.9756341902237434,1.1925082532451898
rnn_only,5,21,13,full,0.001,0.9912404999910602,0.9912404999910602,1.2197946818610628
rnn_only,5,21,14,full,0.001,0.993691310277466,0.993691310277466,1.2415779823226507
rnn_only,5,21,15,full,0.001,0.9943543022590218,0.9943543022590218,1.2555611276272747
rnn_only,5,21,16,full,0.001,0.9931548826969696,0.9931548826969696,1.2744613165611418
rnn_only,5,21,17,full,0.001,0.9745494360352973,0.9745494360352973,1.2863945590278205
rnn_only,5,21,18,full,0.001,1.0984595223977491,1.0984595223977491,1.4183059985277569
rnn_only,5,21,19,full,0.001,1.1439738375819752,1.1439738375819752,1.5441819142751227
rnn_only,5,21,1,full,0.01,1.1705137235614913,1.1705137235614913,1.213252540434389
rnn_only,5,21,2,full,0.01,1.0610383492834359,1.0610383492834359,1.1742213238992092
rnn_only,5,21,3,full,0.01,0.9749808096777752,0.9749808096777752,1.128461063028221
rnn_only,5,21,4,full,0.01,0.9736301494808038,0.9736301494808038,1.130372788647201
rnn_only,5,21,5,full,0.01,0.9792697079574926,0.9792697079574926,1.1414566753231923
rnn_only,5,21,6,full,0.01,0.955074010037493,0.955074010037493,1.1340556110266364
rnn_only,5,21,7,full,0.01,0.9377258603058627,0.9377258603058627,1.133790988935936
rnn_only,5,21,8,full,0.01,0.9567179642628463,0.9567179642628463,1.1549529564800536
rnn_only,5,21,9,full,0.01,0.9690071871699302,0.9690071871699302,1.165594703189198
rnn_only,5,21,10,full,0.01,0.9634899866534566,0.9634899866534566,1.1750955755960315
rnn_only,5,21,11,full,0.01,0.9570162965803716,0.9570162965803716,1.1765798218204317
rnn_only,5,21,12,full,0.01,0.9756467070385106,0.9756467070385106,1.1924603255320205
rnn_only,5,21,13,full,0.01,0.991225153801859,0.991225153801859,1.2197714525286276
rnn_only,5,21,14,full,0.01,0.9937432934919703,0.9937432934919703,1.2415772992905603
rnn_only,5,21,15,full,0.01,0.9943902989514963,0.9943902989514963,1.2555354164923327
rnn_only,5,21,16,full,0.01,0.9930906651380711,0.9930906651380711,1.2743051251375985
rnn_only,5,21,17,full,0.01,0.9744485830538889,0.9744485830538889,1.2861376585314068
rnn_only,5,21,18,full,0.01,1.098399548410176,1.098399548410176,1.4178288937721404
rnn_only,5,21,19,full,0.01,1.1442349297606837,1.1442349297606837,1.5440555774200202
rnn_only,5,21,1,full,0.1,1.1701813452852194,1.1701813452852194,1.2129145137642916
rnn_only,5,21,2,full,0.1,1.0605617666023044,1.0605617666023044,1.173735909638897
rnn_only,5,21,3,full,0.1,0.9746915514169483,0.9746915514169483,1.128019367197834
rnn_only,5,21,4,full,0.1,0.9732116745275035,0.9732116745275035,1.1298932179240344
rnn_only,5,21,5,full,0.1,0.9788112678490186,0.9788112678490186,1.141041593393162
rnn_only,5,21,6,full,0.1,0.9545912672982586,0.9545912672982586,1.1336009401198313
rnn_only,5,21,7,full,0.1,0.9371837414136515,0.9371837414136515,1.1331462389721403
rnn_only,5,21,8,full,0.1,0.9559693462683454,0.9559693462683454,1.153963821823377
rnn_only,5,21,9,full,0.1,0.9681123819651933,0.9681123819651933,1.1645926874394905
rnn_only,5,21,10,full,0.1,0.9625533034612969,0.9625533034612969,1.1741123058775036
rnn_only,5,21,11,full,0.1,0.9561727776433346,0.9561727776433346,1.1756197775623787
rnn_only,5,21,12,full,0.1,0.9749402605780483,0.9749402605780483,1.19138141305221
rnn_only,5,21,13,full,0.1,0.9909465533166125,0.9909465533166125,1.2189525922747189
rnn_only,5,21,14,full,0.1,0.9937908879344017,0.9937908879344017,1.2410144405031365
rnn_only,5,21,15,full,0.1,0.9940557007593749,0.9940557007593749,1.2543467541281226
rnn_only,5,21,16,full,0.1,0.9930217103293923,0.9930217103293923,1.2732603874274433
rnn_only,5,21,17,full,0.1,0.9739172273159998,0.9739172273159998,1.2847046461949807
rnn_only,5,21,18,full,0.1,1.0961639766731173,1.0961639766731173,1.414733629099841
rnn_only,5,21,19,full,0.1,1.143923659512815,1.143923659512815,1.5405546866950424
rnn_only,5,21,1,full,0.3,1.1695544256592745,1.1695544256592745,1.2122311731776652
rnn_only,5,21,2,full,0.3,1.0589699182866295,1.0589699182866295,1.1722912602509674
rnn_only,5,21,3,full,0.3,0.9733373091388837,0.9733373091388837,1.126547844876745
rnn_only,5,21,4,full,0.3,0.9720751970494715,0.9720751970494715,1.1285714108743732
rnn_only,5,21,5,full,0.3,0.9776447069702013,0.9776447069702013,1.1394630329776174
rnn_only,5,21,6,full,0.3,0.9533242487109718,0.9533242487109718,1.1318884580398332
rnn_only,5,21,7,full,0.3,0.9359575828695464,0.9359575828695464,1.131236705609473
rnn_only,5,21,8,full,0.3,0.9544187996706334,0.9544187996706334,1.1520232113946647
rnn_only,5,21,9,full,0.3,0.9661802154521107,0.9661802154521107,1.16224743758469
rnn_only,5,21,10,full,0.3,0.96069075504852,0.96069075504852,1.171792020342069
rnn_only,5,21,11,full,0.3,0.9542581471060518,0.9542581471060518,1.1733326027792679
rnn_only,5,21,12,full,0.3,0.9731806396585643,0.9731806396585643,1.1891314588747663
rnn_only,5,21,13,full,0.3,0.989989665288348,0.989989665288348,1.216773927166051
rnn_only,5,21,14,full,0.3,0.9934828965812931,0.9934828965812931,1.2388938564254215
rnn_only,5,21,15,full,0.3,0.9934693614640545,0.9934693614640545,1.251450477264143
rnn_only,5,21,16,full,0.3,0.9925074206895423,0.9925074206895423,1.2696124462205796
rnn_only,5,21,17,full,0.3,0.9716857088286784,0.9716857088286784,1.2792793817640413
rnn_only,5,21,18,full,0.3,1.0917310598041172,1.0917310598041172,1.4070678660556935
rnn_only,5,21,19,full,0.3,1.141549608376994,1.141549608376994,1.531952892655318
rnn_only,5,25,1,full,0.001,1.0280118570898336,1.0280118570898336,1.0921493683023245
rnn_only,5,25,2,full,0.001,0.9350753951860344,0.9350753951860344,1.0827748745962458
rnn_only,5,25,3,full,0.001,0.8948054923704454,0.8948054923704454,1.0911724585871503
rnn_only,5,25,4,full,0.001,0.9148996002008516,0.9148996002008516,1.116683899035206
rnn_only,5,25,5,full,0.001,0.9055340113892808,0.9055340113892808,1.1050062383473302
rnn_only,5,25,6,full,0.001,0.8838990008581543,0.8838990008581543,1.0883900415839365
rnn_only,5,25,7,full,0.001,0.8859215213351928,0.8859215213351928,1.0992883999283691
rnn_only,5,25,8,full,0.001,0.8941602887096907,0.8941602887096907,1.1097146616152789
rnn_only,5,25,9,full,0.001,0.8923958575003967,0.8923958575003967,1.1070678637896605
rnn_only,5,25,10,full,0.001,0.8922010378127756,0.8922010378127756,1.1076883717714923
rnn_only,5,25,11,full,0.001,0.8889106348491427,0.8889106348491427,1.1136566659367633
rnn_only,5,25,12,full,0.001,0.868762985043936,0.868762985043936,1.0941382602677876
rnn_only,5,25,13,full,0.001,0.8659465869732579,0.8659465869732579,1.0933746211099071
rnn_only,5,25,14,full,0.001,0.8684203930784387,0.8684203930784387,1.0966556537184369
rnn_only,5,25,15,full,0.001,0.8762590089225727,0.8762590089225727,1.0995051124642246
rnn_only,5,25,16,full,0.001,0.8872994823423339,0.8872994823423339,1.1105442443270737
rnn_only,5,25,17,full,0.001,0.8948747022606003,0.8948747022606003,1.131542125443811
rnn_only,5,25,18,full,0.001,0.9124425799120319,0.9124425799120319,1.15840564953668
rnn_only,5,25,19,full,0.001,0.9200044009806951,0.9200044009806951,1.170945107227921
rnn_only,5,25,20,full,0.001,0.9072536155885729,0.9072536155885729,1.1859057041448449
rnn_only,5,25,21,full,0.001,0.8837759389495461,0.8837759389495461,1.195630717272434
rnn_only,5,25,22,full,0.001,0.9390630863620179,0.9390630863620179,1.2585492314871496
rnn_only,5,25,23,full,0.001,0.9626326388135023,0.9626326388135023,1.3660801682401837
rnn_only,5,25,1,full,0.01,1.0278596883246567,1.0278596883246567,1.0920146198687926
rnn_only,5,25,2,full,0.01,0.9348808084400978,0.9348808084400978,1.0825439566044737
rnn_only,5,25,3,full,0.01,0.8946575398289641,0.8946575398289641,1.0908661177409884
rnn_only,5,25,4,full,0.01,0.9148046640196212,0.9148046640196212,1.1163789678827332
rnn_only,5,25,5,full,0.01,0.9053761767064762,0.9053761767064762,1.1046936385308306
rnn_only,5,25,6,full,0.01,0.8837831993175888,0.8837831993175888,1.0880382554442216
rnn_only,5,25,7,full,0.01,0.8857922748764708,0.8857922748764708,1.0990663707121846
rnn_only,5,25,8,full,0.01,0.8940407782346349,0.8940407782346349,1.1095155296690673
rnn_only,5,25,9,full,0.01,0.8921953368910382,0.8921953368910382,1.1067967412781186
rnn_only,5,25,10,full,0.01,0.8920188487575799,0.8920188487575799,1.107382293853605
rnn_only,5,25,11,full,0.01,0.8887980734818028,0.8887980734818028,1.1133683987297354
rnn_only,5,25,12,full,0.01,0.8686432958409847,0.8686432958409847,1.0938240995400528
rnn_only,5,25,13,full,0.01,0.8657704736148547,0.8657704736148547,1.0931021622691883
rnn_only,5,25,14,full,0.01,0.8682376540491522,0.8682376540491522,1.0963277499697037
rnn_only,5,25,15,full,0.01,0.8760685901553097,0.8760685901553097,1.0992551153853427
rnn_only,5,25,16,full,0.01,0.8871255847459507,0.8871255847459507,1.1102338386847834
rnn_only,5,25,17,full,0.01,0.8947260908385812,0.8947260908385812,1.1312619476294818
rnn_only,5,25,18,full,0.01,0.9123931275969321,0.9123931275969321,1.1580019782750175
rnn_only,5,25,19,full,0.01,0.920050630527908,0.920050630527908,1.170794523756591
rnn_only,5,25,20,full,0.01,0.9074412870185524,0.9074412870185524,1.1858816830084833
rnn_only,5,25,21,full,0.01,0.8839364957912856,0.8839364957912856,1.1957189187855404
rnn_only,5,25,22,full,0.01,0.9389966088685425,0.9389966088685425,1.2583344051921033
rnn_only,5,25,23,full,0.01,0.9627135364481323,0.9627135364481323,1.365550521175166
rnn_only,5,25,1,full,0.1,1.0273803534447645,1.0273803534447645,1.0914740498807993
rnn_only,5,25,2,full,0.1,0.9341787267318764,0.9341787267318764,1.0817228193510913
rnn_only,5,25,3,full,0.1,0.8940972573315822,0.8940972573315822,1.0897405597574887
rnn_only,5,25,4,full,0.1,0.9139933053374829,0.9139933053374829,1.1146669077430995
rnn_only,5,25,5,full,0.1,0.9040962348402131,0.9040962348402131,1.102504509004076
rnn_only,5,25,6,full,0.1,0.8825105778964126,0.8825105778964126,1.0856815744851331
rnn_only,5,25,7,full,0.1,0.8843780214004682,0.8843780214004682,1.0966862088577152
rnn_only,5,25,8,full,0.1,0.893295535802282,0.893295535802282,1.107311817611264
rnn_only,5,25,9,full,0.1,0.8909131657608358,0.8909131657608358,1.1043342234842355
rnn_only,5,25,10,full,0.1,0.8906234252074421,0.8906234252074421,1.104560611028361
rnn_only,5,25,11,full,0.1,0.8874259692372037,0.8874259692372037,1.110435575875306
rnn_only,5,25,12,full,0.1,0.8674751849388916,0.8674751849388916,1.0911344056413348
rnn_only,5,25,13,full,0.1,0.8644808226114862,0.8644808226114862,1.0904987085087317
rnn_only,5,25,14,full,0.1,0.8669319999869027,0.8669319999869027,1.0938544814566922
rnn_only,5,25,15,full,0.1,0.8744489443456983,0.8744489443456983,1.0965350639610134
rnn_only,5,25,16,full,0.1,0.8854147761015738,0.8854147761015738,1.107439474194507
rnn_only,5,25,17,full,0.1,0.8931358977828799,0.8931358977828799,1.1282938644409244
rnn_only,5,25,18,full,0.1,0.9107293618921628,0.9107293618921628,1.1550250394099266
rnn_only,5,25,19,full,0.1,0.9185839607675981,0.9185839607675981,1.1681800766312982
rnn_only,5,25,20,full,0.1,0.9059099050120492,0.9059099050120492,1.1827618402578883
rnn_only,5,25,21,full,0.1,0.8823561212579152,0.8823561212579152,1.1925163008028181
rnn_only,5,25,22,full,0.1,0.936264593405945,0.936264593405945,1.254190792162472
rnn_only,5,25,23,full,0.1,0.961912804231669,0.961912804231669,1.3614385451314708
rnn_only,5,25,1,full,0.3,1.026392876431139,1.026392876431139,1.0903152066300472
rnn_only,5,25,2,full,0.3,0.9331070803458095,0.9331070803458095,1.0797932157030792
rnn_only,5,25,3,full,0.3,0.8921138614469948,0.8921138614469948,1.0867027078467115
rnn_only,5,25,4,full,0.3,0.9124618097863977,0.9124618097863977,1.111576633049939
rnn_only,5,25,5,full,0.3,0.9027299213147149,0.9027299213147149,1.0990838223582131
rnn_only,5,25,6,full,0.3,0.8806242656165719,0.8806242656165719,1.0817815832602393
rnn_only,5,25,7,full,0.3,0.882229227566125,0.882229227566125,1.0923488176970775
rnn_only,5,25,8,full,0.3,0.8914214685251001,0.8914214685251001,1.1024480257251676
rnn_only,5,25,9,full,0.3,0.8886632288865608,0.8886632288865608,1.0997321977371786
rnn_only,5,25,10,full,0.3,0.8889887513432331,0.8889887513432331,1.0998165461407243
rnn_only,5,25,11,full,0.3,0.8853453518454795,0.8853453518454795,1.1054342253534113
rnn_only,5,25,12,full,0.3,0.865751139326042,0.865751139326042,1.0867279671881556
rnn_only,5,25,13,full,0.3,0.8628203700962412,0.8628203700962412,1.0862422468372261
rnn_only,5,25,14,full,0.3,0.865285726104122,0.865285726104122,1.0900440601394639
rnn_only,5,25,15,full,0.3,0.8722997031788404,0.8722997031788404,1.0925113767943082
rnn_only,5,25,16,full,0.3,0.8833347541125962,0.8833347541125962,1.1031757982824972
rnn_only,5,25,17,full,0.3,0.891766560736792,0.891766560736792,1.123964868569245
rnn_only,5,25,18,full,0.3,0.9089090034449054,0.9089090034449054,1.1497450523647144
rnn_only,5,25,19,full,0.3,0.9168395607744255,0.9168395607744255,1.1632464479184264
rnn_only,5,25,20,full,0.3,0.9049645369857511,0.9049645369857511,1.1781764012210418
rnn_only,5,25,21,full,0.3,0.8811015087952795,0.8811015087952795,1.1873982222049866
rnn_only,5,25,22,full,0.3,0.9327354336738587,0.9327354336738587,1.247472521175168
rnn_only,5,25,23,full,0.3,0.9601134125459031,0.9601134125459031,1.3522200501454362
rnn_only,5,30,1,full,0.001,1.007642543565603,1.007642543565603,1.1439884749644937
rnn_only,5,30,2,full,0.001,0.9614021946450483,0.9614021946450483,1.1958332376302696
rnn_only,5,30,3,full,0.001,0.9519315932014356,0.9519315932014356,1.213593942846293
rnn_only,5,30,4,full,0.001,0.9535377110190988,0.9535377110190988,1.2119723687545818
rnn_only,5,30,5,full,0.001,0.9429175827962883,0.9429175827962883,1.1922331937365436
rnn_only,5,30,6,full,0.001,0.9167979170221308,0.9167979170221308,1.1594628061519443
rnn_only,5,30,7,full,0.001,0.9058825030191997,0.9058825030191997,1.1435122192618996
rnn_only,5,30,8,full,0.001,0.9026185486534375,0.9026185486534375,1.1390366373097291
rnn_only,5,30,9,full,0.001,0.8956698447615645,0.8956698447615645,1.1365087940628642
rnn_only,5,30,10,full,0.001,0.8864978757420869,0.8864978757420869,1.1247194023209388
rnn_only,5,30,11,full,0.001,0.8637437777062358,0.8637437777062358,1.0979937501861103
rnn_only,5,30,12,full,0.001,0.8473086989436444,0.8473086989436444,1.0798368863415884
rnn_only,5,30,13,full,0.001,0.8344383417954659,0.8344383417954659,1.0674453833648347
rnn_only,5,30,14,full,0.001,0.8213043728311398,0.8213043728311398,1.0483253412958016
rnn_only,5,30,15,full,0.001,0.806406716218464,0.806406716218464,1.0245451200837796
rnn_only,5,30,16,full,0.001,0.7976939273972037,0.7976939273972037,1.0151495810702116
rnn_only,5,30,17,full,0.001,0.8017006427379252,0.8017006427379252,1.019135067924529
rnn_only,5,30,18,full,0.001,0.8023565091066933,0.8023565091066933,1.0178287724753092
rnn_only,5,30,19,full,0.001,0.801208810259785,0.801208810259785,1.0138580617889752
rnn_only,5,30,20,full,0.001,0.7971054992346249,0.7971054992346249,1.0081751903148404
rnn_only,5,30,21,full,0.001,0.7950853006437095,0.7950853006437095,1.0128239577230922
rnn_only,5,30,22,full,0.001,0.7935454399631376,0.7935454399631376,1.0147544359342238
rnn_only,5,30,23,full,0.001,0.7850358960989794,0.7850358960989794,1.0088474737771278
rnn_only,5,30,24,full,0.001,0.7618040939410202,0.7618040939410202,1.0061634174077456
rnn_only,5,30,25,full,0.001,0.7447502997517275,0.7447502997517275,1.017984736159119
rnn_only,5,30,26,full,0.001,0.723015771305277,0.723015771305277,1.009258852714276
rnn_only,5,30,27,full,0.001,0.7156921314480553,0.7156921314480553,1.0099400852510978
rnn_only,5,30,28,full,0.001,0.6877256724802205,0.6877256724802205,1.0671691526305573
rnn_only,5,30,1,full,0.01,1.007619968973985,1.007619968973985,1.1439037270234835
rnn_only,5,30,2,full,0.01,0.9612797588489764,0.9612797588489764,1.1956357560386008
rnn_only,5,30,3,full,0.01,0.9517000498870203,0.9517000498870203,1.213342692837298
rnn_only,5,30,4,full,0.01,0.9532667097856039,0.9532667097856039,1.2116505761842613
rnn_only,5,30,5,full,0.01,0.9428366316679722,0.9428366316679722,1.19200116605743
rnn_only,5,30,6,full,0.01,0.916549083974858,0.916549083974858,1.1592091157657123
rnn_only,5,30,7,full,0.01,0.9055816584533123,0.9055816584533123,1.1432422103148554
rnn_only,5,30,8,full,0.01,0.9023963442485734,0.9023963442485734,1.1388281698931877
rnn_only,5,30,9,full,0.01,0.8953734617286525,0.8953734617286525,1.1362614525815822
rnn_only,5,30,10,full,0.01,0.8860424062636296,0.8860424062636296,1.1243369882602494
rnn_only,5,30,11,full,0.01,0.863235217414407,0.863235217414407,1.0973574528992835
rnn_only,5,30,12,full,0.01,0.8467210390959403,0.8467210390959403,1.079102035996479
rnn_only,5,30,13,full,0.01,0.833905368213721,0.833905368213721,1.066612339269565
rnn_only,5,30,14,full,0.01,0.8206592903966348,0.8206592903966348,1.0475037285666118
rnn_only,5,30,15,full,0.01,0.8056976962677417,0.8056976962677417,1.0236485641507178
rnn_only,5,30,16,full,0.01,0.79694712585865,0.79694712585865,1.014255303079394
rnn_only,5,30,17,full,0.01,0.8010001117272549,0.8010001117272549,1.0182936503568576
rnn_only,5,30,18,full,0.01,0.8017023688992251,0.8017023688992251,1.0170039368696253
rnn_only,5,30,19,full,0.01,0.8005499313657207,0.8005499313657207,1.013057900980479
rnn_only,5,30,20,full,0.01,0.7964141429057366,0.7964141429057366,1.0073096850383814
rnn_only,5,30,21,full,0.01,0.7944391812426843,0.7944391812426843,1.0119094167588067
rnn_only,5,30,22,full,0.01,0.7928954864629209,0.7928954864629209,1.0136474452680808
rnn_only,5,30,23,full,0.01,0.784527034363457,0.784527034363457,1.0079595159932526
rnn_only,5,30,24,full,0.01,0.7614141305849161,0.7614141305849161,1.0054355517922295
rnn_only,5,30,25,full,0.01,0.7444068512125063,0.7444068512125063,1.0174992615476985
rnn_only,5,30,26,full,0.01,0.7227865775135647,0.7227865775135647,1.0089454349705567
rnn_only,5,30,27,full,0.01,0.7156338587059756,0.7156338587059756,1.0098534670601236
rnn_only,5,30,28,full,0.01,0.6873245827170853,0.6873245827170853,1.0666530931955287
rnn_only,5,30,1,full,0.1,1.0069757394241312,1.0069757394241312,1.1430316310905404
rnn_only,5,30,2,full,0.1,0.959107142714091,0.959107142714091,1.1930926672106703
rnn_only,5,30,3,full,0.1,0.9492704080142076,0.9492704080142076,1.2101824804054933
rnn_only,5,30,4,full,0.1,0.9506985244070589,0.9506985244070589,1.2077488873701911
rnn_only,5,30,5,full,0.1,0.9410206317380936,0.9410206317380936,1.1884346143702131
rnn_only,5,30,6,full,0.1,0.9152204163487584,0.9152204163487584,1.1560659220352192
rnn_only,5,30,7,full,0.1,0.9036046002547291,0.9036046002547291,1.1399640242537532
rnn_only,5,30,8,full,0.1,0.900803066565242,0.900803066565242,1.1354854313453313
rnn_only,5,30,9,full,0.1,0.8939987931567797,0.8939987931567797,1.1329711321646554
rnn_only,5,30,10,full,0.1,0.8847721802273745,0.8847721802273745,1.1214186775729837
rnn_only,5,30,11,full,0.1,0.8615126384515353,0.8615126384515353,1.094003688446659
rnn_only,5,30,12,full,0.1,0.8450663115775112,0.8450663115775112,1.075913396241096
rnn_only,5,30,13,full,0.1,0.8324308808286878,0.8324308808286878,1.063453149836842
rnn_only,5,30,14,full,0.1,0.819700927026483,0.819700927026483,1.0442693386374644
rnn_only,5,30,15,full,0.1,0.804620989174483,0.804620989174483,1.0209736963184195
rnn_only,5,30,16,full,0.1,0.7954851552239347,0.7954851552239347,1.0113818531476877
rnn_only,5,30,17,full,0.1,0.799365327299431,0.799365327299431,1.015248527025569
rnn_only,5,30,18,full,0.1,0.8000446976762733,0.8000446976762733,1.0143478414227691
rnn_only,5,30,19,full,0.1,0.798615839451873,0.798615839451873,1.0101032310181965
rnn_only,5,30,20,full,0.1,0.7942665378493938,0.7942665378493938,1.0041027942700245
rnn_only,5,30,21,full,0.1,0.7919569918335718,0.7919569918335718,1.0083438720253277
rnn_only,5,30,22,full,0.1,0.7906642419048493,0.7906642419048493,1.0104049626506975
rnn_only,5,30,23,full,0.1,0.7824564158296052,0.7824564158296052,1.0050979110273794
rnn_only,5,30,24,full,0.1,0.7598475290201939,0.7598475290201939,1.0026127981733914
rnn_only,5,30,25,full,0.1,0.7427823267700326,0.7427823267700326,1.0148361482816872
rnn_only,5,30,26,full,0.1,0.7213426501077951,0.7213426501077951,1.0065672664422771
rnn_only,5,30,27,full,0.1,0.713807139745944,0.713807139745944,1.006674178547016
rnn_only,5,30,28,full,0.1,0.6856361150851145,0.6856361150851145,1.061716785461525
rnn_only,5,30,1,full,0.3,1.0055647316076666,1.0055647316076666,1.1409143662303762
rnn_only,5,30,2,full,0.3,0.9579644401800477,0.9579644401800477,1.1905568683132182
rnn_only,5,30,3,full,0.3,0.9472665161610763,0.9472665161610763,1.2071290886568304
rnn_only,5,30,4,full,0.3,0.9504805359931725,0.9504805359931725,1.2045616341875551
rnn_only,5,30,5,full,0.3,0.9409041611392945,0.9409041611392945,1.1859665654253044
rnn_only,5,30,6,full,0.3,0.915081602855937,0.915081602855937,1.1535435958470666
rnn_only,5,30,7,full,0.3,0.9026056652694229,0.9026056652694229,1.1367781750651764
rnn_only,5,30,8,full,0.3,0.9002552631286705,0.9002552631286705,1.1318882940674246
rnn_only,5,30,9,full,0.3,0.8926934401859324,0.8926934401859324,1.1288706364237062
rnn_only,5,30,10,full,0.3,0.8827696863217156,0.8827696863217156,1.1163472433439736
rnn_only,5,30,11,full,0.3,0.8591397009904215,0.8591397009904215,1.0883716390458185
rnn_only,5,30,12,full,0.3,0.8421617280826805,0.8421617280826805,1.0695446129547768
rnn_only,5,30,13,full,0.3,0.8298648279566236,0.8298648279566236,1.0572602861172655
rnn_only,5,30,14,full,0.3,0.8175085186835662,0.8175085186835662,1.0380225561972796
rnn_only,5,30,15,full,0.3,0.8032075466384268,0.8032075466384268,1.015456700178992
rnn_only,5,30,16,full,0.3,0.7940764109565741,0.7940764109565741,1.0063735255253725
rnn_only,5,30,17,full,0.3,0.7979236431853928,0.7979236431853928,1.0102624281926684
rnn_only,5,30,18,full,0.3,0.7980491938516256,0.7980491938516256,1.009350050087613
rnn_only,5,30,19,full,0.3,0.7962848323344183,0.7962848323344183,1.0044024158606746
rnn_only,5,30,20,full,0.3,0.7916887870638558,0.7916887870638558,0.9979551647617219
rnn_only,5,30,21,full,0.3,0.7893942323177947,0.7893942323177947,1.0018641973206974
rnn_only,5,30,22,full,0.3,0.7885123360995034,0.7885123360995034,1.0040861637256138
rnn_only,5,30,23,full,0.3,0.7803662506864886,0.7803662506864886,0.9990715226835718
rnn_only,5,30,24,full,0.3,0.759446564727811,0.759446564727811,0.9972484758701141
rnn_only,5,30,25,full,0.3,0.7433686310634202,0.7433686310634202,1.0105386432797987
rnn_only,5,30,26,full,0.3,0.7217439799107943,0.7217439799107943,1.0025959659168298
rnn_only,5,30,27,full,0.3,0.7125552388797172,0.7125552388797172,1.0005160622410194
rnn_only,5,30,28,full,0.3,0.6847216756447707,0.6847216756447707,1.051793496442361
rnn_only,6,7,1,full,0.001,1.2796025310094883,1.2796025310094883,1.36448698921608
rnn_only,6,7,2,full,0.001,1.2676168818288136,1.2676168818288136,1.4023847118948751
rnn_only,6,7,3,full,0.001,1.179942523962798,1.179942523962798,1.3315542749507108
rnn_only,6,7,4,full,0.001,1.303140491729104,1.303140491729104,1.4380069639041357
rnn_only,6,7,5,full,0.001,1.5152650731041706,1.5152650731041706,1.6675424341799627
rnn_only,6,7,1,full,0.01,1.2795236879303702,1.2795236879303702,1.3643624598093045
rnn_only,6,7,2,full,0.01,1.2674111056390867,1.2674111056390867,1.402122706367483
rnn_only,6,7,3,full,0.01,1.1799366333657129,1.1799366333657129,1.3314577606570106
rnn_only,6,7,4,full,0.01,1.3033370248200058,1.3033370248200058,1.4381412674379188
rnn_only,6,7,5,full,0.01,1.5155223071078272,1.5155223071078272,1.6677040320261458
rnn_only,6,7,1,full,0.1,1.2790327235617462,1.2790327235617462,1.3636779021166672
rnn_only,6,7,2,full,0.1,1.266713851167602,1.266713851167602,1.4013844489147131
rnn_only,6,7,3,full,0.1,1.1806550710912864,1.1806550710912864,1.3319261416679673
rnn_only,6,7,4,full,0.1,1.3056092211876507,1.3056092211876507,1.4396997836900907
rnn_only,6,7,5,full,0.1,1.5177817623363659,1.5177817623363659,1.6693341631328016
rnn_only,6,7,1,full,0.3,1.2786898672413505,1.2786898672413505,1.3625904208426909
rnn_only,6,7,2,full,0.3,1.2667601750482258,1.2667601750482258,1.401055041928803
rnn_only,6,7,3,full,0.3,1.1828371591842473,1.1828371591842473,1.3334532275073285
rnn_only,6,7,4,full,0.3,1.3110143759041946,1.3110143759041946,1.4434381730443289
rnn_only,6,7,5,full,0.3,1.523151429960815,1.523151429960815,1.673186244969499
rnn_only,6,11,1,full,0.001,1.3258556660782816,1.3258556660782816,1.396671860248109
rnn_only,6,11,2,full,0.001,1.391623521713422,1.391623521713422,1.5128412527948876
rnn_only,6,11,3,full,0.001,1.281899691033867,1.281899691033867,1.455980248383873
rnn_only,6,11,4,full,0.001,1.1537193098652956,1.1537193098652956,1.3544858033316767
rnn_only,6,11,5,full,0.001,1.0837395520595656,1.0837395520595656,1.2774789828084523
rnn_only,6,11,6,full,0.001,1.0491970170379337,1.0491970170379337,1.2389469027288973
rnn_only,6,11,7,full,0.001,1.1086104661007208,1.1086104661007208,1.2905349488173048
rnn_only,6,11,8,full,0.001,1.239298251316221,1.239298251316221,1.4198726117899179
rnn_only,6,11,9,full,0.001,1.468959223351195,1.468959223351195,1.681629794936907
rnn_only,6,11,1,full,0.01,1.3258501164008814,1.3258501164008814,1.3966113025903186
rnn_only,6,11,2,full,0.01,1.3917040644810235,1.3917040644810235,1.5128656166634418
rnn_only,6,11,3,full,0.01,1.2819782672256155,1.2819782672256155,1.4560218692222358
rnn_only,6,11,4,full,0.01,1.1538531277159936,1.1538531277159936,1.354597382461241
rnn_only,6,11,5,full,0.01,1.0838658086327395,1.0838658086327395,1.2775741327224823
rnn_only,6,11,6,full,0.01,1.049284739363816,1.049284739363816,1.2389665697861525
rnn_only,6,11,7,full,0.01,1.108530814753509,1.108530814753509,1.2904774268925776
rnn_only,6,11,8,full,0.01,1.239244306295471,1.239244306295471,1.419742591907823
rnn_only,6,11,9,full,0.01,1.4690513968148728,1.4690513968148728,1.6815814663893718
rnn_only,6,11,1,full,0.1,1.3253536927450171,1.3253536927450171,1.395867607576303
rnn_only,6,11,2,full,0.1,1.3909802571271124,1.3909802571271124,1.5118750108096497
rnn_only,6,11,3,full,0.1,1.280675838898808,1.280675838898808,1.4544445156290071
rnn_only,6,11,4,full,0.1,1.1535175401313524,1.1535175401313524,1.3539507950460603
rnn_only,6,11,5,full,0.1,1.0838058757266824,1.0838058757266824,1.2769823432092244
rnn_only,6,11,6,full,0.1,1.0490284174761082,1.0490284174761082,1.2380349922312979
rnn_only,6,11,7,full,0.1,1.107700710527506,1.107700710527506,1.2885239000914965
rnn_only,6,11,8,full,0.1,1.2385079190127728,1.2385079190127728,1.4176315501964853
rnn_only,6,11,9,full,0.1,1.4684747830160483,1.4684747830160483,1.6796846853035365
rnn_only,6,11,1,full,0.3,1.323812084437339,1.323812084437339,1.3937129519449947
rnn_only,6,11,2,full,0.3,1.3884495306206486,1.3884495306206486,1.5088830419028416
rnn_only,6,11,3,full,0.3,1.2775399759508916,1.2775399759508916,1.4510885458259466
rnn_only,6,11,4,full,0.3,1.151368833369129,1.151368833369129,1.3515250334581896
rnn_only,6,11,5,full,0.3,1.0827840462449196,1.0827840462449196,1.274990776436364
rnn_only,6,11,6,full,0.3,1.0479848284931945,1.0479848284931945,1.2354239338219668
rnn_only,6,11,7,full,0.3,1.1061635193642134,1.1061635193642134,1.284940593786227
rnn_only,6,11,8,full,0.3,1.2369500230558048,1.2369500230558048,1.413648344059426
rnn_only,6,11,9,full,0.3,1.467286326558829,1.467286326558829,1.6757116418468545
rnn_only,6,16,1,full,0.001,1.2712471309411701,1.2712471309411701,1.3399068877794889
rnn_only,6,16,2,full,0.001,1.2027990257005183,1.2027990257005183,1.3416953230036224
rnn_only,6,16,3,full,0.001,1.0425708850978836,1.0425708850978836,1.2255307205217305
rnn_only,6,16,4,full,0.001,0.9970872404256401,0.9970872404256401,1.1953126784266546
rnn_only,6,16,5,full,0.001,0.986781874767377,0.986781874767377,1.1924827407712668
rnn_only,6,16,6,full,0.001,1.0158883654915094,1.0158883654915094,1.2118584655312632
rnn_only,6,16,7,full,0.001,1.0188169660489947,1.0188169660489947,1.218379610308681
rnn_only,6,16,8,full,0.001,1.0245138371570957,1.0245138371570957,1.2259891499207616
rnn_only,6,16,9,full,0.001,1.0242339126466389,1.0242339126466389,1.2403298785436698
rnn_only,6,16,10,full,0.001,1.0166364106728971,1.0166364106728971,1.2749481265244063
rnn_only,6,16,11,full,0.001,1.0254389605969858,1.0254389605969858,1.3013707763755527
rnn_only,6,16,12,full,0.001,1.0522269179502843,1.0522269179502843,1.336757486556355
rnn_only,6,16,13,full,0.001,1.2108208732985928,1.2108208732985928,1.5109165885116935
rnn_only,6,16,14,full,0.001,1.403824439402204,1.403824439402204,1.7443974020381483
rnn_only,6,16,1,full,0.01,1.2713174737933728,1.2713174737933728,1.339869866848867
rnn_only,6,16,2,full,0.01,1.202812804999013,1.202812804999013,1.341663208494197
rnn_only,6,16,3,full,0.01,1.0425423837808898,1.0425423837808898,1.2254873146250929
rnn_only,6,16,4,full,0.01,0.9970718440998821,0.9970718440998821,1.19517796634906
rnn_only,6,16,5,full,0.01,0.9865659269341933,0.9865659269341933,1.1922591277532786
rnn_only,6,16,6,full,0.01,1.0156696684798465,1.0156696684798465,1.2116227250215992
rnn_only,6,16,7,full,0.01,1.0186481659600903,1.0186481659600903,1.2181292782442021
rnn_only,6,16,8,full,0.01,1.024319594731812,1.024319594731812,1.2257540986076978
rnn_only,6,16,9,full,0.01,1.0240864625502994,1.0240864625502994,1.2401143738416596
rnn_only,6,16,10,full,0.01,1.0165874407548867,1.0165874407548867,1.2747602632848658
rnn_only,6,16,11,full,0.01,1.0252278000171198,1.0252278000171198,1.3009999418027698
rnn_only,6,16,12,full,0.01,1.0520149993898276,1.0520149993898276,1.336399392442439
rnn_only,6,16,13,full,0.01,1.21065499766672,1.21065499766672,1.510532804152631
rnn_only,6,16,14,full,0.01,1.4036199551280264,1.4036199551280264,1.7439458071494385
rnn_only,6,16,1,full,0.1,1.2710745317854122,1.2710745317854122,1.3392758105858125
rnn_only,6,16,2,full,0.1,1.202416214932164,1.202416214932164,1.3403638819144494
rnn_only,6,16,3,full,0.1,1.0418105294826927,1.0418105294826927,1.22389512799885
rnn_only,6,16,4,full,0.1,0.9964980921901093,0.9964980921901093,1.1937733704288713
rnn_only,6,16,5,full,0.1,0.9851931184489682,0.9851931184489682,1.1903926436114007
rnn_only,6,16,6,full,0.1,1.014848308366361,1.014848308366361,1.210316985904915
rnn_only,6,16,7,full,0.1,1.0181673428995943,1.0181673428995943,1.2169306508974622
rnn_only,6,16,8,full,0.1,1.0241026320423998,1.0241026320423998,1.224664265238992
rnn_only,6,16,9,full,0.1,1.0237622853727646,1.0237622853727646,1.2387789256503001
rnn_only,6,16,10,full,0.1,1.0164538245401125,1.0164538245401125,1.2732703779719696
rnn_only,6,16,11,full,0.1,1.024917042776519,1.024917042776519,1.2987804427704892
rnn_only,6,16,12,full,0.1,1.0516188254532977,1.0516188254532977,1.334128120257073
rnn_only,6,16,13,full,0.1,1.2103400767417676,1.2103400767417676,1.5084857210628315
rnn_only,6,16,14,full,0.1,1.4036475878350316,1.4036475878350316,1.7422061495732108
rnn_only,6,16,1,full,0.3,1.270053988103849,1.270053988103849,1.3374337243244696
rnn_only,6,16,2,full,0.3,1.200804502811689,1.200804502811689,1.3373541721308768
rnn_only,6,16,3,full,0.3,1.039546313217444,1.039546313217444,1.2206292170683128
rnn_only,6,16,4,full,0.3,0.9942372756721194,0.9942372756721194,1.1902448664452783
rnn_only,6,16,5,full,0.3,0.9822879792579313,0.9822879792579313,1.186605666300131
rnn_only,6,16,6,full,0.3,1.0130468756608362,1.0130468756608362,1.2074935043240624
rnn_only,6,16,7,full,0.3,1.0175884163146622,1.0175884163146622,1.215153564217395
rnn_only,6,16,8,full,0.3,1.023940908124167,1.023940908124167,1.2231487792722116
rnn_only,6,16,9,full,0.3,1.023473320919948,1.023473320919948,1.2372721244365745
rnn_only,6,16,10,full,0.3,1.0164251128666857,1.0164251128666857,1.271069608960111
rnn_only,6,16,11,full,0.3,1.0237742090222173,1.0237742090222173,1.294473658056687
rnn_only,6,16,12,full,0.3,1.0507847225406346,1.0507847225406346,1.3297417037092485
rnn_only,6,16,13,full,0.3,1.2083432635057534,1.2083432635057534,1.503384011759912
rnn_only,6,16,14,full,0.3,1.4018441223067555,1.4018441223067555,1.7356792965673535
rnn_only,6,21,1,full,0.001,1.1256846399994254,1.1256846399994254,1.2053199240732564
rnn_only,6,21,2,full,0.001,1.0517358591041481,1.0517358591041481,1.2139563969008031
rnn_only,6,21,3,full,0.001,0.9246991201905779,0.9246991201905779,1.1317985911792348
rnn_only,6,21,4,full,0.001,0.8735139932504967,0.8735139932504967,1.077099712326749
rnn_only,6,21,5,full,0.001,0.8470072064427765,0.8470072064427765,1.0548051838491246
rnn_only,6,21,6,full,0.001,0.8308780443633782,0.8308780443633782,1.0360622107444843
rnn_only,6,21,7,full,0.001,0.8505639048163346,0.8505639048163346,1.0453052110715317
rnn_only,6,21,8,full,0.001,0.8618464977272686,0.8618464977272686,1.0605415705884127
rnn_only,6,21,9,full,0.001,0.8567186576038709,0.8567186576038709,1.05703212005932
rnn_only,6,21,10,full,0.001,0.8514425720582841,0.8514425720582841,1.0597689718343637
rnn_only,6,21,11,full,0.001,0.8697332070037261,0.8697332070037261,1.0916274592965272
rnn_only,6,21,12,full,0.001,0.8718498328818475,0.8718498328818475,1.1071526566715968
rnn_only,6,21,13,full,0.001,0.8713694794278952,0.8713694794278952,1.1136196270266963
rnn_only,6,21,14,full,0.001,0.8803142287171779,0.8803142287171779,1.1250423824355826
rnn_only,6,21,15,full,0.001,0.8931301257193573,0.8931301257193573,1.1455385279412078
rnn_only,6,21,16,full,0.001,0.9069331962979719,0.9069331962979719,1.1705783638543625
rnn_only,6,21,17,full,0.001,0.910048428161936,0.910048428161936,1.1971259697979613
rnn_only,6,21,18,full,0.001,0.98430285654201,0.98430285654201,1.2672294049436807
rnn_only,6,21,19,full,0.001,0.9776781521627196,0.9776781521627196,1.3339977927922406
rnn_only,6,21,1,full,0.01,1.125636350950805,1.125636350950805,1.205198851743969
rnn_only,6,21,2,full,0.01,1.0518874143735446,1.0518874143735446,1.2139569701337218
rnn_only,6,21,3,full,0.01,0.9244640433921314,0.9244640433921314,1.1316234428222176
rnn_only,6,21,4,full,0.01,0.873353610230251,0.873353610230251,1.0769466962981182
rnn_only,6,21,5,full,0.01,0.8468122667306981,0.8468122667306981,1.0545315587712154
rnn_only,6,21,6,full,0.01,0.8306961998817706,0.8306961998817706,1.0357562585284836
rnn_only,6,21,7,full,0.01,0.8504004580155236,0.8504004580155236,1.0451265092680804
rnn_only,6,21,8,full,0.01,0.8618421149278367,0.8618421149278367,1.0604556636287499
rnn_only,6,21,9,full,0.01,0.8566700786371685,0.8566700786371685,1.0569451827929452
rnn_only,6,21,10,full,0.01,0.8514322267759626,0.8514322267759626,1.0596455555981805
rnn_only,6,21,11,full,0.01,0.8698150821679614,0.8698150821679614,1.0917392850703562
rnn_only,6,21,12,full,0.01,0.8719250080438902,0.8719250080438902,1.1072223369977205
rnn_only,6,21,13,full,0.01,0.8713901858748847,0.8713901858748847,1.113609519158321
rnn_only,6,21,14,full,0.01,0.8801685950142509,0.8801685950142509,1.1248828125838135
rnn_only,6,21,15,full,0.01,0.8929093629638475,0.8929093629638475,1.145164874396034
rnn_only,6,21,16,full,0.01,0.9065494880099142,0.9065494880099142,1.1698727904589616
rnn_only,6,21,17,full,0.01,0.9096437599269229,0.9096437599269229,1.1965475958996685
rnn_only,6,21,18,full,0.01,0.9838438726246217,0.9838438726246217,1.2665127760011359
rnn_only,6,21,19,full,0.01,0.9773696935995506,0.9773696935995506,1.333313401382537
rnn_only,6,21,1,full,0.1,1.1253324172370849,1.1253324172370849,1.2043639870361011
rnn_only,6,21,2,full,0.1,1.0518871353719152,1.0518871353719152,1.2128596064701256
rnn_only,6,21,3,full,0.1,0.9234216151698589,0.9234216151698589,1.1302572309044292
rnn_only,6,21,4,full,0.1,0.8719148088976469,0.8719148088976469,1.0753840135730661
rnn_only,6,21,5,full,0.1,0.8456000151954153,0.8456000151954153,1.052271622791937
rnn_only,6,21,6,full,0.1,0.8290175127813403,0.8290175127813403,1.0335785565448359
rnn_only,6,21,7,full,0.1,0.8488345385698048,0.8488345385698048,1.043180445824454
rnn_only,6,21,8,full,0.1,0.8606673503225195,0.8606673503225195,1.0586780630606558
rnn_only,6,21,9,full,0.1,0.8555346949277216,0.8555346949277216,1.0551875254918393
rnn_only,6,21,10,full,0.1,0.8500122955061917,0.8500122955061917,1.0575457185265007
rnn_only,6,21,11,full,0.1,0.8685505712192535,0.8685505712192535,1.089693801799603
rnn_only,6,21,12,full,0.1,0.8704087846654988,0.8704087846654988,1.1046869829100898
rnn_only,6,21,13,full,0.1,0.8701170594839762,0.8701170594839762,1.111007595739888
rnn_only,6,21,14,full,0.1,0.8785185469010703,0.8785185469010703,1.1221524427490261
rnn_only,6,21,15,full,0.1,0.8915524495830679,0.8915524495830679,1.1426127714218244
rnn_only,6,21,16,full,0.1,0.9048117949368354,0.9048117949368354,1.1662506838314628
rnn_only,6,21,17,full,0.1,0.908009756141448,0.908009756141448,1.1930534121360485
rnn_only,6,21,18,full,0.1,0.9820232189264578,0.9820232189264578,1.2626532365202872
rnn_only,6,21,19,full,0.1,0.9777591001412378,0.9777591001412378,1.330480069627088
rnn_only,6,21,1,full,0.3,1.1235200589826242,1.1235200589826242,1.2015620605733617
rnn_only,6,21,2,full,0.3,1.0506963434214664,1.0506963434214664,1.2096482032329612
rnn_only,6,21,3,full,0.3,0.9216480096796187,0.9216480096796187,1.1271941586457577
rnn_only,6,21,4,full,0.3,0.869070950720026,0.869070950720026,1.0718439581020072
rnn_only,6,21,5,full,0.3,0.84291680587773,0.84291680587773,1.0477637038382346
rnn_only,6,21,6,full,0.3,0.82533309324786,0.82533309324786,1.02898728749155
rnn_only,6,21,7,full,0.3,0.8453514468351135,0.8453514468351135,1.0388818599113445
rnn_only,6,21,8,full,0.3,0.8579908963462273,0.8579908963462273,1.0549919276412416
rnn_only,6,21,9,full,0.3,0.85342641085532,0.85342641085532,1.0518217040555427
rnn_only,6,21,10,full,0.3,0.8480854240621237,0.8480854240621237,1.054065653485221
rnn_only,6,21,11,full,0.3,0.8664487927501925,0.8664487927501925,1.0861005299933024
rnn_only,6,21,12,full,0.3,0.8687132172182217,0.8687132172182217,1.1010596498528098
rnn_only,6,21,13,full,0.3,0.8683010761422952,0.8683010761422952,1.107071822234707
rnn_only,6,21,14,full,0.3,0.8762909629357122,0.8762909629357122,1.117759010177541
rnn_only,6,21,15,full,0.3,0.8897262894711353,0.8897262894711353,1.1384491664576295
rnn_only,6,21,16,full,0.3,0.9028003697582858,0.9028003697582858,1.1618489664013771
rnn_only,6,21,17,full,0.3,0.9056718093775895,0.9056718093775895,1.187953628462311
rnn_only,6,21,18,full,0.3,0.9802583972920318,0.9802583972920318,1.2571725728906749
rnn_only,6,21,19,full,0.3,0.9772176039456404,0.9772176039456404,1.3236388473527683
rnn_only,6,25,1,full,0.001,1.0661008298050605,1.0661008298050605,1.167850566602874
rnn_only,6,25,2,full,0.001,1.0031343094442895,1.0031343094442895,1.2215137419967372
rnn_only,6,25,3,full,0.001,0.9553260322665635,0.9553260322665635,1.207026132683193
rnn_only,6,25,4,full,0.001,0.9284794678651676,0.9284794678651676,1.174643150276336
rnn_only,6,25,5,full,0.001,0.9306029257280207,0.9306029257280207,1.175386089230118
rnn_only,6,25,6,full,0.001,0.9262195663836432,0.9262195663836432,1.175863393009041
rnn_only,6,25,7,full,0.001,0.9415913689634974,0.9415913689634974,1.1835506408246608
rnn_only,6,25,8,full,0.001,0.9737354077806681,0.9737354077806681,1.2097210005650287
rnn_only,6,25,9,full,0.001,0.983431062345159,0.983431062345159,1.2148089381906522
rnn_only,6,25,10,full,0.001,0.9674641136020984,0.9674641136020984,1.192133362257556
rnn_only,6,25,11,full,0.001,0.9657417222667628,0.9657417222667628,1.1894808855275218
rnn_only,6,25,12,full,0.001,0.9845764025698658,0.9845764025698658,1.212595853135878
rnn_only,6,25,13,full,0.001,1.0032348051104485,1.0032348051104485,1.2391919346947735
rnn_only,6,25,14,full,0.001,1.0283852576793058,1.0283852576793058,1.2707110499298104
rnn_only,6,25,15,full,0.001,1.0598432752796505,1.0598432752796505,1.3128603517034756
rnn_only,6,25,16,full,0.001,1.0863903595283957,1.0863903595283957,1.3466442099630995
rnn_only,6,25,17,full,0.001,1.1015556587912922,1.1015556587912922,1.364559461874767
rnn_only,6,25,18,full,0.001,1.1079166805546556,1.1079166805546556,1.3672966959881871
rnn_only,6,25,19,full,0.001,1.1148829643647817,1.1148829643647817,1.3790623398808612
rnn_only,6,25,20,full,0.001,1.1276820277043007,1.1276820277043007,1.4041468906230041
rnn_only,6,25,21,full,0.001,1.1401293489561044,1.1401293489561044,1.4623650318713275
rnn_only,6,25,22,full,0.001,1.2045939699070254,1.2045939699070254,1.560560367646009
rnn_only,6,25,23,full,0.001,1.1447602092100286,1.1447602092100286,1.6328576322645616
rnn_only,6,25,1,full,0.01,1.066012259971303,1.066012259971303,1.167655085870856
rnn_only,6,25,2,full,0.01,1.0029733471153348,1.0029733471153348,1.2211240329059672
rnn_only,6,25,3,full,0.01,0.9549865574531313,0.9549865574531313,1.2065434276808629
rnn_only,6,25,4,full,0.01,0.9281713417697421,0.9281713417697421,1.1742016445917525
rnn_only,6,25,5,full,0.01,0.930366632771525,0.930366632771525,1.174934429949504
rnn_only,6,25,6,full,0.01,0.9261014315595174,0.9261014315595174,1.1755141247726932
rnn_only,6,25,7,full,0.01,0.9413423163761312,0.9413423163761312,1.1830976907812731
rnn_only,6,25,8,full,0.01,0.973628930394183,0.973628930394183,1.2093516961294686
rnn_only,6,25,9,full,0.01,0.9831886311927744,0.9831886311927744,1.2143155845190006
rnn_only,6,25,10,full,0.01,0.9672161878315372,0.9672161878315372,1.1916474783375326
rnn_only,6,25,11,full,0.01,0.9654684801575477,0.9654684801575477,1.1890016767336746
rnn_only,6,25,12,full,0.01,0.9842854875894651,0.9842854875894651,1.2120321218776915
rnn_only,6,25,13,full,0.01,1.0028271982949026,1.0028271982949026,1.2384962546463907
rnn_only,6,25,14,full,0.01,1.0279184213652952,1.0279184213652952,1.2699574062775607
rnn_only,6,25,15,full,0.01,1.0593595340566475,1.0593595340566475,1.3121042699787715
rnn_only,6,25,16,full,0.01,1.085850176417185,1.085850176417185,1.345843560599938
rnn_only,6,25,17,full,0.01,1.100960289559155,1.100960289559155,1.3634515921211277
rnn_only,6,25,18,full,0.01,1.1073654979665333,1.1073654979665333,1.3661502657044617
rnn_only,6,25,19,full,0.01,1.1143866480883817,1.1143866480883817,1.3780647303388895
rnn_only,6,25,20,full,0.01,1.1270899347499834,1.1270899347499834,1.4030790839280152
rnn_only,6,25,21,full,0.01,1.1394880109758247,1.1394880109758247,1.4610325880047965
rnn_only,6,25,22,full,0.01,1.203955106233044,1.203955106233044,1.5592695554691849
rnn_only,6,25,23,full,0.01,1.1439901762689713,1.1439901762689713,1.631461661363006
rnn_only,6,25,1,full,0.1,1.0658574306099975,1.0658574306099975,1.1668262488046302
rnn_only,6,25,2,full,0.1,1.003788764884849,1.003788764884849,1.2204382970218708
rnn_only,6,25,3,full,0.1,0.9549487296433057,0.9549487296433057,1.206069312497653
rnn_only,6,25,4,full,0.1,0.9281322913113063,0.9281322913113063,1.1732500581301797
rnn_only,6,25,5,full,0.1,0.9304267308941805,0.9304267308941805,1.1736841886551774
rnn_only,6,25,6,full,0.1,0.9262439458411398,0.9262439458411398,1.1742652592745144
rnn_only,6,25,7,full,0.1,0.941601900854812,0.941601900854812,1.1823705933222939
rnn_only,6,25,8,full,0.1,0.9746759462721173,0.9746759462721173,1.2092801501381032
rnn_only,6,25,9,full,0.1,0.9843890663029125,0.9843890663029125,1.2144099778038018
rnn_only,6,25,10,full,0.1,0.9683809418996603,0.9683809418996603,1.1918426124607655
rnn_only,6,25,11,full,0.1,0.9666535025415083,0.9666535025415083,1.1890904476838815
rnn_only,6,25,12,full,0.1,0.9855089307888761,0.9855089307888761,1.2119972901645764
rnn_only,6,25,13,full,0.1,1.003865168842193,1.003865168842193,1.2380887686527577
rnn_only,6,25,14,full,0.1,1.0292600770709766,1.0292600770709766,1.2696220299603511
rnn_only,6,25,15,full,0.1,1.0607439470472282,1.0607439470472282,1.3118540079286851
rnn_only,6,25,16,full,0.1,1.0874450831679277,1.0874450831679277,1.3455659388390462
rnn_only,6,25,17,full,0.1,1.1022940970435762,1.1022940970435762,1.3629660028971444
rnn_only,6,25,18,full,0.1,1.1088599393431746,1.1088599393431746,1.365931915691689
rnn_only,6,25,19,full,0.1,1.1164491883719037,1.1164491883719037,1.3783732126936106
rnn_only,6,25,20,full,0.1,1.1289791861937015,1.1289791861937015,1.4033496858282226
rnn_only,6,25,21,full,0.1,1.141482927407767,1.141482927407767,1.4605043159176245
rnn_only,6,25,22,full,0.1,1.2066430891334232,1.2066430891334232,1.5584493769451615
rnn_only,6,25,23,full,0.1,1.1455189913809458,1.1455189913809458,1.6297463740227713
rnn_only,6,25,1,full,0.3,1.0663688455490214,1.0663688455490214,1.1655937236502143
rnn_only,6,25,2,full,0.3,1.0055099840571118,1.0055099840571118,1.2191382624964406
rnn_only,6,25,3,full,0.3,0.9553381907571419,0.9553381907571419,1.2053253314211059
rnn_only,6,25,4,full,0.3,0.9277576105179365,0.9277576105179365,1.1719581531360759
rnn_only,6,25,5,full,0.3,0.9300818485106424,0.9300818485106424,1.1712351309752025
rnn_only,6,25,6,full,0.3,0.9257293238248835,0.9257293238248835,1.1715996033065426
rnn_only,6,25,7,full,0.3,0.9411173569258673,0.9411173569258673,1.1802728087306398
rnn_only,6,25,8,full,0.3,0.975311102542143,0.975311102542143,1.2075497698856164
rnn_only,6,25,9,full,0.3,0.9852352441817198,0.9852352441817198,1.212907996367627
rnn_only,6,25,10,full,0.3,0.9695393546275508,0.9695393546275508,1.1908481696165736
rnn_only,6,25,11,full,0.3,0.9678004926736135,0.9678004926736135,1.188250685953372
rnn_only,6,25,12,full,0.3,0.986612880414292,0.986612880414292,1.2114572690324406
rnn_only,6,25,13,full,0.3,1.0056727393002496,1.0056727393002496,1.2376590345205583
rnn_only,6,25,14,full,0.3,1.0304311688146295,1.0304311688146295,1.2689839350850391
rnn_only,6,25,15,full,0.3,1.062083231397391,1.062083231397391,1.311030331059511
rnn_only,6,25,16,full,0.3,1.0890654997808042,1.0890654997808042,1.3442338746239175
rnn_only,6,25,17,full,0.3,1.1030913635240132,1.1030913635240132,1.3610285462331682
rnn_only,6,25,18,full,0.3,1.109460332119165,1.109460332119165,1.3636389960303985
rnn_only,6,25,19,full,0.3,1.117553837220455,1.117553837220455,1.376479275872926
rnn_only,6,25,20,full,0.3,1.1300915828501552,1.1300915828501552,1.4008411031133126
rnn_only,6,25,21,full,0.3,1.1436930713178808,1.1436930713178808,1.4580325920796469
rnn_only,6,25,22,full,0.3,1.208846988155611,1.208846988155611,1.5553619841961628
rnn_only,6,25,23,full,0.3,1.1450854970406663,1.1450854970406663,1.6213580168149726
rnn_only,6,30,1,full,0.001,1.0263311831527728,1.0263311831527728,1.1871045748128966
rnn_only,6,30,2,full,0.001,0.9516479314282014,0.9516479314282014,1.2498667117348554
rnn_only,6,30,3,full,0.001,0.9155761816021695,0.9155761816021695,1.2424770836297045
rnn_only,6,30,4,full,0.001,0.9132523312164698,0.9132523312164698,1.2281709595032178
rnn_only,6,30,5,full,0.001,0.9111432725239144,0.9111432725239144,1.233819269793707
rnn_only,6,30,6,full,0.001,0.8998680456450618,0.8998680456450618,1.2281660636479534
rnn_only,6,30,7,full,0.001,0.8926025324568008,0.8926025324568008,1.2155889468933683
rnn_only,6,30,8,full,0.001,0.8941305999084199,0.8941305999084199,1.212882607622346
rnn_only,6,30,9,full,0.001,0.8827105988455087,0.8827105988455087,1.2019785515981325
rnn_only,6,30,10,full,0.001,0.8613475252012258,0.8613475252012258,1.169771870618113
rnn_only,6,30,11,full,0.001,0.82805727421497,0.82805727421497,1.1232522910839384
rnn_only,6,30,12,full,0.001,0.7968886852231112,0.7968886852231112,1.083933286742978
rnn_only,6,30,13,full,0.001,0.7769050965016451,0.7769050965016451,1.0536438819403962
rnn_only,6,30,14,full,0.001,0.7596786627681431,0.7596786627681431,1.0221958580914468
rnn_only,6,30,15,full,0.001,0.7420463498171159,0.7420463498171159,0.9955593523542544
rnn_only,6,30,16,full,0.001,0.7290778707534291,0.7290778707534291,0.9785167360715794
rnn_only,6,30,17,full,0.001,0.7228830873718703,0.7228830873718703,0.9620700229991432
rnn_only,6,30,18,full,0.001,0.7156150249269914,0.7156150249269914,0.9473029834220448
rnn_only,6,30,19,full,0.001,0.7090403521764983,0.7090403521764983,0.9388860638943529
rnn_only,6,30,20,full,0.001,0.7034897260940465,0.7034897260940465,0.9336175286685977
rnn_only,6,30,21,full,0.001,0.6978800571107975,0.6978800571107975,0.9270108469068886
rnn_only,6,30,22,full,0.001,0.7012856744161386,0.7012856744161386,0.9312989996870387
rnn_only,6,30,23,full,0.001,0.7057717990055813,0.7057717990055813,0.9457566211275285
rnn_only,6,30,24,full,0.001,0.7150993661169393,0.7150993661169393,0.9678976514462747
rnn_only,6,30,25,full,0.001,0.7206507654552774,0.7206507654552774,0.9872604148425943
rnn_only,6,30,26,full,0.001,0.7424595939443162,0.7424595939443162,1.0410309615935969
rnn_only,6,30,27,full,0.001,0.7628026417542209,0.7628026417542209,1.0947560636122922
rnn_only,6,30,28,full,0.001,0.7179039910660623,0.7179039910660623,1.1415988825732217
rnn_only,6,30,1,full,0.01,1.0262767980917318,1.0262767980917318,1.1868897360874695
rnn_only,6,30,2,full,0.01,0.9513562965634192,0.9513562965634192,1.2495225048980716
rnn_only,6,30,3,full,0.01,0.9154704123212919,0.9154704123212919,1.2422816994030073
rnn_only,6,30,4,full,0.01,0.9129442361922452,0.9129442361922452,1.2276906251444943
rnn_only,6,30,5,full,0.01,0.9109524979611036,0.9109524979611036,1.2335017491724651
rnn_only,6,30,6,full,0.01,0.8995000195086214,0.8995000195086214,1.2276102191157894
rnn_only,6,30,7,full,0.01,0.8922005757490922,0.8922005757490922,1.214912938475027
rnn_only,6,30,8,full,0.01,0.8937060831529071,0.8937060831529071,1.2121335281729873
rnn_only,6,30,9,full,0.01,0.8823912607596132,0.8823912607596132,1.2013007830848674
rnn_only,6,30,10,full,0.01,0.8609423280751574,0.8609423280751574,1.1689508215568096
rnn_only,6,30,11,full,0.01,0.8276182672292505,0.8276182672292505,1.1224817966375467
rnn_only,6,30,12,full,0.01,0.7963640027022304,0.7963640027022304,1.0830663447004172
rnn_only,6,30,13,full,0.01,0.776511896084691,0.776511896084691,1.0528550086458734
rnn_only,6,30,14,full,0.01,0.759479958806093,0.759479958806093,1.0216799891402049
rnn_only,6,30,15,full,0.01,0.7419230800973188,0.7419230800973188,0.9952098640210448
rnn_only,6,30,16,full,0.01,0.7288094466860126,0.7288094466860126,0.9780605059121397
rnn_only,6,30,17,full,0.01,0.7227019959617579,0.7227019959617579,0.9616459051272106
rnn_only,6,30,18,full,0.01,0.7154486578460961,0.7154486578460961,0.9468916061798809
rnn_only,6,30,19,full,0.01,0.7087670787864528,0.7087670787864528,0.9383453896955323
rnn_only,6,30,20,full,0.01,0.7032976941927322,0.7032976941927322,0.9332543948554797
rnn_only,6,30,21,full,0.01,0.698073356117876,0.698073356117876,0.9268903527519149
rnn_only,6,30,22,full,0.01,0.7016163384272267,0.7016163384272267,0.9315032056080965
rnn_only,6,30,23,full,0.01,0.7060516168499035,0.7060516168499035,0.9460063068094007
rnn_only,6,30,24,full,0.01,0.7152861501545296,0.7152861501545296,0.9680419661707833
rnn_only,6,30,25,full,0.01,0.7207739643342128,0.7207739643342128,0.9874661753462125
rnn_only,6,30,26,full,0.01,0.7425136437512113,0.7425136437512113,1.0409462243940677
rnn_only,6,30,27,full,0.01,0.7628838310026533,0.7628838310026533,1.0947704291718852
rnn_only,6,30,28,full,0.01,0.7178403248501415,0.7178403248501415,1.1412673745002961
rnn_only,6,30,1,full,0.1,1.026053715526306,1.026053715526306,1.1854548223856234
rnn_only,6,30,2,full,0.1,0.9514380565063029,0.9514380565063029,1.2476590237387517
rnn_only,6,30,3,full,0.1,0.9145526407079694,0.9145526407079694,1.2404695217180315
rnn_only,6,30,4,full,0.1,0.9120976854182545,0.9120976854182545,1.2257430496890809
rnn_only,6,30,5,full,0.1,0.9105195897964212,0.9105195897964212,1.231709513036693
rnn_only,6,30,6,full,0.1,0.8988630614964692,0.8988630614964692,1.2256638893533902
rnn_only,6,30,7,full,0.1,0.891393547902726,0.891393547902726,1.2130206664319108
rnn_only,6,30,8,full,0.1,0.8930670428583323,0.8930670428583323,1.2105089059133818
rnn_only,6,30,9,full,0.1,0.8818555211920873,0.8818555211920873,1.1995896627984721
rnn_only,6,30,10,full,0.1,0.8603223454042487,0.8603223454042487,1.1670496415544156
rnn_only,6,30,11,full,0.1,0.826775915881214,0.826775915881214,1.1202932928073723
rnn_only,6,30,12,full,0.1,0.7957208148241619,0.7957208148241619,1.0809426209777988
rnn_only,6,30,13,full,0.1,0.77587607587879,0.77587607587879,1.0505775809159776
rnn_only,6,30,14,full,0.1,0.7593385282306195,0.7593385282306195,1.0199155332710053
rnn_only,6,30,15,full,0.1,0.7421923157743473,0.7421923157743473,0.9939272362060992
rnn_only,6,30,16,full,0.1,0.7290455570645623,0.7290455570645623,0.9771419662253816
rnn_only,6,30,17,full,0.1,0.7232010081650937,0.7232010081650937,0.9608745657006755
rnn_only,6,30,18,full,0.1,0.7163276823205319,0.7163276823205319,0.9465549200382083
rnn_only,6,30,19,full,0.1,0.7092704229304403,0.7092704229304403,0.9383296315745122
rnn_only,6,30,20,full,0.1,0.7036279715897523,0.7036279715897523,0.9327700511574704
rnn_only,6,30,21,full,0.1,0.6985973983368536,0.6985973983368536,0.9265015626231357
rnn_only,6,30,22,full,0.1,0.701842611499298,0.701842611499298,0.9308621613113812
rnn_only,6,30,23,full,0.1,0.7058799480669073,0.7058799480669073,0.9447517585774758
rnn_only,6,30,24,full,0.1,0.7147633638877364,0.7147633638877364,0.9664618500295394
rnn_only,6,30,25,full,0.1,0.7198731536873761,0.7198731536873761,0.9849319147471767
rnn_only,6,30,26,full,0.1,0.7412854881884772,0.7412854881884772,1.0374689083558706
rnn_only,6,30,27,full,0.1,0.7617264625783708,0.7617264625783708,1.0913002418979967
rnn_only,6,30,28,full,0.1,0.7173346372906362,0.7173346372906362,1.1380010752081895
rnn_only,6,30,1,full,0.3,1.0265220337630236,1.0265220337630236,1.1834086420405305
rnn_only,6,30,2,full,0.3,0.9531301616299399,0.9531301616299399,1.245925914647421
rnn_only,6,30,3,full,0.3,0.913639857791984,0.913639857791984,1.2387208804202183
rnn_only,6,30,4,full,0.3,0.9111812862960156,0.9111812862960156,1.2238280196234523
rnn_only,6,30,5,full,0.3,0.9099135190051452,0.9099135190051452,1.2295575748761236
rnn_only,6,30,6,full,0.3,0.8982878647038068,0.8982878647038068,1.2228644950896008
rnn_only,6,30,7,full,0.3,0.8904988213153429,0.8904988213153429,1.209619040063766
rnn_only,6,30,8,full,0.3,0.8923948889613942,0.8923948889613942,1.2081230774640601
rnn_only,6,30,9,full,0.3,0.8812801708740186,0.8812801708740186,1.197011107357219
rnn_only,6,30,10,full,0.3,0.8600484263568529,0.8600484263568529,1.1647120678788019
rnn_only,6,30,11,full,0.3,0.8264281586716802,0.8264281586716802,1.1178266264108445
rnn_only,6,30,12,full,0.3,0.7955453415819704,0.7955453415819704,1.0783689110878687
rnn_only,6,30,13,full,0.3,0.7761685433306273,0.7761685433306273,1.0487053841060268
rnn_only,6,30,14,full,0.3,0.7596913342744805,0.7596913342744805,1.0185430241970508
rnn_only,6,30,15,full,0.3,0.7422671034517061,0.7422671034517061,0.9918976569111567
rnn_only,6,30,16,full,0.3,0.7289114076037548,0.7289114076037548,0.9746841884980068
rnn_only,6,30,17,full,0.3,0.7229413897733987,0.7229413897733987,0.958333250940153
rnn_only,6,30,18,full,0.3,0.7160705484857873,0.7160705484857873,0.9439556538623857
rnn_only,6,30,19,full,0.3,0.7087445682534426,0.7087445682534426,0.9351999826998805
rnn_only,6,30,20,full,0.3,0.7032652324957721,0.7032652324957721,0.9296230226315998
rnn_only,6,30,21,full,0.3,0.697972303935696,0.697972303935696,0.9229406313117386
rnn_only,6,30,22,full,0.3,0.7004608144658447,0.7004608144658447,0.9268408250207392
rnn_only,6,30,23,full,0.3,0.7041748723687902,0.7041748723687902,0.9402078786387755
rnn_only,6,30,24,full,0.3,0.7130638967135963,0.7130638967135963,0.9618019161977927
rnn_only,6,30,25,full,0.3,0.7175598945077094,0.7175598945077094,0.979806330205697
rnn_only,6,30,26,full,0.3,0.7400107201735133,0.7400107201735133,1.03315420305438
rnn_only,6,30,27,full,0.3,0.762078483455656,0.762078483455656,1.0884245711260299
rnn_only,6,30,28,full,0.3,0.7179686419704828,0.7179686419704828,1.134761384868447
rnn_only,7,7,1,full,0.001,1.3568642623028593,1.3568642623028593,1.4321118992253221
rnn_only,7,7,2,full,0.001,1.4534239118034575,1.4534239118034575,1.6021255056261638
rnn_only,7,7,3,full,0.001,1.3799443434090388,1.3799443434090388,1.6137986721565047
rnn_only,7,7,4,full,0.001,1.4832854392243022,1.4832854392243022,1.6842341376123506
rnn_only,7,7,5,full,0.001,1.6405274480671055,1.6405274480671055,1.8360399147092141
rnn_only,7,7,1,full,0.01,1.3568823469927107,1.3568823469927107,1.4320733053979002
rnn_only,7,7,2,full,0.01,1.453313265945639,1.453313265945639,1.6020124982936184
rnn_only,7,7,3,full,0.01,1.3798815288920507,1.3798815288920507,1.6134280870676327
rnn_only,7,7,4,full,0.01,1.4831887919476299,1.4831887919476299,1.6837582571820997
rnn_only,7,7,5,full,0.01,1.6402195161490156,1.6402195161490156,1.8355034962650727
rnn_only,7,7,1,full,0.1,1.3565298446151615,1.3565298446151615,1.4312470204873726
rnn_only,7,7,2,full,0.1,1.451162662400451,1.451162662400451,1.5992559040167347
rnn_only,7,7,3,full,0.1,1.3781775750758338,1.3781775750758338,1.6096723806329825
rnn_only,7,7,4,full,0.1,1.4822536883834285,1.4822536883834285,1.6808425083344662
rnn_only,7,7,5,full,0.1,1.638608348332423,1.638608348332423,1.8322107545209092
rnn_only,7,7,1,full,0.3,1.3546391538502152,1.3546391538502152,1.4286207033504335
rnn_only,7,7,2,full,0.3,1.446871801424964,1.446871801424964,1.5940833399066292
rnn_only,7,7,3,full,0.3,1.3746893519825907,1.3746893519825907,1.6027251964314768
rnn_only,7,7,4,full,0.3,1.4803774969313608,1.4803774969313608,1.6755365899966934
rnn_only,7,7,5,full,0.3,1.6365857249165887,1.6365857249165887,1.8263836874137724
rnn_only,7,11,1,full,0.001,1.2910875497201493,1.2910875497201493,1.3808474444679333
rnn_only,7,11,2,full,0.001,1.3551239208318284,1.3551239208318284,1.4967242244311492
rnn_only,7,11,3,full,0.001,1.326738224565342,1.326738224565342,1.5068600275093036
rnn_only,7,11,4,full,0.001,1.2836675316358117,1.2836675316358117,1.476706563845135
rnn_only,7,11,5,full,0.001,1.2240555725681692,1.2240555725681692,1.4399195360565704
rnn_only,7,11,6,full,0.001,1.1532523307452642,1.1532523307452642,1.3822812922617647
rnn_only,7,11,7,full,0.001,1.1830502584729063,1.1830502584729063,1.390194987956522
rnn_only,7,11,8,full,0.001,1.3392454001078273,1.3392454001078273,1.5172358252765192
rnn_only,7,11,9,full,0.001,1.5490840687871423,1.5490840687871423,1.761610705393928
rnn_only,7,11,1,full,0.01,1.2909187778376352,1.2909187778376352,1.3807132320454132
rnn_only,7,11,2,full,0.01,1.3549800669740397,1.3549800669740397,1.496541956548239
rnn_only,7,11,3,full,0.01,1.3265473111586523,1.3265473111586523,1.5066758749375226
rnn_only,7,11,4,full,0.01,1.2836663577146563,1.2836663577146563,1.4766514779205395
rnn_only,7,11,5,full,0.01,1.224041755633211,1.224041755633211,1.439887992084301
rnn_only,7,11,6,full,0.01,1.153257564186511,1.153257564186511,1.3822332747228423
rnn_only,7,11,7,full,0.01,1.183066306275173,1.183066306275173,1.3901015671666705
rnn_only,7,11,8,full,0.01,1.3390543136840383,1.3390543136840383,1.5169781122005346
rnn_only,7,11,9,full,0.01,1.5486990178146667,1.5486990178146667,1.7612205565758121
rnn_only,7,11,1,full,0.1,1.2898959352126425,1.2898959352126425,1.3795282932586757
rnn_only,7,11,2,full,0.1,1.353285422289197,1.353285422289197,1.4945952098228803
rnn_only,7,11,3,full,0.1,1.3254046502194905,1.3254046502194905,1.505404057511746
rnn_only,7,11,4,full,0.1,1.2830252324333298,1.2830252324333298,1.4756405218765534
rnn_only,7,11,5,full,0.1,1.2235437479357678,1.2235437479357678,1.4385673249466784
rnn_only,7,11,6,full,0.1,1.1528649655731806,1.1528649655731806,1.3804942123349668
rnn_only,7,11,7,full,0.1,1.182412084646174,1.182412084646174,1.3879865838916539
rnn_only,7,11,8,full,0.1,1.3382090782225897,1.3382090782225897,1.5147279459940535
rnn_only,7,11,9,full,0.1,1.5475386356934013,1.5475386356934013,1.7580586419085527
rnn_only,7,11,1,full,0.3,1.2879308502334572,1.2879308502334572,1.37710022737526
rnn_only,7,11,2,full,0.3,1.351111778121595,1.351111778121595,1.4917556412031796
rnn_only,7,11,3,full,0.3,1.3244037610880666,1.3244037610880666,1.5037471141731817
rnn_only,7,11,4,full,0.3,1.2837005798145626,1.2837005798145626,1.4749610582027222
rnn_only,7,11,5,full,0.3,1.225645851135588,1.225645851135588,1.4384970009162537
rnn_only,7,11,6,full,0.3,1.1554768689371038,1.1554768689371038,1.3801094018423767
rnn_only,7,11,7,full,0.3,1.1845172776487478,1.1845172776487478,1.3875223551042888
rnn_only,7,11,8,full,0.3,1.3404254407295135,1.3404254407295135,1.5141213101743363
rnn_only,7,11,9,full,0.3,1.5491058125609087,1.5491058125609087,1.7573938083386373
rnn_only,7,16,1,full,0.001,1.2428313748628939,1.2428313748628939,1.32792672863089
rnn_only,7,16,2,full,0.001,1.1744701444476444,1.1744701444476444,1.3159746892145203
rnn_only,7,16,3,full,0.001,1.0577927793066546,1.0577927793066546,1.206792223178264
rnn_only,7,16,4,full,0.001,1.0170992373877736,1.0170992373877736,1.1635832534788153
rnn_only,7,16,5,full,0.001,0.993198430293044,0.993198430293044,1.1422379787470738
rnn_only,7,16,6,full,0.001,0.9867734759146485,0.9867734759146485,1.147119709952545
rnn_only,7,16,7,full,0.001,0.98869532099152,0.98869532099152,1.1531658190723353
rnn_only,7,16,8,full,0.001,0.9995535718853716,0.9995535718853716,1.1882918055073337
rnn_only,7,16,9,full,0.001,1.0182052350670134,1.0182052350670134,1.238138365255264
rnn_only,7,16,10,full,0.001,1.0139384423134306,1.0139384423134306,1.2518628305079234
rnn_only,7,16,11,full,0.001,1.0397478082311473,1.0397478082311473,1.2763209980900143
rnn_only,7,16,12,full,0.001,1.0861059115334868,1.0861059115334868,1.3207733002969826
rnn_only,7,16,13,full,0.001,1.2627448468295333,1.2627448468295333,1.4989307250809034
rnn_only,7,16,14,full,0.001,1.4463346982086729,1.4463346982086729,1.7617221158353635
rnn_only,7,16,1,full,0.01,1.2428176604495134,1.2428176604495134,1.3279701657928866
rnn_only,7,16,2,full,0.01,1.1744073338405245,1.1744073338405245,1.3160047308307452
rnn_only,7,16,3,full,0.01,1.0579170159730538,1.0579170159730538,1.2069253897026833
rnn_only,7,16,4,full,0.01,1.0171997700121413,1.0171997700121413,1.1637268133708463
rnn_only,7,16,5,full,0.01,0.9933067073399051,0.9933067073399051,1.1423589179427185
rnn_only,7,16,6,full,0.01,0.9869592453411637,0.9869592453411637,1.1472899474253349
rnn_only,7,16,7,full,0.01,0.9889723940500346,0.9889723940500346,1.1534728634894318
rnn_only,7,16,8,full,0.01,0.9997814879285154,0.9997814879285154,1.1885495376094515
rnn_only,7,16,9,full,0.01,1.0185010919174196,1.0185010919174196,1.2383651283425507
rnn_only,7,16,10,full,0.01,1.01432394759148,1.01432394759148,1.2522545987548939
rnn_only,7,16,11,full,0.01,1.0401773599645634,1.0401773599645634,1.2768472874477217
rnn_only,7,16,12,full,0.01,1.086515421229548,1.086515421229548,1.3212055143138408
rnn_only,7,16,13,full,0.01,1.2632052075033418,1.2632052075033418,1.4992596090199668
rnn_only,7,16,14,full,0.01,1.4472849542220851,1.4472849542220851,1.762473301610945
rnn_only,7,16,1,full,0.1,1.2418120683821516,1.2418120683821516,1.3271422931612304
rnn_only,7,16,2,full,0.1,1.1733549536091603,1.1733549536091603,1.3152895963433893
rnn_only,7,16,3,full,0.1,1.0575490540019348,1.0575490540019348,1.206793394521023
rnn_only,7,16,4,full,0.1,1.0166950856610004,1.0166950856610004,1.163356403341468
rnn_only,7,16,5,full,0.1,0.9926444525252471,0.9926444525252471,1.1416764211965484
rnn_only,7,16,6,full,0.1,0.9863898100103704,0.9863898100103704,1.1465018158179432
rnn_only,7,16,7,full,0.1,0.9886760739249418,0.9886760739249418,1.1529359634188745
rnn_only,7,16,8,full,0.1,0.9994632254395175,0.9994632254395175,1.1878169670033176
rnn_only,7,16,9,full,0.1,1.0177326733552938,1.0177326733552938,1.2367742305391909
rnn_only,7,16,10,full,0.1,1.0132408709841256,1.0132408709841256,1.2506479186954875
rnn_only,7,16,11,full,0.1,1.0391966059829656,1.0391966059829656,1.275090560698072
rnn_only,7,16,12,full,0.1,1.0858096691417414,1.0858096691417414,1.3191730219292537
rnn_only,7,16,13,full,0.1,1.262362871333506,1.262362871333506,1.4970557064604844
rnn_only,7,16,14,full,0.1,1.4471420520305227,1.4471420520305227,1.7597995230092676
rnn_only,7,16,1,full,0.3,1.2392111605974057,1.2392111605974057,1.3249461962446323
rnn_only,7,16,2,full,0.3,1.17008311521763,1.17008311521763,1.3131156429666642
rnn_only,7,16,3,full,0.3,1.0556794780669037,1.0556794780669037,1.205442920938896
rnn_only,7,16,4,full,0.3,1.014771290940554,1.014771290940554,1.1617221003839422
rnn_only,7,16,5,full,0.3,0.9906721469283952,0.9906721469283952,1.1396858650163053
rnn_only,7,16,6,full,0.3,0.9842286067183321,0.9842286067183321,1.1440431416818146
rnn_only,7,16,7,full,0.3,0.9864908592535984,0.9864908592535984,1.1502687610982
rnn_only,7,16,8,full,0.3,0.9979934943271762,0.9979934943271762,1.185073738975123
rnn_only,7,16,9,full,0.3,1.0154906724384754,1.0154906724384754,1.2327914884647162
rnn_only,7,16,10,full,0.3,1.011121739724397,1.011121739724397,1.2464748998003161
rnn_only,7,16,11,full,0.3,1.0368127819587942,1.0368127819587942,1.2703344051275804
rnn_only,7,16,12,full,0.3,1.08395405272831,1.08395405272831,1.3155060274759611
rnn_only,7,16,13,full,0.3,1.2589688904813445,1.2589688904813445,1.4919095843819754
rnn_only,7,16,14,full,0.3,1.4435925736663249,1.4435925736663249,1.75158806316086
rnn_only,7,21,1,full,0.001,1.174652760215339,1.174652760215339,1.2514687557066426
rnn_only,7,21,2,full,0.001,1.0545282459982874,1.0545282459982874,1.2157154666701362
rnn_only,7,21,3,full,0.001,0.9397471631170703,0.9397471631170703,1.114443069110338
rnn_only,7,21,4,full,0.001,0.9169193222356449,0.9169193222356449,1.0776250611259082
rnn_only,7,21,5,full,0.001,0.916860007621989,0.916860007621989,1.0777356662002333
rnn_only,7,21,6,full,0.001,0.9118888595915833,0.9118888595915833,1.077618697906374
rnn_only,7,21,7,full,0.001,0.8960010643989695,0.8960010643989695,1.0597085840959775
rnn_only,7,21,8,full,0.001,0.9000025439812178,0.9000025439812178,1.060927071549298
rnn_only,7,21,9,full,0.001,0.9064167350129289,0.9064167350129289,1.0710105194676416
rnn_only,7,21,10,full,0.001,0.9204868003658135,0.9204868003658135,1.1083324246821549
rnn_only,7,21,11,full,0.001,0.944574944443595,0.944574944443595,1.1578229389590575
rnn_only,7,21,12,full,0.001,0.9608033907896353,0.9608033907896353,1.1881262027519512
rnn_only,7,21,13,full,0.001,0.9763030156394258,0.9763030156394258,1.2137769333825497
rnn_only,7,21,14,full,0.001,0.9942826220864327,0.9942826220864327,1.2289595649551945
rnn_only,7,21,15,full,0.001,1.003510109795294,1.003510109795294,1.2448744125664106
rnn_only,7,21,16,full,0.001,1.01525240980637,1.01525240980637,1.2734496544910754
rnn_only,7,21,17,full,0.001,1.0350001320285147,1.0350001320285147,1.3143761347253018
rnn_only,7,21,18,full,0.001,1.167259641542502,1.167259641542502,1.4463772290222856
rnn_only,7,21,19,full,0.001,1.1924891416889918,1.1924891416889918,1.5853762544654821
rnn_only,7,21,1,full,0.01,1.1745226764843384,1.1745226764843384,1.251349974936558
rnn_only,7,21,2,full,0.01,1.0543833606999766,1.0543833606999766,1.2156119708562687
rnn_only,7,21,3,full,0.01,0.9397484288218101,0.9397484288218101,1.114607720529437
rnn_only,7,21,4,full,0.01,0.9170634733830699,0.9170634733830699,1.077764981077458
rnn_only,7,21,5,full,0.01,0.9169274987039436,0.9169274987039436,1.0777917424554597
rnn_only,7,21,6,full,0.01,0.9119298806381662,0.9119298806381662,1.0776298388440815
rnn_only,7,21,7,full,0.01,0.8959900105876202,0.8959900105876202,1.0596214482478143
rnn_only,7,21,8,full,0.01,0.8999902411781662,0.8999902411781662,1.0608198072990884
rnn_only,7,21,9,full,0.01,0.9063788269870121,0.9063788269870121,1.070862830449534
rnn_only,7,21,10,full,0.01,0.9204053217863327,0.9204053217863327,1.1081495912040489
rnn_only,7,21,11,full,0.01,0.9444732756819286,0.9444732756819286,1.157588406497735
rnn_only,7,21,12,full,0.01,0.9607521340197445,0.9607521340197445,1.1879073630895198
rnn_only,7,21,13,full,0.01,0.9762309413273431,0.9762309413273431,1.2135098839066183
rnn_only,7,21,14,full,0.01,0.994210127868438,0.994210127868438,1.2287969477428486
rnn_only,7,21,15,full,0.01,1.0034726183517468,1.0034726183517468,1.2447333961006957
rnn_only,7,21,16,full,0.01,1.0152006276662475,1.0152006276662475,1.2732662850069563
rnn_only,7,21,17,full,0.01,1.0350123340686301,1.0350123340686301,1.3144532014800083
rnn_only,7,21,18,full,0.01,1.1671954530119522,1.1671954530119522,1.4464438793777743
rnn_only,7,21,19,full,0.01,1.192308632519967,1.192308632519967,1.584977996486169
rnn_only,7,21,1,full,0.1,1.1738652607199163,1.1738652607199163,1.2507839765308446
rnn_only,7,21,2,full,0.1,1.0525476315110849,1.0525476315110849,1.2138294445103393
rnn_only,7,21,3,full,0.1,0.9383667246539595,0.9383667246539595,1.1133776685083678
rnn_only,7,21,4,full,0.1,0.9164890658325029,0.9164890658325029,1.0770055221619221
rnn_only,7,21,5,full,0.1,0.916450343228846,0.916450343228846,1.0770865249219004
rnn_only,7,21,6,full,0.1,0.9116643397807649,0.9116643397807649,1.0771595152671454
rnn_only,7,21,7,full,0.1,0.8957713506277609,0.8957713506277609,1.0590328957602233
rnn_only,7,21,8,full,0.1,0.8999476559593373,0.8999476559593373,1.0603567261871487
rnn_only,7,21,9,full,0.1,0.9060165051640344,0.9060165051640344,1.0700767477344268
rnn_only,7,21,10,full,0.1,0.9201635252133119,0.9201635252133119,1.1073245946650776
rnn_only,7,21,11,full,0.1,0.9440675765143862,0.9440675765143862,1.156909775968487
rnn_only,7,21,12,full,0.1,0.9610759825133288,0.9610759825133288,1.1874734711448591
rnn_only,7,21,13,full,0.1,0.9769822356210888,0.9769822356210888,1.2134290671436574
rnn_only,7,21,14,full,0.1,0.9948769461349449,0.9948769461349449,1.2289425829528828
rnn_only,7,21,15,full,0.1,1.004233383859606,1.004233383859606,1.2447706876786517
rnn_only,7,21,16,full,0.1,1.016051540849534,1.016051540849534,1.2732076400443582
rnn_only,7,21,17,full,0.1,1.0358640772549155,1.0358640772549155,1.3141060393344683
rnn_only,7,21,18,full,0.1,1.1682334789075135,1.1682334789075135,1.4449414687728672
rnn_only,7,21,19,full,0.1,1.194415645861271,1.194415645861271,1.5838166219229075
rnn_only,7,21,1,full,0.3,1.1722673127436507,1.1722673127436507,1.2491014223593044
rnn_only,7,21,2,full,0.3,1.0483098020816226,1.0483098020816226,1.2100659772553168
rnn_only,7,21,3,full,0.3,0.9348633611434188,0.9348633611434188,1.11016261815972
rnn_only,7,21,4,full,0.3,0.9141902727299112,0.9141902727299112,1.0749629875862818
rnn_only,7,21,5,full,0.3,0.9142246597455024,0.9142246597455024,1.0748896975530882
rnn_only,7,21,6,full,0.3,0.909326630881969,0.909326630881969,1.074810712211798
rnn_only,7,21,7,full,0.3,0.8937131349126213,0.8937131349126213,1.0563964943004023
rnn_only,7,21,8,full,0.3,0.8979332619977155,0.8979332619977155,1.0576720238967376
rnn_only,7,21,9,full,0.3,0.9039501942186823,0.9039501942186823,1.0676250352861887
rnn_only,7,21,10,full,0.3,0.91868653495074,0.91868653495074,1.1050811045536286
rnn_only,7,21,11,full,0.3,0.9430992073993569,0.9430992073993569,1.155281104899248
rnn_only,7,21,12,full,0.3,0.9598823795022038,0.9598823795022038,1.1856324184514935
rnn_only,7,21,13,full,0.3,0.9759451650643066,0.9759451650643066,1.2117260786942012
rnn_only,7,21,14,full,0.3,0.9935939202710145,0.9935939202710145,1.2267023579036838
rnn_only,7,21,15,full,0.3,1.0032850399265436,1.0032850399265436,1.2423514756980927
rnn_only,7,21,16,full,0.3,1.0151632406412059,1.0151632406412059,1.2707542118417585
rnn_only,7,21,17,full,0.3,1.0351607643464278,1.0351607643464278,1.3112055444841526
rnn_only,7,21,18,full,0.3,1.1673465533243013,1.1673465533243013,1.4408440470462092
rnn_only,7,21,19,full,0.3,1.1966349404639693,1.1966349404639693,1.5790077748504578
rnn_only,7,25,1,full,0.001,1.0254229553730916,1.0254229553730916,1.1320956626982857
rnn_only,7,25,2,full,0.001,0.9512361013526855,0.9512361013526855,1.1483757806541592
rnn_only,7,25,3,full,0.001,0.9067632569201991,0.9067632569201991,1.1272708225478423
rnn_only,7,25,4,full,0.001,0.8776189870631388,0.8776189870631388,1.0844407934772082
rnn_only,7,25,5,full,0.001,0.856150138640638,0.856150138640638,1.0662013082425545
rnn_only,7,25,6,full,0.001,0.8434056172730634,0.8434056172730634,1.0722569944551625
rnn_only,7,25,7,full,0.001,0.8451083202279844,0.8451083202279844,1.0820853006638447
rnn_only,7,25,8,full,0.001,0.8493789306870543,0.8493789306870543,1.0722170030538603
rnn_only,7,25,9,full,0.001,0.8466645078787658,0.8466645078787658,1.0649923725752033
rnn_only,7,25,10,full,0.001,0.844404881241367,0.844404881241367,1.069119492157565
rnn_only,7,25,11,full,0.001,0.8559571182815344,0.8559571182815344,1.0843347545365014
rnn_only,7,25,12,full,0.001,0.8619062576694172,0.8619062576694172,1.0934428888293124
rnn_only,7,25,13,full,0.001,0.8598652383453687,0.8598652383453687,1.1041843967420284
rnn_only,7,25,14,full,0.001,0.8626554663054162,0.8626554663054162,1.123937813308519
rnn_only,7,25,15,full,0.001,0.8707236940914315,0.8707236940914315,1.1381788215130593
rnn_only,7,25,16,full,0.001,0.8787560826007308,0.8787560826007308,1.1518556962308673
rnn_only,7,25,17,full,0.001,0.8899455238254622,0.8899455238254622,1.1698733981577365
rnn_only,7,25,18,full,0.001,0.8988800388330238,0.8988800388330238,1.1810350325341197
rnn_only,7,25,19,full,0.001,0.8941288476464022,0.8941288476464022,1.1781922941538752
rnn_only,7,25,20,full,0.001,0.8981949086958927,0.8981949086958927,1.1951261404770748
rnn_only,7,25,21,full,0.001,0.8851702505232966,0.8851702505232966,1.2104270720978463
rnn_only,7,25,22,full,0.001,0.9355926828786736,0.9355926828786736,1.2767057549307472
rnn_only,7,25,23,full,0.001,0.9300174935049298,0.9300174935049298,1.3675114036958993
rnn_only,7,25,1,full,0.01,1.0251549100409503,1.0251549100409503,1.1318110191024549
rnn_only,7,25,2,full,0.01,0.9509868925500478,0.9509868925500478,1.148089177351186
rnn_only,7,25,3,full,0.01,0.906585950494221,0.906585950494221,1.1271161100798115
rnn_only,7,25,4,full,0.01,0.8775096495861312,0.8775096495861312,1.084337848740876
rnn_only,7,25,5,full,0.01,0.8560601506857566,0.8560601506857566,1.0660602169930369
rnn_only,7,25,6,full,0.01,0.843232553923336,0.843232553923336,1.0720959861755244
rnn_only,7,25,7,full,0.01,0.8449838877918168,0.8449838877918168,1.0819382157336925
rnn_only,7,25,8,full,0.01,0.8492781213447698,0.8492781213447698,1.072111584560997
rnn_only,7,25,9,full,0.01,0.8464933105213694,0.8464933105213694,1.0648081484184715
rnn_only,7,25,10,full,0.01,0.844352108306391,0.844352108306391,1.069022397251906
rnn_only,7,25,11,full,0.01,0.8561394088466956,0.8561394088466956,1.0845830290142073
rnn_only,7,25,12,full,0.01,0.8623320220861399,0.8623320220861399,1.0938559284635463
rnn_only,7,25,13,full,0.01,0.8604438815790771,0.8604438815790771,1.1049548579747561
rnn_only,7,25,14,full,0.01,0.8632952843609083,0.8632952843609083,1.124860085412395
rnn_only,7,25,15,full,0.01,0.8711287414168413,0.8711287414168413,1.1389074398781953
rnn_only,7,25,16,full,0.01,0.8792886203286601,0.8792886203286601,1.1526862776660591
rnn_only,7,25,17,full,0.01,0.8903067637245312,0.8903067637245312,1.170743218420807
rnn_only,7,25,18,full,0.01,0.8991283028924992,0.8991283028924992,1.1817001029992888
rnn_only,7,25,19,full,0.01,0.8942855478975429,0.8942855478975429,1.1786759436321896
rnn_only,7,25,20,full,0.01,0.89822789676318,0.89822789676318,1.19534226513131
rnn_only,7,25,21,full,0.01,0.8851983366824079,0.8851983366824079,1.2103247176200422
rnn_only,7,25,22,full,0.01,0.9355286046998383,0.9355286046998383,1.2766426820244874
rnn_only,7,25,23,full,0.01,0.9299861242266361,0.9299861242266361,1.3669996227427113
rnn_only,7,25,1,full,0.1,1.0230940193855833,1.0230940193855833,1.1297410726541632
rnn_only,7,25,2,full,0.1,0.9476681146947488,0.9476681146947488,1.145384448602981
rnn_only,7,25,3,full,0.1,0.9038382073250169,0.9038382073250169,1.1244883138144512
rnn_only,7,25,4,full,0.1,0.87558235528324,0.87558235528324,1.0824129007290655
rnn_only,7,25,5,full,0.1,0.8544269910599848,0.8544269910599848,1.0642738568552543
rnn_only,7,25,6,full,0.1,0.841703016823061,0.841703016823061,1.070426756346318
rnn_only,7,25,7,full,0.1,0.8432539327035279,0.8432539327035279,1.0800093634895451
rnn_only,7,25,8,full,0.1,0.8476013192249059,0.8476013192249059,1.070283393238732
rnn_only,7,25,9,full,0.1,0.8450668516788333,0.8450668516788333,1.0629004918787732
rnn_only,7,25,10,full,0.1,0.8429455429202657,0.8429455429202657,1.0670414874342182
rnn_only,7,25,11,full,0.1,0.8549905701215168,0.8549905701215168,1.0829678857987675
rnn_only,7,25,12,full,0.1,0.861376433836738,0.861376433836738,1.0923118420657671
rnn_only,7,25,13,full,0.1,0.8594160729631739,0.8594160729631739,1.10369116874183
rnn_only,7,25,14,full,0.1,0.8623081159882993,0.8623081159882993,1.1232973462770643
rnn_only,7,25,15,full,0.1,0.8700769483675614,0.8700769483675614,1.1372427373684042
rnn_only,7,25,16,full,0.1,0.878074257438705,0.878074257438705,1.1510400689494185
rnn_only,7,25,17,full,0.1,0.8888110691403543,0.8888110691403543,1.169024237949199
rnn_only,7,25,18,full,0.1,0.8972045504486579,0.8972045504486579,1.1793166733027314
rnn_only,7,25,19,full,0.1,0.8925330657358117,0.8925330657358117,1.1759620577730656
rnn_only,7,25,20,full,0.1,0.89649127313514,0.89649127313514,1.1924337741205688
rnn_only,7,25,21,full,0.1,0.8829003160696838,0.8829003160696838,1.2061348214052214
rnn_only,7,25,22,full,0.1,0.9326938734545158,0.9326938734545158,1.2712173879523019
rnn_only,7,25,23,full,0.1,0.9280189697687966,0.9280189697687966,1.3596154225098092
rnn_only,7,25,1,full,0.3,1.0199284417601737,1.0199284417601737,1.1268822500676532
rnn_only,7,25,2,full,0.3,0.941306111715468,0.941306111715468,1.140185392934049
rnn_only,7,25,3,full,0.3,0.8992375203447431,0.8992375203447431,1.1201606671776703
rnn_only,7,25,4,full,0.3,0.8736423114188716,0.8736423114188716,1.079895040462313
rnn_only,7,25,5,full,0.3,0.8529833617484316,0.8529833617484316,1.0623569254299754
rnn_only,7,25,6,full,0.3,0.8403013416817617,0.8403013416817617,1.0687659071013185
rnn_only,7,25,7,full,0.3,0.841567155820883,0.841567155820883,1.0779701949112948
rnn_only,7,25,8,full,0.3,0.8459280207574023,0.8459280207574023,1.0682464414386876
rnn_only,7,25,9,full,0.3,0.8438432107304616,0.8438432107304616,1.0607226305323767
rnn_only,7,25,10,full,0.3,0.8415667635289628,0.8415667635289628,1.0645973740819654
rnn_only,7,25,11,full,0.3,0.8531224081047041,0.8531224081047041,1.0805269144253513
rnn_only,7,25,12,full,0.3,0.8598753767533949,0.8598753767533949,1.0897319976334159
rnn_only,7,25,13,full,0.3,0.8583925299692621,0.8583925299692621,1.1016301972841884
rnn_only,7,25,14,full,0.3,0.8613134051154535,0.8613134051154535,1.1210561254728546
rnn_only,7,25,15,full,0.3,0.8688410738007921,0.8688410738007921,1.134700803733493
rnn_only,7,25,16,full,0.3,0.8758228883900684,0.8758228883900684,1.1472041012478984
rnn_only,7,25,17,full,0.3,0.886131973129402,0.886131973129402,1.1643875130918198
rnn_only,7,25,18,full,0.3,0.894700031357623,0.894700031357623,1.1742314439649961
rnn_only,7,25,19,full,0.3,0.8903452123962905,0.8903452123962905,1.1711938571109877
rnn_only,7,25,20,full,0.3,0.8946355462105349,0.8946355462105349,1.1878106392081098
rnn_only,7,25,21,full,0.3,0.8807662636917062,0.8807662636917062,1.2003364984215792
rnn_only,7,25,22,full,0.3,0.9311478703652317,0.9311478703652317,1.2648231150410811
rnn_only,7,25,23,full,0.3,0.9258209655340448,0.9258209655340448,1.3493853843620347
rnn_only,7,30,1,full,0.001,0.9917064493976994,0.9917064493976994,1.1652199668822503
rnn_only,7,30,2,full,0.001,0.9428239501326292,0.9428239501326292,1.2343020162176837
rnn_only,7,30,3,full,0.001,0.9238533057067841,0.9238533057067841,1.2261759554135367
rnn_only,7,30,4,full,0.001,0.9036158518881802,0.9036158518881802,1.191999429411097
rnn_only,7,30,5,full,0.001,0.8886972151631218,0.8886972151631218,1.1713987723965336
rnn_only,7,30,6,full,0.001,0.8715188045139273,0.8715188045139273,1.160395537219676
rnn_only,7,30,7,full,0.001,0.8616844833716791,0.8616844833716791,1.1499843917133954
rnn_only,7,30,8,full,0.001,0.8483030249302745,0.8483030249302745,1.1274109732654778
rnn_only,7,30,9,full,0.001,0.8296139105111964,0.8296139105111964,1.1046997800119143
rnn_only,7,30,10,full,0.001,0.816197970295276,0.816197970295276,1.0857664560423474
rnn_only,7,30,11,full,0.001,0.807364923563783,0.807364923563783,1.0704775634381716
rnn_only,7,30,12,full,0.001,0.802838382485491,0.802838382485491,1.0598462364296184
rnn_only,7,30,13,full,0.001,0.7959604724426715,0.7959604724426715,1.0479094149412527
rnn_only,7,30,14,full,0.001,0.7888965658744828,0.7888965658744828,1.035473509279508
rnn_only,7,30,15,full,0.001,0.7816981826324589,0.7816981826324589,1.0283107416179145
rnn_only,7,30,16,full,0.001,0.7731552150454979,0.7731552150454979,1.023892423607606
rnn_only,7,30,17,full,0.001,0.7659768129559619,0.7659768129559619,1.0168475924614353
rnn_only,7,30,18,full,0.001,0.7538806479233245,0.7538806479233245,1.0046543518734201
rnn_only,7,30,19,full,0.001,0.7470891818234779,0.7470891818234779,0.9967694118063187
rnn_only,7,30,20,full,0.001,0.7359431947820405,0.7359431947820405,0.9875323407861327
rnn_only,7,30,21,full,0.001,0.7328288061394672,0.7328288061394672,0.9838374939519428
rnn_only,7,30,22,full,0.001,0.7361564627919025,0.7361564627919025,0.9823093201200601
rnn_only,7,30,23,full,0.001,0.7235190005332695,0.7235190005332695,0.9682878996558935
rnn_only,7,30,24,full,0.001,0.7006013043129065,0.7006013043129065,0.952029499839281
rnn_only,7,30,25,full,0.001,0.6854540236860396,0.6854540236860396,0.9497049399504943
rnn_only,7,30,26,full,0.001,0.6789215046740056,0.6789215046740056,0.9456408091763422
rnn_only,7,30,27,full,0.001,0.6721249230340145,0.6721249230340145,0.9485829369430092
rnn_only,7,30,28,full,0.001,0.6370530714779497,0.6370530714779497,0.9863988880266925
rnn_only,7,30,1,full,0.01,0.9916084335752511,0.9916084335752511,1.1650357191195062
rnn_only,7,30,2,full,0.01,0.9425338761945679,0.9425338761945679,1.2339998874987914
rnn_only,7,30,3,full,0.01,0.9236302958781916,0.9236302958781916,1.2258501687081018
rnn_only,7,30,4,full,0.01,0.9036471373489972,0.9036471373489972,1.1918604218940834
rnn_only,7,30,5,full,0.01,0.8889738752132281,0.8889738752132281,1.1714725461217033
rnn_only,7,30,6,full,0.01,0.8715311108082768,0.8715311108082768,1.1603114392175946
rnn_only,7,30,7,full,0.01,0.8616900162064112,0.8616900162064112,1.1499835649850048
rnn_only,7,30,8,full,0.01,0.848112117907339,0.848112117907339,1.127177284321884
rnn_only,7,30,9,full,0.01,0.8293944075781201,0.8293944075781201,1.1043489775553703
rnn_only,7,30,10,full,0.01,0.8158650229399966,0.8158650229399966,1.0853283210133684
rnn_only,7,30,11,full,0.01,0.8072166712788688,0.8072166712788688,1.0702262652288193
rnn_only,7,30,12,full,0.01,0.8026435110459693,0.8026435110459693,1.0595524792072721
rnn_only,7,30,13,full,0.01,0.795728872637036,0.795728872637036,1.047685352179554
rnn_only,7,30,14,full,0.01,0.7887895924243029,0.7887895924243029,1.035336012792183
rnn_only,7,30,15,full,0.01,0.7816331204286451,0.7816331204286451,1.028263541713845
rnn_only,7,30,16,full,0.01,0.773060048666468,0.773060048666468,1.0237499222495838
rnn_only,7,30,17,full,0.01,0.7660379433811452,0.7660379433811452,1.0168006787187438
rnn_only,7,30,18,full,0.01,0.7538154013832007,0.7538154013832007,1.0046164389719134
rnn_only,7,30,19,full,0.01,0.7471275591923867,0.7471275591923867,0.9968072143812325
rnn_only,7,30,20,full,0.01,0.7360134417729042,0.7360134417729042,0.987704304555853
rnn_only,7,30,21,full,0.01,0.7328550535300229,0.7328550535300229,0.9840438930381074
rnn_only,7,30,22,full,0.01,0.7361832532739737,0.7361832532739737,0.9824093343025113
rnn_only,7,30,23,full,0.01,0.7235562640607204,0.7235562640607204,0.9684109842629169
rnn_only,7,30,24,full,0.01,0.7005557203316667,0.7005557203316667,0.9520604138116955
rnn_only,7,30,25,full,0.01,0.6853699336019506,0.6853699336019506,0.9497328408598136
rnn_only,7,30,26,full,0.01,0.6788231380089418,0.6788231380089418,0.945575697988946
rnn_only,7,30,27,full,0.01,0.6718445679933848,0.6718445679933848,0.9483545392063866
rnn_only,7,30,28,full,0.01,0.636735212571645,0.636735212571645,0.9859139950485312
rnn_only,7,30,1,full,0.1,0.9904400346964903,0.9904400346964903,1.163312085102842
rnn_only,7,30,2,full,0.1,0.9389672059184557,0.9389672059184557,1.2300837788361578
rnn_only,7,30,3,full,0.1,0.9201862134507781,0.9201862134507781,1.2215346520241765
rnn_only,7,30,4,full,0.1,0.9022406982613473,0.9022406982613473,1.1889719384895918
rnn_only,7,30,5,full,0.1,0.8881417740889292,0.8881417740889292,1.1694248840687766
rnn_only,7,30,6,full,0.1,0.8703981120067383,0.8703981120067383,1.1581964746155866
rnn_only,7,30,7,full,0.1,0.8603262208846323,0.8603262208846323,1.1477004357138405
rnn_only,7,30,8,full,0.1,0.8471965878161596,0.8471965878161596,1.1253230545327626
rnn_only,7,30,9,full,0.1,0.8286831849029139,0.8286831849029139,1.1026902590492886
rnn_only,7,30,10,full,0.1,0.8143617319379622,0.8143617319379622,1.0829010157574301
rnn_only,7,30,11,full,0.1,0.8057551642942435,0.8057551642942435,1.0676009014629038
rnn_only,7,30,12,full,0.1,0.8017200803169127,0.8017200803169127,1.0570723057535012
rnn_only,7,30,13,full,0.1,0.7952711901621836,0.7952711901621836,1.0459386567198667
rnn_only,7,30,14,full,0.1,0.7882824541544391,0.7882824541544391,1.0337403197856112
rnn_only,7,30,15,full,0.1,0.7813406520055313,0.7813406520055313,1.0270031718119341
rnn_only,7,30,16,full,0.1,0.7723253813100827,0.7723253813100827,1.022216310657785
rnn_only,7,30,17,full,0.1,0.7654916772297415,0.7654916772297415,1.015322830913488
rnn_only,7,30,18,full,0.1,0.7531506303742528,0.7531506303742528,1.0031332514953117
rnn_only,7,30,19,full,0.1,0.7460187614473117,0.7460187614473117,0.9947830681910841
rnn_only,7,30,20,full,0.1,0.7344751265015601,0.7344751265015601,0.9847831993202005
rnn_only,7,30,21,full,0.1,0.7312838067615363,0.7312838067615363,0.9809806183061724
rnn_only,7,30,22,full,0.1,0.7344174649642776,0.7344174649642776,0.9790321979810941
rnn_only,7,30,23,full,0.1,0.7219866051453769,0.7219866051453769,0.964838078240918
rnn_only,7,30,24,full,0.1,0.6988166889988957,0.6988166889988957,0.9482750038000178
rnn_only,7,30,25,full,0.1,0.6835448261877684,0.6835448261877684,0.9457684752401357
rnn_only,7,30,26,full,0.1,0.6767678721090102,0.6767678721090102,0.9409585805464538
rnn_only,7,30,27,full,0.1,0.6692111696922102,0.6692111696922102,0.9431210125664896
rnn_only,7,30,28,full,0.1,0.6348103577162627,0.6348103577162627,0.9803560259808699
rnn_only,7,30,1,full,0.3,0.9884048323755612,0.9884048323755612,1.1598987134820566
rnn_only,7,30,2,full,0.3,0.9356729781241144,0.9356729781241144,1.22524907387331
rnn_only,7,30,3,full,0.3,0.9183538592610712,0.9183538592610712,1.217962586168503
rnn_only,7,30,4,full,0.3,0.902786995727135,0.902786995727135,1.1874372477793171
rnn_only,7,30,5,full,0.3,0.8891548784137555,0.8891548784137555,1.1687196355382539
rnn_only,7,30,6,full,0.3,0.8711763240978856,0.8711763240978856,1.1575344745589378
rnn_only,7,30,7,full,0.3,0.8599129674618987,0.8599129674618987,1.1456138104555698
rnn_only,7,30,8,full,0.3,0.8474107429418758,0.8474107429418758,1.1237029101406377
rnn_only,7,30,9,full,0.3,0.829333791848028,0.829333791848028,1.1019371077977982
rnn_only,7,30,10,full,0.3,0.8142854355038379,0.8142854355038379,1.08127518187888
rnn_only,7,30,11,full,0.3,0.8057628207905758,0.8057628207905758,1.0658014024658535
rnn_only,7,30,12,full,0.3,0.801944854028618,0.801944854028618,1.0557835569080711
rnn_only,7,30,13,full,0.3,0.7953289109741903,0.7953289109741903,1.044060022386285
rnn_only,7,30,14,full,0.3,0.7884800009443429,0.7884800009443429,1.0320791663673299
rnn_only,7,30,15,full,0.3,0.7818564633971601,0.7818564633971601,1.0256772997254215
rnn_only,7,30,16,full,0.3,0.772989691589907,0.772989691589907,1.0211242407989094
rnn_only,7,30,17,full,0.3,0.7664973612539404,0.7664973612539404,1.01440933137176
rnn_only,7,30,18,full,0.3,0.7549558272512547,0.7549558272512547,1.0027429655544529
rnn_only,7,30,19,full,0.3,0.7471969432529879,0.7471969432529879,0.9943828361127522
rnn_only,7,30,20,full,0.3,0.7349256519788538,0.7349256519788538,0.9833953355157554
rnn_only,7,30,21,full,0.3,0.7315858695023723,0.7315858695023723,0.9791589079283087
rnn_only,7,30,22,full,0.3,0.7346655131560867,0.7346655131560867,0.9770108264378015
rnn_only,7,30,23,full,0.3,0.721866493304194,0.721866493304194,0.9622851668422122
rnn_only,7,30,24,full,0.3,0.6988363837075162,0.6988363837075162,0.9456495589388059
rnn_only,7,30,25,full,0.3,0.6835604494356956,0.6835604494356956,0.9432719180650844
rnn_only,7,30,26,full,0.3,0.6762739858540612,0.6762739858540612,0.9375306990384962
rnn_only,7,30,27,full,0.3,0.6690317620563171,0.6690317620563171,0.9387387939964769
rnn_only,7,30,28,full,0.3,0.6366686242821409,0.6366686242821409,0.9756283776900875
rnn_only,8,7,1,full,0.001,1.3606088785916015,1.3606088785916015,1.4371431814924376
rnn_only,8,7,2,full,0.001,1.4266709083329436,1.4266709083329436,1.542388094235731
rnn_only,8,7,3,full,0.001,1.4241134564358529,1.4241134564358529,1.552048367668739
rnn_only,8,7,4,full,0.001,1.6252272022344867,1.6252272022344867,1.7688376256417493
rnn_only,8,7,5,full,0.001,1.797339709240988,1.797339709240988,1.9870790949940185
rnn_only,8,7,1,full,0.01,1.3603063972479035,1.3603063972479035,1.436737268817508
rnn_only,8,7,2,full,0.01,1.4267502825237945,1.4267502825237945,1.5424037960664077
rnn_only,8,7,3,full,0.01,1.4242220376555133,1.4242220376555133,1.5521119757383408
rnn_only,8,7,4,full,0.01,1.6253907717692053,1.6253907717692053,1.7689385667782693
rnn_only,8,7,5,full,0.01,1.7978175401467125,1.7978175401467125,1.9873097737399843
rnn_only,8,7,1,full,0.1,1.3589115569142671,1.3589115569142671,1.435353495601953
rnn_only,8,7,2,full,0.1,1.4247172826428711,1.4247172826428711,1.5402996944253546
rnn_only,8,7,3,full,0.1,1.4221666202033272,1.4221666202033272,1.5497610408132383
rnn_only,8,7,4,full,0.1,1.6233912807768918,1.6233912807768918,1.7664848048412418
rnn_only,8,7,5,full,0.1,1.7944588170698041,1.7944588170698041,1.9837027223144341
rnn_only,8,7,1,full,0.3,1.356440564246521,1.356440564246521,1.4324887310557162
rnn_only,8,7,2,full,0.3,1.4208712336207991,1.4208712336207991,1.535985428497486
rnn_only,8,7,3,full,0.3,1.4170402231037222,1.4170402231037222,1.544500208008386
rnn_only,8,7,4,full,0.3,1.6179748100645508,1.6179748100645508,1.76046660379604
rnn_only,8,7,5,full,0.3,1.786366887026796,1.786366887026796,1.9750475646262922
rnn_only,8,11,1,full,0.001,1.3406136153301595,1.3406136153301595,1.4341396915296007
rnn_only,8,11,2,full,0.001,1.398144512293089,1.398144512293089,1.5418574614849605
rnn_only,8,11,3,full,0.001,1.3575871216606674,1.3575871216606674,1.5289015600017124
rnn_only,8,11,4,full,0.001,1.2244999475491682,1.2244999475491682,1.4171563262787346
rnn_only,8,11,5,full,0.001,1.1177440267297971,1.1177440267297971,1.31195175439747
rnn_only,8,11,6,full,0.001,1.0737746199229723,1.0737746199229723,1.2672734457518002
rnn_only,8,11,7,full,0.001,1.1494246165576085,1.1494246165576085,1.3408947998082255
rnn_only,8,11,8,full,0.001,1.3829213067473003,1.3829213067473003,1.5719463421120212
rnn_only,8,11,9,full,0.001,1.5432702054370553,1.5432702054370553,1.7808159917722883
rnn_only,8,11,1,full,0.01,1.3406127342856542,1.3406127342856542,1.434066757593258
rnn_only,8,11,2,full,0.01,1.3980978724931852,1.3980978724931852,1.5417696583170368
rnn_only,8,11,3,full,0.01,1.3574708961660464,1.3574708961660464,1.5287375122209415
rnn_only,8,11,4,full,0.01,1.2243310687714621,1.2243310687714621,1.4169560238378573
rnn_only,8,11,5,full,0.01,1.1175632587936588,1.1175632587936588,1.3117613571492275
rnn_only,8,11,6,full,0.01,1.073669297350417,1.073669297350417,1.267101706231117
rnn_only,8,11,7,full,0.01,1.149356534936949,1.149356534936949,1.3408412068204445
rnn_only,8,11,8,full,0.01,1.382848965180211,1.382848965180211,1.5718683127713695
rnn_only,8,11,9,full,0.01,1.5430339286111976,1.5430339286111976,1.7804323337654657
rnn_only,8,11,1,full,0.1,1.3408785326414576,1.3408785326414576,1.433560428022028
rnn_only,8,11,2,full,0.1,1.398427904960692,1.398427904960692,1.5413086949968529
rnn_only,8,11,3,full,0.1,1.3574353879887375,1.3574353879887375,1.528153407302185
rnn_only,8,11,4,full,0.1,1.2236396490048747,1.2236396490048747,1.415926466391101
rnn_only,8,11,5,full,0.1,1.116805746682399,1.116805746682399,1.3107536400232491
rnn_only,8,11,6,full,0.1,1.0734300557277148,1.0734300557277148,1.2664790996422723
rnn_only,8,11,7,full,0.1,1.1496671206021274,1.1496671206021274,1.3406616134703604
rnn_only,8,11,8,full,0.1,1.3835995990061685,1.3835995990061685,1.572187339821686
rnn_only,8,11,9,full,0.1,1.5425976345670196,1.5425976345670196,1.7795565528917354
rnn_only,8,11,1,full,0.3,1.340857419506575,1.340857419506575,1.4317869348595054
rnn_only,8,11,2,full,0.3,1.3984298418507608,1.3984298418507608,1.5392779443103999
rnn_only,8,11,3,full,0.3,1.3558318837733294,1.3558318837733294,1.5253234308905377
rnn_only,8,11,4,full,0.3,1.2210120696647206,1.2210120696647206,1.4125622210445925
rnn_only,8,11,5,full,0.3,1.1143613281109332,1.1143613281109332,1.3074350003172204
rnn_only,8,11,6,full,0.3,1.0718994016720238,1.0718994016720238,1.2638645054304187
rnn_only,8,11,7,full,0.3,1.1489228047905886,1.1489228047905886,1.3393960478346487
rnn_only,8,11,8,full,0.3,1.383331186916164,1.383331186916164,1.5712405310598747
rnn_only,8,11,9,full,0.3,1.5397369554155638,1.5397369554155638,1.775506131814725
rnn_only,8,16,1,full,0.001,1.240785044830077,1.240785044830077,1.3324183196327817
rnn_only,8,16,2,full,0.001,1.1655569433646433,1.1655569433646433,1.348898698276955
rnn_only,8,16,3,full,0.001,1.0380741527071176,1.0380741527071176,1.2514608848560917
rnn_only,8,16,4,full,0.001,0.9977946350727609,0.9977946350727609,1.1981701880995612
rnn_only,8,16,5,full,0.001,1.002596555513964,1.002596555513964,1.1902335919062814
rnn_only,8,16,6,full,0.001,1.0146480003759528,1.0146480003759528,1.2168614889228708
rnn_only,8,16,7,full,0.001,0.9937942920596661,0.9937942920596661,1.214623830257659
rnn_only,8,16,8,full,0.001,0.983853207267567,0.983853207267567,1.2078303509159567
rnn_only,8,16,9,full,0.001,0.9807657732332355,0.9807657732332355,1.2174968610941757
rnn_only,8,16,10,full,0.001,0.9816294848884733,0.9816294848884733,1.2510102639573413
rnn_only,8,16,11,full,0.001,0.9743327558867958,0.9743327558867958,1.2831891371222284
rnn_only,8,16,12,full,0.001,0.9995681970041423,0.9995681970041423,1.3213417592619487
rnn_only,8,16,13,full,0.001,1.175430835560697,1.175430835560697,1.4726499880595703
rnn_only,8,16,14,full,0.001,1.2907925403284843,1.2907925403284843,1.657305604565193
rnn_only,8,16,1,full,0.01,1.2407622812632542,1.2407622812632542,1.3324000972321057
rnn_only,8,16,2,full,0.01,1.1654434070951594,1.1654434070951594,1.3488020060645889
rnn_only,8,16,3,full,0.01,1.0379304487551746,1.0379304487551746,1.2512231145057435
rnn_only,8,16,4,full,0.01,0.9977784760771518,0.9977784760771518,1.19810482024584
rnn_only,8,16,5,full,0.01,1.0026633346653049,1.0026633346653049,1.190207253999183
rnn_only,8,16,6,full,0.01,1.0147062154033817,1.0147062154033817,1.2168564289988695
rnn_only,8,16,7,full,0.01,0.9937244985308612,0.9937244985308612,1.2144657417720077
rnn_only,8,16,8,full,0.01,0.9838474200775997,0.9838474200775997,1.2076021525905567
rnn_only,8,16,9,full,0.01,0.9808749413902536,0.9808749413902536,1.2172788897231896
rnn_only,8,16,10,full,0.01,0.9817306981078009,0.9817306981078009,1.2508395851746505
rnn_only,8,16,11,full,0.01,0.9744136235071037,0.9744136235071037,1.2831712910661635
rnn_only,8,16,12,full,0.01,0.9996802332967436,0.9996802332967436,1.3215797676758365
rnn_only,8,16,13,full,0.01,1.1756068238396384,1.1756068238396384,1.4729641556307635
rnn_only,8,16,14,full,0.01,1.2910118957959398,1.2910118957959398,1.65744282253072
rnn_only,8,16,1,full,0.1,1.2410854368998665,1.2410854368998665,1.332661810034661
rnn_only,8,16,2,full,0.1,1.1660364216924117,1.1660364216924117,1.3493214093698385
rnn_only,8,16,3,full,0.1,1.0386284024839751,1.0386284024839751,1.2514235416772639
rnn_only,8,16,4,full,0.1,0.9986677868171945,0.9986677868171945,1.1988515548773289
rnn_only,8,16,5,full,0.1,1.0035351144956346,1.0035351144956346,1.1909882600035913
rnn_only,8,16,6,full,0.1,1.0154860534298498,1.0154860534298498,1.2176277200124082
rnn_only,8,16,7,full,0.1,0.9942025339798316,0.9942025339798316,1.2150064600986474
rnn_only,8,16,8,full,0.1,0.9843177858076565,0.9843177858076565,1.2077910345916498
rnn_only,8,16,9,full,0.1,0.9814365142782465,0.9814365142782465,1.2173848850508147
rnn_only,8,16,10,full,0.1,0.9830131594604026,0.9830131594604026,1.2514020014262317
rnn_only,8,16,11,full,0.1,0.9760299580192332,0.9760299580192332,1.2841873934627344
rnn_only,8,16,12,full,0.1,1.0017834099660559,1.0017834099660559,1.3229945498949456
rnn_only,8,16,13,full,0.1,1.177360175354746,1.177360175354746,1.4744099605267627
rnn_only,8,16,14,full,0.1,1.2908159908961419,1.2908159908961419,1.6572144589781945
rnn_only,8,16,1,full,0.3,1.2406494718485739,1.2406494718485739,1.3321083676033434
rnn_only,8,16,2,full,0.3,1.1648057009892225,1.1648057009892225,1.3478589218605947
rnn_only,8,16,3,full,0.3,1.0382226180326641,1.0382226180326641,1.2501895392258935
rnn_only,8,16,4,full,0.3,0.9986949544462214,0.9986949544462214,1.198033747021944
rnn_only,8,16,5,full,0.3,1.0033399222763473,1.0033399222763473,1.190186779579584
rnn_only,8,16,6,full,0.3,1.0145280091424969,1.0145280091424969,1.2162293184202018
rnn_only,8,16,7,full,0.3,0.9927213747453264,0.9927213747453264,1.2131768741772258
rnn_only,8,16,8,full,0.3,0.9829855544739408,0.9829855544739408,1.205670924587344
rnn_only,8,16,9,full,0.3,0.9802913440771219,0.9802913440771219,1.2147237057458118
rnn_only,8,16,10,full,0.3,0.9827401370242408,0.9827401370242408,1.249110487856016
rnn_only,8,16,11,full,0.3,0.9769422123007077,0.9769422123007077,1.2821197834689597
rnn_only,8,16,12,full,0.3,1.0025311561402632,1.0025311561402632,1.3200018312483652
rnn_only,8,16,13,full,0.3,1.1764186648410204,1.1764186648410204,1.4701095021892496
rnn_only,8,16,14,full,0.3,1.2872088892459512,1.2872088892459512,1.6493931898812928
rnn_only,8,21,1,full,0.001,1.1294306500274942,1.1294306500274942,1.2046450687503336
rnn_only,8,21,2,full,0.001,1.0271786327019181,1.0271786327019181,1.198348532714431
rnn_only,8,21,3,full,0.001,0.9801129486432406,0.9801129486432406,1.1748089030564755
rnn_only,8,21,4,full,0.001,0.9713841627538697,0.9713841627538697,1.1611676310081083
rnn_only,8,21,5,full,0.001,0.9393598304035464,0.9393598304035464,1.1297856173106342
rnn_only,8,21,6,full,0.001,0.9275210874055617,0.9275210874055617,1.1236214457215516
rnn_only,8,21,7,full,0.001,0.9403149315511656,0.9403149315511656,1.1416631081267121
rnn_only,8,21,8,full,0.001,0.9555998691784713,0.9555998691784713,1.1673538003003412
rnn_only,8,21,9,full,0.001,0.9481378596331448,0.9481378596331448,1.1766292580573163
rnn_only,8,21,10,full,0.001,0.9418030218112102,0.9418030218112102,1.1795738494367747
rnn_only,8,21,11,full,0.001,0.9553479343698008,0.9553479343698008,1.1906104394451422
rnn_only,8,21,12,full,0.001,0.9679583080575698,0.9679583080575698,1.207588839455461
rnn_only,8,21,13,full,0.001,0.9686413073018671,0.9686413073018671,1.2369972499645037
rnn_only,8,21,14,full,0.001,0.9787317406744265,0.9787317406744265,1.2661758046491078
rnn_only,8,21,15,full,0.001,0.9904560261886983,0.9904560261886983,1.2819899268904
rnn_only,8,21,16,full,0.001,1.009036876080573,1.009036876080573,1.3263310302381763
rnn_only,8,21,17,full,0.001,1.0433071803288052,1.0433071803288052,1.3780259447177539
rnn_only,8,21,18,full,0.001,1.1922662499902397,1.1922662499902397,1.4973130034163094
rnn_only,8,21,19,full,0.001,1.1824038784261384,1.1824038784261384,1.6219609155376822
rnn_only,8,21,1,full,0.01,1.1294461957823585,1.1294461957823585,1.2047607188571552
rnn_only,8,21,2,full,0.01,1.0272897345325247,1.0272897345325247,1.1986924302669526
rnn_only,8,21,3,full,0.01,0.9802777805475915,0.9802777805475915,1.175047260254496
rnn_only,8,21,4,full,0.01,0.9715696536951203,0.9715696536951203,1.1614152536570135
rnn_only,8,21,5,full,0.01,0.9395657509141309,0.9395657509141309,1.1300412183337225
rnn_only,8,21,6,full,0.01,0.9277371185652384,0.9277371185652384,1.1238275895183105
rnn_only,8,21,7,full,0.01,0.940562713256299,0.940562713256299,1.1418535649228543
rnn_only,8,21,8,full,0.01,0.9558761292294422,0.9558761292294422,1.167572429373193
rnn_only,8,21,9,full,0.01,0.9484234507306564,0.9484234507306564,1.1768676949440238
rnn_only,8,21,10,full,0.01,0.9420815354147836,0.9420815354147836,1.1797738054581002
rnn_only,8,21,11,full,0.01,0.9556575812445942,0.9556575812445942,1.1907779212570522
rnn_only,8,21,12,full,0.01,0.9683061969526885,0.9683061969526885,1.2077595526616873
rnn_only,8,21,13,full,0.01,0.9689855349003735,0.9689855349003735,1.2373080762199196
rnn_only,8,21,14,full,0.01,0.9790865783954545,0.9790865783954545,1.2664433530318477
rnn_only,8,21,15,full,0.01,0.9908661242798528,0.9908661242798528,1.282461581591817
rnn_only,8,21,16,full,0.01,1.0096332071431606,1.0096332071431606,1.3269503909120672
rnn_only,8,21,17,full,0.01,1.0441562514626423,1.0441562514626423,1.3788027630639423
rnn_only,8,21,18,full,0.01,1.1932833799522593,1.1932833799522593,1.4980473524478382
rnn_only,8,21,19,full,0.01,1.183384105307825,1.183384105307825,1.6231407081208442
rnn_only,8,21,1,full,0.1,1.1293454740092619,1.1293454740092619,1.2048103643795862
rnn_only,8,21,2,full,0.1,1.0265080266502586,1.0265080266502586,1.1981826211529423
rnn_only,8,21,3,full,0.1,0.9793220334234739,0.9793220334234739,1.1745988467527342
rnn_only,8,21,4,full,0.1,0.970845906500453,0.970845906500453,1.161037382284873
rnn_only,8,21,5,full,0.1,0.9392647064556144,0.9392647064556144,1.129897649388474
rnn_only,8,21,6,full,0.1,0.9276505909206848,0.9276505909206848,1.1237377534293782
rnn_only,8,21,7,full,0.1,0.9402180356718597,0.9402180356718597,1.1415948307525738
rnn_only,8,21,8,full,0.1,0.9555845341354293,0.9555845341354293,1.1672529755380932
rnn_only,8,21,9,full,0.1,0.947819508715777,0.947819508715777,1.1763399074011986
rnn_only,8,21,10,full,0.1,0.9416929361293428,0.9416929361293428,1.1791636509079124
rnn_only,8,21,11,full,0.1,0.9551565472622192,0.9551565472622192,1.1899478167441044
rnn_only,8,21,12,full,0.1,0.9676511047803029,0.9676511047803029,1.2067035723626107
rnn_only,8,21,13,full,0.1,0.9684236796094025,0.9684236796094025,1.235754169962467
rnn_only,8,21,14,full,0.1,0.9782824823625498,0.9782824823625498,1.2648362701301683
rnn_only,8,21,15,full,0.1,0.9904564539361853,0.9904564539361853,1.2811719344584271
rnn_only,8,21,16,full,0.1,1.0093048474330084,1.0093048474330084,1.3258191697793624
rnn_only,8,21,17,full,0.1,1.0435296493194846,1.0435296493194846,1.3769649801959503
rnn_only,8,21,18,full,0.1,1.1918343006231513,1.1918343006231513,1.49541583509245
rnn_only,8,21,19,full,0.1,1.1819749414029617,1.1819749414029617,1.6180832403168885
rnn_only,8,21,1,full,0.3,1.1288529106226912,1.1288529106226912,1.2046624034629358
rnn_only,8,21,2,full,0.3,1.0248021903331654,1.0248021903331654,1.1975022088946412
rnn_only,8,21,3,full,0.3,0.9773382201755767,0.9773382201755767,1.17320145167848
rnn_only,8,21,4,full,0.3,0.9692087365858157,0.9692087365858157,1.1597697662810194
rnn_only,8,21,5,full,0.3,0.9385863359427884,0.9385863359427884,1.1292834688558788
rnn_only,8,21,6,full,0.3,0.9274052307725129,0.9274052307725129,1.1234059252005655
rnn_only,8,21,7,full,0.3,0.9398575083658385,0.9398575083658385,1.141281525365889
rnn_only,8,21,8,full,0.3,0.9548889250318753,0.9548889250318753,1.1665681508363286
rnn_only,8,21,9,full,0.3,0.9467276953471093,0.9467276953471093,1.1754813749269122
rnn_only,8,21,10,full,0.3,0.9406331680521411,0.9406331680521411,1.1783053847388898
rnn_only,8,21,11,full,0.3,0.9541301751653694,0.9541301751653694,1.1888776059449353
rnn_only,8,21,12,full,0.3,0.9671031490735533,0.9671031490735533,1.2061852058002627
rnn_only,8,21,13,full,0.3,0.9683554697677241,0.9683554697677241,1.2352676302525272
rnn_only,8,21,14,full,0.3,0.9782718320574882,0.9782718320574882,1.2641848974480032
rnn_only,8,21,15,full,0.3,0.9913246838961917,0.9913246838961917,1.2812279574704684
rnn_only,8,21,16,full,0.3,1.0105928592513078,1.0105928592513078,1.3258531198052506
rnn_only,8,21,17,full,0.3,1.044786363344285,1.044786363344285,1.3766969577889738
rnn_only,8,21,18,full,0.3,1.1915332188430363,1.1915332188430363,1.492825625467578
rnn_only,8,21,19,full,0.3,1.1791415434134336,1.1791415434134336,1.6073208388831786
rnn_only,8,25,1,full,0.001,0.9982558876250556,0.9982558876250556,1.145722917638287
rnn_only,8,25,2,full,0.001,0.8690799587557048,0.8690799587557048,1.1442629596157858
rnn_only,8,25,3,full,0.001,0.8718204764196624,0.8718204764196624,1.1389618786675515
rnn_only,8,25,4,full,0.001,0.8888351411655119,0.8888351411655119,1.1291819376811567
rnn_only,8,25,5,full,0.001,0.8653510565729656,0.8653510565729656,1.0972991414209503
rnn_only,8,25,6,full,0.001,0.824579460650686,0.824579460650686,1.0603599026431776
rnn_only,8,25,7,full,0.001,0.8195445989737562,0.8195445989737562,1.0499042294032324
rnn_only,8,25,8,full,0.001,0.8141104447124349,0.8141104447124349,1.0362223228850345
rnn_only,8,25,9,full,0.001,0.8053483901870463,0.8053483901870463,1.0282343902052264
rnn_only,8,25,10,full,0.001,0.8041576175762184,0.8041576175762184,1.0342685838643693
rnn_only,8,25,11,full,0.001,0.7966481609483251,0.7966481609483251,1.026519045245499
rnn_only,8,25,12,full,0.001,0.7800909692887058,0.7800909692887058,0.9993989876007668
rnn_only,8,25,13,full,0.001,0.7782033508266804,0.7782033508266804,0.9947725689113929
rnn_only,8,25,14,full,0.001,0.7819708978425399,0.7819708978425399,1.0036279759317903
rnn_only,8,25,15,full,0.001,0.7822515311042042,0.7822515311042042,1.0108544090620422
rnn_only,8,25,16,full,0.001,0.7838021240310054,0.7838021240310054,1.0188373503782406
rnn_only,8,25,17,full,0.001,0.7918129311060191,0.7918129311060191,1.0341349474579835
rnn_only,8,25,18,full,0.001,0.780338529281002,0.780338529281002,1.024798098834712
rnn_only,8,25,19,full,0.001,0.7912573015869938,0.7912573015869938,1.0366000174356707
rnn_only,8,25,20,full,0.001,0.8130135172482569,0.8130135172482569,1.0978646575688429
rnn_only,8,25,21,full,0.001,0.8272127718212583,0.8272127718212583,1.1399677409024034
rnn_only,8,25,22,full,0.001,0.8854085120983598,0.8854085120983598,1.1900148662307883
rnn_only,8,25,23,full,0.001,1.0085296678064124,1.0085296678064124,1.3826762015168659
rnn_only,8,25,1,full,0.01,0.9983685527118544,0.9983685527118544,1.1457695685037776
rnn_only,8,25,2,full,0.01,0.8696252889449245,0.8696252889449245,1.1448807898795401
rnn_only,8,25,3,full,0.01,0.8720987735542842,0.8720987735542842,1.1394337557170098
rnn_only,8,25,4,full,0.01,0.8891088735379462,0.8891088735379462,1.1295869172759032
rnn_only,8,25,5,full,0.01,0.8657410906174373,0.8657410906174373,1.0977555775953305
rnn_only,8,25,6,full,0.01,0.8250366137279612,0.8250366137279612,1.0608995255750662
rnn_only,8,25,7,full,0.01,0.8200360193627603,0.8200360193627603,1.0504882020087143
rnn_only,8,25,8,full,0.01,0.8145342570159004,0.8145342570159004,1.036750987468505
rnn_only,8,25,9,full,0.01,0.8058268922918077,0.8058268922918077,1.0287877232477287
rnn_only,8,25,10,full,0.01,0.8047362661241699,0.8047362661241699,1.0349057438672966
rnn_only,8,25,11,full,0.01,0.797185382146121,0.797185382146121,1.027168614855385
rnn_only,8,25,12,full,0.01,0.7805741458595878,0.7805741458595878,0.9999901845240577
rnn_only,8,25,13,full,0.01,0.7786501051847913,0.7786501051847913,0.9953417452084486
rnn_only,8,25,14,full,0.01,0.7824782870787884,0.7824782870787884,1.0041761308482045
rnn_only,8,25,15,full,0.01,0.7827616865102075,0.7827616865102075,1.011486789693111
rnn_only,8,25,16,full,0.01,0.7842438630602186,0.7842438630602186,1.0194856496802724
rnn_only,8,25,17,full,0.01,0.7922772164886805,0.7922772164886805,1.0347613683005268
rnn_only,8,25,18,full,0.01,0.7808034679736242,0.7808034679736242,1.025269978623825
rnn_only,8,25,19,full,0.01,0.7917169044706961,0.7917169044706961,1.037154935148643
rnn_only,8,25,20,full,0.01,0.8135264739905992,0.8135264739905992,1.0985034493835406
rnn_only,8,25,21,full,0.01,0.8277326865290487,0.8277326865290487,1.140601108918498
rnn_only,8,25,22,full,0.01,0.8861179712805983,0.8861179712805983,1.1908543309611375
rnn_only,8,25,23,full,0.01,1.0092697909015937,1.0092697909015937,1.3837351903473714
rnn_only,8,25,1,full,0.1,0.9986927171216784,0.9986927171216784,1.1458726032857836
rnn_only,8,25,2,full,0.1,0.8694736744670704,0.8694736744670704,1.1446873534462731
rnn_only,8,25,3,full,0.1,0.8711187918196877,0.8711187918196877,1.1385792110869293
rnn_only,8,25,4,full,0.1,0.8879862501197894,0.8879862501197894,1.1287282363548705
rnn_only,8,25,5,full,0.1,0.8649915871293604,0.8649915871293604,1.09721168107557
rnn_only,8,25,6,full,0.1,0.8245442221476643,0.8245442221476643,1.0606563766245487
rnn_only,8,25,7,full,0.1,0.8196128452404952,0.8196128452404952,1.0502477656354783
rnn_only,8,25,8,full,0.1,0.8139405847817954,0.8139405847817954,1.0363898536970875
rnn_only,8,25,9,full,0.1,0.8050997694034309,0.8050997694034309,1.0280393349522305
rnn_only,8,25,10,full,0.1,0.8038584433030531,0.8038584433030531,1.0337479097245508
rnn_only,8,25,11,full,0.1,0.7964132463286806,0.7964132463286806,1.0262441496960193
rnn_only,8,25,12,full,0.1,0.7795273005018252,0.7795273005018252,0.9989403386820792
rnn_only,8,25,13,full,0.1,0.7775166046044943,0.7775166046044943,0.9940184232672801
rnn_only,8,25,14,full,0.1,0.7814225029993851,0.7814225029993851,1.0027245395552895
rnn_only,8,25,15,full,0.1,0.7817711437351902,0.7817711437351902,1.0101773518140895
rnn_only,8,25,16,full,0.1,0.7832335341147387,0.7832335341147387,1.017965423347929
rnn_only,8,25,17,full,0.1,0.791381348222302,0.791381348222302,1.0332661296354384
rnn_only,8,25,18,full,0.1,0.7797840314360385,0.7797840314360385,1.0236886741825322
rnn_only,8,25,19,full,0.1,0.7905651732395141,0.7905651732395141,1.0352999532616818
rnn_only,8,25,20,full,0.1,0.8120281956302672,0.8120281956302672,1.0955622700280006
rnn_only,8,25,21,full,0.1,0.8266344489785374,0.8266344489785374,1.1378092829733268
rnn_only,8,25,22,full,0.1,0.8848652452836313,0.8848652452836313,1.1880158211577825
rnn_only,8,25,23,full,0.1,1.0078259759484132,1.0078259759484132,1.3798524028828574
rnn_only,8,25,1,full,0.3,1.0003365970648643,1.0003365970648643,1.1465884592202147
rnn_only,8,25,2,full,0.3,0.8717397135630207,0.8717397135630207,1.1456519468583144
rnn_only,8,25,3,full,0.3,0.8718121655288265,0.8718121655288265,1.139756704357275
rnn_only,8,25,4,full,0.3,0.888135243908718,0.888135243908718,1.129576556677435
rnn_only,8,25,5,full,0.3,0.8656049402085756,0.8656049402085756,1.098587701791716
rnn_only,8,25,6,full,0.3,0.8255082954703076,0.8255082954703076,1.0622754951485769
rnn_only,8,25,7,full,0.3,0.8211144568184146,0.8211144568184146,1.0525536221336822
rnn_only,8,25,8,full,0.3,0.8150597923401723,0.8150597923401723,1.038228762917081
rnn_only,8,25,9,full,0.3,0.8057658150403461,0.8057658150403461,1.0290405909393556
rnn_only,8,25,10,full,0.3,0.8040081939797308,0.8040081939797308,1.0342370676883024
rnn_only,8,25,11,full,0.3,0.7966473767605355,0.7966473767605355,1.0270450512825264
rnn_only,8,25,12,full,0.3,0.7793801191210812,0.7793801191210812,0.9992222198268039
rnn_only,8,25,13,full,0.3,0.7777257196136688,0.7777257196136688,0.994194968611003
rnn_only,8,25,14,full,0.3,0.7818491146724484,0.7818491146724484,1.0032546323629417
rnn_only,8,25,15,full,0.3,0.7821319171952559,0.7821319171952559,1.0106143294106542
rnn_only,8,25,16,full,0.3,0.7842608119472773,0.7842608119472773,1.018675183527479
rnn_only,8,25,17,full,0.3,0.7922116342848795,0.7922116342848795,1.0338800376855959
rnn_only,8,25,18,full,0.3,0.7802813073149699,0.7802813073149699,1.0237902400334105
rnn_only,8,25,19,full,0.3,0.7908265081169481,0.7908265081169481,1.0345467769180776
rnn_only,8,25,20,full,0.3,0.8119348168989551,0.8119348168989551,1.0935560652306386
rnn_only,8,25,21,full,0.3,0.8265707191203919,0.8265707191203919,1.1357625224422705
rnn_only,8,25,22,full,0.3,0.8837583190994069,0.8837583190994069,1.1839612430887798
rnn_only,8,25,23,full,0.3,1.0052295709598742,1.0052295709598742,1.3716636025471205
rnn_only,8,30,1,full,0.001,0.9342346542818784,0.9342346542818784,1.1450069462246435
rnn_only,8,30,2,full,0.001,0.8373850593872507,0.8373850593872507,1.1972618196943114
rnn_only,8,30,3,full,0.001,0.8756424051092944,0.8756424051092944,1.246432540979037
rnn_only,8,30,4,full,0.001,0.912240608454274,0.912240608454274,1.2747930138224437
rnn_only,8,30,5,full,0.001,0.8840805074258202,0.8840805074258202,1.2374003163383054
rnn_only,8,30,6,full,0.001,0.8479047306445671,0.8479047306445671,1.197511193861391
rnn_only,8,30,7,full,0.001,0.840116812805912,0.840116812805912,1.1806722578781512
rnn_only,8,30,8,full,0.001,0.8313832384720277,0.8313832384720277,1.1660803467625471
rnn_only,8,30,9,full,0.001,0.8193566775706105,0.8193566775706105,1.151718743022678
rnn_only,8,30,10,full,0.001,0.8070499977315886,0.8070499977315886,1.13165671893489
rnn_only,8,30,11,full,0.001,0.7904892227943697,0.7904892227943697,1.1144785954131895
rnn_only,8,30,12,full,0.001,0.7827142796310886,0.7827142796310886,1.104055463084134
rnn_only,8,30,13,full,0.001,0.7661989389201975,0.7661989389201975,1.078424861637577
rnn_only,8,30,14,full,0.001,0.7537162168679342,0.7537162168679342,1.0511853517135306
rnn_only,8,30,15,full,0.001,0.7489377953535454,0.7489377953535454,1.0400968098785306
rnn_only,8,30,16,full,0.001,0.7424732516541406,0.7424732516541406,1.0281424767923306
rnn_only,8,30,17,full,0.001,0.7391017665472235,0.7391017665472235,1.0093330123490176
rnn_only,8,30,18,full,0.001,0.7318077038090572,0.7318077038090572,0.9968603201636894
rnn_only,8,30,19,full,0.001,0.7243014506511332,0.7243014506511332,0.9920581550801064
rnn_only,8,30,20,full,0.001,0.7062299470959563,0.7062626685697795,0.9699797629066489
rnn_only,8,30,21,full,0.001,0.6950495793557269,0.6950820833998924,0.9532268583606005
rnn_only,8,30,22,full,0.001,0.6938431501163951,0.6938764886952424,0.9493190867101584
rnn_only,8,30,23,full,0.001,0.690165692290098,0.6902724758474997,0.9455158084732257
rnn_only,8,30,24,full,0.001,0.6944746251208946,0.6946279149681271,0.9581701984974802
rnn_only,8,30,25,full,0.001,0.7143913284754042,0.7145140330337861,1.0205061089023069
rnn_only,8,30,26,full,0.001,0.717738521987279,0.7178353932924186,1.0656399023973435
rnn_only,8,30,27,full,0.001,0.723881717566429,0.7239385744134387,1.1168552263800662
rnn_only,8,30,28,full,0.001,0.7537939862215252,0.7537939862215252,1.2097454144516349
rnn_only,8,30,1,full,0.01,0.9342154320003037,0.9342154320003037,1.144928336249426
rnn_only,8,30,2,full,0.01,0.8370507940976054,0.8370507940976054,1.1968124856506641
rnn_only,8,30,3,full,0.01,0.875241672981266,0.875241672981266,1.2459496374213432
rnn_only,8,30,4,full,0.01,0.9117480918713474,0.9117480918713474,1.2742687392614922
rnn_only,8,30,5,full,0.01,0.8835333012331943,0.8835333012331943,1.2367786362481028
rnn_only,8,30,6,full,0.01,0.8473837136235525,0.8473837136235525,1.1968577315032487
rnn_only,8,30,7,full,0.01,0.8395287669790908,0.8395287669790908,1.1799792579115738
rnn_only,8,30,8,full,0.01,0.8308077666055398,0.8308077666055398,1.1654239250609735
rnn_only,8,30,9,full,0.01,0.8187933653953962,0.8187933653953962,1.1510868989251808
rnn_only,8,30,10,full,0.01,0.8063062168548938,0.8063062168548938,1.1308330283032468
rnn_only,8,30,11,full,0.01,0.7898767730052563,0.7898767730052563,1.1137674731271954
rnn_only,8,30,12,full,0.01,0.7820541978667853,0.7820541978667853,1.1032514439281365
rnn_only,8,30,13,full,0.01,0.7655617250274402,0.7655617250274402,1.0776603464644838
rnn_only,8,30,14,full,0.01,0.7530789363497018,0.7530789363497018,1.0504022339869907
rnn_only,8,30,15,full,0.01,0.7483120276650739,0.7483120276650739,1.0392179021792691
rnn_only,8,30,16,full,0.01,0.7418400327274547,0.7418400327274547,1.0273002187505043
rnn_only,8,30,17,full,0.01,0.7384633834131723,0.7384633834131723,1.008533510545083
rnn_only,8,30,18,full,0.01,0.7312714057370202,0.7312714057370202,0.9961467726513789
rnn_only,8,30,19,full,0.01,0.7237503079865112,0.7237503079865112,0.9913842067486588
rnn_only,8,30,20,full,0.01,0.7056464783242714,0.7056790815206411,0.9692934918119694
rnn_only,8,30,21,full,0.01,0.6943973593650378,0.6944297272257347,0.952596267123248
rnn_only,8,30,22,full,0.01,0.6931562732482848,0.6931894632202724,0.9486329993515994
rnn_only,8,30,23,full,0.01,0.6893840171171061,0.6894906311648301,0.944563208650929
rnn_only,8,30,24,full,0.01,0.6937814439533885,0.6939345359539371,0.9571389203340006
rnn_only,8,30,25,full,0.01,0.7137957269876036,0.7139182113462618,1.019619959503927
rnn_only,8,30,26,full,0.01,0.7171787596680934,0.7172754500672638,1.0646752053891535
rnn_only,8,30,27,full,0.01,0.7232899232969373,0.7233465839819266,1.115696028644772
rnn_only,8,30,28,full,0.01,0.7531090051113758,0.7531090051113758,1.208199923832212
rnn_only,8,30,1,full,0.1,0.9353555683660053,0.9353555683660053,1.1450168896906883
rnn_only,8,30,2,full,0.1,0.8397671196453516,0.8397671196453516,1.1978412100326872
rnn_only,8,30,3,full,0.1,0.8774134141774328,0.8774134141774328,1.2471221209405274
rnn_only,8,30,4,full,0.1,0.9135350640173485,0.9135350640173485,1.2750705173116006
rnn_only,8,30,5,full,0.1,0.8854248079127806,0.8854248079127806,1.2377339514084515
rnn_only,8,30,6,full,0.1,0.8494916842486546,0.8494916842486546,1.1981015357703746
rnn_only,8,30,7,full,0.1,0.8416630856319183,0.8416630856319183,1.1813694585783538
rnn_only,8,30,8,full,0.1,0.8328231319955437,0.8328231319955437,1.1664686311539585
rnn_only,8,30,9,full,0.1,0.8207359523742728,0.8207359523742728,1.151979103321377
rnn_only,8,30,10,full,0.1,0.8079434124898377,0.8079434124898377,1.131893059912306
rnn_only,8,30,11,full,0.1,0.7913833956035471,0.7913833956035471,1.114279597463637
rnn_only,8,30,12,full,0.1,0.7833395702590685,0.7833395702590685,1.1032869340521434
rnn_only,8,30,13,full,0.1,0.7672202810757064,0.7672202810757064,1.0779977384274058
rnn_only,8,30,14,full,0.1,0.7551795899468849,0.7551795899468849,1.0514138518787264
rnn_only,8,30,15,full,0.1,0.7509763399157571,0.7509763399157571,1.0408669733673863
rnn_only,8,30,16,full,0.1,0.7444670604842751,0.7444670604842751,1.0292224398141638
rnn_only,8,30,17,full,0.1,0.7409134835316677,0.7409134835316677,1.0104358902755615
rnn_only,8,30,18,full,0.1,0.7337296771758921,0.7337296771758921,0.9976711274815957
rnn_only,8,30,19,full,0.1,0.7259130030068414,0.7259130030068414,0.9926467197685546
rnn_only,8,30,20,full,0.1,0.7073338473930509,0.7073655395809999,0.9700067209124499
rnn_only,8,30,21,full,0.1,0.6960296741931333,0.6960612533056652,0.9530542581115101
rnn_only,8,30,22,full,0.1,0.6949492022531825,0.6949816727676653,0.9489445276892743
rnn_only,8,30,23,full,0.1,0.6912536805874863,0.6913585702077242,0.9449524084354265
rnn_only,8,30,24,full,0.1,0.6957309352147367,0.6958819207554046,0.9572791135635872
rnn_only,8,30,25,full,0.1,0.7157067882876245,0.7158271415620845,1.019585974671782
rnn_only,8,30,26,full,0.1,0.7186975756664131,0.7187651074991823,1.064017314243618
rnn_only,8,30,27,full,0.1,0.7233426985423324,0.7233977464071872,1.1134861402777938
rnn_only,8,30,28,full,0.1,0.7524956717904814,0.7524956717904814,1.2022575569367677
rnn_only,8,30,1,full,0.3,0.9404562194933279,0.9404562194933279,1.1480730932128425
rnn_only,8,30,2,full,0.3,0.8516421685848399,0.8516421685848399,1.206726489968061
rnn_only,8,30,3,full,0.3,0.8890393935085724,0.8890393935085724,1.2563475059984326
rnn_only,8,30,4,full,0.3,0.9256240086080871,0.9256240086080871,1.2844268691967005
rnn_only,8,30,5,full,0.3,0.8979499382357756,0.8979499382357756,1.2478897122179669
rnn_only,8,30,6,full,0.3,0.8621712006985759,0.8621712006985759,1.208639591896262
rnn_only,8,30,7,full,0.3,0.8549368934108408,0.8549368934108408,1.192551829193318
rnn_only,8,30,8,full,0.3,0.8463600578662516,0.8463600578662516,1.177699091548965
rnn_only,8,30,9,full,0.3,0.8328597799281505,0.8328597799281505,1.1621813590383607
rnn_only,8,30,10,full,0.3,0.820025644001023,0.820025644001023,1.1420442331045138
rnn_only,8,30,11,full,0.3,0.80377257344071,0.80377257344071,1.1248459194942875
rnn_only,8,30,12,full,0.3,0.7955992066099424,0.7955992066099424,1.1136747620677774
rnn_only,8,30,13,full,0.3,0.7801970496148187,0.7801970496148187,1.0891514553858717
rnn_only,8,30,14,full,0.3,0.7688008548744152,0.7688008548744152,1.0635070037085081
rnn_only,8,30,15,full,0.3,0.7653542403368235,0.7653542403368235,1.0542668928491854
rnn_only,8,30,16,full,0.3,0.7597732313235442,0.7597732313235442,1.043597201845605
rnn_only,8,30,17,full,0.3,0.7567802850727442,0.7567802850727442,1.0256818033190167
rnn_only,8,30,18,full,0.3,0.7500834848812716,0.7500834848812716,1.0137554234241317
rnn_only,8,30,19,full,0.3,0.7425647732679025,0.7425647732679025,1.00908538885328
rnn_only,8,30,20,full,0.3,0.7240341637149689,0.7240657342074042,0.9868610059723864
rnn_only,8,30,21,full,0.3,0.7129636162249908,0.7129951253314829,0.970646305085569
rnn_only,8,30,22,full,0.3,0.7120165323414691,0.7120489645262968,0.9666885873586232
rnn_only,8,30,23,full,0.3,0.709377794804006,0.7094823971538107,0.9633053337226611
rnn_only,8,30,24,full,0.3,0.7147074496532977,0.7148580746341094,0.9763344911603591
rnn_only,8,30,25,full,0.3,0.7363420358724113,0.7364620453487039,1.0407233760199015
rnn_only,8,30,26,full,0.3,0.7392547843880823,0.7393451333022186,1.0863009203879694
rnn_only,8,30,27,full,0.3,0.7431564186837728,0.7432107113970479,1.1363308255753952
rnn_only,8,30,28,full,0.3,0.7691534329764145,0.7691534329764145,1.2256973721662163
cb_rnn,1,7,1,full,0.001,1.070921625298793,1.070921625298793,1.136427804650681
cb_rnn,1,7,2,full,0.001,1.111614076469671,1.111614076469671,1.2068455905730553
cb_rnn,1,7,3,full,0.001,1.100000328138387,1.100000328138387,1.2094767548205834
cb_rnn,1,7,4,full,0.001,1.1900682271581466,1.1900682271581466,1.3088897951477652
cb_rnn,1,7,5,full,0.001,1.1675695647887705,1.1675695647887705,1.318869890201308
cb_rnn,1,7,1,full,0.01,1.0708614990989527,1.0708614990989527,1.1363440738963262
cb_rnn,1,7,2,full,0.01,1.1115416329615355,1.1115416329615355,1.2068388026040369
cb_rnn,1,7,3,full,0.01,1.0999293234144263,1.0999293234144263,1.2094443100315735
cb_rnn,1,7,4,full,0.01,1.1902349599792807,1.1902349599792807,1.3090469078320421
cb_rnn,1,7,5,full,0.01,1.167629935218662,1.167629935218662,1.3190603288193046
cb_rnn,1,7,1,full,0.1,1.0708758286619378,1.0708758286619378,1.1358683827806928
cb_rnn,1,7,2,full,0.1,1.1115888945183556,1.1115888945183556,1.206219342440696
cb_rnn,1,7,3,full,0.1,1.0996675637175284,1.0996675637175284,1.208906918141702
cb_rnn,1,7,4,full,0.1,1.189118411772831,1.189118411772831,1.3077852091175908
cb_rnn,1,7,5,full,0.1,1.1659015208791317,1.1659015208791317,1.31677504688134
cb_rnn,1,7,1,full,0.3,1.0690763429618586,1.0690763429618586,1.1335698921650113
cb_rnn,1,7,2,full,0.3,1.1085730813544157,1.1085730813544157,1.2021884132157525
cb_rnn,1,7,3,full,0.3,1.095516927653844,1.095516927653844,1.2048223646322835
cb_rnn,1,7,4,full,0.3,1.1835590180402265,1.1835590180402265,1.3020543863596963
cb_rnn,1,7,5,full,0.3,1.1587943890087846,1.1587943890087846,1.3094574924360343
cb_rnn,1,7,1,clamped,0.001,0.6360115366584955,0.6360115366584955,0.7193300151645201
cb_rnn,1,7,2,clamped,0.001,0.4415857491005467,0.4415857491005467,0.5308279733389621
cb_rnn,1,7,3,clamped,0.001,0.31286033876321384,0.31286033876321384,0.4128223108359951
cb_rnn,1,7,4,clamped,0.001,0.20551863345346727,0.20551863345346727,0.31878048524447034
cb_rnn,1,7,5,clamped,0.001,0.13902087066770275,0.13902087066770275,0.23720251150186375
cb_rnn,1,7,1,clamped,0.01,0.6360088028506016,0.6360088028506016,0.7193107471227382
cb_rnn,1,7,2,clamped,0.01,0.44157474612879444,0.44157474612879444,0.530838542188355
cb_rnn,1,7,3,clamped,0.01,0.3128430207059238,0.3128430207059238,0.4128167646226184
cb_rnn,1,7,4,clamped,0.01,0.20549082089063542,0.20549082089063542,0.3187641484238336
cb_rnn,1,7,5,clamped,0.01,0.13900375093642495,0.13900375093642495,0.23718130737802906
cb_rnn,1,7,1,clamped,0.1,0.6358661872911837,0.6358661872911837,0.7190620422042037
cb_rnn,1,7,2,clamped,0.1,0.4415102463910304,0.4415102463910304,0.5306401701769146
cb_rnn,1,7,3,clamped,0.1,0.3127133517871755,0.3127133517871755,0.4126647491206229
cb_rnn,1,7,4,clamped,0.1,0.20533909773959994,0.20533909773959994,0.31867269398472886
cb_rnn,1,7,5,clamped,0.1,0.13893356608074117,0.13893356608074117,0.2371031992694384
cb_rnn,1,7,1,clamped,0.3,0.635144920361935,0.635144920361935,0.7181181592468984
cb_rnn,1,7,2,clamped,0.3,0.44083635306096985,0.44083635306096985,0.5297774871095717
cb_rnn,1,7,3,clamped,0.3,0.3120045082738769,0.3120045082738769,0.41188428038141534
cb_rnn,1,7,4,clamped,0.3,0.20470787514530625,0.20470787514530625,0.31807732954945955
cb_rnn,1,7,5,clamped,0.3,0.13853391552402494,0.13853391552402494,0.23657884646822963
cb_rnn,1,11,1,full,0.001,0.9598771030783195,0.9598771030783195,0.9847930089864079
cb_rnn,1,11,2,full,0.001,0.9096489712919524,0.9096489712919524,0.9463254133645691
cb_rnn,1,11,3,full,0.001,0.8519693548653224,0.8519693548653224,0.8900171162328849
cb_rnn,1,11,4,full,0.001,0.8358364798480413,0.8358364798480413,0.8813531021531711
cb_rnn,1,11,5,full,0.001,0.8294598564937492,0.8294598564937492,0.8834521923541739
cb_rnn,1,11,6,full,0.001,0.8580839148289403,0.8580839148289403,0.9137763811049142
cb_rnn,1,11,7,full,0.001,0.8327737948339398,0.8327737948339398,0.8921674247960152
cb_rnn,1,11,8,full,0.001,0.8918200547287931,0.8918200547287931,0.9621841422928986
cb_rnn,1,11,9,full,0.001,0.9043200823433932,0.9043200823433932,1.0013176968187114
cb_rnn,1,11,1,full,0.01,0.9599079021043897,0.9599079021043897,0.9848066858529678
cb_rnn,1,11,2,full,0.01,0.9095466523841975,0.9095466523841975,0.9462374387633851
cb_rnn,1,11,3,full,0.01,0.8518758457196696,0.8518758457196696,0.8899248111473488
cb_rnn,1,11,4,full,0.01,0.8357051361163779,0.8357051361163779,0.8812402013855443
cb_rnn,1,11,5,full,0.01,0.8293259730130936,0.8293259730130936,0.8832887392714963
cb_rnn,1,11,6,full,0.01,0.8579330569389587,0.8579330569389587,0.9135940683279177
cb_rnn,1,11,7,full,0.01,0.8325726314648924,0.8325726314648924,0.8919607660358346
cb_rnn,1,11,8,full,0.01,0.8916510362358993,0.8916510362358993,0.9620375642689027
cb_rnn,1,11,9,full,0.01,0.9043046503429306,0.9043046503429306,1.0013679793447112
cb_rnn,1,11,1,full,0.1,0.9597067671065742,0.9597067671065742,0.9846681163278388
cb_rnn,1,11,2,full,0.1,0.9092337815863665,0.9092337815863665,0.9460288388344995
cb_rnn,1,11,3,full,0.1,0.8514308127210226,0.8514308127210226,0.8895438061349501
cb_rnn,1,11,4,full,0.1,0.8352834310235527,0.8352834310235527,0.8808828077421209
cb_rnn,1,11,5,full,0.1,0.8290067049468041,0.8290067049468041,0.8830838704771684
cb_rnn,1,11,6,full,0.1,0.8572645927689362,0.8572645927689362,0.9130469417931578
cb_rnn,1,11,7,full,0.1,0.8320528412838488,0.8320528412838488,0.8915102842470453
cb_rnn,1,11,8,full,0.1,0.8907940610304387,0.8907940610304387,0.9611455585490047
cb_rnn,1,11,9,full,0.1,0.9032722902897534,0.9032722902897534,1.0002463954097272
cb_rnn,1,11,1,full,0.3,0.9591068825937418,0.9591068825937418,0.9841341659219001
cb_rnn,1,11,2,full,0.3,0.9084331011789274,0.9084331011789274,0.945532892222818
cb_rnn,1,11,3,full,0.3,0.8503299804028936,0.8503299804028936,0.8889012334672166
cb_rnn,1,11,4,full,0.3,0.8345249740961077,0.8345249740961077,0.8804754436033431
cb_rnn,1,11,5,full,0.3,0.8284161347089352,0.8284161347089352,0.8831378660322624
cb_rnn,1,11,6,full,0.3,0.8557621222266485,0.8557621222266485,0.9126531578213377
cb_rnn,1,11,7,full,0.3,0.831000972865362,0.831000972865362,0.8912436063074509
cb_rnn,1,11,8,full,0.3,0.8900923218600545,0.8900923218600545,0.9610504393217951
cb_rnn,1,11,9,full,0.3,0.901851333294848,0.901851333294848,0.9987390813230099
cb_rnn,1,11,1,clamped,0.001,0.7125828788711233,0.7125828788711233,0.7837797463021601
cb_rnn,1,11,2,clamped,0.001,0.550086025077432,0.550086025077432,0.6439500492484789
cb_rnn,1,11,3,clamped,0.001,0.4645084611228272,0.4645084611228272,0.5554478298845487
cb_rnn,1,11,4,clamped,0.001,0.3970714167106902,0.3970714167106902,0.4895330635467662
cb_rnn,1,11,5,clamped,0.001,0.327426162685092,0.327426162685092,0.4250738563098345
cb_rnn,1,11,6,clamped,0.001,0.24314116842446332,0.24314116842446332,0.35891485534652323
cb_rnn,1,11,7,clamped,0.001,0.1944470872844235,0.1944470872844235,0.29502532260830683
cb_rnn,1,11,8,clamped,0.001,0.14001716910648837,0.14001716910648837,0.23597773561721555
cb_rnn,1,11,9,clamped,0.001,0.11091356071510852,0.11091356071510852,0.18449813206882487
cb_rnn,1,11,1,clamped,0.01,0.712591419674331,0.712591419674331,0.7837781687506544
cb_rnn,1,11,2,clamped,0.01,0.5500380921447988,0.5500380921447988,0.6438996941987558
cb_rnn,1,11,3,clamped,0.01,0.46445830645591,0.46445830645591,0.5553828844131368
cb_rnn,1,11,4,clamped,0.01,0.3970009985751294,0.3970009985751294,0.48946365369883715
cb_rnn,1,11,5,clamped,0.01,0.3273726211055813,0.3273726211055813,0.425008664114376
cb_rnn,1,11,6,clamped,0.01,0.24310283656167647,0.24310283656167647,0.35886188425401455
cb_rnn,1,11,7,clamped,0.01,0.19441238417479034,0.19441238417479034,0.29497498707577574
cb_rnn,1,11,8,clamped,0.01,0.1399943395829107,0.1399943395829107,0.2359337390280008
cb_rnn,1,11,9,clamped,0.01,0.1108965010138089,0.1108965010138089,0.18446533133449583
cb_rnn,1,11,1,clamped,0.1,0.7124319977419169,0.7124319977419169,0.7836605539225909
cb_rnn,1,11,2,clamped,0.1,0.5498252763823857,0.5498252763823857,0.6436809457407148
cb_rnn,1,11,3,clamped,0.1,0.4641664860305129,0.4641664860305129,0.5550298204006376
cb_rnn,1,11,4,clamped,0.1,0.39670688420826655,0.39670688420826655,0.4890616531326365
cb_rnn,1,11,5,clamped,0.1,0.3270552946100159,0.3270552946100159,0.42459707278289627
cb_rnn,1,11,6,clamped,0.1,0.24284628138938152,0.24284628138938152,0.35850349600326203
cb_rnn,1,11,7,clamped,0.1,0.19419265051058532,0.19419265051058532,0.294654623244645
cb_rnn,1,11,8,clamped,0.1,0.1398077628677192,0.1398077628677192,0.23566425698880977
cb_rnn,1,11,9,clamped,0.1,0.1107464655361063,0.1107464655361063,0.18423008024241472
cb_rnn,1,11,1,clamped,0.3,0.7117661136031347,0.7117661136031347,0.7830439500051456
cb_rnn,1,11,2,clamped,0.3,0.5490074535913663,0.5490074535913663,0.642830061045849
cb_rnn,1,11,3,clamped,0.3,0.46333621380078027,0.46333621380078027,0.5540551185180487
cb_rnn,1,11,4,clamped,0.3,0.3959494598319762,0.3959494598319762,0.488018040868463
cb_rnn,1,11,5,clamped,0.3,0.32636105022916007,0.32636105022916007,0.4236142211216446
cb_rnn,1,11,6,clamped,0.3,0.24225997643313785,0.24225997643313785,0.35764261444969514
cb_rnn,1,11,7,clamped,0.3,0.19369074912786566,0.19369074912786566,0.29392427633906215
cb_rnn,1,11,8,clamped,0.3,0.13938994308768282,0.13938994308768282,0.23505810496800542
cb_rnn,1,11,9,clamped,0.3,0.11042237763659199,0.11042237763659199,0.18373445593657348
cb_rnn,1,16,1,full,0.001,0.9574075735882113,0.9574075735882113,0.9735048804985438
cb_rnn,1,16,2,full,0.001,0.976223373391168,0.976223373391168,1.0043120101019094
cb_rnn,1,16,3,full,0.001,0.9664883360584468,0.9664883360584468,0.9983095036020697
cb_rnn,1,16,4,full,0.001,0.970658743614838,0.970658743614838,1.0057967610094696
cb_rnn,1,16,5,full,0.001,0.9536551968068524,0.9536551968068524,0.9881387555281491
cb_rnn,1,16,6,full,0.001,0.9317289162789566,0.9317289162789566,0.9679655126817216
cb_rnn,1,16,7,full,0.001,0.9601490371182632,0.9601490371182632,1.004660802757127
cb_rnn,1,16,8,full,0.001,0.9651411383241231,0.9651411383241231,1.0162743096137432
cb_rnn,1,16,9,full,0.001,0.9553453264273853,0.9553453264273853,1.0092707818988607
cb_rnn,1,16,10,full,0.001,0.9832911171085171,0.9832911171085171,1.0459598927969365
cb_rnn,1,16,11,full,0.001,1.031105514817857,1.031105514817857,1.1021724784094469
cb_rnn,1,16,12,full,0.001,1.040991596984874,1.040991596984874,1.1190269269504471
cb_rnn,1,16,13,full,0.001,1.1146475633954356,1.1146475633954356,1.1979463415451979
cb_rnn,1,16,14,full,0.001,1.0834232707771287,1.0834232707771287,1.2425783947410207
cb_rnn,1,16,1,full,0.01,0.9573185058302203,0.9573185058302203,0.9734475230423527
cb_rnn,1,16,2,full,0.01,0.9762053628741677,0.9762053628741677,1.0042684101984887
cb_rnn,1,16,3,full,0.01,0.9664137019785946,0.9664137019785946,0.9982367906618057
cb_rnn,1,16,4,full,0.01,0.9706371988869156,0.9706371988869156,1.0057644323633297
cb_rnn,1,16,5,full,0.01,0.9536472021362223,0.9536472021362223,0.9881324296247325
cb_rnn,1,16,6,full,0.01,0.9316669646600344,0.9316669646600344,0.9679392069980615
cb_rnn,1,16,7,full,0.01,0.9601001462051241,0.9601001462051241,1.0046465239416706
cb_rnn,1,16,8,full,0.01,0.9651497774815458,0.9651497774815458,1.0162946189609585
cb_rnn,1,16,9,full,0.01,0.9554002583473403,0.9554002583473403,1.0093118784959842
cb_rnn,1,16,10,full,0.01,0.9833915613900781,0.9833915613900781,1.0460437942777618
cb_rnn,1,16,11,full,0.01,1.0312418362528744,1.0312418362528744,1.1023127903625085
cb_rnn,1,16,12,full,0.01,1.0412123961118227,1.0412123961118227,1.1192245219031391
cb_rnn,1,16,13,full,0.01,1.1149153163198702,1.1149153163198702,1.1982311244253547
cb_rnn,1,16,14,full,0.01,1.083414686072905,1.083414686072905,1.2424110868195986
cb_rnn,1,16,1,full,0.1,0.9570560723961923,0.9570560723961923,0.973157331571139
cb_rnn,1,16,2,full,0.1,0.9754368843682102,0.9754368843682102,1.003548328368972
cb_rnn,1,16,3,full,0.1,0.9653574509934166,0.9653574509934166,0.9972539476880582
cb_rnn,1,16,4,full,0.1,0.9695954207959565,0.9695954207959565,1.004711426819127
cb_rnn,1,16,5,full,0.1,0.9526905768697965,0.9526905768697965,0.9871754482101434
cb_rnn,1,16,6,full,0.1,0.9306545123242265,0.9306545123242265,0.9670557876936514
cb_rnn,1,16,7,full,0.1,0.9592680453385916,0.9592680453385916,1.0039381243016532
cb_rnn,1,16,8,full,0.1,0.9643688034071809,0.9643688034071809,1.0156641976526501
cb_rnn,1,16,9,full,0.1,0.9546783312375321,0.9546783312375321,1.0088942419357338
cb_rnn,1,16,10,full,0.1,0.9826352248280076,0.9826352248280076,1.0455439559211066
cb_rnn,1,16,11,full,0.1,1.0307772049528858,1.0307772049528858,1.1021463504977556
cb_rnn,1,16,12,full,0.1,1.0408771149100242,1.0408771149100242,1.1192193940344652
cb_rnn,1,16,13,full,0.1,1.1139694117277692,1.1139694117277692,1.1977654915084608
cb_rnn,1,16,14,full,0.1,1.0809090384256883,1.0809090384256883,1.2393673875654931
cb_rnn,1,16,1,full,0.3,0.955726028009914,0.955726028009914,0.9720222762104445
cb_rnn,1,16,2,full,0.3,0.9733910175199971,0.9733910175199971,1.0016718959268056
cb_rnn,1,16,3,full,0.3,0.9630271911125667,0.9630271911125667,0.9949655449523716
cb_rnn,1,16,4,full,0.3,0.967328098189411,0.967328098189411,1.002465787052119
cb_rnn,1,16,5,full,0.3,0.950302131783713,0.950302131783713,0.9849792428088748
cb_rnn,1,16,6,full,0.3,0.9282845231767471,0.9282845231767471,0.9649441379325593
cb_rnn,1,16,7,full,0.3,0.9570313755948873,0.9570313755948873,1.001950205219101
cb_rnn,1,16,8,full,0.3,0.9620676491208595,0.9620676491208595,1.0137645583550783
cb_rnn,1,16,9,full,0.3,0.9521084938028795,0.9521084938028795,1.0069139987240132
cb_rnn,1,16,10,full,0.3,0.9801004383185872,0.9801004383185872,1.0436773592115682
cb_rnn,1,16,11,full,0.3,1.0282092662369244,1.0282092662369244,1.1001765876331526
cb_rnn,1,16,12,full,0.3,1.0384081339423974,1.0384081339423974,1.1170822286329138
cb_rnn,1,16,13,full,0.3,1.111019391193676,1.111019391193676,1.195677040675224
cb_rnn,1,16,14,full,0.3,1.0760573450410362,1.0760573450410362,1.2336028003395194
cb_rnn,1,16,1,clamped,0.001,0.8328340140712007,0.8328340140712007,0.8732178963694724
cb_rnn,1,16,2,clamped,0.001,0.7560636972428199,0.7560636972428199,0.8129294632812042
cb_rnn,1,16,3,clamped,0.001,0.6775982154816014,0.6775982154816014,0.7484515996805122
cb_rnn,1,16,4,clamped,0.001,0.6179056211882665,0.6179056211882665,0.7005736821298925
cb_rnn,1,16,5,clamped,0.001,0.5866107772011261,0.5866107772011261,0.6694891697202511
cb_rnn,1,16,6,clamped,0.001,0.5528020739858144,0.5528020739858144,0.6429113432547916
cb_rnn,1,16,7,clamped,0.001,0.5066872617492888,0.5066872617492888,0.6158892930555611
cb_rnn,1,16,8,clamped,0.001,0.4736788195410356,0.4736788195410356,0.5876163852848553
cb_rnn,1,16,9,clamped,0.001,0.45047757283872636,0.45047757283872636,0.5562274563034171
cb_rnn,1,16,10,clamped,0.001,0.41387294935052277,0.41387294935052277,0.5192283771970783
cb_rnn,1,16,11,clamped,0.001,0.3709893784269682,0.3709893784269682,0.47554849926003784
cb_rnn,1,16,12,clamped,0.001,0.34131341016250966,0.34131341016250966,0.42746391213228696
cb_rnn,1,16,13,clamped,0.001,0.28282944411291033,0.28282944411291033,0.37815951945445353
cb_rnn,1,16,14,clamped,0.001,0.22568959436145014,0.22568959436145014,0.32988840293847144
cb_rnn,1,16,1,clamped,0.01,0.832769974151589,0.832769974151589,0.8731839550083232
cb_rnn,1,16,2,clamped,0.01,0.7560331307511294,0.7560331307511294,0.8128868355111585
cb_rnn,1,16,3,clamped,0.01,0.6775515871881711,0.6775515871881711,0.748400211456392
cb_rnn,1,16,4,clamped,0.01,0.6178529649964202,0.6178529649964202,0.7005119864912147
cb_rnn,1,16,5,clamped,0.01,0.5865555940200023,0.5865555940200023,0.6694222706604898
cb_rnn,1,16,6,clamped,0.01,0.5527264693861458,0.5527264693861458,0.6428249715948902
cb_rnn,1,16,7,clamped,0.01,0.5066269720259884,0.5066269720259884,0.6158240120507503
cb_rnn,1,16,8,clamped,0.01,0.47362960183187974,0.47362960183187974,0.5875661918745985
cb_rnn,1,16,9,clamped,0.01,0.45044079045834773,0.45044079045834773,0.5561842896521609
cb_rnn,1,16,10,clamped,0.01,0.41384425265627334,0.41384425265627334,0.5191931356416808
cb_rnn,1,16,11,clamped,0.01,0.3709646376019791,0.3709646376019791,0.47551714896982966
cb_rnn,1,16,12,clamped,0.01,0.34128754751779355,0.34128754751779355,0.4274358524269147
cb_rnn,1,16,13,clamped,0.01,0.28279834852512864,0.28279834852512864,0.37812324965634314
cb_rnn,1,16,14,clamped,0.01,0.225662145590784,0.225662145590784,0.32985100114814275
cb_rnn,1,16,1,clamped,0.1,0.8326830683380435,0.8326830683380435,0.8730775630514118
cb_rnn,1,16,2,clamped,0.1,0.7556582479561135,0.7556582479561135,0.81246300561046
cb_rnn,1,16,3,clamped,0.1,0.6770906967953799,0.6770906967953799,0.7479263666737662
cb_rnn,1,16,4,clamped,0.1,0.6173936362655483,0.6173936362655483,0.6999891903963523
cb_rnn,1,16,5,clamped,0.1,0.5861094510370204,0.5861094510370204,0.6688974875789762
cb_rnn,1,16,6,clamped,0.1,0.552205987189322,0.552205987189322,0.6422212022167144
cb_rnn,1,16,7,clamped,0.1,0.506164458917874,0.506164458917874,0.6152284619300167
cb_rnn,1,16,8,clamped,0.1,0.4731294639304004,0.4731294639304004,0.5869401824449126
cb_rnn,1,16,9,clamped,0.1,0.44996323390794524,0.44996323390794524,0.555591135858643
cb_rnn,1,16,10,clamped,0.1,0.41339288526956297,0.41339288526956297,0.5186233815744195
cb_rnn,1,16,11,clamped,0.1,0.37059103959584627,0.37059103959584627,0.4750186740257576
cb_rnn,1,16,12,clamped,0.1,0.3409256499263251,0.3409256499263251,0.4269997021164611
cb_rnn,1,16,13,clamped,0.1,0.28249740333704276,0.28249740333704276,0.37773045313154563
cb_rnn,1,16,14,clamped,0.1,0.2254327522978302,0.2254327522978302,0.3295047015489647
cb_rnn,1,16,1,clamped,0.3,0.8315811432522786,0.8315811432522786,0.8721078356999576
cb_rnn,1,16,2,clamped,0.3,0.7541276564997985,0.7541276564997985,0.8109939143295366
cb_rnn,1,16,3,clamped,0.3,0.6755570122447424,0.6755570122447424,0.7462349469690343
cb_rnn,1,16,4,clamped,0.3,0.6157510837369127,0.6157510837369127,0.6981468625382052
cb_rnn,1,16,5,clamped,0.3,0.5843820322273265,0.5843820322273265,0.6669449650905523
cb_rnn,1,16,6,clamped,0.3,0.5505350944169771,0.5505350944169771,0.640209114002831
cb_rnn,1,16,7,clamped,0.3,0.5046349555672598,0.5046349555672598,0.6132681847295149
cb_rnn,1,16,8,clamped,0.3,0.47158207277171293,0.47158207277171293,0.584969164609042
cb_rnn,1,16,9,clamped,0.3,0.4485101089138053,0.4485101089138053,0.5537297076818135
cb_rnn,1,16,10,clamped,0.3,0.4119406305479551,0.4119406305479551,0.5168042115672867
cb_rnn,1,16,11,clamped,0.3,0.36926741303369554,0.36926741303369554,0.4733021844166465
cb_rnn,1,16,12,clamped,0.3,0.3396906413079834,0.3396906413079834,0.4254384489016677
cb_rnn,1,16,13,clamped,0.3,0.28138973474205087,0.28138973474205087,0.3762624967843302
cb_rnn,1,16,14,clamped,0.3,0.2245677969377086,0.2245677969377086,0.32821673683481833
cb_rnn,1,21,1,full,0.001,0.9138730656938228,0.9138730656938228,0.9367189193991623
cb_rnn,1,21,2,full,0.001,0.9148861153442023,0.9148861153442023,0.9484053356769826
cb_rnn,1,21,3,full,0.001,0.9010313581685837,0.9010313581685837,0.9380658325651583
cb_rnn,1,21,4,full,0.001,0.9141291547585619,0.9141291547585619,0.9535704815936793
cb_rnn,1,21,5,full,0.001,0.9291092380758734,0.9291092380758734,0.9712659386134498
cb_rnn,1,21,6,full,0.001,0.9151288477841226,0.9151288477841226,0.9660332996358871
cb_rnn,1,21,7,full,0.001,0.9214394374803055,0.9214394374803055,0.9730000962394594
cb_rnn,1,21,8,full,0.001,0.9232202681458201,0.9232202681458201,0.9763210049901525
cb_rnn,1,21,9,full,0.001,0.8983434558121772,0.8983434558121772,0.9632650935621753
cb_rnn,1,21,10,full,0.001,0.9112442940951564,0.9112442940951564,0.9825391991025598
cb_rnn,1,21,11,full,0.001,0.9318604722016297,0.9318604722016297,1.0035951138792405
cb_rnn,1,21,12,full,0.001,0.9439173250268013,0.9439173250268013,1.0185542350636791
cb_rnn,1,21,13,full,0.001,0.946897092600431,0.946897092600431,1.0229049679825266
cb_rnn,1,21,14,full,0.001,0.9594498296149601,0.9594498296149601,1.0358125439097976
cb_rnn,1,21,15,full,0.001,0.9601934109315862,0.9601934109315862,1.043499930203309
cb_rnn,1,21,16,full,0.001,0.9877047280853394,0.9877047280853394,1.0719381262186274
cb_rnn,1,21,17,full,0.001,1.035770595667449,1.035770595667449,1.1272835093959634
cb_rnn,1,21,18,full,0.001,1.0800171452034173,1.0800171452034173,1.1752376011065948
cb_rnn,1,21,19,full,0.001,0.9999628383349852,0.9999628383349852,1.158643504000782
cb_rnn,1,21,1,full,0.01,0.9138795463753016,0.9138795463753016,0.9367197815037551
cb_rnn,1,21,2,full,0.01,0.914803045992158,0.914803045992158,0.9483343382918507
cb_rnn,1,21,3,full,0.01,0.9009451880751929,0.9009451880751929,0.9379959184996497
cb_rnn,1,21,4,full,0.01,0.9139633809021185,0.9139633809021185,0.9534161950854302
cb_rnn,1,21,5,full,0.01,0.9289490854809488,0.9289490854809488,0.9711172858983053
cb_rnn,1,21,6,full,0.01,0.9150307016876223,0.9150307016876223,0.9659403265294011
cb_rnn,1,21,7,full,0.01,0.9213491281480599,0.9213491281480599,0.9729078277939367
cb_rnn,1,21,8,full,0.01,0.9231261042078835,0.9231261042078835,0.9762395269300945
cb_rnn,1,21,9,full,0.01,0.8982340906780271,0.8982340906780271,0.9631632793107663
cb_rnn,1,21,10,full,0.01,0.9110927354043005,0.9110927354043005,0.9824024583496405
cb_rnn,1,21,11,full,0.01,0.9317128345305096,0.9317128345305096,1.0034606479451789
cb_rnn,1,21,12,full,0.01,0.9437288435137778,0.9437288435137778,1.018385856445622
cb_rnn,1,21,13,full,0.01,0.9467478818922497,0.9467478818922497,1.0227415502315682
cb_rnn,1,21,14,full,0.01,0.9593117677931797,0.9593117677931797,1.035660794574155
cb_rnn,1,21,15,full,0.01,0.9600905538708701,0.9600905538708701,1.0434420674867124
cb_rnn,1,21,16,full,0.01,0.9876666289742487,0.9876666289742487,1.0719413564961011
cb_rnn,1,21,17,full,0.01,1.0357434102033989,1.0357434102033989,1.1273121324175501
cb_rnn,1,21,18,full,0.01,1.0799295463163676,1.0799295463163676,1.1753718710977963
cb_rnn,1,21,19,full,0.01,0.9995826848874645,0.9995826848874645,1.1582236958304266
cb_rnn,1,21,1,full,0.1,0.9132989308078142,0.9132989308078142,0.9361886240820094
cb_rnn,1,21,2,full,0.1,0.9137087525376077,0.9137087525376077,0.947321671650011
cb_rnn,1,21,3,full,0.1,0.8997098407581773,0.8997098407581773,0.9368422510048551
cb_rnn,1,21,4,full,0.1,0.9126801908029087,0.9126801908029087,0.9521569895824247
cb_rnn,1,21,5,full,0.1,0.9277229908368524,0.9277229908368524,0.9699145730363303
cb_rnn,1,21,6,full,0.1,0.9137378403463805,0.9137378403463805,0.9647187978945982
cb_rnn,1,21,7,full,0.1,0.9198934628222124,0.9198934628222124,0.9715894053192303
cb_rnn,1,21,8,full,0.1,0.92155910365148,0.92155910365148,0.9747857023311147
cb_rnn,1,21,9,full,0.1,0.8968780258602137,0.8968780258602137,0.9618681508283693
cb_rnn,1,21,10,full,0.1,0.9098712338371824,0.9098712338371824,0.9812361669886338
cb_rnn,1,21,11,full,0.1,0.9305384488968638,0.9305384488968638,1.0023338270394462
cb_rnn,1,21,12,full,0.1,0.9425044233163524,0.9425044233163524,1.0172429642830558
cb_rnn,1,21,13,full,0.1,0.9455725022052721,0.9455725022052721,1.0218468629914936
cb_rnn,1,21,14,full,0.1,0.9580514418649586,0.9580514418649586,1.0348492462760235
cb_rnn,1,21,15,full,0.1,0.9590647622136026,0.9590647622136026,1.0429961098538736
cb_rnn,1,21,16,full,0.1,0.9866652374048699,0.9866652374048699,1.071525340469158
cb_rnn,1,21,17,full,0.1,1.0346601746045074,1.0346601746045074,1.1268032133201102
cb_rnn,1,21,18,full,0.1,1.0786594871045012,1.0786594871045012,1.1745565135203524
cb_rnn,1,21,19,full,0.1,0.9976307199012417,0.9976307199012417,1.155235963454715
cb_rnn,1,21,1,full,0.3,0.9119380503353312,0.9119380503353312,0.9350253958196719
cb_rnn,1,21,2,full,0.3,0.911237226060485,0.911237226060485,0.9450452311742261
cb_rnn,1,21,3,full,0.3,0.8967425238837468,0.8967425238837468,0.9338947149444252
cb_rnn,1,21,4,full,0.3,0.9093140037648275,0.9093140037648275,0.9488207977193032
cb_rnn,1,21,5,full,0.3,0.9236327078101786,0.9236327078101786,0.9659773157715725
cb_rnn,1,21,6,full,0.3,0.9094963537380419,0.9094963537380419,0.9606265443302078
cb_rnn,1,21,7,full,0.3,0.9155393341052814,0.9155393341052814,0.9673761714373093
cb_rnn,1,21,8,full,0.3,0.9171443180327602,0.9171443180327602,0.9704177889684877
cb_rnn,1,21,9,full,0.3,0.8929276421341356,0.8929276421341356,0.9579665037042356
cb_rnn,1,21,10,full,0.3,0.9062282070420713,0.9062282070420713,0.977614814549692
cb_rnn,1,21,11,full,0.3,0.9269676780042806,0.9269676780042806,0.9989774328176939
cb_rnn,1,21,12,full,0.3,0.9391067867549445,0.9391067867549445,1.014127053414422
cb_rnn,1,21,13,full,0.3,0.9422412690286524,0.9422412690286524,1.0189729484010739
cb_rnn,1,21,14,full,0.3,0.954632582409331,0.954632582409331,1.032082484030352
cb_rnn,1,21,15,full,0.3,0.9558324262195832,0.9558324262195832,1.0404570624704153
cb_rnn,1,21,16,full,0.3,0.9835346761703361,0.9835346761703361,1.0688728107657062
cb_rnn,1,21,17,full,0.3,1.0309114783287732,1.0309114783287732,1.123516509044277
cb_rnn,1,21,18,full,0.3,1.0744268991898815,1.0744268991898815,1.1707142817300693
cb_rnn,1,21,19,full,0.3,0.9925537390292354,0.9925537390292354,1.1476670764296228
cb_rnn,1,21,1,clamped,0.001,0.8604974094799722,0.8604974094799722,0.8941509708034605
cb_rnn,1,21,2,clamped,0.001,0.8375333012024138,0.8375333012024138,0.8757037695848764
cb_rnn,1,21,3,clamped,0.001,0.8035039945314836,0.8035039945314836,0.8394668176349462
cb_rnn,1,21,4,clamped,0.001,0.7698320199008273,0.7698320199008273,0.8135428560736724
cb_rnn,1,21,5,clamped,0.001,0.7483841035994998,0.7483841035994998,0.7999667331779072
cb_rnn,1,21,6,clamped,0.001,0.7260711757985772,0.7260711757985772,0.786165297527822
cb_rnn,1,21,7,clamped,0.001,0.7145668095686081,0.7145668095686081,0.779110420330452
cb_rnn,1,21,8,clamped,0.001,0.6878570667287163,0.6878570667287163,0.7688863511241131
cb_rnn,1,21,9,clamped,0.001,0.6763156861586868,0.6763156861586868,0.764390491945126
cb_rnn,1,21,10,clamped,0.001,0.6703875986526072,0.6703875986526072,0.7663679103565975
cb_rnn,1,21,11,clamped,0.001,0.6693775902816003,0.6693775902816003,0.7680688329926337
cb_rnn,1,21,12,clamped,0.001,0.6673703917033953,0.6673703917033953,0.7717058755954485
cb_rnn,1,21,13,clamped,0.001,0.6641517311702598,0.6641517311702598,0.7694236770729801
cb_rnn,1,21,14,clamped,0.001,0.648385385777457,0.648385385777457,0.7572487930163447
cb_rnn,1,21,15,clamped,0.001,0.6246829138622865,0.6246829138622865,0.7364056212356039
cb_rnn,1,21,16,clamped,0.001,0.6008464335746082,0.6008464335746082,0.7104657019944789
cb_rnn,1,21,17,clamped,0.001,0.5750989984077559,0.5750989984077559,0.6743719182795859
cb_rnn,1,21,18,clamped,0.001,0.5223635783908419,0.5223635783908419,0.615933745731666
cb_rnn,1,21,19,clamped,0.001,0.3983997747241773,0.3983997747241773,0.5301187674066044
cb_rnn,1,21,1,clamped,0.01,0.8605004318789015,0.8605004318789015,0.8941553107444103
cb_rnn,1,21,2,clamped,0.01,0.8374839973031891,0.8374839973031891,0.875661893458037
cb_rnn,1,21,3,clamped,0.01,0.8034508583609508,0.8034508583609508,0.839416471990249
cb_rnn,1,21,4,clamped,0.01,0.7697739314785595,0.7697739314785595,0.8134846701252195
cb_rnn,1,21,5,clamped,0.01,0.7483366015416769,0.7483366015416769,0.79991735862181
cb_rnn,1,21,6,clamped,0.01,0.7260331551104455,0.7260331551104455,0.7861259103308306
cb_rnn,1,21,7,clamped,0.01,0.7145335992361439,0.7145335992361439,0.7790796355842564
cb_rnn,1,21,8,clamped,0.01,0.6878333458725274,0.6878333458725274,0.7688880426808302
cb_rnn,1,21,9,clamped,0.01,0.676302565804412,0.676302565804412,0.7643859988196877
cb_rnn,1,21,10,clamped,0.01,0.6703367090778996,0.6703367090778996,0.7663336813630648
cb_rnn,1,21,11,clamped,0.01,0.6693261607670612,0.6693261607670612,0.7680362225859851
cb_rnn,1,21,12,clamped,0.01,0.6672649518366889,0.6672649518366889,0.7716184584006607
cb_rnn,1,21,13,clamped,0.01,0.6640746218351179,0.6640746218351179,0.7693325206327319
cb_rnn,1,21,14,clamped,0.01,0.6483261802647051,0.6483261802647051,0.7571646857734434
cb_rnn,1,21,15,clamped,0.01,0.6246160178699761,0.6246160178699761,0.7363194650700914
cb_rnn,1,21,16,clamped,0.01,0.6007907549035363,0.6007907549035363,0.7103902935676785
cb_rnn,1,21,17,clamped,0.01,0.5750487336217207,0.5750487336217207,0.6743124461326219
cb_rnn,1,21,18,clamped,0.01,0.522342349742241,0.522342349742241,0.6159288613156904
cb_rnn,1,21,19,clamped,0.01,0.3984001348065054,0.3984001348065054,0.5301425935246515
cb_rnn,1,21,1,clamped,0.1,0.8600257177913416,0.8600257177913416,0.8937109474303546
cb_rnn,1,21,2,clamped,0.1,0.8366300229768711,0.8366300229768711,0.8748292136420659
cb_rnn,1,21,3,clamped,0.1,0.8025324798498646,0.8025324798498646,0.8385017033377069
cb_rnn,1,21,4,clamped,0.1,0.7688095162507622,0.7688095162507622,0.812515469980224
cb_rnn,1,21,5,clamped,0.1,0.7474547589515328,0.7474547589515328,0.7990044673453085
cb_rnn,1,21,6,clamped,0.1,0.7250508826760851,0.7250508826760851,0.7851259180172421
cb_rnn,1,21,7,clamped,0.1,0.7134774512598603,0.7134774512598603,0.7779944206994608
cb_rnn,1,21,8,clamped,0.1,0.686840216839587,0.686840216839587,0.7678511396533712
cb_rnn,1,21,9,clamped,0.1,0.6752871246411194,0.6752871246411194,0.763287757412094
cb_rnn,1,21,10,clamped,0.1,0.6692778422731629,0.6692778422731629,0.765206967979632
cb_rnn,1,21,11,clamped,0.1,0.668241358802545,0.668241358802545,0.7669233329728129
cb_rnn,1,21,12,clamped,0.1,0.6661307138523506,0.6661307138523506,0.7704402171906108
cb_rnn,1,21,13,clamped,0.1,0.6630413143161606,0.6630413143161606,0.7681959550524129
cb_rnn,1,21,14,clamped,0.1,0.6472904077819583,0.6472904077819583,0.7560632411070696
cb_rnn,1,21,15,clamped,0.1,0.6236117819819755,0.6236117819819755,0.7352301359326632
cb_rnn,1,21,16,clamped,0.1,0.5999100887502276,0.5999100887502276,0.7094615389591967
cb_rnn,1,21,17,clamped,0.1,0.5742046891859558,0.5742046891859558,0.6734469980629851
cb_rnn,1,21,18,clamped,0.1,0.5215470239161293,0.5215470239161293,0.6151391161806546
cb_rnn,1,21,19,clamped,0.1,0.39781492989705164,0.39781492989705164,0.5294372443749582
cb_rnn,1,21,1,clamped,0.3,0.8586877607312204,0.8586877607312204,0.8925671079363122
cb_rnn,1,21,2,clamped,0.3,0.8344622129445983,0.8344622129445983,0.8728792906287371
cb_rnn,1,21,3,clamped,0.3,0.8000933809977522,0.8000933809977522,0.8361269824018106
cb_rnn,1,21,4,clamped,0.3,0.7662485879943464,0.7662485879943464,0.8099018576886126
cb_rnn,1,21,5,clamped,0.3,0.7444901215078955,0.7444901215078955,0.7959842470793401
cb_rnn,1,21,6,clamped,0.3,0.7218417654583806,0.7218417654583806,0.7818031472566267
cb_rnn,1,21,7,clamped,0.3,0.7103102658900189,0.7103102658900189,0.7746877959112846
cb_rnn,1,21,8,clamped,0.3,0.6837214059110843,0.6837214059110843,0.7644995321833056
cb_rnn,1,21,9,clamped,0.3,0.6722554614500449,0.6722554614500449,0.7600457999264572
cb_rnn,1,21,10,clamped,0.3,0.6662496090515233,0.6662496090515233,0.7618706390159087
cb_rnn,1,21,11,clamped,0.3,0.6651229949541495,0.6651229949541495,0.7634964890648824
cb_rnn,1,21,12,clamped,0.3,0.6628911651020459,0.6628911651020459,0.7668412911508471
cb_rnn,1,21,13,clamped,0.3,0.6597312459296425,0.6597312459296425,0.7644819852285769
cb_rnn,1,21,14,clamped,0.3,0.6438886100940072,0.6438886100940072,0.7522026940475629
cb_rnn,1,21,15,clamped,0.3,0.6201873719581558,0.6201873719581558,0.7313135868511831
cb_rnn,1,21,16,clamped,0.3,0.5966826363820276,0.5966826363820276,0.7057816331261737
cb_rnn,1,21,17,clamped,0.3,0.5711814630748233,0.5711814630748233,0.6700424249851288
cb_rnn,1,21,18,clamped,0.3,0.5187444764749305,0.5187444764749305,0.6119163221460833
cb_rnn,1,21,19,clamped,0.3,0.39563379887595596,0.39563379887595596,0.5265130374152738
cb_rnn,1,25,1,full,0.001,0.9455757036251842,0.9455757036251842,0.9813646841310083
cb_rnn,1,25,2,full,0.001,0.98234802775652,0.98234802775652,1.0317268937575919
cb_rnn,1,25,3,full,0.001,0.939087691574451,0.939087691574451,0.9989311475698387
cb_rnn,1,25,4,full,0.001,0.9188901379231676,0.9188901379231676,0.9897303875432085
cb_rnn,1,25,5,full,0.001,0.9338822430808147,0.9338822430808147,0.9989522716714794
cb_rnn,1,25,6,full,0.001,0.9474209408320166,0.9474209408320166,1.010556722658395
cb_rnn,1,25,7,full,0.001,0.9622816331734897,0.9622816331734897,1.0324519407359918
cb_rnn,1,25,8,full,0.001,1.000758027109791,1.000758027109791,1.061834209854218
cb_rnn,1,25,9,full,0.001,1.0041614221186113,1.0041614221186113,1.0553873024612637
cb_rnn,1,25,10,full,0.001,0.9940664091735548,0.9940664091735548,1.045296814326227
cb_rnn,1,25,11,full,0.001,0.9767246119204648,0.9767246119204648,1.033234935561166
cb_rnn,1,25,12,full,0.001,0.9419535943666062,0.9419535943666062,1.0001260768487066
cb_rnn,1,25,13,full,0.001,0.9329094623320824,0.9329094623320824,0.9908616895250097
cb_rnn,1,25,14,full,0.001,0.9698200476590915,0.9698200476590915,1.0234128811514944
cb_rnn,1,25,15,full,0.001,0.9980869144524228,0.9980869144524228,1.0518974803452563
cb_rnn,1,25,16,full,0.001,1.017532430083619,1.017532430083619,1.0689267910537301
cb_rnn,1,25,17,full,0.001,1.0333804864250131,1.0333804864250131,1.081631687130189
cb_rnn,1,25,18,full,0.001,1.0296372984684619,1.0296372984684619,1.0814078514419483
cb_rnn,1,25,19,full,0.001,1.0137321083867399,1.0137321083867399,1.0679668650377994
cb_rnn,1,25,20,full,0.001,1.0476084596337711,1.0476084596337711,1.1062146846109828
cb_rnn,1,25,21,full,0.001,1.0803990474356424,1.0803990474356424,1.1493057356577427
cb_rnn,1,25,22,full,0.001,1.0940072172876698,1.0940072172876698,1.1831610268020518
cb_rnn,1,25,23,full,0.001,1.0367894854796595,1.0367894854796595,1.234210737563811
cb_rnn,1,25,1,full,0.01,0.9454968736346081,0.9454968736346081,0.9812984104622731
cb_rnn,1,25,2,full,0.01,0.9822853081557925,0.9822853081557925,1.0316595303881684
cb_rnn,1,25,3,full,0.01,0.9390516599932982,0.9390516599932982,0.998879857704208
cb_rnn,1,25,4,full,0.01,0.9187697609352066,0.9187697609352066,0.9896172573920046
cb_rnn,1,25,5,full,0.01,0.9337838915888611,0.9337838915888611,0.9988521379502616
cb_rnn,1,25,6,full,0.01,0.9473415206821892,0.9473415206821892,1.0104438700338358
cb_rnn,1,25,7,full,0.01,0.962219005264928,0.962219005264928,1.0323377212527702
cb_rnn,1,25,8,full,0.01,1.0006615971514428,1.0006615971514428,1.0617711359441222
cb_rnn,1,25,9,full,0.01,1.0040954983316541,1.0040954983316541,1.0553664016092958
cb_rnn,1,25,10,full,0.01,0.9940117195539436,0.9940117195539436,1.0452147630654514
cb_rnn,1,25,11,full,0.01,0.9766619667938309,0.9766619667938309,1.0331450263194444
cb_rnn,1,25,12,full,0.01,0.941880947469668,0.941880947469668,1.0000260011988784
cb_rnn,1,25,13,full,0.01,0.9328006198523376,0.9328006198523376,0.9907516805760246
cb_rnn,1,25,14,full,0.01,0.9696657934400754,0.9696657934400754,1.02328350713172
cb_rnn,1,25,15,full,0.01,0.9978137547418071,0.9978137547418071,1.0516784960289003
cb_rnn,1,25,16,full,0.01,1.0173090821431348,1.0173090821431348,1.0687192658169336
cb_rnn,1,25,17,full,0.01,1.0331771984722036,1.0331771984722036,1.0814407187004398
cb_rnn,1,25,18,full,0.01,1.029412878351423,1.029412878351423,1.0811904778910226
cb_rnn,1,25,19,full,0.01,1.013556485467217,1.013556485467217,1.0677966122240612
cb_rnn,1,25,20,full,0.01,1.047486683811013,1.047486683811013,1.1061170289043893
cb_rnn,1,25,21,full,0.01,1.0802117699341052,1.0802117699341052,1.1492102822529224
cb_rnn,1,25,22,full,0.01,1.0939218560304216,1.0939218560304216,1.1831173156573025
cb_rnn,1,25,23,full,0.01,1.036666666335619,1.036666666335619,1.2340079731260878
cb_rnn,1,25,1,full,0.1,0.9442888081810336,0.9442888081810336,0.9802733859697123
cb_rnn,1,25,2,full,0.1,0.9810055648040006,0.9810055648040006,1.0304428638538627
cb_rnn,1,25,3,full,0.1,0.9377071900874316,0.9377071900874316,0.9975625110634807
cb_rnn,1,25,4,full,0.1,0.9169937989699695,0.9169937989699695,0.9878656148121451
cb_rnn,1,25,5,full,0.1,0.932038638225428,0.932038638225428,0.9971343868045718
cb_rnn,1,25,6,full,0.1,0.945535880078324,0.945535880078324,1.0086557104750118
cb_rnn,1,25,7,full,0.1,0.9603267743596484,0.9603267743596484,1.0302774253296203
cb_rnn,1,25,8,full,0.1,0.9984613446569468,0.9984613446569468,1.0597244456665904
cb_rnn,1,25,9,full,0.1,1.0020162586046062,1.0020162586046062,1.0532893167851385
cb_rnn,1,25,10,full,0.1,0.9918695739016647,0.9918695739016647,1.042993035150666
cb_rnn,1,25,11,full,0.1,0.9745185487469552,0.9745185487469552,1.0308854500231093
cb_rnn,1,25,12,full,0.1,0.9397769576954675,0.9397769576954675,0.9980910056555061
cb_rnn,1,25,13,full,0.1,0.9307982325201885,0.9307982325201885,0.9889455918665259
cb_rnn,1,25,14,full,0.1,0.9678085631881937,0.9678085631881937,1.0214651966305084
cb_rnn,1,25,15,full,0.1,0.99588935621725,0.99588935621725,1.050014473058115
cb_rnn,1,25,16,full,0.1,1.0155485659619528,1.0155485659619528,1.067098274952385
cb_rnn,1,25,17,full,0.1,1.0315879464116813,1.0315879464116813,1.079738936640843
cb_rnn,1,25,18,full,0.1,1.027894299083212,1.027894299083212,1.0795756277856543
cb_rnn,1,25,19,full,0.1,1.0122131495895528,1.0122131495895528,1.066341172879023
cb_rnn,1,25,20,full,0.1,1.046099530512734,1.046099530512734,1.1047659061576403
cb_rnn,1,25,21,full,0.1,1.078526384842367,1.078526384842367,1.1475479517064104
cb_rnn,1,25,22,full,0.1,1.0923730135686887,1.0923730135686887,1.1812929111297363
cb_rnn,1,25,23,full,0.1,1.0346262368909778,1.0346262368909778,1.2291570939241165
cb_rnn,1,25,1,full,0.3,0.9425467871108478,0.9425467871108478,0.9788193442290428
cb_rnn,1,25,2,full,0.3,0.9788062331237555,0.9788062331237555,1.0284758973287058
cb_rnn,1,25,3,full,0.3,0.9353320586901882,0.9353320586901882,0.9954551963054457
cb_rnn,1,25,4,full,0.3,0.9139688904045904,0.9139688904045904,0.9852285407693662
cb_rnn,1,25,5,full,0.3,0.9287382203077645,0.9287382203077645,0.9941060513874029
cb_rnn,1,25,6,full,0.3,0.9420038821951123,0.9420038821951123,1.0056278739111841
cb_rnn,1,25,7,full,0.3,0.9567837955905516,0.9567837955905516,1.0271976830370557
cb_rnn,1,25,8,full,0.3,0.9947112293339238,0.9947112293339238,1.0564867353318608
cb_rnn,1,25,9,full,0.3,0.9986405112295154,0.9986405112295154,1.0502069361054214
cb_rnn,1,25,10,full,0.3,0.9883578820837015,0.9883578820837015,1.0397853331454119
cb_rnn,1,25,11,full,0.3,0.9708800439378491,0.9708800439378491,1.0275253470868608
cb_rnn,1,25,12,full,0.3,0.9364055020833857,0.9364055020833857,0.9951019973589653
cb_rnn,1,25,13,full,0.3,0.9271927825895057,0.9271927825895057,0.9859393883574215
cb_rnn,1,25,14,full,0.3,0.9641358734961349,0.9641358734961349,1.0181922500050837
cb_rnn,1,25,15,full,0.3,0.9921478552382186,0.9921478552382186,1.0469026898155662
cb_rnn,1,25,16,full,0.3,1.0121918823909524,1.0121918823909524,1.0641857592084596
cb_rnn,1,25,17,full,0.3,1.0280702281426397,1.0280702281426397,1.0765406985057637
cb_rnn,1,25,18,full,0.3,1.0243164494263504,1.0243164494263504,1.076250383407402
cb_rnn,1,25,19,full,0.3,1.0087388452157295,1.0087388452157295,1.0632635029420503
cb_rnn,1,25,20,full,0.3,1.042435443136173,1.042435443136173,1.1013406334228748
cb_rnn,1,25,21,full,0.3,1.0742862322429936,1.0742862322429936,1.1434932124186201
cb_rnn,1,25,22,full,0.3,1.0882594971231843,1.0882594971231843,1.1765026147355744
cb_rnn,1,25,23,full,0.3,1.0293833468118219,1.0293833468118219,1.2195551783611271
cb_rnn,1,25,1,clamped,0.001,0.9227936636902321,0.9227936636902321,0.9703771163985158
cb_rnn,1,25,2,clamped,0.001,0.9331647516636576,0.9331647516636576,0.9877573702807401
cb_rnn,1,25,3,clamped,0.001,0.9145836235923177,0.9145836235923177,0.9748510221564352
cb_rnn,1,25,4,clamped,0.001,0.8767283142339939,0.8767283142339939,0.9465009654197983
cb_rnn,1,25,5,clamped,0.001,0.8649231209828928,0.8649231209828928,0.9345899233869792
cb_rnn,1,25,6,clamped,0.001,0.8670721771363873,0.8670721771363873,0.9324352596498983
cb_rnn,1,25,7,clamped,0.001,0.8553810639048489,0.8553810639048489,0.9320260842340709
cb_rnn,1,25,8,clamped,0.001,0.8740944977487608,0.8740944977487608,0.9394200847753695
cb_rnn,1,25,9,clamped,0.001,0.8790908984798806,0.8790908984798806,0.9377810317731657
cb_rnn,1,25,10,clamped,0.001,0.8661960239155402,0.8661960239155402,0.9324717208947378
cb_rnn,1,25,11,clamped,0.001,0.8534731807750204,0.8534731807750204,0.9242329085781699
cb_rnn,1,25,12,clamped,0.001,0.8409428394999672,0.8409428394999672,0.9181089621822842
cb_rnn,1,25,13,clamped,0.001,0.8414433523718663,0.8414433523718663,0.9196785001620238
cb_rnn,1,25,14,clamped,0.001,0.8564763647513305,0.8564763647513305,0.9268867302875379
cb_rnn,1,25,15,clamped,0.001,0.8742265067266426,0.8742265067266426,0.9401779923252942
cb_rnn,1,25,16,clamped,0.001,0.8797849182873525,0.8797849182873525,0.9465247216733568
cb_rnn,1,25,17,clamped,0.001,0.8759313855586612,0.8759313855586612,0.9451647355946868
cb_rnn,1,25,18,clamped,0.001,0.8725815582135593,0.8725815582135593,0.9405257938065856
cb_rnn,1,25,19,clamped,0.001,0.8689684066676995,0.8689684066676995,0.9418275681869489
cb_rnn,1,25,20,clamped,0.001,0.8740528724329863,0.8740528724329863,0.9549847300573594
cb_rnn,1,25,21,clamped,0.001,0.8735980619467796,0.8735980619467796,0.9517548815826156
cb_rnn,1,25,22,clamped,0.001,0.835777809227739,0.835777809227739,0.912873349366575
cb_rnn,1,25,23,clamped,0.001,0.641495903967972,0.641495903967972,0.8031609072548553
cb_rnn,1,25,1,clamped,0.01,0.9227238935939135,0.9227238935939135,0.9703282960919983
cb_rnn,1,25,2,clamped,0.01,0.9331083736217415,0.9331083736217415,0.9877027889672108
cb_rnn,1,25,3,clamped,0.01,0.9145358692003036,0.9145358692003036,0.9747986957650487
cb_rnn,1,25,4,clamped,0.01,0.8766253291539912,0.8766253291539912,0.9464161945440537
cb_rnn,1,25,5,clamped,0.01,0.8648332348120433,0.8648332348120433,0.9345030017686944
cb_rnn,1,25,6,clamped,0.01,0.8669847495979526,0.8669847495979526,0.9323332997933966
cb_rnn,1,25,7,clamped,0.01,0.8553075522969552,0.8553075522969552,0.9319271681877592
cb_rnn,1,25,8,clamped,0.01,0.8739858034946792,0.8739858034946792,0.9393328605568637
cb_rnn,1,25,9,clamped,0.01,0.8790026898512144,0.8790026898512144,0.9377278183523973
cb_rnn,1,25,10,clamped,0.01,0.8661333644603542,0.8661333644603542,0.9323924826988264
cb_rnn,1,25,11,clamped,0.01,0.8534086210539715,0.8534086210539715,0.9241594522592342
cb_rnn,1,25,12,clamped,0.01,0.8408791427710465,0.8408791427710465,0.9180321004490675
cb_rnn,1,25,13,clamped,0.01,0.8413693334427668,0.8413693334427668,0.9195919658037927
cb_rnn,1,25,14,clamped,0.01,0.8563543221647825,0.8563543221647825,0.9267859500229939
cb_rnn,1,25,15,clamped,0.01,0.8739746361953631,0.8739746361953631,0.9399472751622584
cb_rnn,1,25,16,clamped,0.01,0.8795391459214166,0.8795391459214166,0.9462728549953433
cb_rnn,1,25,17,clamped,0.01,0.8756981976096225,0.8756981976096225,0.9449215972038058
cb_rnn,1,25,18,clamped,0.01,0.872351460114507,0.872351460114507,0.940294186577407
cb_rnn,1,25,19,clamped,0.01,0.8687583078945453,0.8687583078945453,0.9416154378357846
cb_rnn,1,25,20,clamped,0.01,0.8738755838329844,0.8738755838329844,0.9548276969875589
cb_rnn,1,25,21,clamped,0.01,0.8734200134564494,0.8734200134564494,0.9516385392476703
cb_rnn,1,25,22,clamped,0.01,0.8356446227315251,0.8356446227315251,0.912771486943153
cb_rnn,1,25,23,clamped,0.01,0.6414091401172526,0.6414091401172526,0.8030990680435345
cb_rnn,1,25,1,clamped,0.1,0.9217103817021932,0.9217103817021932,0.9695259618591239
cb_rnn,1,25,2,clamped,0.1,0.9321128740772799,0.9321128740772799,0.9867349788788482
cb_rnn,1,25,3,clamped,0.1,0.913310644172135,0.913310644172135,0.973600135401423
cb_rnn,1,25,4,clamped,0.1,0.8750745191873861,0.8750745191873861,0.9449124200846506
cb_rnn,1,25,5,clamped,0.1,0.8632931933927929,0.8632931933927929,0.9329943456546165
cb_rnn,1,25,6,clamped,0.1,0.8654536429270593,0.8654536429270593,0.9307772274843027
cb_rnn,1,25,7,clamped,0.1,0.8537907335049566,0.8537907335049566,0.9302322164960395
cb_rnn,1,25,8,clamped,0.1,0.8723189292426797,0.8723189292426797,0.9377571724260572
cb_rnn,1,25,9,clamped,0.1,0.8774177861826282,0.8774177861826282,0.9361123919802588
cb_rnn,1,25,10,clamped,0.1,0.8645261198587424,0.8645261198587424,0.9306465982723858
cb_rnn,1,25,11,clamped,0.1,0.8518454098625703,0.8518454098625703,0.9224104543451113
cb_rnn,1,25,12,clamped,0.1,0.8392843812773838,0.8392843812773838,0.9165399528432104
cb_rnn,1,25,13,clamped,0.1,0.8397790445811337,0.8397790445811337,0.9180677308042346
cb_rnn,1,25,14,clamped,0.1,0.8548419389776856,0.8548419389776856,0.9251789810269271
cb_rnn,1,25,15,clamped,0.1,0.8723027249633521,0.8723027249633521,0.938275254874747
cb_rnn,1,25,16,clamped,0.1,0.8777803952362974,0.8777803952362974,0.9444834516477616
cb_rnn,1,25,17,clamped,0.1,0.8740489273133623,0.8740489273133623,0.94315495809189
cb_rnn,1,25,18,clamped,0.1,0.8707923074291299,0.8707923074291299,0.9386689248635768
cb_rnn,1,25,19,clamped,0.1,0.8672351111666547,0.8672351111666547,0.9400273999412523
cb_rnn,1,25,20,clamped,0.1,0.8723953932454754,0.8723953932454754,0.9534255803720267
cb_rnn,1,25,21,clamped,0.1,0.8719073915976315,0.8719073915976315,0.9502585003781301
cb_rnn,1,25,22,clamped,0.1,0.8342813020728703,0.8342813020728703,0.91139542432971
cb_rnn,1,25,23,clamped,0.1,0.6404149640091066,0.6404149640091066,0.8018785201112182
cb_rnn,1,25,1,clamped,0.3,0.9200745611374355,0.9200745611374355,0.9681915124098237
cb_rnn,1,25,2,clamped,0.3,0.9301866241599348,0.9301866241599348,0.985029285994644
cb_rnn,1,25,3,clamped,0.3,0.9108768371138807,0.9108768371138807,0.9713604395603497
cb_rnn,1,25,4,clamped,0.3,0.8723527017064158,0.8723527017064158,0.94247168015654
cb_rnn,1,25,5,clamped,0.3,0.8602491726267585,0.8602491726267585,0.9300725763846786
cb_rnn,1,25,6,clamped,0.3,0.862256026101,0.862256026101,0.9279108846208466
cb_rnn,1,25,7,clamped,0.3,0.8507585308296756,0.8507585308296756,0.9274185578344323
cb_rnn,1,25,8,clamped,0.3,0.8691480667252258,0.8691480667252258,0.9349199213022528
cb_rnn,1,25,9,clamped,0.3,0.8744559453375678,0.8744559453375678,0.9332765833499866
cb_rnn,1,25,10,clamped,0.3,0.8615199337849728,0.8615199337849728,0.9276558674428703
cb_rnn,1,25,11,clamped,0.3,0.848776963449269,0.848776963449269,0.9193302631325271
cb_rnn,1,25,12,clamped,0.3,0.8363253401678586,0.8363253401678586,0.9137021371080023
cb_rnn,1,25,13,clamped,0.3,0.8367070027325478,0.8367070027325478,0.9151501421323011
cb_rnn,1,25,14,clamped,0.3,0.8517220120612261,0.8517220120612261,0.9221473405533127
cb_rnn,1,25,15,clamped,0.3,0.869171271889954,0.869171271889954,0.935302780221448
cb_rnn,1,25,16,clamped,0.3,0.8747050840824027,0.8747050840824027,0.9413692056103191
cb_rnn,1,25,17,clamped,0.3,0.8709496438727381,0.8709496438727381,0.9401303315558008
cb_rnn,1,25,18,clamped,0.3,0.8677803198115364,0.8677803198115364,0.9357224495657421
cb_rnn,1,25,19,clamped,0.3,0.8640489076058759,0.8640489076058759,0.9369366644290137
cb_rnn,1,25,20,clamped,0.3,0.8691945865540823,0.8691945865540823,0.9501989910669789
cb_rnn,1,25,21,clamped,0.3,0.8685647103019353,0.8685647103019353,0.9468381808588728
cb_rnn,1,25,22,clamped,0.3,0.8312598622092113,0.8312598622092113,0.908020225410637
cb_rnn,1,25,23,clamped,0.3,0.6381446564671459,0.6381446564671459,0.7988490315775676
cb_rnn,1,30,1,full,0.001,0.926227506993569,0.926227506993569,1.0121817379650813
cb_rnn,1,30,2,full,0.001,0.9719277292822968,0.9719277292822968,1.1060741449606204
cb_rnn,1,30,3,full,0.001,0.9599953087657502,0.9599953087657502,1.1211936204604083
cb_rnn,1,30,4,full,0.001,0.9214160094736683,0.9214160094736683,1.1044122690114104
cb_rnn,1,30,5,full,0.001,0.917035327783488,0.917035327783488,1.1021520087397136
cb_rnn,1,30,6,full,0.001,0.8994893236137276,0.8994893236137276,1.0794830603747365
cb_rnn,1,30,7,full,0.001,0.8940878507585928,0.8940878507585928,1.0767481318045433
cb_rnn,1,30,8,full,0.001,0.9016592839263358,0.9016592839263358,1.0927326830408322
cb_rnn,1,30,9,full,0.001,0.9021212852674915,0.9021212852674915,1.1027528273088487
cb_rnn,1,30,10,full,0.001,0.8766103263737263,0.8766103263737263,1.071753467198243
cb_rnn,1,30,11,full,0.001,0.853856137617385,0.853856137617385,1.0451939687927962
cb_rnn,1,30,12,full,0.001,0.8489893291339484,0.8489893291339484,1.0432954837111352
cb_rnn,1,30,13,full,0.001,0.8441208951316244,0.8441208951316244,1.0411448951379056
cb_rnn,1,30,14,full,0.001,0.8273609441997856,0.8273609441997856,1.0144180062574435
cb_rnn,1,30,15,full,0.001,0.8184018610658937,0.8184018610658937,1.0008692880339227
cb_rnn,1,30,16,full,0.001,0.8193264028613585,0.8193264028613585,1.0091668158862934
cb_rnn,1,30,17,full,0.001,0.7988159758809015,0.7988159758809015,0.9757601285287956
cb_rnn,1,30,18,full,0.001,0.7943572155661198,0.7943572155661198,0.9592571305137862
cb_rnn,1,30,19,full,0.001,0.8096123063607136,0.8096123063607136,0.9821989123612886
cb_rnn,1,30,20,full,0.001,0.8084263228395852,0.8084263228395852,0.9822085104211035
cb_rnn,1,30,21,full,0.001,0.78696781561488,0.78696781561488,0.9511759229243391
cb_rnn,1,30,22,full,0.001,0.7911578353230296,0.7911578353230296,0.9567735651675202
cb_rnn,1,30,23,full,0.001,0.7972718305513328,0.7972718305513328,0.9755453575875578
cb_rnn,1,30,24,full,0.001,0.7844853947326972,0.7844853947326972,0.966922671787932
cb_rnn,1,30,25,full,0.001,0.7922999674022371,0.7922999674022371,0.9762861657034305
cb_rnn,1,30,26,full,0.001,0.799564628941708,0.799564628941708,1.0042393351353167
cb_rnn,1,30,27,full,0.001,0.8076592327046299,0.8076592327046299,1.0143830945263759
cb_rnn,1,30,28,full,0.001,0.7272712310318743,0.7272712310318743,0.9672175282605044
cb_rnn,1,30,1,full,0.01,0.9264049803542735,0.9264049803542735,1.0122714917385207
cb_rnn,1,30,2,full,0.01,0.9721049162491909,0.9721049162491909,1.106294396142253
cb_rnn,1,30,3,full,0.01,0.9603771082710246,0.9603771082710246,1.1214656347427268
cb_rnn,1,30,4,full,0.01,0.9219156490552524,0.9219156490552524,1.1048317875138718
cb_rnn,1,30,5,full,0.01,0.9173874526575191,0.9173874526575191,1.1025645754908242
cb_rnn,1,30,6,full,0.01,0.8997806120003308,0.8997806120003308,1.07981591777046
cb_rnn,1,30,7,full,0.01,0.8944177760229226,0.8944177760229226,1.077148409882419
cb_rnn,1,30,8,full,0.01,0.9020072311004041,0.9020072311004041,1.0927870604599104
cb_rnn,1,30,9,full,0.01,0.9028016870948616,0.9028016870948616,1.103083904200086
cb_rnn,1,30,10,full,0.01,0.8771947866684031,0.8771947866684031,1.0722269276375909
cb_rnn,1,30,11,full,0.01,0.8544780098640149,0.8544780098640149,1.0459180141385773
cb_rnn,1,30,12,full,0.01,0.8494888780753435,0.8494888780753435,1.0440276764608378
cb_rnn,1,30,13,full,0.01,0.8441074029834015,0.8441074029834015,1.0408771412498448
cb_rnn,1,30,14,full,0.01,0.8271770788150059,0.8271770788150059,1.014169771810552
cb_rnn,1,30,15,full,0.01,0.8184766070277663,0.8184766070277663,1.0005920083706734
cb_rnn,1,30,16,full,0.01,0.8193459934812913,0.8193459934812913,1.0088680252864477
cb_rnn,1,30,17,full,0.01,0.7987470029747651,0.7987470029747651,0.9756321205378695
cb_rnn,1,30,18,full,0.01,0.7945733603483711,0.7945733603483711,0.9593867978802129
cb_rnn,1,30,19,full,0.01,0.8099224140146966,0.8099224140146966,0.9824268618250661
cb_rnn,1,30,20,full,0.01,0.8092214923978385,0.8092214923978385,0.9829125265399111
cb_rnn,1,30,21,full,0.01,0.787747871361621,0.787747871361621,0.9521499615019283
cb_rnn,1,30,22,full,0.01,0.79203194475547,0.79203194475547,0.9580547315502441
cb_rnn,1,30,23,full,0.01,0.7979464380975692,0.7979464380975692,0.9766239945887264
cb_rnn,1,30,24,full,0.01,0.7850825153997578,0.7850825153997578,0.9675547187782059
cb_rnn,1,30,25,full,0.01,0.7927734981965044,0.7927734981965044,0.9768113218584482
cb_rnn,1,30,26,full,0.01,0.7999793133781934,0.7999793133781934,1.0046994554039297
cb_rnn,1,30,27,full,0.01,0.8081888897301526,0.8081888897301526,1.0149429115233923
cb_rnn,1,30,28,full,0.01,0.7278988388956056,0.7278988388956056,0.9675306752707138
cb_rnn,1,30,1,full,0.1,0.9260102472098749,0.9260102472098749,1.0114625065473841
cb_rnn,1,30,2,full,0.1,0.9717132732446571,0.9717132732446571,1.10531806418915
cb_rnn,1,30,3,full,0.1,0.9602701440536934,0.9602701440536934,1.1202707106380816
cb_rnn,1,30,4,full,0.1,0.9218819676397165,0.9218819676397165,1.1038424541505774
cb_rnn,1,30,5,full,0.1,0.9165867731496026,0.9165867731496026,1.101213254609752
cb_rnn,1,30,6,full,0.1,0.8995465034163926,0.8995465034163926,1.0783304799406053
cb_rnn,1,30,7,full,0.1,0.8943977702335764,0.8943977702335764,1.0760315230372082
cb_rnn,1,30,8,full,0.1,0.9019916890985553,0.9019916890985553,1.0916647492538567
cb_rnn,1,30,9,full,0.1,0.903756233734752,0.903756233734752,1.1023491105465628
cb_rnn,1,30,10,full,0.1,0.8775345656946878,0.8775345656946878,1.0710016241858362
cb_rnn,1,30,11,full,0.1,0.8541196476760075,0.8541196476760075,1.043734536849163
cb_rnn,1,30,12,full,0.1,0.8487393294792361,0.8487393294792361,1.0414465101817558
cb_rnn,1,30,13,full,0.1,0.8436811640023938,0.8436811640023938,1.0387616745571664
cb_rnn,1,30,14,full,0.1,0.8261192511260236,0.8261192511260236,1.0109817778964723
cb_rnn,1,30,15,full,0.1,0.8172687848273852,0.8172687848273852,0.9974069818666825
cb_rnn,1,30,16,full,0.1,0.8183492658005196,0.8183492658005196,1.0052641555916142
cb_rnn,1,30,17,full,0.1,0.7973357346766552,0.7973357346766552,0.9717963030561941
cb_rnn,1,30,18,full,0.1,0.7933777832835176,0.7933777832835176,0.9560732889405883
cb_rnn,1,30,19,full,0.1,0.809353968110028,0.809353968110028,0.9795128944929478
cb_rnn,1,30,20,full,0.1,0.8081471389240633,0.8081471389240633,0.9799275022406704
cb_rnn,1,30,21,full,0.1,0.7864919222974462,0.7864919222974462,0.9490568874075516
cb_rnn,1,30,22,full,0.1,0.7908896660288828,0.7908896660288828,0.9551196044265191
cb_rnn,1,30,23,full,0.1,0.7962891909376231,0.7962891909376231,0.9733956784840578
cb_rnn,1,30,24,full,0.1,0.7834451211126781,0.7834451211126781,0.964259950532975
cb_rnn,1,30,25,full,0.1,0.7907726570333105,0.7907726570333105,0.9730106161316685
cb_rnn,1,30,26,full,0.1,0.7975947835589295,0.7975947835589295,0.9994580077547145
cb_rnn,1,30,27,full,0.1,0.8057901215898284,0.8057901215898284,1.0100233204221005
cb_rnn,1,30,28,full,0.1,0.7255944711115487,0.7255944711115487,0.9604808479948594
cb_rnn,1,30,1,full,0.3,0.9250516814276168,0.9250516814276168,1.0096991269321296
cb_rnn,1,30,2,full,0.3,0.9708815804559353,0.9708815804559353,1.102668322347272
cb_rnn,1,30,3,full,0.3,0.961023759826918,0.961023759826918,1.118441465287215
cb_rnn,1,30,4,full,0.3,0.9243134523909866,0.9243134523909866,1.1027999474956223
cb_rnn,1,30,5,full,0.3,0.9177523440065227,0.9177523440065227,1.1000523618148386
cb_rnn,1,30,6,full,0.3,0.9000662790442152,0.9000662790442152,1.0763460126288649
cb_rnn,1,30,7,full,0.3,0.8941640705902518,0.8941640705902518,1.072888331928444
cb_rnn,1,30,8,full,0.3,0.9013254671329929,0.9013254671329929,1.0887343462271053
cb_rnn,1,30,9,full,0.3,0.9034600774996637,0.9034600774996637,1.098725565814627
cb_rnn,1,30,10,full,0.3,0.8759368142004863,0.8759368142004863,1.0672014602515993
cb_rnn,1,30,11,full,0.3,0.8518710199030639,0.8518710199030639,1.0387355966720073
cb_rnn,1,30,12,full,0.3,0.8476750717321777,0.8476750717321777,1.037433047373314
cb_rnn,1,30,13,full,0.3,0.8436923772979313,0.8436923772979313,1.0348757438150016
cb_rnn,1,30,14,full,0.3,0.8261238326783149,0.8261238326783149,1.0073938442505428
cb_rnn,1,30,15,full,0.3,0.8167766274135535,0.8167766274135535,0.9944432491725492
cb_rnn,1,30,16,full,0.3,0.8179064907566078,0.8179064907566078,1.00203377011957
cb_rnn,1,30,17,full,0.3,0.796198579746771,0.796198579746771,0.9684570353488058
cb_rnn,1,30,18,full,0.3,0.7915848792277917,0.7915848792277917,0.9525815225453471
cb_rnn,1,30,19,full,0.3,0.8074132643537894,0.8074132643537894,0.9751979451944058
cb_rnn,1,30,20,full,0.3,0.8063002938946833,0.8063002938946833,0.9757331542015617
cb_rnn,1,30,21,full,0.3,0.783953527561821,0.783953527561821,0.9442966894524532
cb_rnn,1,30,22,full,0.3,0.788638990583648,0.788638990583648,0.950512308902859
cb_rnn,1,30,23,full,0.3,0.7930815183445763,0.7930815183445763,0.9680229789461184
cb_rnn,1,30,24,full,0.3,0.7803174260667141,0.7803174260667141,0.9587983980608797
cb_rnn,1,30,25,full,0.3,0.7874009077621491,0.7874009077621491,0.9673175283121382
cb_rnn,1,30,26,full,0.3,0.7941617777380062,0.7941617777380062,0.9935464442846682
cb_rnn,1,30,27,full,0.3,0.8017836848364641,0.8017836848364641,1.0032101629300005
cb_rnn,1,30,28,full,0.3,0.7219128552891321,0.7219128552891321,0.952254362605897
cb_rnn,1,30,1,clamped,0.001,0.9276813066248847,0.9276813066248847,1.0184893085262003
cb_rnn,1,30,2,clamped,0.001,0.9512919486861019,0.9512919486861019,1.0851910399211024
cb_rnn,1,30,3,clamped,0.001,0.9491720726665878,0.9491720726665878,1.1100088801343453
cb_rnn,1,30,4,clamped,0.001,0.9096713205537124,0.9096713205537124,1.085270004910253
cb_rnn,1,30,5,clamped,0.001,0.8976207040330981,0.8976207040330981,1.0701046231223494
cb_rnn,1,30,6,clamped,0.001,0.8893901392745682,0.8893901392745682,1.060660352360205
cb_rnn,1,30,7,clamped,0.001,0.8820529225703106,0.8820529225703106,1.0559558884395923
cb_rnn,1,30,8,clamped,0.001,0.8841622708832215,0.8841622708832215,1.0626401970694745
cb_rnn,1,30,9,clamped,0.001,0.8792755021833968,0.8792755021833968,1.067939137285291
cb_rnn,1,30,10,clamped,0.001,0.8578319392834493,0.8578319392834493,1.0423338472358665
cb_rnn,1,30,11,clamped,0.001,0.8376703530356313,0.8376703530356313,1.0205067145998776
cb_rnn,1,30,12,clamped,0.001,0.8313915928822907,0.8313915928822907,1.0184231479255739
cb_rnn,1,30,13,clamped,0.001,0.8258119390575152,0.8258119390575152,1.0163327032678522
cb_rnn,1,30,14,clamped,0.001,0.8157362551039098,0.8157362551039098,1.001581203145204
cb_rnn,1,30,15,clamped,0.001,0.8100555933706709,0.8100555933706709,0.9922938478265252
cb_rnn,1,30,16,clamped,0.001,0.801442806129196,0.801442806129196,0.9884553279085697
cb_rnn,1,30,17,clamped,0.001,0.7903277796646972,0.7903277796646972,0.9666100144975796
cb_rnn,1,30,18,clamped,0.001,0.7897796847789743,0.7897796847789743,0.9585785135974598
cb_rnn,1,30,19,clamped,0.001,0.7904678099175622,0.7904678099175622,0.9624020271582294
cb_rnn,1,30,20,clamped,0.001,0.7859961699544817,0.7859961699544817,0.9562144341713787
cb_rnn,1,30,21,clamped,0.001,0.7716013782672544,0.7716013782672544,0.9403214981597998
cb_rnn,1,30,22,clamped,0.001,0.768466814320054,0.768466814320054,0.9350554400224159
cb_rnn,1,30,23,clamped,0.001,0.76563490139065,0.76563490139065,0.9387531100652762
cb_rnn,1,30,24,clamped,0.001,0.7600341075209618,0.7600341075209618,0.9416012954455797
cb_rnn,1,30,25,clamped,0.001,0.7698024784224533,0.7698024784224533,0.9492302934209255
cb_rnn,1,30,26,clamped,0.001,0.7590624539552735,0.7590624539552735,0.9332372676080378
cb_rnn,1,30,27,clamped,0.001,0.730676530323456,0.730676530323456,0.8853459704168968
cb_rnn,1,30,28,clamped,0.001,0.5794894664560228,0.5794894664560228,0.7772325969276783
cb_rnn,1,30,1,clamped,0.01,0.9278593364985922,0.9278593364985922,1.0185716533416214
cb_rnn,1,30,2,clamped,0.01,0.9514717395627512,0.9514717395627512,1.0854133359944171
cb_rnn,1,30,3,clamped,0.01,0.949582757091523,0.949582757091523,1.1102941297228721
cb_rnn,1,30,4,clamped,0.01,0.9102039452725308,0.9102039452725308,1.0857084845011513
cb_rnn,1,30,5,clamped,0.01,0.8980518236868444,0.8980518236868444,1.0706160140122443
cb_rnn,1,30,6,clamped,0.01,0.8897437046639929,0.8897437046639929,1.0610759905339795
cb_rnn,1,30,7,clamped,0.01,0.8824541833597412,0.8824541833597412,1.056463098500165
cb_rnn,1,30,8,clamped,0.01,0.8845700130102276,0.8845700130102276,1.0628231434041426
cb_rnn,1,30,9,clamped,0.01,0.8799776851831915,0.8799776851831915,1.0683774543545546
cb_rnn,1,30,10,clamped,0.01,0.8584523842832286,0.8584523842832286,1.042902719560709
cb_rnn,1,30,11,clamped,0.01,0.8383833334594499,0.8383833334594499,1.0213299669780629
cb_rnn,1,30,12,clamped,0.01,0.8320188390085198,0.8320188390085198,1.0193223118667776
cb_rnn,1,30,13,clamped,0.01,0.8259917342743583,0.8259917342743583,1.0163242202629168
cb_rnn,1,30,14,clamped,0.01,0.8157480255876586,0.8157480255876586,1.0016135460073223
cb_rnn,1,30,15,clamped,0.01,0.8103373277178687,0.8103373277178687,0.992319724661992
cb_rnn,1,30,16,clamped,0.01,0.8016186707366835,0.8016186707366835,0.9884319921391737
cb_rnn,1,30,17,clamped,0.01,0.7903175672889446,0.7903175672889446,0.9666548321568722
cb_rnn,1,30,18,clamped,0.01,0.7901480250981953,0.7901480250981953,0.9588831803398568
cb_rnn,1,30,19,clamped,0.01,0.7909142290546933,0.7909142290546933,0.9628409297151949
cb_rnn,1,30,20,clamped,0.01,0.7869008650891011,0.7869008650891011,0.957115213101883
cb_rnn,1,30,21,clamped,0.01,0.7724863014589789,0.7724863014589789,0.9414976456749424
cb_rnn,1,30,22,clamped,0.01,0.7694225870001762,0.7694225870001762,0.9365113773579161
cb_rnn,1,30,23,clamped,0.01,0.7664302161132468,0.7664302161132468,0.9400334237992991
cb_rnn,1,30,24,clamped,0.01,0.7607381440524871,0.7607381440524871,0.9423607022758957
cb_rnn,1,30,25,clamped,0.01,0.7703571780879754,0.7703571780879754,0.9498998404541296
cb_rnn,1,30,26,clamped,0.01,0.7595586973993282,0.7595586973993282,0.9338159078605007
cb_rnn,1,30,27,clamped,0.01,0.731165715702809,0.731165715702809,0.8858665331331459
cb_rnn,1,30,28,clamped,0.01,0.5798551247022384,0.5798551247022384,0.7776544468701969
cb_rnn,1,30,1,clamped,0.1,0.927338535409484,0.927338535409484,1.0176485663321968
cb_rnn,1,30,2,clamped,0.1,0.9509453972994845,0.9509453972994845,1.0842722303085073
cb_rnn,1,30,3,clamped,0.1,0.9494064063346741,0.9494064063346741,1.1088762647650148
cb_rnn,1,30,4,clamped,0.1,0.9101105997084524,0.9101105997084524,1.0844556259060902
cb_rnn,1,30,5,clamped,0.1,0.8974159767788888,0.8974159767788888,1.069222245329175
cb_rnn,1,30,6,clamped,0.1,0.889717391375138,0.889717391375138,1.0596149519664615
cb_rnn,1,30,7,clamped,0.1,0.8826631035729142,0.8826631035729142,1.0554046983381773
cb_rnn,1,30,8,clamped,0.1,0.8847457190333092,0.8847457190333092,1.0617181087136578
cb_rnn,1,30,9,clamped,0.1,0.880875692001326,0.880875692001326,1.0673746072374488
cb_rnn,1,30,10,clamped,0.1,0.8587891410800368,0.8587891410800368,1.0414631234523821
cb_rnn,1,30,11,clamped,0.1,0.8380179470429147,0.8380179470429147,1.019004052927541
cb_rnn,1,30,12,clamped,0.1,0.8313724001485128,0.8313724001485128,1.0166034596619071
cb_rnn,1,30,13,clamped,0.1,0.8256187433116098,0.8256187433116098,1.0140016959045182
cb_rnn,1,30,14,clamped,0.1,0.8148714915967182,0.8148714915967182,0.9984973621800394
cb_rnn,1,30,15,clamped,0.1,0.8091905922893707,0.8091905922893707,0.9891568863239288
cb_rnn,1,30,16,clamped,0.1,0.8005704962560602,0.8005704962560602,0.9847817098346325
cb_rnn,1,30,17,clamped,0.1,0.7887986715075482,0.7887986715075482,0.9627271700205338
cb_rnn,1,30,18,clamped,0.1,0.7887775859970545,0.7887775859970545,0.9553064409367937
cb_rnn,1,30,19,clamped,0.1,0.7900764904244274,0.7900764904244274,0.9596032469216109
cb_rnn,1,30,20,clamped,0.1,0.7856039541345557,0.7856039541345557,0.9539493133392263
cb_rnn,1,30,21,clamped,0.1,0.7711582852410216,0.7711582852410216,0.9384054263505082
cb_rnn,1,30,22,clamped,0.1,0.7680878343120197,0.7680878343120197,0.933449402953904
cb_rnn,1,30,23,clamped,0.1,0.7647389592542148,0.7647389592542148,0.9368129020919452
cb_rnn,1,30,24,clamped,0.1,0.7586790334896061,0.7586790334896061,0.938436651867667
cb_rnn,1,30,25,clamped,0.1,0.7677053250234633,0.7677053250234633,0.9451628703172034
cb_rnn,1,30,26,clamped,0.1,0.7566104014556837,0.7566104014556837,0.9277802085017814
cb_rnn,1,30,27,clamped,0.1,0.7282489042838349,0.7282489042838349,0.8796311883658694
cb_rnn,1,30,28,clamped,0.1,0.577552358263751,0.577552358263751,0.7713295384852679
cb_rnn,1,30,1,clamped,0.3,0.9263127975466149,0.9263127975466149,1.0158807075214638
cb_rnn,1,30,2,clamped,0.3,0.9500705272296781,0.9500705272296781,1.0815051058454894
cb_rnn,1,30,3,clamped,0.3,0.95021362444028,0.95021362444028,1.1068667675376302
cb_rnn,1,30,4,clamped,0.3,0.9128517405140639,0.9128517405140639,1.0833336601001413
cb_rnn,1,30,5,clamped,0.3,0.8991700635766773,0.8991700635766773,1.0682747293572148
cb_rnn,1,30,6,clamped,0.3,0.8910766858170129,0.8910766858170129,1.0581796695421402
cb_rnn,1,30,7,clamped,0.3,0.8834746971553203,0.8834746971553203,1.0532111147670293
cb_rnn,1,30,8,clamped,0.3,0.8851447374761735,0.8851447374761735,1.059992477852691
cb_rnn,1,30,9,clamped,0.3,0.8815362330380287,0.8815362330380287,1.064757991290047
cb_rnn,1,30,10,clamped,0.3,0.8582493012878174,0.8582493012878174,1.0386330526879919
cb_rnn,1,30,11,clamped,0.3,0.8366572705529438,0.8366572705529438,1.01494178729595
cb_rnn,1,30,12,clamped,0.3,0.8311795687063975,0.8311795687063975,1.0134106913693632
cb_rnn,1,30,13,clamped,0.3,0.8265866298733342,0.8265866298733342,1.0109299167141006
cb_rnn,1,30,14,clamped,0.3,0.8159020645356749,0.8159020645356749,0.9956523512764639
cb_rnn,1,30,15,clamped,0.3,0.8099233152364538,0.8099233152364538,0.9872458630128306
cb_rnn,1,30,16,clamped,0.3,0.8011242044720344,0.8011242044720344,0.9823170843922633
cb_rnn,1,30,17,clamped,0.3,0.7888082593716058,0.7888082593716058,0.9604698527859312
cb_rnn,1,30,18,clamped,0.3,0.7884179026150586,0.7884179026150586,0.9532625335825546
cb_rnn,1,30,19,clamped,0.3,0.7893177493526005,0.7893177493526005,0.9566589253701197
cb_rnn,1,30,20,clamped,0.3,0.7847012902511739,0.7847012902511739,0.9510374163803411
cb_rnn,1,30,21,clamped,0.3,0.7696893710315598,0.7696893710315598,0.9350600368276076
cb_rnn,1,30,22,clamped,0.3,0.7668349067226868,0.7668349067226868,0.9302959487850447
cb_rnn,1,30,23,clamped,0.3,0.7625323978441665,0.7625323978441665,0.9326459374149199
cb_rnn,1,30,24,clamped,0.3,0.7565855560696081,0.7565855560696081,0.9339971383226805
cb_rnn,1,30,25,clamped,0.3,0.765679597698266,0.765679597698266,0.9408106372461447
cb_rnn,1,30,26,clamped,0.3,0.754535851700766,0.754535851700766,0.9236612313249006
cb_rnn,1,30,27,clamped,0.3,0.72591688915574,0.72591688915574,0.874792921382036
cb_rnn,1,30,28,clamped,0.3,0.5757376460123851,0.5757376460123851,0.766882879319527
cb_rnn,2,7,1,full,0.001,0.9843435469192952,0.9843435469192952,1.0279915103823287
cb_rnn,2,7,2,full,0.001,0.9819107456397094,0.9819107456397094,1.0318089755435063
cb_rnn,2,7,3,full,0.001,1.0063626884280013,1.0063626884280013,1.0726468338929571
cb_rnn,2,7,4,full,0.001,1.1295169652779709,1.1295169652779709,1.2198023607399913
cb_rnn,2,7,5,full,0.001,1.251621548115081,1.251621548115081,1.3547650250615182
cb_rnn,2,7,1,full,0.01,0.9843030607086798,0.9843030607086798,1.0279384005892136
cb_rnn,2,7,2,full,0.01,0.9818996408885674,0.9818996408885674,1.0317299490254452
cb_rnn,2,7,3,full,0.01,1.0061955768760023,1.0061955768760023,1.0724651788868018
cb_rnn,2,7,4,full,0.01,1.1293820824410974,1.1293820824410974,1.2196134661519478
cb_rnn,2,7,5,full,0.01,1.2513781731299072,1.2513781731299072,1.3544427813817306
cb_rnn,2,7,1,full,0.1,0.9841453676340906,0.9841453676340906,1.0277510047098464
cb_rnn,2,7,2,full,0.1,0.9806748035481976,0.9806748035481976,1.0304259392125674
cb_rnn,2,7,3,full,0.1,1.0048070672642169,1.0048070672642169,1.0706757349594076
cb_rnn,2,7,4,full,0.1,1.1284958686042175,1.1284958686042175,1.217981537947332
cb_rnn,2,7,5,full,0.1,1.25046788961516,1.25046788961516,1.353365912143708
cb_rnn,2,7,1,full,0.3,0.9822760528034817,0.9822760528034817,1.0263686108727206
cb_rnn,2,7,2,full,0.3,0.977478151152417,0.977478151152417,1.0273791186319785
cb_rnn,2,7,3,full,0.3,1.0014934123899064,1.0014934123899064,1.0669407328801068
cb_rnn,2,7,4,full,0.3,1.1254409413696456,1.1254409413696456,1.2139673739962502
cb_rnn,2,7,5,full,0.3,1.2452197029179772,1.2452197029179772,1.3474825160962816
cb_rnn,2,7,1,clamped,0.001,0.6448710701524839,0.6448710701524839,0.7190977730646962
cb_rnn,2,7,2,clamped,0.001,0.4728434612773935,0.4728434612773935,0.5497783398618108
cb_rnn,2,7,3,clamped,0.001,0.32978590881323533,0.32978590881323533,0.431096882378744
cb_rnn,2,7,4,clamped,0.001,0.24463017760399977,0.24463017760399977,0.3318427335323462
cb_rnn,2,7,5,clamped,0.001,0.17373443613302247,0.17373443613302247,0.24484173341225154
cb_rnn,2,7,1,clamped,0.01,0.6448463796564791,0.6448463796564791,0.7190710523082555
cb_rnn,2,7,2,clamped,0.01,0.47284502324257616,0.47284502324257616,0.5497579475080129
cb_rnn,2,7,3,clamped,0.01,0.32977638640044543,0.32977638640044543,0.4310775194978794
cb_rnn,2,7,4,clamped,0.01,0.24461540207154678,0.24461540207154678,0.33181943690466276
cb_rnn,2,7,5,clamped,0.01,0.17372575599442616,0.17372575599442616,0.24481910654223465
cb_rnn,2,7,1,clamped,0.1,0.6446374358691476,0.6446374358691476,0.7188767398390064
cb_rnn,2,7,2,clamped,0.1,0.47259136207195096,0.47259136207195096,0.5494256888945418
cb_rnn,2,7,3,clamped,0.1,0.3294905820783398,0.3294905820783398,0.43072370174192015
cb_rnn,2,7,4,clamped,0.1,0.24435168635058566,0.24435168635058566,0.33151521180203286
cb_rnn,2,7,5,clamped,0.1,0.17356422491261503,0.17356422491261503,0.24456133741515249
cb_rnn,2,7,1,clamped,0.3,0.6438368418209532,0.6438368418209532,0.7181402759506876
cb_rnn,2,7,2,clamped,0.3,0.4719179729912166,0.4719179729912166,0.5487326096491097
cb_rnn,2,7,3,clamped,0.3,0.32896958732272785,0.32896958732272785,0.43020712114210347
cb_rnn,2,7,4,clamped,0.3,0.24394289963428623,0.24394289963428623,0.3311354203603257
cb_rnn,2,7,5,clamped,0.3,0.1733091751248092,0.1733091751248092,0.24425178036658046
cb_rnn,2,11,1,full,0.001,0.92372552568868,0.92372552568868,0.9542065746332973
cb_rnn,2,11,2,full,0.001,0.9217951542091227,0.9217951542091227,0.9576696720172304
cb_rnn,2,11,3,full,0.001,0.8988201826503619,0.8988201826503619,0.9460913827448836
cb_rnn,2,11,4,full,0.001,0.881744067815819,0.881744067815819,0.9358194756377307
cb_rnn,2,11,5,full,0.001,0.8960079935541654,0.8960079935541654,0.9548251738572925
cb_rnn,2,11,6,full,0.001,0.8702271308313445,0.8702271308313445,0.941070534152069
cb_rnn,2,11,7,full,0.001,0.8780741182202734,0.8780741182202734,0.9552709539428637
cb_rnn,2,11,8,full,0.001,0.9543536851712833,0.9543536851712833,1.0392684578614433
cb_rnn,2,11,9,full,0.001,1.0394315891760366,1.0394315891760366,1.1422426042136222
cb_rnn,2,11,1,full,0.01,0.9237299107333474,0.9237299107333474,0.9541841897587635
cb_rnn,2,11,2,full,0.01,0.9216377113550336,0.9216377113550336,0.9575392998215948
cb_rnn,2,11,3,full,0.01,0.8985894357311162,0.8985894357311162,0.945837210089639
cb_rnn,2,11,4,full,0.01,0.8814843492432654,0.8814843492432654,0.9355605872644424
cb_rnn,2,11,5,full,0.01,0.8957734572277145,0.8957734572277145,0.9546455877522727
cb_rnn,2,11,6,full,0.01,0.8699566198856595,0.8699566198856595,0.9408682936411106
cb_rnn,2,11,7,full,0.01,0.8777947375217767,0.8777947375217767,0.9550420279571192
cb_rnn,2,11,8,full,0.01,0.9540931813728963,0.9540931813728963,1.0390434112198823
cb_rnn,2,11,9,full,0.01,1.0392947279986673,1.0392947279986673,1.1420928259380851
cb_rnn,2,11,1,full,0.1,0.9232470859413683,0.9232470859413683,0.9534851750260079
cb_rnn,2,11,2,full,0.1,0.9208944762563209,0.9208944762563209,0.9566871604661098
cb_rnn,2,11,3,full,0.1,0.897370236628031,0.897370236628031,0.9446607482597706
cb_rnn,2,11,4,full,0.1,0.8802429013911766,0.8802429013911766,0.9343433251870723
cb_rnn,2,11,5,full,0.1,0.8943215659374739,0.8943215659374739,0.9531865423469272
cb_rnn,2,11,6,full,0.1,0.8682747519235621,0.8682747519235621,0.9390631120849944
cb_rnn,2,11,7,full,0.1,0.8763243586791005,0.8763243586791005,0.9531933232733234
cb_rnn,2,11,8,full,0.1,0.9519924393259018,0.9519924393259018,1.036564729136545
cb_rnn,2,11,9,full,0.1,1.0374335058927358,1.0374335058927358,1.1398790425968734
cb_rnn,2,11,1,full,0.3,0.9224885460236185,0.9224885460236185,0.9524539683993503
cb_rnn,2,11,2,full,0.3,0.9195408932663485,0.9195408932663485,0.9553596279941027
cb_rnn,2,11,3,full,0.3,0.8953088058902998,0.8953088058902998,0.9428294566552209
cb_rnn,2,11,4,full,0.3,0.8783317151118677,0.8783317151118677,0.9323383126530217
cb_rnn,2,11,5,full,0.3,0.8923494871669542,0.8923494871669542,0.9511574094722757
cb_rnn,2,11,6,full,0.3,0.8663216382631849,0.8663216382631849,0.9372107783854623
cb_rnn,2,11,7,full,0.3,0.874646426056273,0.874646426056273,0.9515315333744736
cb_rnn,2,11,8,full,0.3,0.9502864418121748,0.9502864418121748,1.0347438613384186
cb_rnn,2,11,9,full,0.3,1.035806466897487,1.035806466897487,1.1384954643015437
cb_rnn,2,11,1,clamped,0.001,0.6239745679484034,0.6239745679484034,0.7258984930520421
cb_rnn,2,11,2,clamped,0.001,0.5602058549346232,0.5602058549346232,0.6678936772340822
cb_rnn,2,11,3,clamped,0.001,0.507369004072531,0.507369004072531,0.6153836440600053
cb_rnn,2,11,4,clamped,0.001,0.4495304023186203,0.4495304023186203,0.5668881014579177
cb_rnn,2,11,5,clamped,0.001,0.3670862531165318,0.3670862531165318,0.5087567892655527
cb_rnn,2,11,6,clamped,0.001,0.3056712207602791,0.3056712207602791,0.4416524154267837
cb_rnn,2,11,7,clamped,0.001,0.2568203328369494,0.2568203328369494,0.3718740377923421
cb_rnn,2,11,8,clamped,0.001,0.20781146883503246,0.20781146883503246,0.3048599501503514
cb_rnn,2,11,9,clamped,0.001,0.15402628302828414,0.15402628302828414,0.24308617158460138
cb_rnn,2,11,1,clamped,0.01,0.62398042545596,0.62398042545596,0.7258946245227338
cb_rnn,2,11,2,clamped,0.01,0.5601530162185395,0.5601530162185395,0.6678454951626664
cb_rnn,2,11,3,clamped,0.01,0.5073258351100327,0.5073258351100327,0.6153313205414499
cb_rnn,2,11,4,clamped,0.01,0.4494684326832466,0.4494684326832466,0.5668194242295224
cb_rnn,2,11,5,clamped,0.01,0.3670334728378734,0.3670334728378734,0.5086744061903865
cb_rnn,2,11,6,clamped,0.01,0.3056079336273703,0.3056079336273703,0.44154992688174943
cb_rnn,2,11,7,clamped,0.01,0.25676758840525915,0.25676758840525915,0.37178528057775956
cb_rnn,2,11,8,clamped,0.01,0.20776791880375184,0.20776791880375184,0.30478905343070445
cb_rnn,2,11,9,clamped,0.01,0.15398444622738555,0.15398444622738555,0.2430125227505635
cb_rnn,2,11,1,clamped,0.1,0.623788677881501,0.623788677881501,0.7255155055450542
cb_rnn,2,11,2,clamped,0.1,0.5598009160352888,0.5598009160352888,0.6673570424890025
cb_rnn,2,11,3,clamped,0.1,0.5068416711084646,0.5068416711084646,0.6147171251653003
cb_rnn,2,11,4,clamped,0.1,0.4489723391588706,0.4489723391588706,0.5661761815291673
cb_rnn,2,11,5,clamped,0.1,0.3666708781835065,0.3666708781835065,0.5081157006097218
cb_rnn,2,11,6,clamped,0.1,0.30530691815150407,0.30530691815150407,0.44107391347103914
cb_rnn,2,11,7,clamped,0.1,0.25651336009644793,0.25651336009644793,0.3713863834604338
cb_rnn,2,11,8,clamped,0.1,0.20754958468321846,0.20754958468321846,0.30446475433245257
cb_rnn,2,11,9,clamped,0.1,0.153830530819494,0.153830530819494,0.2427583676174141
cb_rnn,2,11,1,clamped,0.3,0.6234019815178716,0.6234019815178716,0.7249593003495821
cb_rnn,2,11,2,clamped,0.3,0.5590256078797803,0.5590256078797803,0.6665031605138585
cb_rnn,2,11,3,clamped,0.3,0.5057855233606756,0.5057855233606756,0.6135932130389183
cb_rnn,2,11,4,clamped,0.3,0.4479861831601919,0.4479861831601919,0.5650030323313817
cb_rnn,2,11,5,clamped,0.3,0.36585308823672424,0.36585308823672424,0.5069998315617381
cb_rnn,2,11,6,clamped,0.3,0.30461419590441696,0.30461419590441696,0.4400497474323542
cb_rnn,2,11,7,clamped,0.3,0.2559524111250262,0.2559524111250262,0.37054964496911835
cb_rnn,2,11,8,clamped,0.3,0.20701038797435647,0.20701038797435647,0.3037113871087341
cb_rnn,2,11,9,clamped,0.3,0.1534364054712558,0.1534364054712558,0.24211539624916079
cb_rnn,2,16,1,full,0.001,0.8972511776971628,0.8972511776971628,0.934454747054798
cb_rnn,2,16,2,full,0.001,0.8877923085114185,0.8877923085114185,0.9388073304841087
cb_rnn,2,16,3,full,0.001,0.8645999325407037,0.8645999325407037,0.9207189238552483
cb_rnn,2,16,4,full,0.001,0.8440198538748166,0.8440198538748166,0.9078651288456863
cb_rnn,2,16,5,full,0.001,0.8523471549924924,0.8523471549924924,0.9164329934392053
cb_rnn,2,16,6,full,0.001,0.8344962172697514,0.8344962172697514,0.9000711626732925
cb_rnn,2,16,7,full,0.001,0.7877199093306054,0.7877199093306054,0.8598911262198703
cb_rnn,2,16,8,full,0.001,0.765961475382145,0.765961475382145,0.8367215148141235
cb_rnn,2,16,9,full,0.001,0.7667657167494433,0.7667657167494433,0.841798943274195
cb_rnn,2,16,10,full,0.001,0.7605055872012596,0.7605055872012596,0.850122036668731
cb_rnn,2,16,11,full,0.001,0.7799428669728886,0.7799428669728886,0.8736619807519461
cb_rnn,2,16,12,full,0.001,0.7683670228211379,0.7683670228211379,0.8604409579339742
cb_rnn,2,16,13,full,0.001,0.7796717087819842,0.7796717087819842,0.8813087131096936
cb_rnn,2,16,14,full,0.001,0.8061125519373579,0.8061125519373579,0.937918984859215
cb_rnn,2,16,1,full,0.01,0.8971538782580737,0.8971538782580737,0.9343324076361389
cb_rnn,2,16,2,full,0.01,0.887486925299855,0.887486925299855,0.9385390082661356
cb_rnn,2,16,3,full,0.01,0.8642344946147764,0.8642344946147764,0.9203796356835519
cb_rnn,2,16,4,full,0.01,0.8436647784955815,0.8436647784955815,0.9075231287294722
cb_rnn,2,16,5,full,0.01,0.8519666237610394,0.8519666237610394,0.9160811178488366
cb_rnn,2,16,6,full,0.01,0.8341660894900139,0.8341660894900139,0.8997424685487918
cb_rnn,2,16,7,full,0.01,0.787457876833165,0.787457876833165,0.859584600460206
cb_rnn,2,16,8,full,0.01,0.7657398336771997,0.7657398336771997,0.8364095400401443
cb_rnn,2,16,9,full,0.01,0.7665425057758546,0.7665425057758546,0.8414956403796581
cb_rnn,2,16,10,full,0.01,0.7600896008021625,0.7600896008021625,0.849718595701972
cb_rnn,2,16,11,full,0.01,0.7794646413624017,0.7794646413624017,0.8731468902416168
cb_rnn,2,16,12,full,0.01,0.7679192845797971,0.7679192845797971,0.8600112743595701
cb_rnn,2,16,13,full,0.01,0.7791569137829537,0.7791569137829537,0.8807737139430055
cb_rnn,2,16,14,full,0.01,0.8056268505108327,0.8056268505108327,0.9374146478980223
cb_rnn,2,16,1,full,0.1,0.8959008566383807,0.8959008566383807,0.9331510171990506
cb_rnn,2,16,2,full,0.1,0.885219890753786,0.885219890753786,0.9366833139035036
cb_rnn,2,16,3,full,0.1,0.8616360630463922,0.8616360630463922,0.9181831791481183
cb_rnn,2,16,4,full,0.1,0.8412416002782808,0.8412416002782808,0.9054052185194399
cb_rnn,2,16,5,full,0.1,0.8496893356652746,0.8496893356652746,0.9140092937890107
cb_rnn,2,16,6,full,0.1,0.8318115086538134,0.8318115086538134,0.8977835747847641
cb_rnn,2,16,7,full,0.1,0.7852786253856265,0.7852786253856265,0.857931272616985
cb_rnn,2,16,8,full,0.1,0.7634860887212169,0.7634860887212169,0.8345929756556699
cb_rnn,2,16,9,full,0.1,0.7641568001092853,0.7641568001092853,0.8395729963706522
cb_rnn,2,16,10,full,0.1,0.7577365103677318,0.7577365103677318,0.8479806079797465
cb_rnn,2,16,11,full,0.1,0.7771397671251961,0.7771397671251961,0.8711741222449461
cb_rnn,2,16,12,full,0.1,0.7660582983612054,0.7660582983612054,0.8583452745950515
cb_rnn,2,16,13,full,0.1,0.776977663189455,0.776977663189455,0.8790140210717796
cb_rnn,2,16,14,full,0.1,0.8023370578645785,0.8023370578645785,0.934504869569833
cb_rnn,2,16,1,full,0.3,0.8931014109429294,0.8931014109429294,0.9304290834491813
cb_rnn,2,16,2,full,0.3,0.8801959245321589,0.8801959245321589,0.9324633548965537
cb_rnn,2,16,3,full,0.3,0.8560291698901241,0.8560291698901241,0.9131308642760527
cb_rnn,2,16,4,full,0.3,0.8356271706201092,0.8356271706201092,0.900275151006928
cb_rnn,2,16,5,full,0.3,0.8442953708525244,0.8442953708525244,0.9090688359498537
cb_rnn,2,16,6,full,0.3,0.8264409709997338,0.8264409709997338,0.8928889201194212
cb_rnn,2,16,7,full,0.3,0.7801211297887733,0.7801211297887733,0.8531703238580819
cb_rnn,2,16,8,full,0.3,0.7582326477450929,0.7582326477450929,0.8298383696204621
cb_rnn,2,16,9,full,0.3,0.7584847503084899,0.7584847503084899,0.8345362871946624
cb_rnn,2,16,10,full,0.3,0.7520256193859701,0.7520256193859701,0.8427057725555631
cb_rnn,2,16,11,full,0.3,0.7708649110611502,0.7708649110611502,0.865133227375979
cb_rnn,2,16,12,full,0.3,0.7603381335957098,0.7603381335957098,0.8526666215491463
cb_rnn,2,16,13,full,0.3,0.7711819380521281,0.7711819380521281,0.8730957112364252
cb_rnn,2,16,14,full,0.3,0.7960888072318575,0.7960888072318575,0.9278008234993906
cb_rnn,2,16,1,clamped,0.001,0.7468144289072488,0.7468144289072488,0.8074380271680761
cb_rnn,2,16,2,clamped,0.001,0.6821942794586271,0.6821942794586271,0.7570982316246451
cb_rnn,2,16,3,clamped,0.001,0.6541738498766867,0.6541738498766867,0.7329434329739246
cb_rnn,2,16,4,clamped,0.001,0.6188998434417415,0.6188998434417415,0.704016962287682
cb_rnn,2,16,5,clamped,0.001,0.5883009656167544,0.5883009656167544,0.6750563900152298
cb_rnn,2,16,6,clamped,0.001,0.5457001635448563,0.5457001635448563,0.6439552702024149
cb_rnn,2,16,7,clamped,0.001,0.5054408785233322,0.5054408785233322,0.6123713395819592
cb_rnn,2,16,8,clamped,0.001,0.4732677858427625,0.4732677858427625,0.5783910886663445
cb_rnn,2,16,9,clamped,0.001,0.4251314071469378,0.4251314071469378,0.5422364708753288
cb_rnn,2,16,10,clamped,0.001,0.38916070716644835,0.38916070716644835,0.4996344230053261
cb_rnn,2,16,11,clamped,0.001,0.34560014266028943,0.34560014266028943,0.44773900335624883
cb_rnn,2,16,12,clamped,0.001,0.29733524034633324,0.29733524034633324,0.38927187970324617
cb_rnn,2,16,13,clamped,0.001,0.24414595440901843,0.24414595440901843,0.32844882822242394
cb_rnn,2,16,14,clamped,0.001,0.17543304481061148,0.17543304481061148,0.26449969782671523
cb_rnn,2,16,1,clamped,0.01,0.746761671435038,0.746761671435038,0.8073751892220393
cb_rnn,2,16,2,clamped,0.01,0.6820225030598106,0.6820225030598106,0.7569275545798664
cb_rnn,2,16,3,clamped,0.01,0.6539447728032678,0.6539447728032678,0.732685686591463
cb_rnn,2,16,4,clamped,0.01,0.6186666558571561,0.6186666558571561,0.7037384632258292
cb_rnn,2,16,5,clamped,0.01,0.5880666251050304,0.5880666251050304,0.6747917048218329
cb_rnn,2,16,6,clamped,0.01,0.5454742732879647,0.5454742732879647,0.6436992335709273
cb_rnn,2,16,7,clamped,0.01,0.5052542656816981,0.5052542656816981,0.6121387617882988
cb_rnn,2,16,8,clamped,0.01,0.47310300846045517,0.47310300846045517,0.5781796667638729
cb_rnn,2,16,9,clamped,0.01,0.4249616944535167,0.4249616944535167,0.5420286131877472
cb_rnn,2,16,10,clamped,0.01,0.3889858621526241,0.3889858621526241,0.49943169382804925
cb_rnn,2,16,11,clamped,0.01,0.34544598932926585,0.34544598932926585,0.447550339344005
cb_rnn,2,16,12,clamped,0.01,0.2971990153276776,0.2971990153276776,0.3890939757327082
cb_rnn,2,16,13,clamped,0.01,0.24403427258119134,0.24403427258119134,0.32830575509040594
cb_rnn,2,16,14,clamped,0.01,0.17534759585223705,0.17534759585223705,0.2643893391160502
cb_rnn,2,16,1,clamped,0.1,0.7459069122247237,0.7459069122247237,0.8066432946382553
cb_rnn,2,16,2,clamped,0.1,0.6806278421070053,0.6806278421070053,0.7556282037527872
cb_rnn,2,16,3,clamped,0.1,0.652255677309453,0.652255677309453,0.7310509487864579
cb_rnn,2,16,4,clamped,0.1,0.617178917185723,0.617178917185723,0.7021617326919619
cb_rnn,2,16,5,clamped,0.1,0.5867536875598656,0.5867536875598656,0.6733635466435517
cb_rnn,2,16,6,clamped,0.1,0.5441945495171713,0.5441945495171713,0.6422549535236924
cb_rnn,2,16,7,clamped,0.1,0.5039625087911868,0.5039625087911868,0.6106296001264767
cb_rnn,2,16,8,clamped,0.1,0.47176583261497557,0.47176583261497557,0.5766015593247162
cb_rnn,2,16,9,clamped,0.1,0.42376413747481945,0.42376413747481945,0.5405010121686096
cb_rnn,2,16,10,clamped,0.1,0.387894372348066,0.387894372348066,0.49804480876629525
cb_rnn,2,16,11,clamped,0.1,0.34448133408505477,0.34448133408505477,0.44633284709531174
cb_rnn,2,16,12,clamped,0.1,0.29647483456468954,0.29647483456468954,0.38816084202202594
cb_rnn,2,16,13,clamped,0.1,0.24349519707496906,0.24349519707496906,0.3276110497081666
cb_rnn,2,16,14,clamped,0.1,0.17497730449542578,0.17497730449542578,0.2639102802628493
cb_rnn,2,16,1,clamped,0.3,0.7444508501443219,0.7444508501443219,0.8052927025597478
cb_rnn,2,16,2,clamped,0.3,0.6781853334827548,0.6781853334827548,0.7534435689082513
cb_rnn,2,16,3,clamped,0.3,0.6493740533787735,0.6493740533787735,0.72821909810393
cb_rnn,2,16,4,clamped,0.3,0.6142298024397609,0.6142298024397609,0.6990631355482676
cb_rnn,2,16,5,clamped,0.3,0.5839124075416351,0.5839124075416351,0.6703747233297612
cb_rnn,2,16,6,clamped,0.3,0.5415556107546826,0.5415556107546826,0.6393680634452115
cb_rnn,2,16,7,clamped,0.3,0.5014085496514651,0.5014085496514651,0.6076997036816204
cb_rnn,2,16,8,clamped,0.3,0.46930722622694865,0.46930722622694865,0.5736945508493431
cb_rnn,2,16,9,clamped,0.3,0.4214322674408135,0.4214322674408135,0.5376102303309909
cb_rnn,2,16,10,clamped,0.3,0.385732752664654,0.385732752664654,0.49536010901972927
cb_rnn,2,16,11,clamped,0.3,0.3425285082952987,0.3425285082952987,0.443834436462571
cb_rnn,2,16,12,clamped,0.3,0.29488813312766077,0.29488813312766077,0.3860573789668253
cb_rnn,2,16,13,clamped,0.3,0.24218237367064094,0.24218237367064094,0.3258135929680682
cb_rnn,2,16,14,clamped,0.3,0.174038675986396,0.174038675986396,0.26250619968016564
cb_rnn,2,21,1,full,0.001,0.9140764095089209,0.9140764095089209,0.9510675706381245
cb_rnn,2,21,2,full,0.001,0.8953892727670933,0.8953892727670933,0.9633933961948065
cb_rnn,2,21,3,full,0.001,0.8591287111650682,0.8591287111650682,0.9605845223982591
cb_rnn,2,21,4,full,0.001,0.8498450519129499,0.8498450519129499,0.9535139309657242
cb_rnn,2,21,5,full,0.001,0.8553098456175937,0.8553098456175937,0.9503090030541923
cb_rnn,2,21,6,full,0.001,0.85326235497952,0.85326235497952,0.963726659182714
cb_rnn,2,21,7,full,0.001,0.8735527101764462,0.8735527101764462,0.9893200497714583
cb_rnn,2,21,8,full,0.001,0.898098966491658,0.898098966491658,1.0001005137811663
cb_rnn,2,21,9,full,0.001,0.9090220146326625,0.9090220146326625,1.007847875333952
cb_rnn,2,21,10,full,0.001,0.9201069679731493,0.9201069679731493,1.0283885420027494
cb_rnn,2,21,11,full,0.001,0.9510493812206795,0.9510493812206795,1.0635634244711547
cb_rnn,2,21,12,full,0.001,0.9703518762717454,0.9703518762717454,1.0792010928413234
cb_rnn,2,21,13,full,0.001,0.9737447682721889,0.9737447682721889,1.0891816521895368
cb_rnn,2,21,14,full,0.001,1.005132415005412,1.005132415005412,1.1286728120672784
cb_rnn,2,21,15,full,0.001,1.0203180003459753,1.0203180003459753,1.154128611809885
cb_rnn,2,21,16,full,0.001,1.0335995516113297,1.0335995516113297,1.1648988611168583
cb_rnn,2,21,17,full,0.001,1.0567463995954993,1.0567463995954993,1.1883228019848269
cb_rnn,2,21,18,full,0.001,1.0899907000788729,1.0899907000788729,1.2288716229713819
cb_rnn,2,21,19,full,0.001,1.0117251788440424,1.0117251788440424,1.1928494781373586
cb_rnn,2,21,1,full,0.01,0.9140832200440945,0.9140832200440945,0.9510539719472928
cb_rnn,2,21,2,full,0.01,0.8953557362166245,0.8953557362166245,0.9633688028515213
cb_rnn,2,21,3,full,0.01,0.8591389325380516,0.8591389325380516,0.9606005322365876
cb_rnn,2,21,4,full,0.01,0.8498551150522509,0.8498551150522509,0.9535218510410184
cb_rnn,2,21,5,full,0.01,0.855323129455541,0.855323129455541,0.9503398431190172
cb_rnn,2,21,6,full,0.01,0.8533056294247957,0.8533056294247957,0.963828523974738
cb_rnn,2,21,7,full,0.01,0.873628219507173,0.873628219507173,0.9894282992044653
cb_rnn,2,21,8,full,0.01,0.8980455467442499,0.8980455467442499,1.0001405809327006
cb_rnn,2,21,9,full,0.01,0.9088955679085823,0.9088955679085823,1.0077747217352
cb_rnn,2,21,10,full,0.01,0.920014064083168,0.920014064083168,1.0283174030123956
cb_rnn,2,21,11,full,0.01,0.950907522454407,0.950907522454407,1.0634718227533404
cb_rnn,2,21,12,full,0.01,0.9702340803161853,0.9702340803161853,1.0790982052349312
cb_rnn,2,21,13,full,0.01,0.9733114106074832,0.9733114106074832,1.0888169755845623
cb_rnn,2,21,14,full,0.01,1.0048253657534656,1.0048253657534656,1.12837239341418
cb_rnn,2,21,15,full,0.01,1.019952284168989,1.019952284168989,1.1537280304990305
cb_rnn,2,21,16,full,0.01,1.0332538700954315,1.0332538700954315,1.1645040102112798
cb_rnn,2,21,17,full,0.01,1.0565124213036807,1.0565124213036807,1.1879749254328382
cb_rnn,2,21,18,full,0.01,1.0897303636054096,1.0897303636054096,1.2286655401196818
cb_rnn,2,21,19,full,0.01,1.011459306567481,1.011459306567481,1.192677925823488
cb_rnn,2,21,1,full,0.1,0.9136239048827036,0.9136239048827036,0.9505624535969881
cb_rnn,2,21,2,full,0.1,0.8944106654092117,0.8944106654092117,0.9624856760959006
cb_rnn,2,21,3,full,0.1,0.858076562061475,0.858076562061475,0.9595917884040452
cb_rnn,2,21,4,full,0.1,0.8486857743163678,0.8486857743163678,0.9522713109790835
cb_rnn,2,21,5,full,0.1,0.854358384190159,0.854358384190159,0.949450802538709
cb_rnn,2,21,6,full,0.1,0.8523223738750259,0.8523223738750259,0.9631125509342352
cb_rnn,2,21,7,full,0.1,0.8728253045441259,0.8728253045441259,0.988623732641801
cb_rnn,2,21,8,full,0.1,0.8967437402512984,0.8967437402512984,0.998901817515706
cb_rnn,2,21,9,full,0.1,0.9076765414944586,0.9076765414944586,1.0067067129428857
cb_rnn,2,21,10,full,0.1,0.918555081398975,0.918555081398975,1.02698821329404
cb_rnn,2,21,11,full,0.1,0.949268229960516,0.949268229960516,1.0617658938688659
cb_rnn,2,21,12,full,0.1,0.9685860983339623,0.9685860983339623,1.077354681816651
cb_rnn,2,21,13,full,0.1,0.9713933214842527,0.9713933214842527,1.086774541019564
cb_rnn,2,21,14,full,0.1,1.0034725456327203,1.0034725456327203,1.1271385138132777
cb_rnn,2,21,15,full,0.1,1.0184970201461014,1.0184970201461014,1.152249014911944
cb_rnn,2,21,16,full,0.1,1.0322263690466662,1.0322263690466662,1.163195486264357
cb_rnn,2,21,17,full,0.1,1.0552709828511446,1.0552709828511446,1.1865826538607427
cb_rnn,2,21,18,full,0.1,1.088548078371446,1.088548078371446,1.2272217076489123
cb_rnn,2,21,19,full,0.1,1.0109306300000855,1.0109306300000855,1.1908117823805637
cb_rnn,2,21,1,full,0.3,0.9125391695151499,0.9125391695151499,0.949428479183112
cb_rnn,2,21,2,full,0.3,0.8929145776603428,0.8929145776603428,0.961023138243152
cb_rnn,2,21,3,full,0.3,0.8555880969226446,0.8555880969226446,0.9573185111185738
cb_rnn,2,21,4,full,0.3,0.8454916584171397,0.8454916584171397,0.9493877706618079
cb_rnn,2,21,5,full,0.3,0.8512522826506794,0.8512522826506794,0.9468108469444518
cb_rnn,2,21,6,full,0.3,0.849594921611682,0.849594921611682,0.9607478802154416
cb_rnn,2,21,7,full,0.3,0.8700378198035895,0.8700378198035895,0.9862033293157852
cb_rnn,2,21,8,full,0.3,0.8939322873633861,0.8939322873633861,0.9963322554539706
cb_rnn,2,21,9,full,0.3,0.9047696814912869,0.9047696814912869,1.0041897065610828
cb_rnn,2,21,10,full,0.3,0.9156638886639915,0.9156638886639915,1.0243095763452033
cb_rnn,2,21,11,full,0.3,0.9462027751934908,0.9462027751934908,1.0589259756860974
cb_rnn,2,21,12,full,0.3,0.9651502108477447,0.9651502108477447,1.0740781207373213
cb_rnn,2,21,13,full,0.3,0.967888680324639,0.967888680324639,1.08358702764548
cb_rnn,2,21,14,full,0.3,0.9988676492651027,0.9988676492651027,1.1229129989018052
cb_rnn,2,21,15,full,0.3,1.0131346501029959,1.0131346501029959,1.1470334079733933
cb_rnn,2,21,16,full,0.3,1.027649120543142,1.027649120543142,1.158743597424877
cb_rnn,2,21,17,full,0.3,1.050915393187543,1.050915393187543,1.1825594005897246
cb_rnn,2,21,18,full,0.3,1.0833353416311369,1.0833353416311369,1.2222553565079186
cb_rnn,2,21,19,full,0.3,1.0087298554228474,1.0087298554228474,1.183927140443523
cb_rnn,2,21,1,clamped,0.001,0.8391279728595877,0.8391279728595877,0.8816707555865848
cb_rnn,2,21,2,clamped,0.001,0.7949536236528505,0.7949536236528505,0.8569496250753088
cb_rnn,2,21,3,clamped,0.001,0.7539509272660144,0.7539509272660144,0.8469867165138578
cb_rnn,2,21,4,clamped,0.001,0.7385525843733232,0.7385525843733232,0.8364759795039852
cb_rnn,2,21,5,clamped,0.001,0.732398194734557,0.732398194734557,0.8272096293521753
cb_rnn,2,21,6,clamped,0.001,0.725711428281403,0.725711428281403,0.825049448871467
cb_rnn,2,21,7,clamped,0.001,0.7333423199314187,0.7333423199314187,0.834380307071353
cb_rnn,2,21,8,clamped,0.001,0.7353826426454702,0.7353826426454702,0.8355129277079967
cb_rnn,2,21,9,clamped,0.001,0.7309166085089641,0.7309166085089641,0.8333278688172535
cb_rnn,2,21,10,clamped,0.001,0.7316368769668805,0.7316368769668805,0.8352512754787698
cb_rnn,2,21,11,clamped,0.001,0.7399272619377688,0.7399272619377688,0.8441614090517513
cb_rnn,2,21,12,clamped,0.001,0.7461907600607578,0.7461907600607578,0.8514515133753543
cb_rnn,2,21,13,clamped,0.001,0.7478549387548592,0.7478549387548592,0.8587540056698326
cb_rnn,2,21,14,clamped,0.001,0.746411088386949,0.746411088386949,0.8661091385586501
cb_rnn,2,21,15,clamped,0.001,0.741032819877292,0.741032819877292,0.8636089265016913
cb_rnn,2,21,16,clamped,0.001,0.729042125001695,0.729042125001695,0.8458480340037606
cb_rnn,2,21,17,clamped,0.001,0.6962560044771673,0.6962560044771673,0.8152743034884564
cb_rnn,2,21,18,clamped,0.001,0.6673956656471421,0.6673956656471421,0.764602638687621
cb_rnn,2,21,19,clamped,0.001,0.5304256860589359,0.5304256860589359,0.6643251882866303
cb_rnn,2,21,1,clamped,0.01,0.8391619043858994,0.8391619043858994,0.8816733498527639
cb_rnn,2,21,2,clamped,0.01,0.7949752471350041,0.7949752471350041,0.8569605394058692
cb_rnn,2,21,3,clamped,0.01,0.7539755244525981,0.7539755244525981,0.8470034615411901
cb_rnn,2,21,4,clamped,0.01,0.7385747478221332,0.7385747478221332,0.836493712764179
cb_rnn,2,21,5,clamped,0.01,0.7324298093671315,0.7324298093671315,0.8272457564883173
cb_rnn,2,21,6,clamped,0.01,0.7257864907961651,0.7257864907961651,0.825150904656224
cb_rnn,2,21,7,clamped,0.01,0.733450139966713,0.733450139966713,0.834497449431505
cb_rnn,2,21,8,clamped,0.01,0.7353661368002113,0.7353661368002113,0.8355670480857915
cb_rnn,2,21,9,clamped,0.01,0.7308227089026761,0.7308227089026761,0.8332600313534919
cb_rnn,2,21,10,clamped,0.01,0.7315572456263736,0.7315572456263736,0.8351638238310218
cb_rnn,2,21,11,clamped,0.01,0.7398429677523469,0.7398429677523469,0.8440784993247843
cb_rnn,2,21,12,clamped,0.01,0.7461339178871915,0.7461339178871915,0.8513744537962065
cb_rnn,2,21,13,clamped,0.01,0.747555182554906,0.747555182554906,0.8584570050168133
cb_rnn,2,21,14,clamped,0.01,0.7462023193339486,0.7462023193339486,0.8658702734179652
cb_rnn,2,21,15,clamped,0.01,0.7407770522125121,0.7407770522125121,0.863279644002741
cb_rnn,2,21,16,clamped,0.01,0.7288066982829656,0.7288066982829656,0.8455331459231328
cb_rnn,2,21,17,clamped,0.01,0.6960252821780728,0.6960252821780728,0.8149501942660158
cb_rnn,2,21,18,clamped,0.01,0.6671264039560711,0.6671264039560711,0.7642676088327633
cb_rnn,2,21,19,clamped,0.01,0.5301941761157987,0.5301941761157987,0.6639520402474504
cb_rnn,2,21,1,clamped,0.1,0.8388936476205942,0.8388936476205942,0.8813458067172184
cb_rnn,2,21,2,clamped,0.1,0.7944174622629402,0.7944174622629402,0.8563440778476608
cb_rnn,2,21,3,clamped,0.1,0.7532963633022476,0.7532963633022476,0.8462745472586946
cb_rnn,2,21,4,clamped,0.1,0.7379592621224977,0.7379592621224977,0.8357653873181392
cb_rnn,2,21,5,clamped,0.1,0.7320790921210238,0.7320790921210238,0.8270009477841476
cb_rnn,2,21,6,clamped,0.1,0.7254876876204884,0.7254876876204884,0.8250701744045188
cb_rnn,2,21,7,clamped,0.1,0.7333604544908545,0.7333604544908545,0.8344170899514725
cb_rnn,2,21,8,clamped,0.1,0.7348095349039332,0.7348095349039332,0.8350392605669867
cb_rnn,2,21,9,clamped,0.1,0.7303213124470107,0.7303213124470107,0.8328508714710308
cb_rnn,2,21,10,clamped,0.1,0.7309766624518235,0.7309766624518235,0.8346082931478513
cb_rnn,2,21,11,clamped,0.1,0.7390582531781082,0.7390582531781082,0.8431574586034069
cb_rnn,2,21,12,clamped,0.1,0.7453341408837401,0.7453341408837401,0.8504008590208094
cb_rnn,2,21,13,clamped,0.1,0.7464305676125487,0.7464305676125487,0.8572032457237683
cb_rnn,2,21,14,clamped,0.1,0.7454056163324083,0.7454056163324083,0.8651226643751038
cb_rnn,2,21,15,clamped,0.1,0.7401798004461217,0.7401798004461217,0.8626713917151638
cb_rnn,2,21,16,clamped,0.1,0.7285014987875523,0.7285014987875523,0.8451053129088489
cb_rnn,2,21,17,clamped,0.1,0.6956422046126994,0.6956422046126994,0.8144281738062873
cb_rnn,2,21,18,clamped,0.1,0.6666952889556892,0.6666952889556892,0.7636336345370562
cb_rnn,2,21,19,clamped,0.1,0.5298923820593002,0.5298923820593002,0.6634017369162373
cb_rnn,2,21,1,clamped,0.3,0.8384669557999012,0.8384669557999012,0.8808342944872942
cb_rnn,2,21,2,clamped,0.3,0.7937047260515023,0.7937047260515023,0.8555230800145088
cb_rnn,2,21,3,clamped,0.3,0.7519659805035472,0.7519659805035472,0.8449506220602057
cb_rnn,2,21,4,clamped,0.3,0.7364461694359352,0.7364461694359352,0.8343634612156641
cb_rnn,2,21,5,clamped,0.3,0.7307062708810154,0.7307062708810154,0.8258992429720277
cb_rnn,2,21,6,clamped,0.3,0.7243375536368568,0.7243375536368568,0.8240119103844051
cb_rnn,2,21,7,clamped,0.3,0.7321998785397823,0.7321998785397823,0.8333857235639259
cb_rnn,2,21,8,clamped,0.3,0.7336160908602182,0.7336160908602182,0.8339439100701493
cb_rnn,2,21,9,clamped,0.3,0.7290442754497104,0.7290442754497104,0.8317371691793598
cb_rnn,2,21,10,clamped,0.3,0.7298334134510596,0.7298334134510596,0.8335385969782564
cb_rnn,2,21,11,clamped,0.3,0.7379803967345695,0.7379803967345695,0.842130594448826
cb_rnn,2,21,12,clamped,0.3,0.7437799927155848,0.7437799927155848,0.8488221008531949
cb_rnn,2,21,13,clamped,0.3,0.7447304814288516,0.7447304814288516,0.8556692802856136
cb_rnn,2,21,14,clamped,0.3,0.7433671422324788,0.7433671422324788,0.8632572033352385
cb_rnn,2,21,15,clamped,0.3,0.737735971525761,0.737735971525761,0.8601996433677788
cb_rnn,2,21,16,clamped,0.3,0.7266298167892964,0.7266298167892964,0.8430251242332065
cb_rnn,2,21,17,clamped,0.3,0.6942236803884025,0.6942236803884025,0.8127906292624149
cb_rnn,2,21,18,clamped,0.3,0.665336549228227,0.665336549228227,0.7621064593081037
cb_rnn,2,21,19,clamped,0.3,0.5290255305884903,0.5290255305884903,0.6623234061470891
cb_rnn,2,25,1,full,0.001,0.9580131506303339,0.9580131506303339,1.0075788759312556
cb_rnn,2,25,2,full,0.001,0.9252639475757318,0.9252639475757318,1.0386065691951094
cb_rnn,2,25,3,full,0.001,0.9177029279997247,0.9177029279997247,1.0477097091279564
cb_rnn,2,25,4,full,0.001,0.9204045889837025,0.9204045889837025,1.0642008829192893
cb_rnn,2,25,5,full,0.001,0.9210220158488422,0.9210220158488422,1.079908922069113
cb_rnn,2,25,6,full,0.001,0.921125398584675,0.921125398584675,1.0709072920982812
cb_rnn,2,25,7,full,0.001,0.9322608136700995,0.9322608136700995,1.0733461839282419
cb_rnn,2,25,8,full,0.001,0.9423371099605791,0.9423371099605791,1.0914970356425453
cb_rnn,2,25,9,full,0.001,0.9502016557176323,0.9502016557176323,1.0966136004937408
cb_rnn,2,25,10,full,0.001,0.9491211717071737,0.9491211717071737,1.0818224801392202
cb_rnn,2,25,11,full,0.001,0.937535210927206,0.937535210927206,1.070739684439956
cb_rnn,2,25,12,full,0.001,0.9388450179644408,0.9388450179644408,1.0737848957029081
cb_rnn,2,25,13,full,0.001,0.9405313925957368,0.9405313925957368,1.0703164107166576
cb_rnn,2,25,14,full,0.001,0.9543534877121864,0.9543534877121864,1.0771087008322222
cb_rnn,2,25,15,full,0.001,0.9718743344127561,0.9718743344127561,1.0930164474300574
cb_rnn,2,25,16,full,0.001,0.9926452571939113,0.9926452571939113,1.1058785440159005
cb_rnn,2,25,17,full,0.001,0.9986164845151866,0.9986164845151866,1.10561212029873
cb_rnn,2,25,18,full,0.001,1.0096513142082453,1.0096513142082453,1.1169827551574911
cb_rnn,2,25,19,full,0.001,1.0307002388914785,1.0307002388914785,1.1375737039700096
cb_rnn,2,25,20,full,0.001,1.0379103995564953,1.0379103995564953,1.1416423878334192
cb_rnn,2,25,21,full,0.001,1.0356862004484317,1.0356862004484317,1.1525389598307045
cb_rnn,2,25,22,full,0.001,1.0344952333520299,1.0344952333520299,1.172603731359162
cb_rnn,2,25,23,full,0.001,0.9124227176717177,0.9124227176717177,1.1123496360161051
cb_rnn,2,25,1,full,0.01,0.9580018096010141,0.9580018096010141,1.0076161575607192
cb_rnn,2,25,2,full,0.01,0.9254213646242362,0.9254213646242362,1.0388552567068154
cb_rnn,2,25,3,full,0.01,0.9179859226405296,0.9179859226405296,1.0482531946270526
cb_rnn,2,25,4,full,0.01,0.9208228361353219,0.9208228361353219,1.0647522465212687
cb_rnn,2,25,5,full,0.01,0.9214967096641532,0.9214967096641532,1.0804620027005418
cb_rnn,2,25,6,full,0.01,0.9215359686835258,0.9215359686835258,1.0714038042903389
cb_rnn,2,25,7,full,0.01,0.9323953392374579,0.9323953392374579,1.0735743667225817
cb_rnn,2,25,8,full,0.01,0.9424865177782111,0.9424865177782111,1.0917742357654503
cb_rnn,2,25,9,full,0.01,0.9502335410827081,0.9502335410827081,1.0968091576296817
cb_rnn,2,25,10,full,0.01,0.9491681862714211,0.9491681862714211,1.0820078457740863
cb_rnn,2,25,11,full,0.01,0.9374580661289909,0.9374580661289909,1.0707991188131367
cb_rnn,2,25,12,full,0.01,0.9387490845686446,0.9387490845686446,1.0737738832180241
cb_rnn,2,25,13,full,0.01,0.9405578694826264,0.9405578694826264,1.0702725320442739
cb_rnn,2,25,14,full,0.01,0.9543362280807127,0.9543362280807127,1.0769944759826116
cb_rnn,2,25,15,full,0.01,0.9717496680702573,0.9717496680702573,1.0929107924711763
cb_rnn,2,25,16,full,0.01,0.9924247891712329,0.9924247891712329,1.1055979619146532
cb_rnn,2,25,17,full,0.01,0.998032803054438,0.998032803054438,1.1049474521204887
cb_rnn,2,25,18,full,0.01,1.0091925521445169,1.0091925521445169,1.1162967307092662
cb_rnn,2,25,19,full,0.01,1.030312126115469,1.030312126115469,1.1368667390688012
cb_rnn,2,25,20,full,0.01,1.0375544689054002,1.0375544689054002,1.1410229351517027
cb_rnn,2,25,21,full,0.01,1.0352855000866266,1.0352855000866266,1.1517835289562117
cb_rnn,2,25,22,full,0.01,1.0340714436947134,1.0340714436947134,1.171991704738051
cb_rnn,2,25,23,full,0.01,0.911823035892947,0.911823035892947,1.111672609347374
cb_rnn,2,25,1,full,0.1,0.9578366140858563,0.9578366140858563,1.007411455167347
cb_rnn,2,25,2,full,0.1,0.925172149499099,0.925172149499099,1.0390117907737546
cb_rnn,2,25,3,full,0.1,0.917598015404189,0.917598015404189,1.048193468207011
cb_rnn,2,25,4,full,0.1,0.9200857937111195,0.9200857937111195,1.0644328829600673
cb_rnn,2,25,5,full,0.1,0.9210063607115446,0.9210063607115446,1.080386619039057
cb_rnn,2,25,6,full,0.1,0.9213934097346896,0.9213934097346896,1.0714254545633917
cb_rnn,2,25,7,full,0.1,0.9323835480323588,0.9323835480323588,1.074085470564589
cb_rnn,2,25,8,full,0.1,0.9424385309723603,0.9424385309723603,1.0924838245408934
cb_rnn,2,25,9,full,0.1,0.9495251677852193,0.9495251677852193,1.0975669660814469
cb_rnn,2,25,10,full,0.1,0.9486719501813835,0.9486719501813835,1.0820599922372036
cb_rnn,2,25,11,full,0.1,0.9366670504870082,0.9366670504870082,1.0708640648270147
cb_rnn,2,25,12,full,0.1,0.9387588244200632,0.9387588244200632,1.0738973926639799
cb_rnn,2,25,13,full,0.1,0.9406739596081151,0.9406739596081151,1.0703955070693298
cb_rnn,2,25,14,full,0.1,0.9542783093870718,0.9542783093870718,1.076590620863946
cb_rnn,2,25,15,full,0.1,0.9715115437140647,0.9715115437140647,1.0926907248067939
cb_rnn,2,25,16,full,0.1,0.9916639294267795,0.9916639294267795,1.1044190931417894
cb_rnn,2,25,17,full,0.1,0.9970682159189586,0.9970682159189586,1.1033639465751732
cb_rnn,2,25,18,full,0.1,1.0078020973615964,1.0078020973615964,1.1145393934007148
cb_rnn,2,25,19,full,0.1,1.028812273201999,1.028812273201999,1.1345173027987698
cb_rnn,2,25,20,full,0.1,1.0365260567162085,1.0365260567162085,1.1388952823295264
cb_rnn,2,25,21,full,0.1,1.0342480458901746,1.0342480458901746,1.1489795264844342
cb_rnn,2,25,22,full,0.1,1.0326414794566032,1.0326414794566032,1.1681272754213294
cb_rnn,2,25,23,full,0.1,0.9112463579892891,0.9112463579892891,1.1078447752720677
cb_rnn,2,25,1,full,0.3,0.9567222766428581,0.9567222766428581,1.0066676482614993
cb_rnn,2,25,2,full,0.3,0.9236406352418807,0.9236406352418807,1.0384681906962254
cb_rnn,2,25,3,full,0.3,0.9150503386181392,0.9150503386181392,1.0466635107973963
cb_rnn,2,25,4,full,0.3,0.9168094894052251,0.9168094894052251,1.062034466170755
cb_rnn,2,25,5,full,0.3,0.9167942785147779,0.9167942785147779,1.07804300676231
cb_rnn,2,25,6,full,0.3,0.9177290051061364,0.9177290051061364,1.0687140397524553
cb_rnn,2,25,7,full,0.3,0.9289529273645718,0.9289529273645718,1.0717399563093262
cb_rnn,2,25,8,full,0.3,0.9383509325586535,0.9383509325586535,1.0894239002376724
cb_rnn,2,25,9,full,0.3,0.9450530122947355,0.9450530122947355,1.0937138910779867
cb_rnn,2,25,10,full,0.3,0.9444076631002136,0.9444076631002136,1.078661224835362
cb_rnn,2,25,11,full,0.3,0.9330069943102558,0.9330069943102558,1.0680846980686167
cb_rnn,2,25,12,full,0.3,0.9349280838829568,0.9349280838829568,1.071097170009819
cb_rnn,2,25,13,full,0.3,0.937094383171003,0.937094383171003,1.067776611412056
cb_rnn,2,25,14,full,0.3,0.951011787263923,0.951011787263923,1.0737635716652547
cb_rnn,2,25,15,full,0.3,0.9680284079713212,0.9680284079713212,1.0896521724948893
cb_rnn,2,25,16,full,0.3,0.9876979989042822,0.9876979989042822,1.1010302838282193
cb_rnn,2,25,17,full,0.3,0.9931974938538704,0.9931974938538704,1.0998106491283828
cb_rnn,2,25,18,full,0.3,1.0042669725542237,1.0042669725542237,1.1119058415530096
cb_rnn,2,25,19,full,0.3,1.0259332534600842,1.0259332534600842,1.1313134132293914
cb_rnn,2,25,20,full,0.3,1.034034270337917,1.034034270337917,1.1355847952804359
cb_rnn,2,25,21,full,0.3,1.03149235126796,1.03149235126796,1.1444384049820544
cb_rnn,2,25,22,full,0.3,1.030424670427869,1.030424670427869,1.1625991585908353
cb_rnn,2,25,23,full,0.3,0.910130628718069,0.910130628718069,1.10047664654242
cb_rnn,2,25,1,clamped,0.001,0.9502245972219685,0.9502245972219685,0.9983377195665057
cb_rnn,2,25,2,clamped,0.001,0.9164979890196541,0.9164979890196541,1.0343934144547715
cb_rnn,2,25,3,clamped,0.001,0.9068603243528481,0.9068603243528481,1.0522906204874103
cb_rnn,2,25,4,clamped,0.001,0.9085868935831894,0.9085868935831894,1.0608983429430507
cb_rnn,2,25,5,clamped,0.001,0.9004081164665361,0.9004081164665361,1.0633719294971982
cb_rnn,2,25,6,clamped,0.001,0.9025379016154648,0.9025379016154648,1.0625635482364302
cb_rnn,2,25,7,clamped,0.001,0.909542931131844,0.909542931131844,1.0647014072012377
cb_rnn,2,25,8,clamped,0.001,0.9124075794162633,0.9124075794162633,1.068923035128472
cb_rnn,2,25,9,clamped,0.001,0.9106296870319117,0.9106296870319117,1.0665500849441425
cb_rnn,2,25,10,clamped,0.001,0.9079954379250743,0.9079954379250743,1.0583309983951175
cb_rnn,2,25,11,clamped,0.001,0.9034089370706126,0.9034089370706126,1.0524050157671483
cb_rnn,2,25,12,clamped,0.001,0.8987771025707268,0.8987771025707268,1.0482005302153619
cb_rnn,2,25,13,clamped,0.001,0.895039713393257,0.895039713393257,1.041944111814979
cb_rnn,2,25,14,clamped,0.001,0.9060882008228792,0.9060882008228792,1.0434340189228049
cb_rnn,2,25,15,clamped,0.001,0.9149607569030129,0.9149607569030129,1.0472796076363267
cb_rnn,2,25,16,clamped,0.001,0.9240665421250867,0.9240665421250867,1.0526707662290584
cb_rnn,2,25,17,clamped,0.001,0.93475249936863,0.93475249936863,1.063054481237574
cb_rnn,2,25,18,clamped,0.001,0.9459366884086295,0.9459366884086295,1.072776246194463
cb_rnn,2,25,19,clamped,0.001,0.9554823821369305,0.9554823821369305,1.0772411743703338
cb_rnn,2,25,20,clamped,0.001,0.9538070556552143,0.9538070556552143,1.0710131112188337
cb_rnn,2,25,21,clamped,0.001,0.9153334107184269,0.9153334107184269,1.0395422849145843
cb_rnn,2,25,22,clamped,0.001,0.8684302252590068,0.8684302252590068,0.9755617842121361
cb_rnn,2,25,23,clamped,0.001,0.6907566978872471,0.6907566978872471,0.835732658079219
cb_rnn,2,25,1,clamped,0.01,0.9502554983293627,0.9502554983293627,0.9983846876410443
cb_rnn,2,25,2,clamped,0.01,0.9166652581378801,0.9166652581378801,1.0346369880880533
cb_rnn,2,25,3,clamped,0.01,0.9071795171268517,0.9071795171268517,1.0528877264231318
cb_rnn,2,25,4,clamped,0.01,0.9090954701985774,0.9090954701985774,1.0615489304835237
cb_rnn,2,25,5,clamped,0.01,0.9009788598043792,0.9009788598043792,1.0640565038664882
cb_rnn,2,25,6,clamped,0.01,0.903077393334876,0.903077393334876,1.0632193007758441
cb_rnn,2,25,7,clamped,0.01,0.9098088997226479,0.9098088997226479,1.0651043944644532
cb_rnn,2,25,8,clamped,0.01,0.9126944472914573,0.9126944472914573,1.0693860399724286
cb_rnn,2,25,9,clamped,0.01,0.9108155569543162,0.9108155569543162,1.0669312752570939
cb_rnn,2,25,10,clamped,0.01,0.9081848613117519,0.9081848613117519,1.0586661457430941
cb_rnn,2,25,11,clamped,0.01,0.9034487697320333,0.9034487697320333,1.0526213400188364
cb_rnn,2,25,12,clamped,0.01,0.8987942863148689,0.8987942863148689,1.0482890246926708
cb_rnn,2,25,13,clamped,0.01,0.8952020194192052,0.8952020194192052,1.0420061438336845
cb_rnn,2,25,14,clamped,0.01,0.9062200771327272,0.9062200771327272,1.043443780522406
cb_rnn,2,25,15,clamped,0.01,0.9149988180286859,0.9149988180286859,1.0472689894073794
cb_rnn,2,25,16,clamped,0.01,0.924004722246424,0.924004722246424,1.0525259451802094
cb_rnn,2,25,17,clamped,0.01,0.9343821971121169,0.9343821971121169,1.0626067936376002
cb_rnn,2,25,18,clamped,0.01,0.9457493484512927,0.9457493484512927,1.072355056078508
cb_rnn,2,25,19,clamped,0.01,0.955373572679519,0.955373572679519,1.076802509784002
cb_rnn,2,25,20,clamped,0.01,0.9537155564153167,0.9537155564153167,1.0706545476625557
cb_rnn,2,25,21,clamped,0.01,0.9152259892091219,0.9152259892091219,1.0392020131183397
cb_rnn,2,25,22,clamped,0.01,0.8682763145934234,0.8682763145934234,0.9752183837195831
cb_rnn,2,25,23,clamped,0.01,0.6906610002482283,0.6906610002482283,0.8353557493573698
cb_rnn,2,25,1,clamped,0.1,0.9503001753619285,0.9503001753619285,0.9982900697776926
cb_rnn,2,25,2,clamped,0.1,0.9166810235809875,0.9166810235809875,1.0349930880774187
cb_rnn,2,25,3,clamped,0.1,0.9070477063554534,0.9070477063554534,1.0530860078660433
cb_rnn,2,25,4,clamped,0.1,0.908777083806871,0.908777083806871,1.0616720309776597
cb_rnn,2,25,5,clamped,0.1,0.9008882419950985,0.9008882419950985,1.0644383683388288
cb_rnn,2,25,6,clamped,0.1,0.9033120691371624,0.9033120691371624,1.0638970616398982
cb_rnn,2,25,7,clamped,0.1,0.9100980891141297,0.9100980891141297,1.0662543842470091
cb_rnn,2,25,8,clamped,0.1,0.912958025957413,0.912958025957413,1.0707180183024612
cb_rnn,2,25,9,clamped,0.1,0.9104653693020971,0.9104653693020971,1.0682830466009383
cb_rnn,2,25,10,clamped,0.1,0.9079994217556477,0.9079994217556477,1.0592133755399304
cb_rnn,2,25,11,clamped,0.1,0.9029012153941325,0.9029012153941325,1.0530683503399247
cb_rnn,2,25,12,clamped,0.1,0.8991038381113826,0.8991038381113826,1.0488500768064672
cb_rnn,2,25,13,clamped,0.1,0.895591368580464,0.895591368580464,1.0424894886780192
cb_rnn,2,25,14,clamped,0.1,0.9064793851502692,0.9064793851502692,1.0434304463217319
cb_rnn,2,25,15,clamped,0.1,0.9151729230327766,0.9151729230327766,1.0475362569246696
cb_rnn,2,25,16,clamped,0.1,0.9236509565788773,0.9236509565788773,1.0518493857429947
cb_rnn,2,25,17,clamped,0.1,0.933818615348385,0.933818615348385,1.0617363533479574
cb_rnn,2,25,18,clamped,0.1,0.9447939269738734,0.9447939269738734,1.0712891980413577
cb_rnn,2,25,19,clamped,0.1,0.9543458626892147,0.9543458626892147,1.075362581627995
cb_rnn,2,25,20,clamped,0.1,0.9530845451264462,0.9530845451264462,1.069347632909969
cb_rnn,2,25,21,clamped,0.1,0.9148366714824261,0.9148366714824261,1.038125967237035
cb_rnn,2,25,22,clamped,0.1,0.8676582795472026,0.8676582795472026,0.9741230296981218
cb_rnn,2,25,23,clamped,0.1,0.6900182212746361,0.6900182212746361,0.8340970745123195
cb_rnn,2,25,1,clamped,0.3,0.9496615235068623,0.9496615235068623,0.9977410579744319
cb_rnn,2,25,2,clamped,0.3,0.9155832894905472,0.9155832894905472,1.03452315923678
cb_rnn,2,25,3,clamped,0.3,0.9049602458905142,0.9049602458905142,1.0518683127005735
cb_rnn,2,25,4,clamped,0.3,0.9061771949938933,0.9061771949938933,1.0597090504435331
cb_rnn,2,25,5,clamped,0.3,0.8974246311753713,0.8974246311753713,1.0624059730054753
cb_rnn,2,25,6,clamped,0.3,0.9004116860363833,0.9004116860363833,1.0617250957727942
cb_rnn,2,25,7,clamped,0.3,0.9072288091636245,0.9072288091636245,1.064343370605616
cb_rnn,2,25,8,clamped,0.3,0.9095328080686267,0.9095328080686267,1.0681201490707952
cb_rnn,2,25,9,clamped,0.3,0.9068526072015766,0.9068526072015766,1.065037080759251
cb_rnn,2,25,10,clamped,0.3,0.9045820908543651,0.9045820908543651,1.0566022052356168
cb_rnn,2,25,11,clamped,0.3,0.9001410757934224,0.9001410757934224,1.0510122103608257
cb_rnn,2,25,12,clamped,0.3,0.8964145232002978,0.8964145232002978,1.0470501380999924
cb_rnn,2,25,13,clamped,0.3,0.8931363955964537,0.8931363955964537,1.04095597907849
cb_rnn,2,25,14,clamped,0.3,0.9044512964757172,0.9044512964757172,1.0419394986503894
cb_rnn,2,25,15,clamped,0.3,0.913143910027135,0.913143910027135,1.0461347089266915
cb_rnn,2,25,16,clamped,0.3,0.9213131343814122,0.9213131343814122,1.050531282042582
cb_rnn,2,25,17,clamped,0.3,0.9316121153901934,0.9316121153901934,1.0605693704345396
cb_rnn,2,25,18,clamped,0.3,0.9430066168037934,0.9430066168037934,1.0712395299595394
cb_rnn,2,25,19,clamped,0.3,0.9533093392916245,0.9533093392916245,1.0748291940581105
cb_rnn,2,25,20,clamped,0.3,0.9527732741810374,0.9527732741810374,1.0690638243400241
cb_rnn,2,25,21,clamped,0.3,0.914737280556128,0.914737280556128,1.0382710324386875
cb_rnn,2,25,22,clamped,0.3,0.8677589396092997,0.8677589396092997,0.9745634886870314
cb_rnn,2,25,23,clamped,0.3,0.6897254605253094,0.6897254605253094,0.8340490572779833
cb_rnn,2,30,1,full,0.001,0.9874174699474008,0.9874174699474008,1.0746560905685074
cb_rnn,2,30,2,full,0.001,0.9867197826071654,0.9867197826071654,1.123226832374229
cb_rnn,2,30,3,full,0.001,0.9793185424124584,0.9793185424124584,1.137422159177301
cb_rnn,2,30,4,full,0.001,0.9685979844315454,0.9685979844315454,1.1358891293577578
cb_rnn,2,30,5,full,0.001,0.9594651676950452,0.9594651676950452,1.1254964417919544
cb_rnn,2,30,6,full,0.001,0.9520754465717483,0.9520754465717483,1.114216990545672
cb_rnn,2,30,7,full,0.001,0.9559911574975254,0.9559911574975254,1.1189519064067284
cb_rnn,2,30,8,full,0.001,0.9452908333292849,0.9452908333292849,1.1108165084024715
cb_rnn,2,30,9,full,0.001,0.9188575659585482,0.9188575659585482,1.0795720154002582
cb_rnn,2,30,10,full,0.001,0.8980369543850995,0.8980369543850995,1.0610213613004518
cb_rnn,2,30,11,full,0.001,0.8949941918990509,0.8949941918990509,1.062780852532064
cb_rnn,2,30,12,full,0.001,0.8785264734301332,0.8785264734301332,1.0373309465397695
cb_rnn,2,30,13,full,0.001,0.8501850265260622,0.8501850265260622,0.9941352068684155
cb_rnn,2,30,14,full,0.001,0.8389134747596252,0.8389134747596252,0.9795974760104218
cb_rnn,2,30,15,full,0.001,0.8261331907649625,0.8261331907649625,0.9666931584320304
cb_rnn,2,30,16,full,0.001,0.7988147056404058,0.7988147056404058,0.9287177345624709
cb_rnn,2,30,17,full,0.001,0.7989696561704656,0.7989696561704656,0.9236529465132286
cb_rnn,2,30,18,full,0.001,0.8173967109947551,0.8173967109947551,0.945520644264451
cb_rnn,2,30,19,full,0.001,0.8111807501282657,0.8111807501282657,0.9382433759375937
cb_rnn,2,30,20,full,0.001,0.7894249784919054,0.7894249784919054,0.9125520917711345
cb_rnn,2,30,21,full,0.001,0.7928211511492093,0.7928211511492093,0.9213538135259369
cb_rnn,2,30,22,full,0.001,0.8058725127574644,0.8058725127574644,0.9388900810690146
cb_rnn,2,30,23,full,0.001,0.8118108142170852,0.8118108142170852,0.9485689076151294
cb_rnn,2,30,24,full,0.001,0.7965891144187929,0.7965891144187929,0.94462465834659
cb_rnn,2,30,25,full,0.001,0.7741885869014073,0.7741885869014073,0.9342704707340509
cb_rnn,2,30,26,full,0.001,0.7614297350991674,0.7614297350991674,0.9179791727032066
cb_rnn,2,30,27,full,0.001,0.7884043644309923,0.7884043644309923,0.9429192568007873
cb_rnn,2,30,28,full,0.001,0.6972202510170475,0.6972202510170475,0.8917273169570065
cb_rnn,2,30,1,full,0.01,0.9874898812396136,0.9874898812396136,1.0745940480353067
cb_rnn,2,30,2,full,0.01,0.9866283637907816,0.9866283637907816,1.123155295899071
cb_rnn,2,30,3,full,0.01,0.9794638371986294,0.9794638371986294,1.137425553243756
cb_rnn,2,30,4,full,0.01,0.9686131483977514,0.9686131483977514,1.135749797890341
cb_rnn,2,30,5,full,0.01,0.9602536073875584,0.9602536073875584,1.1258909224403273
cb_rnn,2,30,6,full,0.01,0.9526808073591493,0.9526808073591493,1.1148208295736266
cb_rnn,2,30,7,full,0.01,0.95657452427482,0.95657452427482,1.1195221947363416
cb_rnn,2,30,8,full,0.01,0.9460924847329977,0.9460924847329977,1.111484097663132
cb_rnn,2,30,9,full,0.01,0.9200953011704991,0.9200953011704991,1.0805973083504035
cb_rnn,2,30,10,full,0.01,0.8992008304920601,0.8992008304920601,1.0620996142160815
cb_rnn,2,30,11,full,0.01,0.8958322209519982,0.8958322209519982,1.0637147295038822
cb_rnn,2,30,12,full,0.01,0.8795870103862462,0.8795870103862462,1.0380939447591144
cb_rnn,2,30,13,full,0.01,0.8514539378566733,0.8514539378566733,0.9950770720132651
cb_rnn,2,30,14,full,0.01,0.8397365629192743,0.8397365629192743,0.9806758015609276
cb_rnn,2,30,15,full,0.01,0.8263776865913619,0.8263776865913619,0.9674749490666873
cb_rnn,2,30,16,full,0.01,0.7989463985064504,0.7989463985064504,0.9296643490480995
cb_rnn,2,30,17,full,0.01,0.7995162928315921,0.7995162928315921,0.9246537292025137
cb_rnn,2,30,18,full,0.01,0.8176432151565339,0.8176432151565339,0.9465651756198075
cb_rnn,2,30,19,full,0.01,0.8118264698299076,0.8118264698299076,0.9391121354075191
cb_rnn,2,30,20,full,0.01,0.7901020943081403,0.7901020943081403,0.9134269735301219
cb_rnn,2,30,21,full,0.01,0.7934279438186065,0.7934279438186065,0.9220205931694327
cb_rnn,2,30,22,full,0.01,0.8061907176244739,0.8061907176244739,0.939408093049218
cb_rnn,2,30,23,full,0.01,0.8123334150147984,0.8123334150147984,0.9492467611580474
cb_rnn,2,30,24,full,0.01,0.7970565955594273,0.7970565955594273,0.9451119491296112
cb_rnn,2,30,25,full,0.01,0.7745242825033292,0.7745242825033292,0.9345045686527087
cb_rnn,2,30,26,full,0.01,0.7614941730154767,0.7614941730154767,0.9178145906616852
cb_rnn,2,30,27,full,0.01,0.7884549188943502,0.7884549188943502,0.9424679346727503
cb_rnn,2,30,28,full,0.01,0.6973985900363422,0.6973985900363422,0.8913812084054007
cb_rnn,2,30,1,full,0.1,0.9877498447358954,0.9877498447358954,1.0741215764356615
cb_rnn,2,30,2,full,0.1,0.9870009156292685,0.9870009156292685,1.1219143658450563
cb_rnn,2,30,3,full,0.1,0.979347952538427,0.979347952538427,1.1356935866727234
cb_rnn,2,30,4,full,0.1,0.9682239361626267,0.9682239361626267,1.1326461438748106
cb_rnn,2,30,5,full,0.1,0.9604149095093368,0.9604149095093368,1.1214782666213219
cb_rnn,2,30,6,full,0.1,0.9524365469817818,0.9524365469817818,1.1106765616053944
cb_rnn,2,30,7,full,0.1,0.9561154701166324,0.9561154701166324,1.1159519462827723
cb_rnn,2,30,8,full,0.1,0.9453206128802774,0.9453206128802774,1.1076178538395052
cb_rnn,2,30,9,full,0.1,0.9192184372106966,0.9192184372106966,1.0763479726933625
cb_rnn,2,30,10,full,0.1,0.9001269965773646,0.9001269965773646,1.0578394356285417
cb_rnn,2,30,11,full,0.1,0.8967270122196271,0.8967270122196271,1.0601532561094957
cb_rnn,2,30,12,full,0.1,0.8810152884948123,0.8810152884948123,1.0349122105251247
cb_rnn,2,30,13,full,0.1,0.8520896776258222,0.8520896776258222,0.9927399895762885
cb_rnn,2,30,14,full,0.1,0.8388798103602657,0.8388798103602657,0.9769712623203566
cb_rnn,2,30,15,full,0.1,0.8248421345109103,0.8248421345109103,0.9636998178578373
cb_rnn,2,30,16,full,0.1,0.7971911260605155,0.7971911260605155,0.9269676714175206
cb_rnn,2,30,17,full,0.1,0.7976107775406973,0.7976107775406973,0.9218693432382552
cb_rnn,2,30,18,full,0.1,0.8162257175940344,0.8162257175940344,0.9441059353728304
cb_rnn,2,30,19,full,0.1,0.8106263069981491,0.8106263069981491,0.9372219724887315
cb_rnn,2,30,20,full,0.1,0.7882473699213985,0.7882473699213985,0.9098550495197293
cb_rnn,2,30,21,full,0.1,0.7915671093588093,0.7915671093588093,0.9176546229183257
cb_rnn,2,30,22,full,0.1,0.8051776540774152,0.8051776540774152,0.9355715198682822
cb_rnn,2,30,23,full,0.1,0.8109518400922635,0.8109518400922635,0.9449287991802833
cb_rnn,2,30,24,full,0.1,0.7954878907755927,0.7954878907755927,0.9404672839887187
cb_rnn,2,30,25,full,0.1,0.7730018821815777,0.7730018821815777,0.9300172345559453
cb_rnn,2,30,26,full,0.1,0.7597501332219044,0.7597501332219044,0.9135046647979129
cb_rnn,2,30,27,full,0.1,0.7859365568033178,0.7859365568033178,0.9368676417600662
cb_rnn,2,30,28,full,0.1,0.6964512429016376,0.6964512429016376,0.8868270603065856
cb_rnn,2,30,1,full,0.3,0.9897432544932985,0.9897432544932985,1.0738778582932982
cb_rnn,2,30,2,full,0.3,0.9880518649539144,0.9880518649539144,1.1202201662351972
cb_rnn,2,30,3,full,0.3,0.979124454481699,0.979124454481699,1.1310349375780357
cb_rnn,2,30,4,full,0.3,0.9691074163259243,0.9691074163259243,1.1268539682116203
cb_rnn,2,30,5,full,0.3,0.962077851619263,0.962077851619263,1.116197491182164
cb_rnn,2,30,6,full,0.3,0.9539720295050761,0.9539720295050761,1.1069911817650422
cb_rnn,2,30,7,full,0.3,0.9581840408467805,0.9581840408467805,1.112117960221064
cb_rnn,2,30,8,full,0.3,0.947715977877654,0.947715977877654,1.1055938102698801
cb_rnn,2,30,9,full,0.3,0.9214045832974245,0.9214045832974245,1.0747494656851373
cb_rnn,2,30,10,full,0.3,0.9031525234060812,0.9031525234060812,1.0569697896843708
cb_rnn,2,30,11,full,0.3,0.8994002822255913,0.8994002822255913,1.0594871685877267
cb_rnn,2,30,12,full,0.3,0.8828357091908208,0.8828357091908208,1.033608045449509
cb_rnn,2,30,13,full,0.3,0.8538961701089346,0.8538961701089346,0.9899789604945138
cb_rnn,2,30,14,full,0.3,0.8398580732882599,0.8398580732882599,0.9733285373899278
cb_rnn,2,30,15,full,0.3,0.8258082959212222,0.8258082959212222,0.9593565107612403
cb_rnn,2,30,16,full,0.3,0.7981786142808558,0.7981786142808558,0.9224534266273692
cb_rnn,2,30,17,full,0.3,0.7983153994088992,0.7983153994088992,0.9176070838676786
cb_rnn,2,30,18,full,0.3,0.817632083525928,0.817632083525928,0.9402166495345436
cb_rnn,2,30,19,full,0.3,0.8109517491848044,0.8109517491848044,0.9332752989667917
cb_rnn,2,30,20,full,0.3,0.7881218552454226,0.7881218552454226,0.9063361919459092
cb_rnn,2,30,21,full,0.3,0.7913881885177946,0.7913881885177946,0.9137774098956444
cb_rnn,2,30,22,full,0.3,0.8058333203204917,0.8058333203204917,0.9330384054780243
cb_rnn,2,30,23,full,0.3,0.8105097247889388,0.8105097247889388,0.9415053434656919
cb_rnn,2,30,24,full,0.3,0.7947429894262383,0.7947429894262383,0.9369972874808007
cb_rnn,2,30,25,full,0.3,0.7721352589157595,0.7721352589157595,0.9269016749396125
cb_rnn,2,30,26,full,0.3,0.7587731877586965,0.7587731877586965,0.9096168426499824
cb_rnn,2,30,27,full,0.3,0.7845086589186102,0.7845086589186102,0.9312408952907235
cb_rnn,2,30,28,full,0.3,0.6977548850838818,0.6977548850838818,0.8817560142007583
cb_rnn,2,30,1,clamped,0.001,0.9950586124704595,0.9950586124704595,1.0808759039609908
cb_rnn,2,30,2,clamped,0.001,1.001806504398152,1.001806504398152,1.1380692368902643
cb_rnn,2,30,3,clamped,0.001,1.0000587145148612,1.0000587145148612,1.1556986963362
cb_rnn,2,30,4,clamped,0.001,0.994673816579253,0.994673816579253,1.1582750046900965
cb_rnn,2,30,5,clamped,0.001,0.9846383645032838,0.9846383645032838,1.1487598267231478
cb_rnn,2,30,6,clamped,0.001,0.9771782058690864,0.9771782058690864,1.1406148705235841
cb_rnn,2,30,7,clamped,0.001,0.9765319008325966,0.9765319008325966,1.1421787349961763
cb_rnn,2,30,8,clamped,0.001,0.9611910903999131,0.9611910903999131,1.1285465850883254
cb_rnn,2,30,9,clamped,0.001,0.9388186306473869,0.9388186306473869,1.10351442536594
cb_rnn,2,30,10,clamped,0.001,0.9202236264977433,0.9202236264977433,1.0909431716080524
cb_rnn,2,30,11,clamped,0.001,0.9123546315052311,0.9123546315052311,1.0858397300796057
cb_rnn,2,30,12,clamped,0.001,0.8962806105779613,0.8962806105779613,1.0611437637098178
cb_rnn,2,30,13,clamped,0.001,0.8730072996916884,0.8730072996916884,1.0275641016751307
cb_rnn,2,30,14,clamped,0.001,0.8647275112871231,0.8647275112871231,1.0158222884139705
cb_rnn,2,30,15,clamped,0.001,0.8503350788613322,0.8503350788613322,1.0025588145842579
cb_rnn,2,30,16,clamped,0.001,0.8339591769319156,0.8339591769319156,0.9788770624604934
cb_rnn,2,30,17,clamped,0.001,0.8316881083287434,0.8316881083287434,0.971117704945988
cb_rnn,2,30,18,clamped,0.001,0.8430187095307118,0.8430187095307118,0.9827500870470638
cb_rnn,2,30,19,clamped,0.001,0.8403832857677188,0.8403832857677188,0.9805195876658561
cb_rnn,2,30,20,clamped,0.001,0.8235773580564894,0.8235773580564894,0.9650624995114916
cb_rnn,2,30,21,clamped,0.001,0.8208532956367733,0.8208532956367733,0.9643556720491985
cb_rnn,2,30,22,clamped,0.001,0.8312585297492349,0.8312585297492349,0.9776765651630973
cb_rnn,2,30,23,clamped,0.001,0.8358648123807326,0.8358648123807326,0.98449268177771
cb_rnn,2,30,24,clamped,0.001,0.8140193464360432,0.8140193464360432,0.9720434944279818
cb_rnn,2,30,25,clamped,0.001,0.8012492445340503,0.8012492445340503,0.9678191949234091
cb_rnn,2,30,26,clamped,0.001,0.7950339000513208,0.7950339000513208,0.9548796005397773
cb_rnn,2,30,27,clamped,0.001,0.7725819994129042,0.7725819994129042,0.9104003240159223
cb_rnn,2,30,28,clamped,0.001,0.5947479912102713,0.5947479912102713,0.7739267998712117
cb_rnn,2,30,1,clamped,0.01,0.9951264968289847,0.9951264968289847,1.0808086195197197
cb_rnn,2,30,2,clamped,0.01,1.0017222918008508,1.0017222918008508,1.1380053718069876
cb_rnn,2,30,3,clamped,0.01,1.000204229232314,1.000204229232314,1.1557069320215028
cb_rnn,2,30,4,clamped,0.01,0.9946572681094243,0.9946572681094243,1.1580909206675387
cb_rnn,2,30,5,clamped,0.01,0.985382024648863,0.985382024648863,1.1490817015303059
cb_rnn,2,30,6,clamped,0.01,0.9777716060321238,0.9777716060321238,1.1411552956841642
cb_rnn,2,30,7,clamped,0.01,0.9771044255478878,0.9771044255478878,1.142669131126121
cb_rnn,2,30,8,clamped,0.01,0.9619876562248082,0.9619876562248082,1.1291448364133314
cb_rnn,2,30,9,clamped,0.01,0.9401528490518596,0.9401528490518596,1.1045421470005514
cb_rnn,2,30,10,clamped,0.01,0.9215691013694054,0.9215691013694054,1.0922716169402051
cb_rnn,2,30,11,clamped,0.01,0.9133450652315255,0.9133450652315255,1.0869547891503006
cb_rnn,2,30,12,clamped,0.01,0.8975038761551248,0.8975038761551248,1.0620641344015285
cb_rnn,2,30,13,clamped,0.01,0.8746012214637244,0.8746012214637244,1.0288476091535708
cb_rnn,2,30,14,clamped,0.01,0.8658117749065759,0.8658117749065759,1.0172917859652255
cb_rnn,2,30,15,clamped,0.01,0.8508049713746324,0.8508049713746324,1.0037945899934366
cb_rnn,2,30,16,clamped,0.01,0.8342466709024812,0.8342466709024812,0.9804365760599433
cb_rnn,2,30,17,clamped,0.01,0.832533844416564,0.832533844416564,0.9728917664467023
cb_rnn,2,30,18,clamped,0.01,0.8435208479425936,0.8435208479425936,0.9844648392535267
cb_rnn,2,30,19,clamped,0.01,0.8413723563719886,0.8413723563719886,0.9820077982121047
cb_rnn,2,30,20,clamped,0.01,0.8245470734426585,0.8245470734426585,0.9664807771366716
cb_rnn,2,30,21,clamped,0.01,0.8217442163104529,0.8217442163104529,0.9655184019274327
cb_rnn,2,30,22,clamped,0.01,0.8317952313617456,0.8317952313617456,0.9787145268447967
cb_rnn,2,30,23,clamped,0.01,0.8366054510309486,0.8366054510309486,0.985643782450031
cb_rnn,2,30,24,clamped,0.01,0.8147135404800243,0.8147135404800243,0.973007928820456
cb_rnn,2,30,25,clamped,0.01,0.8018122552832346,0.8018122552832346,0.9685853273885336
cb_rnn,2,30,26,clamped,0.01,0.7954778889917002,0.7954778889917002,0.9553826695810763
cb_rnn,2,30,27,clamped,0.01,0.773020439342436,0.773020439342436,0.9106710560034494
cb_rnn,2,30,28,clamped,0.01,0.5949953414665033,0.5949953414665033,0.7737914090450304
cb_rnn,2,30,1,clamped,0.1,0.9954615313433002,0.9954615313433002,1.080384218394278
cb_rnn,2,30,2,clamped,0.1,1.0022251315640114,1.0022251315640114,1.1368230053108197
cb_rnn,2,30,3,clamped,0.1,1.0003617889616172,1.0003617889616172,1.1541511017653316
cb_rnn,2,30,4,clamped,0.1,0.9945875117363566,0.9945875117363566,1.155180451169183
cb_rnn,2,30,5,clamped,0.1,0.986008602090271,0.986008602090271,1.1449049881693858
cb_rnn,2,30,6,clamped,0.1,0.9779042642795006,0.9779042642795006,1.1371904611335675
cb_rnn,2,30,7,clamped,0.1,0.9769337589766363,0.9769337589766363,1.139243111279507
cb_rnn,2,30,8,clamped,0.1,0.9614087736840001,0.9614087736840001,1.1252924887890319
cb_rnn,2,30,9,clamped,0.1,0.9392290184753556,0.9392290184753556,1.0998336376179076
cb_rnn,2,30,10,clamped,0.1,0.9228327647271775,0.9228327647271775,1.0877204630327877
cb_rnn,2,30,11,clamped,0.1,0.9141881803526872,0.9141881803526872,1.0830935603249958
cb_rnn,2,30,12,clamped,0.1,0.8987059977188496,0.8987059977188496,1.0581907586649537
cb_rnn,2,30,13,clamped,0.1,0.8750258486521113,0.8750258486521113,1.0258796966632506
cb_rnn,2,30,14,clamped,0.1,0.8645356033171809,0.8645356033171809,1.0127619387081976
cb_rnn,2,30,15,clamped,0.1,0.848645653937648,0.848645653937648,0.9992138967464181
cb_rnn,2,30,16,clamped,0.1,0.8320022101056771,0.8320022101056771,0.9770618005863546
cb_rnn,2,30,17,clamped,0.1,0.8301770739963941,0.8301770739963941,0.9696020048121441
cb_rnn,2,30,18,clamped,0.1,0.8417344545376135,0.8417344545376135,0.9817625141662175
cb_rnn,2,30,19,clamped,0.1,0.8398154575356799,0.8398154575356799,0.9798553151629548
cb_rnn,2,30,20,clamped,0.1,0.8220719937236364,0.8220719937236364,0.9621159308589502
cb_rnn,2,30,21,clamped,0.1,0.8196677813918547,0.8196677813918547,0.9604641476192837
cb_rnn,2,30,22,clamped,0.1,0.8307427341743086,0.8307427341743086,0.9744573548436926
cb_rnn,2,30,23,clamped,0.1,0.834816969991318,0.834816969991318,0.9803950767051494
cb_rnn,2,30,24,clamped,0.1,0.8126380711206617,0.8126380711206617,0.9673100334120655
cb_rnn,2,30,25,clamped,0.1,0.7995519827328309,0.7995519827328309,0.9630178002946844
cb_rnn,2,30,26,clamped,0.1,0.7930630202402678,0.7930630202402678,0.9499309112301526
cb_rnn,2,30,27,clamped,0.1,0.7702673340214459,0.7702673340214459,0.9047544952531925
cb_rnn,2,30,28,clamped,0.1,0.5927222071262981,0.5927222071262981,0.7679698897512002
cb_rnn,2,30,1,clamped,0.3,0.9977659079629972,0.9977659079629972,1.0802902287180798
cb_rnn,2,30,2,clamped,0.3,1.00379798073239,1.00379798073239,1.135346185463731
cb_rnn,2,30,3,clamped,0.3,1.000728385048417,1.000728385048417,1.1498272519063444
cb_rnn,2,30,4,clamped,0.3,0.9959857476364227,0.9959857476364227,1.1494480576954622
cb_rnn,2,30,5,clamped,0.3,0.9881132320249655,0.9881132320249655,1.139835749490142
cb_rnn,2,30,6,clamped,0.3,0.980060859610228,0.980060859610228,1.1338559600445894
cb_rnn,2,30,7,clamped,0.3,0.9796461210369469,0.9796461210369469,1.1353965796916843
cb_rnn,2,30,8,clamped,0.3,0.9640467090270102,0.9640467090270102,1.1232478966051445
cb_rnn,2,30,9,clamped,0.3,0.9415161143935304,0.9415161143935304,1.0982012135653152
cb_rnn,2,30,10,clamped,0.3,0.9258881787637836,0.9258881787637836,1.0869679948387256
cb_rnn,2,30,11,clamped,0.3,0.9166618852156951,0.9166618852156951,1.0822221663906797
cb_rnn,2,30,12,clamped,0.3,0.9001367945988314,0.9001367945988314,1.0564887692068645
cb_rnn,2,30,13,clamped,0.3,0.8766625999652716,0.8766625999652716,1.022606143376883
cb_rnn,2,30,14,clamped,0.3,0.8650141045343214,0.8650141045343214,1.008659127931826
cb_rnn,2,30,15,clamped,0.3,0.8493046825466266,0.8493046825466266,0.9941418197792208
cb_rnn,2,30,16,clamped,0.3,0.833034651047277,0.833034651047277,0.972268850534278
cb_rnn,2,30,17,clamped,0.3,0.8312039563194613,0.8312039563194613,0.9654357535060566
cb_rnn,2,30,18,clamped,0.3,0.843710880444442,0.843710880444442,0.9780953070960472
cb_rnn,2,30,19,clamped,0.3,0.8411510517929155,0.8411510517929155,0.9762597447461483
cb_rnn,2,30,20,clamped,0.3,0.8226124166529019,0.8226124166529019,0.9591124200293301
cb_rnn,2,30,21,clamped,0.3,0.8200845196469745,0.8200845196469745,0.9572293792732769
cb_rnn,2,30,22,clamped,0.3,0.8319267151562293,0.8319267151562293,0.9724866285049928
cb_rnn,2,30,23,clamped,0.3,0.8349617324857666,0.8349617324857666,0.9778943208177971
cb_rnn,2,30,24,clamped,0.3,0.8123729630736155,0.8123729630736155,0.964798537436063
cb_rnn,2,30,25,clamped,0.3,0.7987781999415742,0.7987781999415742,0.9602422591392958
cb_rnn,2,30,26,clamped,0.3,0.7923221532034275,0.7923221532034275,0.9467273666008897
cb_rnn,2,30,27,clamped,0.3,0.7693136545418926,0.7693136545418926,0.9003780904866614
cb_rnn,2,30,28,clamped,0.3,0.5921650143480826,0.5921650143480826,0.7627319148279028
cb_rnn,3,7,1,full,0.001,1.0705615221906695,1.0705615221906695,1.1097167646054504
cb_rnn,3,7,2,full,0.001,1.0039048161510236,1.0039048161510236,1.0616605659629865
cb_rnn,3,7,3,full,0.001,0.9003580866739116,0.9003580866739116,0.9597676636575855
cb_rnn,3,7,4,full,0.001,1.0188864052908855,1.0188864052908855,1.087257161444346
cb_rnn,3,7,5,full,0.001,1.0183933302917634,1.0183933302917634,1.1039870068049136
cb_rnn,3,7,1,full,0.01,1.0705727135883119,1.0705727135883119,1.109658489189052
cb_rnn,3,7,2,full,0.01,1.0039142929654887,1.0039142929654887,1.0616387111666667
cb_rnn,3,7,3,full,0.01,0.9004675056569257,0.9004675056569257,0.9598481494078848
cb_rnn,3,7,4,full,0.01,1.0191949312262558,1.0191949312262558,1.0875356418824407
cb_rnn,3,7,5,full,0.01,1.018556759937617,1.018556759937617,1.1041968917841083
cb_rnn,3,7,1,full,0.1,1.069228947866339,1.069228947866339,1.1082039516482043
cb_rnn,3,7,2,full,0.1,1.0023093821419067,1.0023093821419067,1.060217780411924
cb_rnn,3,7,3,full,0.1,0.8991514077619092,0.8991514077619092,0.9588475648634951
cb_rnn,3,7,4,full,0.1,1.0173947838492696,1.0173947838492696,1.0857658182595806
cb_rnn,3,7,5,full,0.1,1.0170442650873126,1.0170442650873126,1.1022499583294993
cb_rnn,3,7,1,full,0.3,1.0661533196792181,1.0661533196792181,1.1047964391874954
cb_rnn,3,7,2,full,0.3,0.9983787141675793,0.9983787141675793,1.0562807020061205
cb_rnn,3,7,3,full,0.3,0.8952599973751901,0.8952599973751901,0.9553861270300851
cb_rnn,3,7,4,full,0.3,1.0128848547478762,1.0128848547478762,1.080743963898831
cb_rnn,3,7,5,full,0.3,1.0133486268123395,1.0133486268123395,1.0971904947453894
cb_rnn,3,7,1,clamped,0.001,0.5876903612392335,0.5876903612392335,0.7190360771723829
cb_rnn,3,7,2,clamped,0.001,0.41735518393897153,0.41735518393897153,0.5745591596716
cb_rnn,3,7,3,clamped,0.001,0.341299056691198,0.341299056691198,0.47292344943457754
cb_rnn,3,7,4,clamped,0.001,0.21911526807100237,0.21911526807100237,0.37050324121535383
cb_rnn,3,7,5,clamped,0.001,0.16552488740787208,0.16552488740787208,0.26981514846566806
cb_rnn,3,7,1,clamped,0.01,0.5876334156934131,0.5876334156934131,0.7189663791518388
cb_rnn,3,7,2,clamped,0.01,0.41730401403625783,0.41730401403625783,0.5744834776695099
cb_rnn,3,7,3,clamped,0.01,0.34125402325611404,0.34125402325611404,0.4728491669209932
cb_rnn,3,7,4,clamped,0.01,0.21909216322989497,0.21909216322989497,0.3704369606016229
cb_rnn,3,7,5,clamped,0.01,0.16550199736056903,0.16550199736056903,0.26975749389200593
cb_rnn,3,7,1,clamped,0.1,0.5873487841012506,0.5873487841012506,0.7185516686944999
cb_rnn,3,7,2,clamped,0.1,0.41694161045069045,0.41694161045069045,0.5740428062916373
cb_rnn,3,7,3,clamped,0.1,0.340898619573148,0.340898619573148,0.47239268276234714
cb_rnn,3,7,4,clamped,0.1,0.21882435941398748,0.21882435941398748,0.3701023187070734
cb_rnn,3,7,5,clamped,0.1,0.16534962143681817,0.16534962143681817,0.2694952674982307
cb_rnn,3,7,1,clamped,0.3,0.5865163506600654,0.5865163506600654,0.7175580527972425
cb_rnn,3,7,2,clamped,0.3,0.41615819406807975,0.41615819406807975,0.5729970279991841
cb_rnn,3,7,3,clamped,0.3,0.34019372358240835,0.34019372358240835,0.47133773709545657
cb_rnn,3,7,4,clamped,0.3,0.21826090374739185,0.21826090374739185,0.3692596270560963
cb_rnn,3,7,5,clamped,0.3,0.16502063123026578,0.16502063123026578,0.2688996071216161
cb_rnn,3,11,1,full,0.001,0.9412361954350005,0.9412361954350005,0.9665470339570141
cb_rnn,3,11,2,full,0.001,0.8755057935538089,0.8755057935538089,0.9111988158278745
cb_rnn,3,11,3,full,0.001,0.8503867828576883,0.8503867828576883,0.8968657114070117
cb_rnn,3,11,4,full,0.001,0.8474796761981106,0.8474796761981106,0.9014899004299042
cb_rnn,3,11,5,full,0.001,0.8061042879282216,0.8061042879282216,0.8597377351612894
cb_rnn,3,11,6,full,0.001,0.7647790403567574,0.7647790403567574,0.8215522410185454
cb_rnn,3,11,7,full,0.001,0.8001442690229187,0.8001442690229187,0.864203834071334
cb_rnn,3,11,8,full,0.001,0.8598893773233083,0.8598893773233083,0.9306319285215388
cb_rnn,3,11,9,full,0.001,0.8825916848902331,0.8825916848902331,1.0005091590503095
cb_rnn,3,11,1,full,0.01,0.9410606042759666,0.9410606042759666,0.9663779138245834
cb_rnn,3,11,2,full,0.01,0.8753977845854847,0.8753977845854847,0.9110800205025584
cb_rnn,3,11,3,full,0.01,0.8502992863861529,0.8502992863861529,0.8967610056336481
cb_rnn,3,11,4,full,0.01,0.8474131399195335,0.8474131399195335,0.9013877540895998
cb_rnn,3,11,5,full,0.01,0.8060612406276707,0.8060612406276707,0.8596909164581027
cb_rnn,3,11,6,full,0.01,0.764809798883944,0.764809798883944,0.821611760636735
cb_rnn,3,11,7,full,0.01,0.800178267970138,0.800178267970138,0.8642553862924587
cb_rnn,3,11,8,full,0.01,0.8600439609773212,0.8600439609773212,0.9307795912550214
cb_rnn,3,11,9,full,0.01,0.8827924641962841,0.8827924641962841,1.000658002096259
cb_rnn,3,11,1,full,0.1,0.9395576960833525,0.9395576960833525,0.9652181694676815
cb_rnn,3,11,2,full,0.1,0.8739111076112405,0.8739111076112405,0.9098831065552835
cb_rnn,3,11,3,full,0.1,0.8489808633454821,0.8489808633454821,0.8956800250184025
cb_rnn,3,11,4,full,0.1,0.8459904219534453,0.8459904219534453,0.8999102207487015
cb_rnn,3,11,5,full,0.1,0.8046710007500262,0.8046710007500262,0.858278825153321
cb_rnn,3,11,6,full,0.1,0.7636072565345154,0.7636072565345154,0.8201755500104875
cb_rnn,3,11,7,full,0.1,0.798662928486437,0.798662928486437,0.8623574015085462
cb_rnn,3,11,8,full,0.1,0.8586359236861936,0.8586359236861936,0.9290378212055861
cb_rnn,3,11,9,full,0.1,0.8831965255138533,0.8831965255138533,0.999211859774073
cb_rnn,3,11,1,full,0.3,0.9369209924751785,0.9369209924751785,0.9630937302306302
cb_rnn,3,11,2,full,0.3,0.8712031471806594,0.8712031471806594,0.9075458186559666
cb_rnn,3,11,3,full,0.3,0.8465464305440706,0.8465464305440706,0.8935629455335593
cb_rnn,3,11,4,full,0.3,0.8435092592936162,0.8435092592936162,0.8974941662630863
cb_rnn,3,11,5,full,0.3,0.8016962604307512,0.8016962604307512,0.855767832962314
cb_rnn,3,11,6,full,0.3,0.7613740914285507,0.7613740914285507,0.8179907786772271
cb_rnn,3,11,7,full,0.3,0.7959655696111909,0.7959655696111909,0.8597173482489608
cb_rnn,3,11,8,full,0.3,0.8564461774464958,0.8564461774464958,0.9268987905041324
cb_rnn,3,11,9,full,0.3,0.8830961166347256,0.8830961166347256,0.9982652216866178
cb_rnn,3,11,1,clamped,0.001,0.639870322549833,0.639870322549833,0.7387974710655779
cb_rnn,3,11,2,clamped,0.001,0.5056250594336082,0.5056250594336082,0.6359459638693407
cb_rnn,3,11,3,clamped,0.001,0.4068343646104991,0.4068343646104991,0.5637543795572582
cb_rnn,3,11,4,clamped,0.001,0.34951355315798704,0.34951355315798704,0.4976834586450625
cb_rnn,3,11,5,clamped,0.001,0.29611014879149905,0.29611014879149905,0.43021485965638684
cb_rnn,3,11,6,clamped,0.001,0.25283055935792664,0.25283055935792664,0.3628788656554627
cb_rnn,3,11,7,clamped,0.001,0.20071674806010603,0.20071674806010603,0.2981309422544204
cb_rnn,3,11,8,clamped,0.001,0.14915653623803848,0.14915653623803848,0.23967407681392558
cb_rnn,3,11,9,clamped,0.001,0.11340132626849357,0.11340132626849357,0.19047097571399257
cb_rnn,3,11,1,clamped,0.01,0.6398613262614116,0.6398613262614116,0.7387921865078013
cb_rnn,3,11,2,clamped,0.01,0.5056096997954465,0.5056096997954465,0.6359343571263377
cb_rnn,3,11,3,clamped,0.01,0.4068161863434378,0.4068161863434378,0.5637436943254428
cb_rnn,3,11,4,clamped,0.01,0.34950119720987516,0.34950119720987516,0.4976723476379125
cb_rnn,3,11,5,clamped,0.01,0.2961018105869027,0.2961018105869027,0.4302158340388804
cb_rnn,3,11,6,clamped,0.01,0.25281825304565064,0.25281825304565064,0.3628723191151594
cb_rnn,3,11,7,clamped,0.01,0.2007074563302888,0.2007074563302888,0.298123107030674
cb_rnn,3,11,8,clamped,0.01,0.1491513713515498,0.1491513713515498,0.2396661607726246
cb_rnn,3,11,9,clamped,0.01,0.11339955124324144,0.11339955124324144,0.1904648310933275
cb_rnn,3,11,1,clamped,0.1,0.6394389052659117,0.6394389052659117,0.7384336983787426
cb_rnn,3,11,2,clamped,0.1,0.5051524579077775,0.5051524579077775,0.6355491085774863
cb_rnn,3,11,3,clamped,0.1,0.40647103826124775,0.40647103826124775,0.5633698122748487
cb_rnn,3,11,4,clamped,0.1,0.3491393138799065,0.3491393138799065,0.4972922821781495
cb_rnn,3,11,5,clamped,0.1,0.2957814605040418,0.2957814605040418,0.42985011703089654
cb_rnn,3,11,6,clamped,0.1,0.2525250554032101,0.2525250554032101,0.3625308613390844
cb_rnn,3,11,7,clamped,0.1,0.20048712419837356,0.20048712419837356,0.2978501511965487
cb_rnn,3,11,8,clamped,0.1,0.14898395890209826,0.14898395890209826,0.2394243839263144
cb_rnn,3,11,9,clamped,0.1,0.1132952962556348,0.1132952962556348,0.19024870552344675
cb_rnn,3,11,1,clamped,0.3,0.6385879321121078,0.6385879321121078,0.7376207845327429
cb_rnn,3,11,2,clamped,0.3,0.5042942515445968,0.5042942515445968,0.6346674388821167
cb_rnn,3,11,3,clamped,0.3,0.4056723625052057,0.4056723625052057,0.5624600494182752
cb_rnn,3,11,4,clamped,0.3,0.34832738379879513,0.34832738379879513,0.4963846974264825
cb_rnn,3,11,5,clamped,0.3,0.29501742124182717,0.29501742124182717,0.4289481104607765
cb_rnn,3,11,6,clamped,0.3,0.2518230708052629,0.2518230708052629,0.3617127007586889
cb_rnn,3,11,7,clamped,0.3,0.19991595471153836,0.19991595471153836,0.2971089561028719
cb_rnn,3,11,8,clamped,0.3,0.14852941563785144,0.14852941563785144,0.23875848289354973
cb_rnn,3,11,9,clamped,0.3,0.11296033028538682,0.11296033028538682,0.18963983363311682
cb_rnn,3,16,1,full,0.001,0.8966960486787542,0.8966960486787542,0.9258223439618215
cb_rnn,3,16,2,full,0.001,0.8798723384600317,0.8798723384600317,0.9117556989825619
cb_rnn,3,16,3,full,0.001,0.8591051791950306,0.8591051791950306,0.900209153277461
cb_rnn,3,16,4,full,0.001,0.8484541038656813,0.8484541038656813,0.8956982523199508
cb_rnn,3,16,5,full,0.001,0.852233491975054,0.852233491975054,0.8951613301264646
cb_rnn,3,16,6,full,0.001,0.8537320560534059,0.8537320560534059,0.8951212948475924
cb_rnn,3,16,7,full,0.001,0.8226940474803581,0.8226940474803581,0.8683392343650191
cb_rnn,3,16,8,full,0.001,0.8174867820656129,0.8174867820656129,0.8604279374710319
cb_rnn,3,16,9,full,0.001,0.8189592700403822,0.8189592700403822,0.8621159876258147
cb_rnn,3,16,10,full,0.001,0.7866701068557882,0.7866701068557882,0.8350987209041851
cb_rnn,3,16,11,full,0.001,0.8109848632305318,0.8109848632305318,0.8635510480890364
cb_rnn,3,16,12,full,0.001,0.8439872880052494,0.8439872880052494,0.9047389586034749
cb_rnn,3,16,13,full,0.001,0.875369456966786,0.875369456966786,0.951300816805601
cb_rnn,3,16,14,full,0.001,0.8833462658520433,0.8833462658520433,1.0103268005570865
cb_rnn,3,16,1,full,0.01,0.8966912210646871,0.8966912210646871,0.9257929766324867
cb_rnn,3,16,2,full,0.01,0.8798397757203393,0.8798397757203393,0.9117259007884857
cb_rnn,3,16,3,full,0.01,0.8591156405410502,0.8591156405410502,0.9002140632119688
cb_rnn,3,16,4,full,0.01,0.8485392213502522,0.8485392213502522,0.8957395476968487
cb_rnn,3,16,5,full,0.01,0.8523458556979723,0.8523458556979723,0.8952605461453893
cb_rnn,3,16,6,full,0.01,0.8538108315695774,0.8538108315695774,0.8952453347641534
cb_rnn,3,16,7,full,0.01,0.822785028498028,0.822785028498028,0.8684661355914692
cb_rnn,3,16,8,full,0.01,0.8175169976443721,0.8175169976443721,0.8605241341355849
cb_rnn,3,16,9,full,0.01,0.8188667209798188,0.8188667209798188,0.8620963560248002
cb_rnn,3,16,10,full,0.01,0.7865960462453245,0.7865960462453245,0.8350577126329146
cb_rnn,3,16,11,full,0.01,0.8108851521588201,0.8108851521588201,0.8634275713045954
cb_rnn,3,16,12,full,0.01,0.8438529186777666,0.8438529186777666,0.9046054620454715
cb_rnn,3,16,13,full,0.01,0.8752364310581973,0.8752364310581973,0.9512167074606238
cb_rnn,3,16,14,full,0.01,0.8829677909635703,0.8829677909635703,1.0098728406767306
cb_rnn,3,16,1,full,0.1,0.8960251243198779,0.8960251243198779,0.9252316948829243
cb_rnn,3,16,2,full,0.1,0.8784753673133554,0.8784753673133554,0.9105420688631016
cb_rnn,3,16,3,full,0.1,0.8578853527712873,0.8578853527712873,0.8990275427282219
cb_rnn,3,16,4,full,0.1,0.8469817277842693,0.8469817277842693,0.8942665846891265
cb_rnn,3,16,5,full,0.1,0.8508349883744756,0.8508349883744756,0.8938556151571705
cb_rnn,3,16,6,full,0.1,0.8525040022941768,0.8525040022941768,0.8939702930438187
cb_rnn,3,16,7,full,0.1,0.8218269626349539,0.8218269626349539,0.867516153600528
cb_rnn,3,16,8,full,0.1,0.8164684775628119,0.8164684775628119,0.859519497636724
cb_rnn,3,16,9,full,0.1,0.8175235551775282,0.8175235551775282,0.8609316529226916
cb_rnn,3,16,10,full,0.1,0.7853965136778915,0.7853965136778915,0.8339643693937513
cb_rnn,3,16,11,full,0.1,0.8095965478903341,0.8095965478903341,0.8624254249850607
cb_rnn,3,16,12,full,0.1,0.8425912494683899,0.8425912494683899,0.9034688203408311
cb_rnn,3,16,13,full,0.1,0.8737892825626257,0.8737892825626257,0.9498009397369485
cb_rnn,3,16,14,full,0.1,0.8820412635350156,0.8820412635350156,1.007734900302633
cb_rnn,3,16,1,full,0.3,0.8939619276865621,0.8939619276865621,0.9233327464413156
cb_rnn,3,16,2,full,0.3,0.8752297619058158,0.8752297619058158,0.9077830775529974
cb_rnn,3,16,3,full,0.3,0.8547933579103844,0.8547933579103844,0.8961631320930048
cb_rnn,3,16,4,full,0.3,0.8441496640894093,0.8441496640894093,0.8915674210756476
cb_rnn,3,16,5,full,0.3,0.8476999572768161,0.8476999572768161,0.8911392492201303
cb_rnn,3,16,6,full,0.3,0.8494259014931936,0.8494259014931936,0.8912476686356804
cb_rnn,3,16,7,full,0.3,0.8194742603821723,0.8194742603821723,0.8656797421910418
cb_rnn,3,16,8,full,0.3,0.8138733836833806,0.8138733836833806,0.8575050101129226
cb_rnn,3,16,9,full,0.3,0.8144976737707981,0.8144976737707981,0.8584409307703527
cb_rnn,3,16,10,full,0.3,0.7822200050465826,0.7822200050465826,0.8312295377332293
cb_rnn,3,16,11,full,0.3,0.8064480952201147,0.8064480952201147,0.8595233152547335
cb_rnn,3,16,12,full,0.3,0.8393132202986902,0.8393132202986902,0.9003583907799678
cb_rnn,3,16,13,full,0.3,0.870476638162897,0.870476638162897,0.9465304932025258
cb_rnn,3,16,14,full,0.3,0.8809754833338745,0.8809754833338745,1.0041402596812714
cb_rnn,3,16,1,clamped,0.001,0.7708579360224754,0.7708579360224754,0.8417058642232597
cb_rnn,3,16,2,clamped,0.001,0.6899079827216009,0.6899079827216009,0.7609622164377878
cb_rnn,3,16,3,clamped,0.001,0.5860344243320383,0.5860344243320383,0.6716253145317095
cb_rnn,3,16,4,clamped,0.001,0.5060309833157876,0.5060309833157876,0.6000643603295219
cb_rnn,3,16,5,clamped,0.001,0.4600397349501182,0.4600397349501182,0.5467852295952655
cb_rnn,3,16,6,clamped,0.001,0.4190258994854063,0.4190258994854063,0.5052656071758268
cb_rnn,3,16,7,clamped,0.001,0.3814216451111869,0.3814216451111869,0.4683338362074646
cb_rnn,3,16,8,clamped,0.001,0.33597485836146124,0.33597485836146124,0.4296712925208904
cb_rnn,3,16,9,clamped,0.001,0.2926700970225347,0.2926700970225347,0.38830046485602376
cb_rnn,3,16,10,clamped,0.001,0.26362550632627996,0.26362550632627996,0.348565572934805
cb_rnn,3,16,11,clamped,0.001,0.23240043480962672,0.23240043480962672,0.3101274438665222
cb_rnn,3,16,12,clamped,0.001,0.20535240919311532,0.20535240919311532,0.27280130141481346
cb_rnn,3,16,13,clamped,0.001,0.17044525242839959,0.17044525242839959,0.23337272243829868
cb_rnn,3,16,14,clamped,0.001,0.12760955185148792,0.12760955185148792,0.19213702592765775
cb_rnn,3,16,1,clamped,0.01,0.7708928898136413,0.7708928898136413,0.8417229894660425
cb_rnn,3,16,2,clamped,0.01,0.6899185881377898,0.6899185881377898,0.7609871852385783
cb_rnn,3,16,3,clamped,0.01,0.5860361247680861,0.5860361247680861,0.6716392984647153
cb_rnn,3,16,4,clamped,0.01,0.5060423746093055,0.5060423746093055,0.6000878930526246
cb_rnn,3,16,5,clamped,0.01,0.46006064177598216,0.46006064177598216,0.5468139271382766
cb_rnn,3,16,6,clamped,0.01,0.419049356390401,0.419049356390401,0.5053132924531061
cb_rnn,3,16,7,clamped,0.01,0.38144042096733005,0.38144042096733005,0.46837024200966026
cb_rnn,3,16,8,clamped,0.01,0.33597644870918375,0.33597644870918375,0.4296972064325022
cb_rnn,3,16,9,clamped,0.01,0.29266982242667783,0.29266982242667783,0.38831507703600354
cb_rnn,3,16,10,clamped,0.01,0.26362603433753873,0.26362603433753873,0.3485801202690725
cb_rnn,3,16,11,clamped,0.01,0.2323993996716402,0.2323993996716402,0.31013268009065204
cb_rnn,3,16,12,clamped,0.01,0.205349973965909,0.205349973965909,0.272804473319527
cb_rnn,3,16,13,clamped,0.01,0.17044581503256725,0.17044581503256725,0.23337426123086025
cb_rnn,3,16,14,clamped,0.01,0.12761037481165183,0.12761037481165183,0.19214205562114534
cb_rnn,3,16,1,clamped,0.1,0.7704433786444139,0.7704433786444139,0.8413007601348195
cb_rnn,3,16,2,clamped,0.1,0.6890131422189536,0.6890131422189536,0.7601701835014637
cb_rnn,3,16,3,clamped,0.1,0.5853894160880199,0.5853894160880199,0.6710351678384615
cb_rnn,3,16,4,clamped,0.1,0.5053545261992761,0.5053545261992761,0.5994252129460119
cb_rnn,3,16,5,clamped,0.1,0.45943819306277844,0.45943819306277844,0.5461612321910714
cb_rnn,3,16,6,clamped,0.1,0.4184928482616639,0.4184928482616639,0.5046867281958327
cb_rnn,3,16,7,clamped,0.1,0.380953461980459,0.380953461980459,0.46775379073008294
cb_rnn,3,16,8,clamped,0.1,0.33553623864000737,0.33553623864000737,0.42909389765745737
cb_rnn,3,16,9,clamped,0.1,0.2922988887256117,0.2922988887256117,0.3878075218709268
cb_rnn,3,16,10,clamped,0.1,0.2633125400998185,0.2633125400998185,0.34814094052528455
cb_rnn,3,16,11,clamped,0.1,0.23210650483342338,0.23210650483342338,0.30971731580271256
cb_rnn,3,16,12,clamped,0.1,0.20507470999078128,0.20507470999078128,0.2724103342714167
cb_rnn,3,16,13,clamped,0.1,0.1702078269082414,0.1702078269082414,0.2330026303313282
cb_rnn,3,16,14,clamped,0.1,0.12740711640832836,0.12740711640832836,0.191817842998076
cb_rnn,3,16,1,clamped,0.3,0.7691743346013392,0.7691743346013392,0.8400249253641273
cb_rnn,3,16,2,clamped,0.3,0.6871390202172509,0.6871390202172509,0.758541232608837
cb_rnn,3,16,3,clamped,0.3,0.5838636223917331,0.5838636223917331,0.669597093451676
cb_rnn,3,16,4,clamped,0.3,0.5041223355493496,0.5041223355493496,0.5982675893285074
cb_rnn,3,16,5,clamped,0.3,0.4582496572448333,0.4582496572448333,0.5450210174878839
cb_rnn,3,16,6,clamped,0.3,0.4173522112342705,0.4173522112342705,0.5035465323254581
cb_rnn,3,16,7,clamped,0.3,0.37998840614846574,0.37998840614846574,0.4667223286239063
cb_rnn,3,16,8,clamped,0.3,0.33457185395668365,0.33457185395668365,0.42799812698013606
cb_rnn,3,16,9,clamped,0.3,0.29139217046932353,0.29139217046932353,0.38674010878475673
cb_rnn,3,16,10,clamped,0.3,0.26247926130734844,0.26247926130734844,0.34710880887364826
cb_rnn,3,16,11,clamped,0.3,0.23138505311010876,0.23138505311010876,0.3087713096840855
cb_rnn,3,16,12,clamped,0.3,0.20443023984768519,0.20443023984768519,0.271555572461164
cb_rnn,3,16,13,clamped,0.3,0.169674946895514,0.169674946895514,0.23225722330437698
cb_rnn,3,16,14,clamped,0.3,0.12702987065742344,0.12702987065742344,0.19119642248230231
cb_rnn,3,21,1,full,0.001,0.8895907357458392,0.8895907357458392,0.9317866650277498
cb_rnn,3,21,2,full,0.001,0.8590189314984833,0.8590189314984833,0.9414808950742508
cb_rnn,3,21,3,full,0.001,0.8135413746572803,0.8135413746572803,0.9154401547228415
cb_rnn,3,21,4,full,0.001,0.8048425720657197,0.8048425720657197,0.9076375332949572
cb_rnn,3,21,5,full,0.001,0.7922905504489769,0.7922905504489769,0.9059725819261264
cb_rnn,3,21,6,full,0.001,0.7906895074914775,0.7906895074914775,0.9227151120977686
cb_rnn,3,21,7,full,0.001,0.7974870085786565,0.7974870085786565,0.9239257587506474
cb_rnn,3,21,8,full,0.001,0.7896506855470051,0.7896506855470051,0.9158798943333876
cb_rnn,3,21,9,full,0.001,0.7800831439153754,0.7800831439153754,0.9246651731919413
cb_rnn,3,21,10,full,0.001,0.7830679306083448,0.7830679306083448,0.929536253389265
cb_rnn,3,21,11,full,0.001,0.7849257798900438,0.7849257798900438,0.9188525444634565
cb_rnn,3,21,12,full,0.001,0.7849298470485856,0.7849298470485856,0.9190925437500326
cb_rnn,3,21,13,full,0.001,0.7950817524235297,0.7950817524235297,0.9351667667035335
cb_rnn,3,21,14,full,0.001,0.7856952162132483,0.7856952162132483,0.9230075957929178
cb_rnn,3,21,15,full,0.001,0.7623884732831456,0.7623884732831456,0.8963652343762063
cb_rnn,3,21,16,full,0.001,0.7754160791853023,0.7754160791853023,0.9108102411006953
cb_rnn,3,21,17,full,0.001,0.820861373566153,0.820861373566153,0.9628512365460522
cb_rnn,3,21,18,full,0.001,0.854114518690867,0.854114518690867,1.0169871657909217
cb_rnn,3,21,19,full,0.001,0.8129749205312166,0.8129749205312166,1.0262378607064226
cb_rnn,3,21,1,full,0.01,0.8895972577118404,0.8895972577118404,0.9317720589522132
cb_rnn,3,21,2,full,0.01,0.8588144225030918,0.8588144225030918,0.9412290682215396
cb_rnn,3,21,3,full,0.01,0.8134917055985885,0.8134917055985885,0.9153399217749084
cb_rnn,3,21,4,full,0.01,0.8049696216024796,0.8049696216024796,0.9077174165783339
cb_rnn,3,21,5,full,0.01,0.7924281997851834,0.7924281997851834,0.9060644010096057
cb_rnn,3,21,6,full,0.01,0.7907780364066967,0.7907780364066967,0.9227012758049808
cb_rnn,3,21,7,full,0.01,0.7975811123198163,0.7975811123198163,0.9239266240604177
cb_rnn,3,21,8,full,0.01,0.7897728734614105,0.7897728734614105,0.9159277857068948
cb_rnn,3,21,9,full,0.01,0.780222761172401,0.780222761172401,0.9248172019993186
cb_rnn,3,21,10,full,0.01,0.7833075197217354,0.7833075197217354,0.9298042236563391
cb_rnn,3,21,11,full,0.01,0.7851012150067558,0.7851012150067558,0.9190657577715999
cb_rnn,3,21,12,full,0.01,0.7850968693894891,0.7850968693894891,0.9192520738435208
cb_rnn,3,21,13,full,0.01,0.7952589468361391,0.7952589468361391,0.9353248668966913
cb_rnn,3,21,14,full,0.01,0.7857795098494413,0.7857795098494413,0.923100147782291
cb_rnn,3,21,15,full,0.01,0.762499601041941,0.762499601041941,0.8965372923547089
cb_rnn,3,21,16,full,0.01,0.7755991860873948,0.7755991860873948,0.9109783703164627
cb_rnn,3,21,17,full,0.01,0.8210639025971902,0.8210639025971902,0.9629490124916292
cb_rnn,3,21,18,full,0.01,0.8542041804185692,0.8542041804185692,1.01696915271794
cb_rnn,3,21,19,full,0.01,0.8137399326567445,0.8137399326567445,1.0264115581586415
cb_rnn,3,21,1,full,0.1,0.889771861636736,0.889771861636736,0.931471158765294
cb_rnn,3,21,2,full,0.1,0.8581169627859568,0.8581169627859568,0.9399994068788358
cb_rnn,3,21,3,full,0.1,0.8128901731261308,0.8128901731261308,0.9144299985608503
cb_rnn,3,21,4,full,0.1,0.8047136464638898,0.8047136464638898,0.9071746472004842
cb_rnn,3,21,5,full,0.1,0.7926281245618187,0.7926281245618187,0.9057135759753248
cb_rnn,3,21,6,full,0.1,0.7910952372268217,0.7910952372268217,0.9225355142309987
cb_rnn,3,21,7,full,0.1,0.7973882111823637,0.7973882111823637,0.9231975569466572
cb_rnn,3,21,8,full,0.1,0.7895406796325048,0.7895406796325048,0.9153252116540207
cb_rnn,3,21,9,full,0.1,0.7798673013416204,0.7798673013416204,0.9238997838607675
cb_rnn,3,21,10,full,0.1,0.7829586104098114,0.7829586104098114,0.9290423823732558
cb_rnn,3,21,11,full,0.1,0.7847778766844239,0.7847778766844239,0.9183373013076388
cb_rnn,3,21,12,full,0.1,0.7849682043374042,0.7849682043374042,0.9188019337345221
cb_rnn,3,21,13,full,0.1,0.7950023825558394,0.7950023825558394,0.9343225205031161
cb_rnn,3,21,14,full,0.1,0.7853464797878881,0.7853464797878881,0.922124158440484
cb_rnn,3,21,15,full,0.1,0.7620013799782241,0.7620013799782241,0.8959942360253963
cb_rnn,3,21,16,full,0.1,0.7758602600802171,0.7758602600802171,0.9107876067376033
cb_rnn,3,21,17,full,0.1,0.8215113606833807,0.8215113606833807,0.9624773342168099
cb_rnn,3,21,18,full,0.1,0.8546736726122938,0.8546736726122938,1.0164230484392298
cb_rnn,3,21,19,full,0.1,0.8179621647450223,0.8179621647450223,1.027274863711167
cb_rnn,3,21,1,full,0.3,0.8896275268826839,0.8896275268826839,0.93071432865166
cb_rnn,3,21,2,full,0.3,0.8571531872582336,0.8571531872582336,0.9384256743810679
cb_rnn,3,21,3,full,0.3,0.8112962842116924,0.8112962842116924,0.9124225643498259
cb_rnn,3,21,4,full,0.3,0.803283963316736,0.803283963316736,0.9053350226587316
cb_rnn,3,21,5,full,0.3,0.7913759627491332,0.7913759627491332,0.903708627885005
cb_rnn,3,21,6,full,0.3,0.7902299257844652,0.7902299257844652,0.9210952651581525
cb_rnn,3,21,7,full,0.3,0.7958963347850396,0.7958963347850396,0.9212029325960835
cb_rnn,3,21,8,full,0.3,0.7876028721689206,0.7876028721689206,0.9132021479649104
cb_rnn,3,21,9,full,0.3,0.7779853223441502,0.7779853223441502,0.921585608448401
cb_rnn,3,21,10,full,0.3,0.7807188097839624,0.7807188097839624,0.9263489876702568
cb_rnn,3,21,11,full,0.3,0.7823854954983107,0.7823854954983107,0.9155244254240469
cb_rnn,3,21,12,full,0.3,0.7826318273583399,0.7826318273583399,0.9157277710497314
cb_rnn,3,21,13,full,0.3,0.7926962921148786,0.7926962921148786,0.93045035979099
cb_rnn,3,21,14,full,0.3,0.7828372452937901,0.7828372452937901,0.9187957337879473
cb_rnn,3,21,15,full,0.3,0.7590320891797757,0.7590320891797757,0.8920906224984495
cb_rnn,3,21,16,full,0.3,0.773566836605431,0.773566836605431,0.9075457233019582
cb_rnn,3,21,17,full,0.3,0.8196368627823696,0.8196368627823696,0.9592454243107911
cb_rnn,3,21,18,full,0.3,0.8522717657793297,0.8522717657793297,1.0125756444834262
cb_rnn,3,21,19,full,0.3,0.8210752850735652,0.8210752850735652,1.0263701213976537
cb_rnn,3,21,1,clamped,0.001,0.8421944604369325,0.8421944604369325,0.8952983151249196
cb_rnn,3,21,2,clamped,0.001,0.8061257983230004,0.8061257983230004,0.8925035788852946
cb_rnn,3,21,3,clamped,0.001,0.734696545780614,0.734696545780614,0.8402639631366198
cb_rnn,3,21,4,clamped,0.001,0.6919642764031882,0.6919642764031882,0.8016337597866455
cb_rnn,3,21,5,clamped,0.001,0.6701521044939136,0.6701521044939136,0.7868613122427106
cb_rnn,3,21,6,clamped,0.001,0.6462117181417492,0.6462117181417492,0.7762732000832374
cb_rnn,3,21,7,clamped,0.001,0.6376532677263032,0.6376532677263032,0.7604336030677306
cb_rnn,3,21,8,clamped,0.001,0.616285510088852,0.616285510088852,0.7450168679642593
cb_rnn,3,21,9,clamped,0.001,0.5976547105448967,0.5976547105448967,0.7417801253338965
cb_rnn,3,21,10,clamped,0.001,0.590618024828033,0.590618024828033,0.7361717428397947
cb_rnn,3,21,11,clamped,0.001,0.5949775357995103,0.5949775357995103,0.7309126218649453
cb_rnn,3,21,12,clamped,0.001,0.5891541621926164,0.5891541621926164,0.7234554356527705
cb_rnn,3,21,13,clamped,0.001,0.5707823893530822,0.5707823893530822,0.7125704586118271
cb_rnn,3,21,14,clamped,0.001,0.5548947943955397,0.5548947943955397,0.6932057801540324
cb_rnn,3,21,15,clamped,0.001,0.541713781092974,0.541713781092974,0.6692447051682595
cb_rnn,3,21,16,clamped,0.001,0.5302893909282684,0.5302893909282684,0.6570656473569423
cb_rnn,3,21,17,clamped,0.001,0.5337698563465378,0.5337698563465378,0.6598215192980579
cb_rnn,3,21,18,clamped,0.001,0.5237507839670796,0.5237507839670796,0.6473308368745827
cb_rnn,3,21,19,clamped,0.001,0.4387989727165831,0.4387989727165831,0.5849217528347195
cb_rnn,3,21,1,clamped,0.01,0.8422244401667508,0.8422244401667508,0.8953070588265379
cb_rnn,3,21,2,clamped,0.01,0.8059814093295735,0.8059814093295735,0.8922997182654496
cb_rnn,3,21,3,clamped,0.01,0.7346760944261688,0.7346760944261688,0.8402143873482111
cb_rnn,3,21,4,clamped,0.01,0.6920769062767342,0.6920769062767342,0.8017418420342555
cb_rnn,3,21,5,clamped,0.01,0.6702687775503792,0.6702687775503792,0.7869734755009603
cb_rnn,3,21,6,clamped,0.01,0.6463062615070287,0.6463062615070287,0.7763441468624166
cb_rnn,3,21,7,clamped,0.01,0.637728571082172,0.637728571082172,0.7604837795310564
cb_rnn,3,21,8,clamped,0.01,0.6164017053381168,0.6164017053381168,0.7451262641424964
cb_rnn,3,21,9,clamped,0.01,0.5977969973405916,0.5977969973405916,0.7419629039540167
cb_rnn,3,21,10,clamped,0.01,0.5908870042531235,0.5908870042531235,0.7365268241041434
cb_rnn,3,21,11,clamped,0.01,0.5952098190908894,0.5952098190908894,0.7312337407534135
cb_rnn,3,21,12,clamped,0.01,0.5893953893061992,0.5893953893061992,0.723770197637225
cb_rnn,3,21,13,clamped,0.01,0.5710187571860177,0.5710187571860177,0.7128975963760125
cb_rnn,3,21,14,clamped,0.01,0.555037565739535,0.555037565739535,0.693413090624754
cb_rnn,3,21,15,clamped,0.01,0.5418804970015036,0.5418804970015036,0.6695040925864939
cb_rnn,3,21,16,clamped,0.01,0.530465927259621,0.530465927259621,0.6573651755362785
cb_rnn,3,21,17,clamped,0.01,0.5339206463949165,0.5339206463949165,0.6601007776836254
cb_rnn,3,21,18,clamped,0.01,0.5237822599206139,0.5237822599206139,0.6474072305463714
cb_rnn,3,21,19,clamped,0.01,0.43883750056927706,0.43883750056927706,0.5849851925345995
cb_rnn,3,21,1,clamped,0.1,0.8425399030727693,0.8425399030727693,0.8951934090225384
cb_rnn,3,21,2,clamped,0.1,0.8057736982277905,0.8057736982277905,0.891620649614406
cb_rnn,3,21,3,clamped,0.1,0.7346940510328331,0.7346940510328331,0.8399657945450048
cb_rnn,3,21,4,clamped,0.1,0.6923177481331149,0.6923177481331149,0.8017520760409539
cb_rnn,3,21,5,clamped,0.1,0.6708557821181002,0.6708557821181002,0.7872014237395788
cb_rnn,3,21,6,clamped,0.1,0.646811743147991,0.646811743147991,0.77663373337243
cb_rnn,3,21,7,clamped,0.1,0.6378556924470913,0.6378556924470913,0.76034398177479
cb_rnn,3,21,8,clamped,0.1,0.6165524962453776,0.6165524962453776,0.7451168503670139
cb_rnn,3,21,9,clamped,0.1,0.5978529031848958,0.5978529031848958,0.7418802467073734
cb_rnn,3,21,10,clamped,0.1,0.5909430332864353,0.5909430332864353,0.7365073780319146
cb_rnn,3,21,11,clamped,0.1,0.5952955780597586,0.5952955780597586,0.7311715030621718
cb_rnn,3,21,12,clamped,0.1,0.5895591410841601,0.5895591410841601,0.7238138797174749
cb_rnn,3,21,13,clamped,0.1,0.571039331299641,0.571039331299641,0.7127564447847853
cb_rnn,3,21,14,clamped,0.1,0.5549182655796188,0.5549182655796188,0.6930628559797776
cb_rnn,3,21,15,clamped,0.1,0.541683713552692,0.541683713552692,0.6692579763799356
cb_rnn,3,21,16,clamped,0.1,0.5305514281893005,0.5305514281893005,0.6572682321759229
cb_rnn,3,21,17,clamped,0.1,0.5338842585574027,0.5338842585574027,0.6597718463347795
cb_rnn,3,21,18,clamped,0.1,0.5237943982404294,0.5237943982404294,0.6471948244779874
cb_rnn,3,21,19,clamped,0.1,0.4394944652609155,0.4394944652609155,0.5847210797127866
cb_rnn,3,21,1,clamped,0.3,0.8427453731784528,0.8427453731784528,0.8948129299161346
cb_rnn,3,21,2,clamped,0.3,0.8056306332697512,0.8056306332697512,0.8908600245084464
cb_rnn,3,21,3,clamped,0.3,0.7343627434664676,0.7343627434664676,0.8391800953458599
cb_rnn,3,21,4,clamped,0.3,0.6920109373313686,0.6920109373313686,0.8010238211948232
cb_rnn,3,21,5,clamped,0.3,0.6707196578189181,0.6707196578189181,0.7863080815682055
cb_rnn,3,21,6,clamped,0.3,0.6471296207241012,0.6471296207241012,0.7763889938066448
cb_rnn,3,21,7,clamped,0.3,0.6376659606837772,0.6376659606837772,0.7598631042045623
cb_rnn,3,21,8,clamped,0.3,0.616266081171089,0.616266081171089,0.7446800064485382
cb_rnn,3,21,9,clamped,0.3,0.5975889597680055,0.5975889597680055,0.7413859773877657
cb_rnn,3,21,10,clamped,0.3,0.5903287094805636,0.5903287094805636,0.7355849598055082
cb_rnn,3,21,11,clamped,0.3,0.5945884427403082,0.5945884427403082,0.7301028144085382
cb_rnn,3,21,12,clamped,0.3,0.5888507911904151,0.5888507911904151,0.722601405960359
cb_rnn,3,21,13,clamped,0.3,0.5701539657827963,0.5701539657827963,0.7111416108906121
cb_rnn,3,21,14,clamped,0.3,0.5538989683361857,0.5538989683361857,0.6915896617817661
cb_rnn,3,21,15,clamped,0.3,0.5404858171474058,0.5404858171474058,0.6674476333658654
cb_rnn,3,21,16,clamped,0.3,0.5297619139713321,0.5297619139713321,0.6557666426214743
cb_rnn,3,21,17,clamped,0.3,0.5332821605158089,0.5332821605158089,0.6583439282127039
cb_rnn,3,21,18,clamped,0.3,0.5233835010817343,0.5233835010817343,0.6464760877333995
cb_rnn,3,21,19,clamped,0.3,0.43957982870515844,0.43957982870515844,0.5844168559892317
cb_rnn,3,25,1,full,0.001,0.8976194125204047,0.8976194125204047,0.9576197087245337
cb_rnn,3,25,2,full,0.001,0.8863147344818145,0.8863147344818145,1.00826562140276
cb_rnn,3,25,3,full,0.001,0.8398175156669438,0.8398175156669438,0.9917489614155659
cb_rnn,3,25,4,full,0.001,0.821778720586674,0.821778720586674,0.9726859098026023
cb_rnn,3,25,5,full,0.001,0.8255809069393842,0.8255809069393842,0.977925214577449
cb_rnn,3,25,6,full,0.001,0.810462739212259,0.810462739212259,0.9793028014102954
cb_rnn,3,25,7,full,0.001,0.8049291110294465,0.8049291110294465,0.9749738130580647
cb_rnn,3,25,8,full,0.001,0.8075712575260426,0.8075712575260426,0.9677252154332534
cb_rnn,3,25,9,full,0.001,0.7941745222846162,0.7941745222846162,0.949458813828945
cb_rnn,3,25,10,full,0.001,0.7941475814686754,0.7941475814686754,0.9527796992089795
cb_rnn,3,25,11,full,0.001,0.7921781545938227,0.7921781545938227,0.9611962151565678
cb_rnn,3,25,12,full,0.001,0.7773141276588091,0.7773141276588091,0.9465728686558277
cb_rnn,3,25,13,full,0.001,0.77152262733909,0.77152262733909,0.9303787982951259
cb_rnn,3,25,14,full,0.001,0.7737619459756713,0.7737619459756713,0.9197208704535444
cb_rnn,3,25,15,full,0.001,0.7797990534077455,0.7797990534077455,0.9268184991700448
cb_rnn,3,25,16,full,0.001,0.7944881123587364,0.7944881123587364,0.9347214732183289
cb_rnn,3,25,17,full,0.001,0.8084095939788881,0.8084095939788881,0.9451603399820219
cb_rnn,3,25,18,full,0.001,0.8127641068014684,0.8127641068014684,0.9496590813731498
cb_rnn,3,25,19,full,0.001,0.8059582450136928,0.8059582450136928,0.9411183099571642
cb_rnn,3,25,20,full,0.001,0.8301547794366254,0.8301547794366254,0.9653259918854642
cb_rnn,3,25,21,full,0.001,0.8644308591069283,0.8644308591069283,1.01952189972062
cb_rnn,3,25,22,full,0.001,0.9068693781952103,0.9068693781952103,1.0772251125713335
cb_rnn,3,25,23,full,0.001,0.8294238585837832,0.8294238585837832,1.0495879754766462
cb_rnn,3,25,1,full,0.01,0.8977758768948738,0.8977758768948738,0.9576837695520716
cb_rnn,3,25,2,full,0.01,0.8864633990943054,0.8864633990943054,1.0083873446798877
cb_rnn,3,25,3,full,0.01,0.8400938879614178,0.8400938879614178,0.9921286653878785
cb_rnn,3,25,4,full,0.01,0.8220765897420745,0.8220765897420745,0.9729785572509446
cb_rnn,3,25,5,full,0.01,0.8259578568777992,0.8259578568777992,0.9782747434677641
cb_rnn,3,25,6,full,0.01,0.8109718830341066,0.8109718830341066,0.9798155300205071
cb_rnn,3,25,7,full,0.01,0.8053039893814811,0.8053039893814811,0.9753863638659129
cb_rnn,3,25,8,full,0.01,0.8080937926281965,0.8080937926281965,0.9683855088956819
cb_rnn,3,25,9,full,0.01,0.7946271416514226,0.7946271416514226,0.9500304076274102
cb_rnn,3,25,10,full,0.01,0.7945885212562206,0.7945885212562206,0.9533962533591438
cb_rnn,3,25,11,full,0.01,0.792834001574628,0.792834001574628,0.9621462497174817
cb_rnn,3,25,12,full,0.01,0.7781004392599653,0.7781004392599653,0.9475604110571981
cb_rnn,3,25,13,full,0.01,0.7723107242324706,0.7723107242324706,0.9312632074101875
cb_rnn,3,25,14,full,0.01,0.7745536256629646,0.7745536256629646,0.9207227507313605
cb_rnn,3,25,15,full,0.01,0.7804834276294549,0.7804834276294549,0.9277829093980896
cb_rnn,3,25,16,full,0.01,0.7951366765329462,0.7951366765329462,0.9355649381357689
cb_rnn,3,25,17,full,0.01,0.8091447048384068,0.8091447048384068,0.9459571349959763
cb_rnn,3,25,18,full,0.01,0.8130885019806244,0.8130885019806244,0.9500388558850521
cb_rnn,3,25,19,full,0.01,0.8064734180998894,0.8064734180998894,0.9415429040255712
cb_rnn,3,25,20,full,0.01,0.8306423475993681,0.8306423475993681,0.9657046780480245
cb_rnn,3,25,21,full,0.01,0.8648188480443841,0.8648188480443841,1.0196837923304092
cb_rnn,3,25,22,full,0.01,0.9072188955153166,0.9072188955153166,1.077307155369464
cb_rnn,3,25,23,full,0.01,0.8295131776325263,0.8295131776325263,1.0492604998256263
cb_rnn,3,25,1,full,0.1,0.8984617810731688,0.8984617810731688,0.9577672707314135
cb_rnn,3,25,2,full,0.1,0.8865781099703895,0.8865781099703895,1.008137321278546
cb_rnn,3,25,3,full,0.1,0.8396759944136851,0.8396759944136851,0.9912675419817282
cb_rnn,3,25,4,full,0.1,0.8218071348447871,0.8218071348447871,0.9721210100150879
cb_rnn,3,25,5,full,0.1,0.825788177178139,0.825788177178139,0.9775882455441622
cb_rnn,3,25,6,full,0.1,0.8112175132140828,0.8112175132140828,0.9796187403640598
cb_rnn,3,25,7,full,0.1,0.8054346911087268,0.8054346911087268,0.975218104983695
cb_rnn,3,25,8,full,0.1,0.8088287864201956,0.8088287864201956,0.969110816775987
cb_rnn,3,25,9,full,0.1,0.7951289632366005,0.7951289632366005,0.9505766711297714
cb_rnn,3,25,10,full,0.1,0.7937439609923396,0.7937439609923396,0.9533256594485402
cb_rnn,3,25,11,full,0.1,0.792436118781504,0.792436118781504,0.9623917675223813
cb_rnn,3,25,12,full,0.1,0.7781201398138191,0.7781201398138191,0.9474736221653199
cb_rnn,3,25,13,full,0.1,0.772411501705971,0.772411501705971,0.931190294818493
cb_rnn,3,25,14,full,0.1,0.7750738667491577,0.7750738667491577,0.9204473201483473
cb_rnn,3,25,15,full,0.1,0.7804071390032299,0.7804071390032299,0.9275106012996025
cb_rnn,3,25,16,full,0.1,0.7949772386564566,0.7949772386564566,0.9351277214304767
cb_rnn,3,25,17,full,0.1,0.809830367842366,0.809830367842366,0.9467453748359891
cb_rnn,3,25,18,full,0.1,0.8139366085086441,0.8139366085086441,0.9513750976246058
cb_rnn,3,25,19,full,0.1,0.807954427264702,0.807954427264702,0.9433248774646474
cb_rnn,3,25,20,full,0.1,0.832362306055823,0.832362306055823,0.9676192688351923
cb_rnn,3,25,21,full,0.1,0.8667796305822035,0.8667796305822035,1.0217878613820859
cb_rnn,3,25,22,full,0.1,0.9089049290926156,0.9089049290926156,1.078958552687504
cb_rnn,3,25,23,full,0.1,0.8336906396659616,0.8336906396659616,1.0511932709177767
cb_rnn,3,25,1,full,0.3,0.8989498870700887,0.8989498870700887,0.9569553075580095
cb_rnn,3,25,2,full,0.3,0.8864772684000573,0.8864772684000573,1.007241093325596
cb_rnn,3,25,3,full,0.3,0.8388824728584079,0.8388824728584079,0.9902068124126246
cb_rnn,3,25,4,full,0.3,0.8213873717602895,0.8213873717602895,0.9715121866341896
cb_rnn,3,25,5,full,0.3,0.8259276793490213,0.8259276793490213,0.9769496395850492
cb_rnn,3,25,6,full,0.3,0.8114883221208304,0.8114883221208304,0.978971455451183
cb_rnn,3,25,7,full,0.3,0.8067914793137871,0.8067914793137871,0.9762226875814788
cb_rnn,3,25,8,full,0.3,0.8102249419959795,0.8102249419959795,0.9703122917868983
cb_rnn,3,25,9,full,0.3,0.7966944084789329,0.7966944084789329,0.951899614034698
cb_rnn,3,25,10,full,0.3,0.795202000463797,0.795202000463797,0.9549167356956509
cb_rnn,3,25,11,full,0.3,0.7941149500228342,0.7941149500228342,0.9647309630096161
cb_rnn,3,25,12,full,0.3,0.7800630853298716,0.7800630853298716,0.9495034362978648
cb_rnn,3,25,13,full,0.3,0.7740430411803539,0.7740430411803539,0.9331473123538869
cb_rnn,3,25,14,full,0.3,0.7769294466032292,0.7769294466032292,0.9224235959345581
cb_rnn,3,25,15,full,0.3,0.7816511938203949,0.7816511938203949,0.9290887084893553
cb_rnn,3,25,16,full,0.3,0.7967520659152378,0.7967520659152378,0.9373398804244062
cb_rnn,3,25,17,full,0.3,0.8117734104302554,0.8117734104302554,0.949526895511994
cb_rnn,3,25,18,full,0.3,0.8160497173212414,0.8160497173212414,0.9540149049519253
cb_rnn,3,25,19,full,0.3,0.8104404510405506,0.8104404510405506,0.9466275843914715
cb_rnn,3,25,20,full,0.3,0.8353894214499327,0.8353894214499327,0.9716538783289506
cb_rnn,3,25,21,full,0.3,0.8692239726202889,0.8692239726202889,1.0251230949865717
cb_rnn,3,25,22,full,0.3,0.9103481250385295,0.9103481250385295,1.0807336216785517
cb_rnn,3,25,23,full,0.3,0.8413319902115136,0.8413319902115136,1.0538990535204626
cb_rnn,3,25,1,clamped,0.001,0.8901964744284079,0.8901964744284079,0.9595955969083091
cb_rnn,3,25,2,clamped,0.001,0.8622183545480252,0.8622183545480252,0.9893018657793367
cb_rnn,3,25,3,clamped,0.001,0.8143549689543801,0.8143549689543801,0.9719029470615925
cb_rnn,3,25,4,clamped,0.001,0.7884319450525723,0.7884319450525723,0.9466425048882303
cb_rnn,3,25,5,clamped,0.001,0.7801081816092288,0.7801081816092288,0.9432837562107717
cb_rnn,3,25,6,clamped,0.001,0.7650906952581049,0.7650906952581049,0.9461811426744382
cb_rnn,3,25,7,clamped,0.001,0.7462611437824556,0.7462611437824556,0.9315073317074154
cb_rnn,3,25,8,clamped,0.001,0.7410979703655085,0.7410979703655085,0.9161304602705732
cb_rnn,3,25,9,clamped,0.001,0.7282672587363492,0.7282672587363492,0.9007717951147365
cb_rnn,3,25,10,clamped,0.001,0.7248873974521793,0.7248873974521793,0.901082415152269
cb_rnn,3,25,11,clamped,0.001,0.7126260652975991,0.7126260652975991,0.8956132804467197
cb_rnn,3,25,12,clamped,0.001,0.6939951986852091,0.6939951986852091,0.8770532564845678
cb_rnn,3,25,13,clamped,0.001,0.6839628368693609,0.6839628368693609,0.8585097631401175
cb_rnn,3,25,14,clamped,0.001,0.6817936285376236,0.6817936285376236,0.8443899244142138
cb_rnn,3,25,15,clamped,0.001,0.6795368302041338,0.6795368302041338,0.8422631662631523
cb_rnn,3,25,16,clamped,0.001,0.6867778793486585,0.6867778793486585,0.8448585779896884
cb_rnn,3,25,17,clamped,0.001,0.6941085275677769,0.6941085275677769,0.8488155108862111
cb_rnn,3,25,18,clamped,0.001,0.6948085435053601,0.6948085435053601,0.8449080695904398
cb_rnn,3,25,19,clamped,0.001,0.6918385780278652,0.6918385780278652,0.8357624715703801
cb_rnn,3,25,20,clamped,0.001,0.7022200337312345,0.7022200337312345,0.8473943101200223
cb_rnn,3,25,21,clamped,0.001,0.7150484373958323,0.7150484373958323,0.864639772741846
cb_rnn,3,25,22,clamped,0.001,0.709498746346015,0.709498746346015,0.8560910831697599
cb_rnn,3,25,23,clamped,0.001,0.5937057109006432,0.5937057109006432,0.7790920323106792
cb_rnn,3,25,1,clamped,0.01,0.8903302515704357,0.8903302515704357,0.9596537293450319
cb_rnn,3,25,2,clamped,0.01,0.8623763586088837,0.8623763586088837,0.9894602501012741
cb_rnn,3,25,3,clamped,0.01,0.8146052074324689,0.8146052074324689,0.9722833081082505
cb_rnn,3,25,4,clamped,0.01,0.7887004858300974,0.7887004858300974,0.9469645554025077
cb_rnn,3,25,5,clamped,0.01,0.780460382231511,0.780460382231511,0.9436680603911878
cb_rnn,3,25,6,clamped,0.01,0.765549894752686,0.765549894752686,0.946685976159964
cb_rnn,3,25,7,clamped,0.01,0.746566871375784,0.746566871375784,0.9318683402651384
cb_rnn,3,25,8,clamped,0.01,0.7415864985833812,0.7415864985833812,0.9168837954573644
cb_rnn,3,25,9,clamped,0.01,0.7287225179118195,0.7287225179118195,0.9015272640764034
cb_rnn,3,25,10,clamped,0.01,0.7253226566908751,0.7253226566908751,0.9018661970528843
cb_rnn,3,25,11,clamped,0.01,0.7132525998262401,0.7132525998262401,0.8967315030288558
cb_rnn,3,25,12,clamped,0.01,0.6947450815937934,0.6947450815937934,0.8782042672064312
cb_rnn,3,25,13,clamped,0.01,0.6847277728190437,0.6847277728190437,0.859642756441966
cb_rnn,3,25,14,clamped,0.01,0.6825674669436361,0.6825674669436361,0.8455948819350168
cb_rnn,3,25,15,clamped,0.01,0.6802558430542011,0.6802558430542011,0.8434027060969879
cb_rnn,3,25,16,clamped,0.01,0.6874501846343415,0.6874501846343415,0.8458728925235953
cb_rnn,3,25,17,clamped,0.01,0.6948219533094422,0.6948219533094422,0.8497196965997902
cb_rnn,3,25,18,clamped,0.01,0.6950413547405214,0.6950413547405214,0.8452906805135552
cb_rnn,3,25,19,clamped,0.01,0.692223536011638,0.692223536011638,0.8361702221677836
cb_rnn,3,25,20,clamped,0.01,0.7025918941006442,0.7025918941006442,0.8476966799297735
cb_rnn,3,25,21,clamped,0.01,0.7153463933872308,0.7153463933872308,0.8647731952504036
cb_rnn,3,25,22,clamped,0.01,0.7098201771769633,0.7098201771769633,0.8561960703617807
cb_rnn,3,25,23,clamped,0.01,0.5939161642624115,0.5939161642624115,0.7791085245748037
cb_rnn,3,25,1,clamped,0.1,0.8909542680056799,0.8909542680056799,0.9597895308679759
cb_rnn,3,25,2,clamped,0.1,0.8625811520985506,0.8625811520985506,0.9894019388832789
cb_rnn,3,25,3,clamped,0.1,0.814242734635941,0.814242734635941,0.9716333417726872
cb_rnn,3,25,4,clamped,0.1,0.7883330179154092,0.7883330179154092,0.9462382972556647
cb_rnn,3,25,5,clamped,0.1,0.7801103628203645,0.7801103628203645,0.9429964243106022
cb_rnn,3,25,6,clamped,0.1,0.7655042130694549,0.7655042130694549,0.9464294949348417
cb_rnn,3,25,7,clamped,0.1,0.7464541085878769,0.7464541085878769,0.9316781613349842
cb_rnn,3,25,8,clamped,0.1,0.7420447553554984,0.7420447553554984,0.9176348671127612
cb_rnn,3,25,9,clamped,0.1,0.7290471482182534,0.7290471482182534,0.9022150312263566
cb_rnn,3,25,10,clamped,0.1,0.7244285882704219,0.7244285882704219,0.9020194726426666
cb_rnn,3,25,11,clamped,0.1,0.7126335832238195,0.7126335832238195,0.8972456750847562
cb_rnn,3,25,12,clamped,0.1,0.6944287752890882,0.6944287752890882,0.8783168765416954
cb_rnn,3,25,13,clamped,0.1,0.6843273557361018,0.6843273557361018,0.8597378797706782
cb_rnn,3,25,14,clamped,0.1,0.6825647499620435,0.6825647499620435,0.8453550301501733
cb_rnn,3,25,15,clamped,0.1,0.6798630497291293,0.6798630497291293,0.8431631912170774
cb_rnn,3,25,16,clamped,0.1,0.686923934735684,0.686923934735684,0.8454236323721964
cb_rnn,3,25,17,clamped,0.1,0.6948356606428154,0.6948356606428154,0.8500514786073393
cb_rnn,3,25,18,clamped,0.1,0.6952311675775212,0.6952311675775212,0.8460765136088125
cb_rnn,3,25,19,clamped,0.1,0.69276553897228,0.69276553897228,0.8372057698386604
cb_rnn,3,25,20,clamped,0.1,0.7033035576775455,0.7033035576775455,0.8486403409749976
cb_rnn,3,25,21,clamped,0.1,0.7162458023912732,0.7162458023912732,0.8662276346978639
cb_rnn,3,25,22,clamped,0.1,0.7107993694737949,0.7107993694737949,0.8578103797679172
cb_rnn,3,25,23,clamped,0.1,0.5951360840031676,0.5951360840031676,0.7807060942670307
cb_rnn,3,25,1,clamped,0.3,0.8918029018381569,0.8918029018381569,0.9595594330536861
cb_rnn,3,25,2,clamped,0.3,0.8626435629963356,0.8626435629963356,0.9888573867136012
cb_rnn,3,25,3,clamped,0.3,0.8129851809942745,0.8129851809942745,0.9703753220025992
cb_rnn,3,25,4,clamped,0.3,0.786929521279393,0.786929521279393,0.9449040415200993
cb_rnn,3,25,5,clamped,0.3,0.7792036573168336,0.7792036573168336,0.9414751494537672
cb_rnn,3,25,6,clamped,0.3,0.7645012088671119,0.7645012088671119,0.9447296175574017
cb_rnn,3,25,7,clamped,0.3,0.7463922103672342,0.7463922103672342,0.9314876923675107
cb_rnn,3,25,8,clamped,0.3,0.7419284521062317,0.7419284521062317,0.917594492855403
cb_rnn,3,25,9,clamped,0.3,0.7291743712687394,0.7291743712687394,0.9024231355257857
cb_rnn,3,25,10,clamped,0.3,0.7245662721597727,0.7245662721597727,0.9026813402981644
cb_rnn,3,25,11,clamped,0.3,0.7131380662003427,0.7131380662003427,0.8986766295803467
cb_rnn,3,25,12,clamped,0.3,0.6953116997121561,0.6953116997121561,0.8797393500499835
cb_rnn,3,25,13,clamped,0.3,0.6850151461011301,0.6850151461011301,0.8612608342146402
cb_rnn,3,25,14,clamped,0.3,0.683462524932902,0.683462524932902,0.8468906279124492
cb_rnn,3,25,15,clamped,0.3,0.6801389399846007,0.6801389399846007,0.8442366091645999
cb_rnn,3,25,16,clamped,0.3,0.6874461053183545,0.6874461053183545,0.8468203712494542
cb_rnn,3,25,17,clamped,0.3,0.6953435120093281,0.6953435120093281,0.8518548609889252
cb_rnn,3,25,18,clamped,0.3,0.6958260908123034,0.6958260908123034,0.8476064317139561
cb_rnn,3,25,19,clamped,0.3,0.693538137709886,0.693538137709886,0.8391948680896573
cb_rnn,3,25,20,clamped,0.3,0.7047090222490007,0.7047090222490007,0.8516073020549745
cb_rnn,3,25,21,clamped,0.3,0.717687313486072,0.717687313486072,0.8695661125587355
cb_rnn,3,25,22,clamped,0.3,0.7121030313650375,0.7121030313650375,0.860933131063155
cb_rnn,3,25,23,clamped,0.3,0.5972708243062028,0.5972708243062028,0.783487289089402
cb_rnn,3,30,1,full,0.001,0.9815744556929544,0.9815744556929544,1.0972743575221562
cb_rnn,3,30,2,full,0.001,0.960635449735634,0.960635449735634,1.1580525579551617
cb_rnn,3,30,3,full,0.001,0.943441424463527,0.943441424463527,1.185598295031701
cb_rnn,3,30,4,full,0.001,0.9346891093481675,0.9346891093481675,1.188299857425715
cb_rnn,3,30,5,full,0.001,0.9143202244066784,0.9143202244066784,1.1625855919895915
cb_rnn,3,30,6,full,0.001,0.9169290687651724,0.9169290687651724,1.1717862493451436
cb_rnn,3,30,7,full,0.001,0.9181230065816912,0.9181230065816912,1.1807632505240924
cb_rnn,3,30,8,full,0.001,0.9003245507456485,0.9003245507456485,1.1591305756532542
cb_rnn,3,30,9,full,0.001,0.8922474451796093,0.8922474451796093,1.1540312801678354
cb_rnn,3,30,10,full,0.001,0.887668955246862,0.887668955246862,1.1524815889748397
cb_rnn,3,30,11,full,0.001,0.8713316128565858,0.8713316128565858,1.133999240665919
cb_rnn,3,30,12,full,0.001,0.8566212184373692,0.8566212184373692,1.1123940234088237
cb_rnn,3,30,13,full,0.001,0.8502381613685053,0.8502381613685053,1.1047437777633702
cb_rnn,3,30,14,full,0.001,0.8257696429766186,0.8257696429766186,1.0753379834209027
cb_rnn,3,30,15,full,0.001,0.8094206421005337,0.8094206421005337,1.0487761510117966
cb_rnn,3,30,16,full,0.001,0.8035037311088475,0.8035037311088475,1.0430916277850937
cb_rnn,3,30,17,full,0.001,0.8035776056927675,0.8035776056927675,1.036454955809156
cb_rnn,3,30,18,full,0.001,0.7980373870725748,0.7980373870725748,1.0202524407150426
cb_rnn,3,30,19,full,0.001,0.7904040517143313,0.7904040517143313,1.0088257002581758
cb_rnn,3,30,20,full,0.001,0.7856637457645912,0.7856637457645912,0.9947267503435149
cb_rnn,3,30,21,full,0.001,0.7744974271385199,0.7744974271385199,0.9730656314272856
cb_rnn,3,30,22,full,0.001,0.7683942063552703,0.7683942063552703,0.9582946709930078
cb_rnn,3,30,23,full,0.001,0.7721267988719822,0.7721267988719822,0.9595391518615493
cb_rnn,3,30,24,full,0.001,0.7523145405363143,0.7523145405363143,0.9434629089957218
cb_rnn,3,30,25,full,0.001,0.7515855143788005,0.7515855143788005,0.9488932981316889
cb_rnn,3,30,26,full,0.001,0.7777606969161013,0.7777606969161013,0.9920038005743015
cb_rnn,3,30,27,full,0.001,0.8014201016611331,0.8014201016611331,1.0177532915912606
cb_rnn,3,30,28,full,0.001,0.7141875944935494,0.7141875944935494,0.9840703747596184
cb_rnn,3,30,1,full,0.01,0.9815982632112028,0.9815982632112028,1.0972689258195283
cb_rnn,3,30,2,full,0.01,0.960402358195865,0.960402358195865,1.1575748275005302
cb_rnn,3,30,3,full,0.01,0.9441339592706233,0.9441339592706233,1.185773377701558
cb_rnn,3,30,4,full,0.01,0.9357086142120996,0.9357086142120996,1.189051446064759
cb_rnn,3,30,5,full,0.01,0.9153199524239197,0.9153199524239197,1.1637899192877397
cb_rnn,3,30,6,full,0.01,0.9178243880181085,0.9178243880181085,1.1728930491983895
cb_rnn,3,30,7,full,0.01,0.9189797518743059,0.9189797518743059,1.1819997675291822
cb_rnn,3,30,8,full,0.01,0.9012116596227228,0.9012116596227228,1.1601586224718832
cb_rnn,3,30,9,full,0.01,0.8929408841687007,0.8929408841687007,1.1548929845720382
cb_rnn,3,30,10,full,0.01,0.8887399355152353,0.8887399355152353,1.1533611360208083
cb_rnn,3,30,11,full,0.01,0.8723936300553917,0.8723936300553917,1.1350652530424652
cb_rnn,3,30,12,full,0.01,0.8576843173531346,0.8576843173531346,1.1136155005852133
cb_rnn,3,30,13,full,0.01,0.8517119753259934,0.8517119753259934,1.1062664903178192
cb_rnn,3,30,14,full,0.01,0.8278246541564668,0.8278246541564668,1.0776269064859478
cb_rnn,3,30,15,full,0.01,0.8115079620093588,0.8115079620093588,1.0515609498078669
cb_rnn,3,30,16,full,0.01,0.8054600305545647,0.8054600305545647,1.0459741706500676
cb_rnn,3,30,17,full,0.01,0.8052836684968752,0.8052836684968752,1.038777750854284
cb_rnn,3,30,18,full,0.01,0.7996588618920146,0.7996588618920146,1.022769438093801
cb_rnn,3,30,19,full,0.01,0.791673010969781,0.791673010969781,1.0105432390078182
cb_rnn,3,30,20,full,0.01,0.7869718355252628,0.7869718355252628,0.9970495029333757
cb_rnn,3,30,21,full,0.01,0.7759287138139392,0.7759287138139392,0.9758853992583378
cb_rnn,3,30,22,full,0.01,0.7700500646635381,0.7700500646635381,0.9608168805149464
cb_rnn,3,30,23,full,0.01,0.7738499503849174,0.7738499503849174,0.9621107524435567
cb_rnn,3,30,24,full,0.01,0.7540184350345226,0.7540184350345226,0.9457913531315066
cb_rnn,3,30,25,full,0.01,0.7532025133293259,0.7532025133293259,0.951070095567798
cb_rnn,3,30,26,full,0.01,0.7793971942910897,0.7793971942910897,0.9939578997053036
cb_rnn,3,30,27,full,0.01,0.8028769577155055,0.8028769577155055,1.01973666429818
cb_rnn,3,30,28,full,0.01,0.7155167024037885,0.7155167024037885,0.9856129643184438
cb_rnn,3,30,1,full,0.1,0.9823853448814607,0.9823853448814607,1.0966940617675647
cb_rnn,3,30,2,full,0.1,0.9618392204463255,0.9618392204463255,1.1578596715022278
cb_rnn,3,30,3,full,0.1,0.9469436580772771,0.9469436580772771,1.187015921037122
cb_rnn,3,30,4,full,0.1,0.9407099975206122,0.9407099975206122,1.1926142978926546
cb_rnn,3,30,5,full,0.1,0.9215936102319853,0.9215936102319853,1.169685497827163
cb_rnn,3,30,6,full,0.1,0.9237786841556399,0.9237786841556399,1.1796851245192812
cb_rnn,3,30,7,full,0.1,0.9250726065300878,0.9250726065300878,1.1893212048523687
cb_rnn,3,30,8,full,0.1,0.9068211549962782,0.9068211549962782,1.1672527448035401
cb_rnn,3,30,9,full,0.1,0.8965733219567309,0.8965733219567309,1.1600468769904984
cb_rnn,3,30,10,full,0.1,0.8933737052766104,0.8933737052766104,1.1588266536906227
cb_rnn,3,30,11,full,0.1,0.8770540344368516,0.8770540344368516,1.1395672488369042
cb_rnn,3,30,12,full,0.1,0.8626017326858068,0.8626017326858068,1.1180383230961617
cb_rnn,3,30,13,full,0.1,0.8568478776801733,0.8568478776801733,1.1102436343703252
cb_rnn,3,30,14,full,0.1,0.834959369038714,0.834959369038714,1.0833090662472835
cb_rnn,3,30,15,full,0.1,0.8178538335358629,0.8178538335358629,1.0571203396420343
cb_rnn,3,30,16,full,0.1,0.8098242423939043,0.8098242423939043,1.0507380629422878
cb_rnn,3,30,17,full,0.1,0.8116563308201238,0.8116563308201238,1.045480469597055
cb_rnn,3,30,18,full,0.1,0.8055165648958211,0.8055165648958211,1.0297589859565661
cb_rnn,3,30,19,full,0.1,0.7985185615750315,0.7985185615750315,1.0181641129504073
cb_rnn,3,30,20,full,0.1,0.7937232537519407,0.7937232537519407,1.0061635715140766
cb_rnn,3,30,21,full,0.1,0.7830273978263358,0.7830273978263358,0.9854944883769292
cb_rnn,3,30,22,full,0.1,0.776902382650198,0.776902382650198,0.9703899379433593
cb_rnn,3,30,23,full,0.1,0.7809617216554173,0.7809617216554173,0.9726701299675917
cb_rnn,3,30,24,full,0.1,0.7607509903238372,0.7607509903238372,0.956700043769101
cb_rnn,3,30,25,full,0.1,0.7588999840111708,0.7588999840111708,0.9617414350740938
cb_rnn,3,30,26,full,0.1,0.7853921859995732,0.7853921859995732,1.0047749602034721
cb_rnn,3,30,27,full,0.1,0.8085378191152593,0.8085378191152593,1.0290375444861555
cb_rnn,3,30,28,full,0.1,0.722917927153718,0.722917927153718,0.9945370997999171
cb_rnn,3,30,1,full,0.3,0.9824228668447309,0.9824228668447309,1.095916479833508
cb_rnn,3,30,2,full,0.3,0.9630308154686016,0.9630308154686016,1.1565278850282878
cb_rnn,3,30,3,full,0.3,0.9487444765437294,0.9487444765437294,1.1856368804780901
cb_rnn,3,30,4,full,0.3,0.9437437900820158,0.9437437900820158,1.1910406983892545
cb_rnn,3,30,5,full,0.3,0.924535396245997,0.924535396245997,1.169128103126768
cb_rnn,3,30,6,full,0.3,0.9260505293886987,0.9260505293886987,1.1797817481904591
cb_rnn,3,30,7,full,0.3,0.9264538410971541,0.9264538410971541,1.1887465664898824
cb_rnn,3,30,8,full,0.3,0.9076140634398275,0.9076140634398275,1.1662028175122248
cb_rnn,3,30,9,full,0.3,0.8968990158450252,0.8968990158450252,1.1564925236343218
cb_rnn,3,30,10,full,0.3,0.8942726708218476,0.8942726708218476,1.1556551787200195
cb_rnn,3,30,11,full,0.3,0.877012604579041,0.877012604579041,1.1349702650604097
cb_rnn,3,30,12,full,0.3,0.8622629541691675,0.8622629541691675,1.1121781327444547
cb_rnn,3,30,13,full,0.3,0.856034487281547,0.856034487281547,1.1063916916560332
cb_rnn,3,30,14,full,0.3,0.8346283361657478,0.8346283361657478,1.0790731333409942
cb_rnn,3,30,15,full,0.3,0.8163265073623807,0.8163265073623807,1.0505770627275655
cb_rnn,3,30,16,full,0.3,0.8081519481593737,0.8081519481593737,1.044150641681604
cb_rnn,3,30,17,full,0.3,0.8110628817130094,0.8110628817130094,1.0378078854004973
cb_rnn,3,30,18,full,0.3,0.805474908903186,0.805474908903186,1.0236690705538325
cb_rnn,3,30,19,full,0.3,0.7999983584465282,0.7999983584465282,1.014493877238683
cb_rnn,3,30,20,full,0.3,0.7960888372033019,0.7960888372033019,1.0035137804069503
cb_rnn,3,30,21,full,0.3,0.7848132363054535,0.7848132363054535,0.9836627482471785
cb_rnn,3,30,22,full,0.3,0.7785423323830902,0.7785423323830902,0.9711965038675434
cb_rnn,3,30,23,full,0.3,0.7827011768564816,0.7827011768564816,0.9735809565146316
cb_rnn,3,30,24,full,0.3,0.7619915381501379,0.7619915381501379,0.9568466969145266
cb_rnn,3,30,25,full,0.3,0.7603738544659115,0.7603738544659115,0.9630341978307381
cb_rnn,3,30,26,full,0.3,0.7863547413591554,0.7863547413591554,1.0043956473878697
cb_rnn,3,30,27,full,0.3,0.8090712689121977,0.8090712689121977,1.027284215604321
cb_rnn,3,30,28,full,0.3,0.7300972962942943,0.7300972962942943,0.9965976978104902
cb_rnn,3,30,1,clamped,0.001,0.9874908202444126,0.9874908202444126,1.1034649019050549
cb_rnn,3,30,2,clamped,0.001,0.9661138804049656,0.9661138804049656,1.1644696823210152
cb_rnn,3,30,3,clamped,0.001,0.9277817848493828,0.9277817848493828,1.1736459447755059
cb_rnn,3,30,4,clamped,0.001,0.9078500628008987,0.9078500628008987,1.164180821421172
cb_rnn,3,30,5,clamped,0.001,0.8941612776861344,0.8941612776861344,1.146676842517332
cb_rnn,3,30,6,clamped,0.001,0.8953912591657411,0.8953912591657411,1.15507081788669
cb_rnn,3,30,7,clamped,0.001,0.8938971000063374,0.8938971000063374,1.1607786445297144
cb_rnn,3,30,8,clamped,0.001,0.8842486295662788,0.8842486295662788,1.1497366032729448
cb_rnn,3,30,9,clamped,0.001,0.8736726573213346,0.8736726573213346,1.1424357408342034
cb_rnn,3,30,10,clamped,0.001,0.8672609445951149,0.8672609445951149,1.1382675596358431
cb_rnn,3,30,11,clamped,0.001,0.8610431746422473,0.8610431746422473,1.1332073278855603
cb_rnn,3,30,12,clamped,0.001,0.8521278813844315,0.8521278813844315,1.1205879143805841
cb_rnn,3,30,13,clamped,0.001,0.8428161327960373,0.8428161327960373,1.1086773641571341
cb_rnn,3,30,14,clamped,0.001,0.8265704459841174,0.8265704459841174,1.092406984353015
cb_rnn,3,30,15,clamped,0.001,0.8162164118182584,0.8162164118182584,1.076833075461183
cb_rnn,3,30,16,clamped,0.001,0.8028400138280118,0.8028400138280118,1.0614836098954838
cb_rnn,3,30,17,clamped,0.001,0.797303206460023,0.797303206460023,1.047984609675729
cb_rnn,3,30,18,clamped,0.001,0.7958358858196017,0.7958358858196017,1.0416119768821943
cb_rnn,3,30,19,clamped,0.001,0.7905199734843369,0.7905199734843369,1.029878398846087
cb_rnn,3,30,20,clamped,0.001,0.7770583443843426,0.7770583443843426,1.009693135084219
cb_rnn,3,30,21,clamped,0.001,0.7718082144183184,0.7718082144183184,0.9958915445346659
cb_rnn,3,30,22,clamped,0.001,0.7647242587266303,0.7647242587266303,0.9844337482825416
cb_rnn,3,30,23,clamped,0.001,0.7551508999741048,0.7551508999741048,0.9705674866956048
cb_rnn,3,30,24,clamped,0.001,0.7340238708440621,0.7340238708440621,0.9490870006404333
cb_rnn,3,30,25,clamped,0.001,0.7259071176884835,0.7259071176884835,0.9445143250323933
cb_rnn,3,30,26,clamped,0.001,0.7417030161493952,0.7417030161493952,0.9609523739091763
cb_rnn,3,30,27,clamped,0.001,0.7384667946632664,0.7384667946632664,0.9541436745781342
cb_rnn,3,30,28,clamped,0.001,0.6396888985981705,0.6396888985981705,0.8879319275684121
cb_rnn,3,30,1,clamped,0.01,0.9874897584618012,0.9874897584618012,1.1034615639684053
cb_rnn,3,30,2,clamped,0.01,0.965884199646089,0.965884199646089,1.1640238425862663
cb_rnn,3,30,3,clamped,0.01,0.9283494615132826,0.9283494615132826,1.1737670355407808
cb_rnn,3,30,4,clamped,0.01,0.9087301697628213,0.9087301697628213,1.1648974903438103
cb_rnn,3,30,5,clamped,0.01,0.8950154132869279,0.8950154132869279,1.1478025929382043
cb_rnn,3,30,6,clamped,0.01,0.8962106504899928,0.8962106504899928,1.15614502411482
cb_rnn,3,30,7,clamped,0.01,0.8946807720757851,0.8946807720757851,1.1620271867640217
cb_rnn,3,30,8,clamped,0.01,0.885045333285122,0.885045333285122,1.150775177844559
cb_rnn,3,30,9,clamped,0.01,0.8742551809512124,0.8742551809512124,1.143283718725832
cb_rnn,3,30,10,clamped,0.01,0.8682103193063043,0.8682103193063043,1.1391156564559037
cb_rnn,3,30,11,clamped,0.01,0.861976681025324,0.861976681025324,1.1342043720720754
cb_rnn,3,30,12,clamped,0.01,0.8530367453033276,0.8530367453033276,1.1217510692772188
cb_rnn,3,30,13,clamped,0.01,0.8440819954681332,0.8440819954681332,1.110070368546996
cb_rnn,3,30,14,clamped,0.01,0.8284838216645029,0.8284838216645029,1.0946336534109673
cb_rnn,3,30,15,clamped,0.01,0.8180549632003915,0.8180549632003915,1.0794017025047955
cb_rnn,3,30,16,clamped,0.01,0.8048029310126503,0.8048029310126503,1.0643810672591338
cb_rnn,3,30,17,clamped,0.01,0.7990482701626008,0.7990482701626008,1.05049937965938
cb_rnn,3,30,18,clamped,0.01,0.7975455334557918,0.7975455334557918,1.044399954518622
cb_rnn,3,30,19,clamped,0.01,0.7919023703684739,0.7919023703684739,1.0318726561147749
cb_rnn,3,30,20,clamped,0.01,0.778340279101565,0.778340279101565,1.0116835302401754
cb_rnn,3,30,21,clamped,0.01,0.7732201637483707,0.7732201637483707,0.9978613300328043
cb_rnn,3,30,22,clamped,0.01,0.7665174305205777,0.7665174305205777,0.9867061740557889
cb_rnn,3,30,23,clamped,0.01,0.7570157882259625,0.7570157882259625,0.9731549377249648
cb_rnn,3,30,24,clamped,0.01,0.7357841360490827,0.7357841360490827,0.9514521055101814
cb_rnn,3,30,25,clamped,0.01,0.7275683455791264,0.7275683455791264,0.946702259155501
cb_rnn,3,30,26,clamped,0.01,0.7432346150163074,0.7432346150163074,0.9629050413130407
cb_rnn,3,30,27,clamped,0.01,0.739916233878589,0.739916233878589,0.9561463669645056
cb_rnn,3,30,28,clamped,0.01,0.6409705194581625,0.6409705194581625,0.8897380132690611
cb_rnn,3,30,1,clamped,0.1,0.9883907467177976,0.9883907467177976,1.1029960552267224
cb_rnn,3,30,2,clamped,0.1,0.9671246888754659,0.9671246888754659,1.1641525370491066
cb_rnn,3,30,3,clamped,0.1,0.930585988226277,0.930585988226277,1.1744995271535958
cb_rnn,3,30,4,clamped,0.1,0.9129779231455775,0.9129779231455775,1.1677840411419729
cb_rnn,3,30,5,clamped,0.1,0.9007287098139902,0.9007287098139902,1.1531902856442295
cb_rnn,3,30,6,clamped,0.1,0.9015764233880776,0.9015764233880776,1.1624046841718183
cb_rnn,3,30,7,clamped,0.1,0.9000979082075564,0.9000979082075564,1.168750835250281
cb_rnn,3,30,8,clamped,0.1,0.8899747575132138,0.8899747575132138,1.157270066685271
cb_rnn,3,30,9,clamped,0.1,0.8770978811963919,0.8770978811963919,1.1478099811859224
cb_rnn,3,30,10,clamped,0.1,0.8720060552941701,0.8720060552941701,1.1439349488430466
cb_rnn,3,30,11,clamped,0.1,0.8657572682516056,0.8657572682516056,1.138091230565632
cb_rnn,3,30,12,clamped,0.1,0.8572162449348671,0.8572162449348671,1.1256811561797013
cb_rnn,3,30,13,clamped,0.1,0.8487560848099003,0.8487560848099003,1.1136343959240431
cb_rnn,3,30,14,clamped,0.1,0.8351549700254011,0.8351549700254011,1.0999447824215023
cb_rnn,3,30,15,clamped,0.1,0.823948266860046,0.823948266860046,1.0845187415884232
cb_rnn,3,30,16,clamped,0.1,0.808504439193088,0.808504439193088,1.0691851199492002
cb_rnn,3,30,17,clamped,0.1,0.8051284747909841,0.8051284747909841,1.0577827939776632
cb_rnn,3,30,18,clamped,0.1,0.803086424320617,0.803086424320617,1.051645385923243
cb_rnn,3,30,19,clamped,0.1,0.7990604607346267,0.7990604607346267,1.0405452357005838
cb_rnn,3,30,20,clamped,0.1,0.7857074635981383,0.7857074635981383,1.022247180262414
cb_rnn,3,30,21,clamped,0.1,0.7807733157643559,0.7807733157643559,1.009084047969669
cb_rnn,3,30,22,clamped,0.1,0.7739863566588272,0.7739863566588272,0.9986489104071181
cb_rnn,3,30,23,clamped,0.1,0.7653108150484061,0.7653108150484061,0.9866906454324395
cb_rnn,3,30,24,clamped,0.1,0.7435662790056367,0.7435662790056367,0.96504299534602
cb_rnn,3,30,25,clamped,0.1,0.7346026767795363,0.7346026767795363,0.9603967549152748
cb_rnn,3,30,26,clamped,0.1,0.7502101820083478,0.7502101820083478,0.976943784693175
cb_rnn,3,30,27,clamped,0.1,0.7468284383828794,0.7468284383828794,0.969251891207686
cb_rnn,3,30,28,clamped,0.1,0.6468224545130937,0.6468224545130937,0.9020648256933186
cb_rnn,3,30,1,clamped,0.3,0.9886858211255909,0.9886858211255909,1.102434797101508
cb_rnn,3,30,2,clamped,0.3,0.9680541424097886,0.9680541424097886,1.1625254079366303
cb_rnn,3,30,3,clamped,0.3,0.9316532841344806,0.9316532841344806,1.1724409616021634
cb_rnn,3,30,4,clamped,0.3,0.9152439067985321,0.9152439067985321,1.165419125649666
cb_rnn,3,30,5,clamped,0.3,0.9029499508582993,0.9029499508582993,1.1517920853037982
cb_rnn,3,30,6,clamped,0.3,0.9031974506608351,0.9031974506608351,1.1617432260288394
cb_rnn,3,30,7,clamped,0.3,0.9009177609563194,0.9009177609563194,1.1675253008650162
cb_rnn,3,30,8,clamped,0.3,0.8902371147539748,0.8902371147539748,1.1556343845475254
cb_rnn,3,30,9,clamped,0.3,0.8770190736890247,0.8770190736890247,1.1439358498956111
cb_rnn,3,30,10,clamped,0.3,0.8724903067743685,0.8724903067743685,1.1404391249528392
cb_rnn,3,30,11,clamped,0.3,0.8653350884979025,0.8653350884979025,1.1331790062014164
cb_rnn,3,30,12,clamped,0.3,0.8563758167740709,0.8563758167740709,1.1194275908199354
cb_rnn,3,30,13,clamped,0.3,0.8475002995257657,0.8475002995257657,1.1091906695148928
cb_rnn,3,30,14,clamped,0.3,0.8346497993931375,0.8346497993931375,1.0954402138402441
cb_rnn,3,30,15,clamped,0.3,0.8223064430434099,0.8223064430434099,1.0778232636895777
cb_rnn,3,30,16,clamped,0.3,0.8068326136247113,0.8068326136247113,1.0624367176091862
cb_rnn,3,30,17,clamped,0.3,0.8045454104448991,0.8045454104448991,1.0504437207930952
cb_rnn,3,30,18,clamped,0.3,0.8028987265389955,0.8028987265389955,1.046108962119138
cb_rnn,3,30,19,clamped,0.3,0.800239359375809,0.800239359375809,1.038451700381599
cb_rnn,3,30,20,clamped,0.3,0.7879492734231863,0.7879492734231863,1.021746582598836
cb_rnn,3,30,21,clamped,0.3,0.7824919939040276,0.7824919939040276,1.0104351825496274
cb_rnn,3,30,22,clamped,0.3,0.775318268427867,0.775318268427867,1.0008646025565087
cb_rnn,3,30,23,clamped,0.3,0.7664169927040847,0.7664169927040847,0.988922620540442
cb_rnn,3,30,24,clamped,0.3,0.744108929264979,0.744108929264979,0.9664678992872464
cb_rnn,3,30,25,clamped,0.3,0.7351306321080868,0.7351306321080868,0.9622773581788294
cb_rnn,3,30,26,clamped,0.3,0.750096203285404,0.750096203285404,0.9776364103471586
cb_rnn,3,30,27,clamped,0.3,0.7471215263172337,0.7471215263172337,0.9712683992532966
cb_rnn,3,30,28,clamped,0.3,0.6484061525743298,0.6484061525743298,0.9060631608411149
cb_rnn,4,7,1,full,0.001,1.1262164764676181,1.1262164764676181,1.1872226723080943
cb_rnn,4,7,2,full,0.001,1.2313987542980263,1.2313987542980263,1.3226117761966334
cb_rnn,4,7,3,full,0.001,1.2315181566479219,1.2315181566479219,1.3280025228753658
cb_rnn,4,7,4,full,0.001,1.2753486963297858,1.2753486963297858,1.4104472411759683
cb_rnn,4,7,5,full,0.001,1.3314100807675144,1.3314100807675144,1.4705893534532946
cb_rnn,4,7,1,full,0.01,1.1261585904282927,1.1261585904282927,1.1871229865236668
cb_rnn,4,7,2,full,0.01,1.2313285608157818,1.2313285608157818,1.3225307380056863
cb_rnn,4,7,3,full,0.01,1.2315873378954076,1.2315873378954076,1.3280594567591635
cb_rnn,4,7,4,full,0.01,1.2754033829490823,1.2754033829490823,1.4103494994978214
cb_rnn,4,7,5,full,0.01,1.3311235088082443,1.3311235088082443,1.4703214992295113
cb_rnn,4,7,1,full,0.1,1.1247990059607285,1.1247990059607285,1.1860238940498797
cb_rnn,4,7,2,full,0.1,1.228952062847487,1.228952062847487,1.3204666751096843
cb_rnn,4,7,3,full,0.1,1.2309803355880122,1.2309803355880122,1.3275535745888745
cb_rnn,4,7,4,full,0.1,1.2743926303917836,1.2743926303917836,1.4085475878917877
cb_rnn,4,7,5,full,0.1,1.3285005061405137,1.3285005061405137,1.4678063745470218
cb_rnn,4,7,1,full,0.3,1.1211946725701911,1.1211946725701911,1.1830795474484992
cb_rnn,4,7,2,full,0.3,1.2238153845971778,1.2238153845971778,1.3161967197836022
cb_rnn,4,7,3,full,0.3,1.2285029663503797,1.2285029663503797,1.3249868411115788
cb_rnn,4,7,4,full,0.3,1.2705802893220062,1.2705802893220062,1.4025300720201725
cb_rnn,4,7,5,full,0.3,1.320615033752268,1.320615033752268,1.4588017707932148
cb_rnn,4,7,1,clamped,0.001,0.6314529363152209,0.6314529363152209,0.7618599411267669
cb_rnn,4,7,2,clamped,0.001,0.49303422239433736,0.49303422239433736,0.6431885014221503
cb_rnn,4,7,3,clamped,0.001,0.34090741922308393,0.34090741922308393,0.519864714395528
cb_rnn,4,7,4,clamped,0.001,0.22074181942935645,0.22074181942935645,0.40116507895888265
cb_rnn,4,7,5,clamped,0.001,0.19023294377445352,0.19023294377445352,0.2987754907359536
cb_rnn,4,7,1,clamped,0.01,0.6314795957970608,0.6314795957970608,0.7618753231160728
cb_rnn,4,7,2,clamped,0.01,0.4930375511334962,0.4930375511334962,0.6431889564589627
cb_rnn,4,7,3,clamped,0.01,0.3409370701084927,0.3409370701084927,0.519887464610853
cb_rnn,4,7,4,clamped,0.01,0.22077262144876222,0.22077262144876222,0.40121332572289714
cb_rnn,4,7,5,clamped,0.01,0.19025303281402,0.19025303281402,0.2988102702702312
cb_rnn,4,7,1,clamped,0.1,0.630940329084731,0.630940329084731,0.7614884452795347
cb_rnn,4,7,2,clamped,0.1,0.4927165221489951,0.4927165221489951,0.6429395397395815
cb_rnn,4,7,3,clamped,0.1,0.3407768996217365,0.3407768996217365,0.5197602289234249
cb_rnn,4,7,4,clamped,0.1,0.2206592603854136,0.2206592603854136,0.4012117560090046
cb_rnn,4,7,5,clamped,0.1,0.19017841103466504,0.19017841103466504,0.2987974223413014
cb_rnn,4,7,1,clamped,0.3,0.6299455255699637,0.6299455255699637,0.7607414840668782
cb_rnn,4,7,2,clamped,0.3,0.4919357523650142,0.4919357523650142,0.6423841511992818
cb_rnn,4,7,3,clamped,0.3,0.340413793757239,0.340413793757239,0.5194763062405693
cb_rnn,4,7,4,clamped,0.3,0.22036715378516572,0.22036715378516572,0.40104141395562964
cb_rnn,4,7,5,clamped,0.3,0.18994593830285228,0.18994593830285228,0.2985930923401966
cb_rnn,4,11,1,full,0.001,1.0000409183539256,1.0000409183539256,1.0290896895655237
cb_rnn,4,11,2,full,0.001,0.9902031598912658,0.9902031598912658,1.0298647543211352
cb_rnn,4,11,3,full,0.001,0.9712182473054527,0.9712182473054527,1.022420284439252
cb_rnn,4,11,4,full,0.001,0.9309964228012899,0.9309964228012899,0.9912551914938342
cb_rnn,4,11,5,full,0.001,0.9646648861103844,0.9646648861103844,1.0312685346561392
cb_rnn,4,11,6,full,0.001,1.0052435639049837,1.0052435639049837,1.082879609116638
cb_rnn,4,11,7,full,0.001,0.9327685761562757,0.9327685761562757,1.029337757506453
cb_rnn,4,11,8,full,0.001,1.0539106805353962,1.0539106805353962,1.1645839404274838
cb_rnn,4,11,9,full,0.001,1.0702646505973803,1.0702646505973803,1.1937551135485744
cb_rnn,4,11,1,full,0.01,1.000099612496161,1.000099612496161,1.0291234715062
cb_rnn,4,11,2,full,0.01,0.9903139101275167,0.9903139101275167,1.0299622135123356
cb_rnn,4,11,3,full,0.01,0.9713203759405935,0.9713203759405935,1.0224568361391486
cb_rnn,4,11,4,full,0.01,0.9311016224410534,0.9311016224410534,0.9913314634629342
cb_rnn,4,11,5,full,0.01,0.964904280348386,0.964904280348386,1.0313919645198155
cb_rnn,4,11,6,full,0.01,1.005432754644037,1.005432754644037,1.0830351202153397
cb_rnn,4,11,7,full,0.01,0.9330021964728886,0.9330021964728886,1.029510313608776
cb_rnn,4,11,8,full,0.01,1.05429030309874,1.05429030309874,1.1650319777989886
cb_rnn,4,11,9,full,0.01,1.0706571297551983,1.0706571297551983,1.1940864501235877
cb_rnn,4,11,1,full,0.1,0.9996507856587762,0.9996507856587762,1.0287045460196362
cb_rnn,4,11,2,full,0.1,0.9888651204708124,0.9888651204708124,1.0288347968795812
cb_rnn,4,11,3,full,0.1,0.969354755024663,0.969354755024663,1.020857212370203
cb_rnn,4,11,4,full,0.1,0.9291650078543017,0.9291650078543017,0.9895654374287323
cb_rnn,4,11,5,full,0.1,0.9630583068498355,0.9630583068498355,1.0297758781174307
cb_rnn,4,11,6,full,0.1,1.0037851923607777,1.0037851923607777,1.0814137567086752
cb_rnn,4,11,7,full,0.1,0.9318817141484761,0.9318817141484761,1.0287213464949467
cb_rnn,4,11,8,full,0.1,1.0530943810607953,1.0530943810607953,1.1635041938743376
cb_rnn,4,11,9,full,0.1,1.0690100217238294,1.0690100217238294,1.1924349377266996
cb_rnn,4,11,1,full,0.3,0.999387920533964,0.999387920533964,1.027972972875101
cb_rnn,4,11,2,full,0.3,0.9870171133249247,0.9870171133249247,1.0270543173470756
cb_rnn,4,11,3,full,0.3,0.9671896140031646,0.9671896140031646,1.0187771743900274
cb_rnn,4,11,4,full,0.3,0.9264101532357919,0.9264101532357919,0.9868907748345503
cb_rnn,4,11,5,full,0.3,0.960397427697484,0.960397427697484,1.0269130559868
cb_rnn,4,11,6,full,0.3,1.0015575341617344,1.0015575341617344,1.0786186566614893
cb_rnn,4,11,7,full,0.3,0.929677570877754,0.929677570877754,1.0260908804245061
cb_rnn,4,11,8,full,0.3,1.0504006810295976,1.0504006810295976,1.1592952573064668
cb_rnn,4,11,9,full,0.3,1.066410974779778,1.066410974779778,1.189146933113486
cb_rnn,4,11,1,clamped,0.001,0.7160871621305128,0.7160871621305128,0.791124003624581
cb_rnn,4,11,2,clamped,0.001,0.5905611321097473,0.5905611321097473,0.6811329302687273
cb_rnn,4,11,3,clamped,0.001,0.4684270405491044,0.4684270405491044,0.5998514067964915
cb_rnn,4,11,4,clamped,0.001,0.4038040246219042,0.4038040246219042,0.5294035827247927
cb_rnn,4,11,5,clamped,0.001,0.30804077651184736,0.30804077651184736,0.45455714212112697
cb_rnn,4,11,6,clamped,0.001,0.22896219435669896,0.22896219435669896,0.3827136786284637
cb_rnn,4,11,7,clamped,0.001,0.19986217785799418,0.19986217785799418,0.31626523265561657
cb_rnn,4,11,8,clamped,0.001,0.15350820055468173,0.15350820055468173,0.257537597166239
cb_rnn,4,11,9,clamped,0.001,0.13855233986669585,0.13855233986669585,0.20530800364458046
cb_rnn,4,11,1,clamped,0.01,0.7160841744633797,0.7160841744633797,0.7911116618981775
cb_rnn,4,11,2,clamped,0.01,0.5905624315765188,0.5905624315765188,0.6811415730524868
cb_rnn,4,11,3,clamped,0.01,0.46843234105671216,0.46843234105671216,0.5998655807159873
cb_rnn,4,11,4,clamped,0.01,0.4038095235076237,0.4038095235076237,0.5294285047913914
cb_rnn,4,11,5,clamped,0.01,0.3080481960783171,0.3080481960783171,0.45457516762695266
cb_rnn,4,11,6,clamped,0.01,0.2289671517068811,0.2289671517068811,0.382726242053943
cb_rnn,4,11,7,clamped,0.01,0.19986474976087837,0.19986474976087837,0.31626622838215823
cb_rnn,4,11,8,clamped,0.01,0.15350740410017477,0.15350740410017477,0.2575359007510134
cb_rnn,4,11,9,clamped,0.01,0.13854578483147778,0.13854578483147778,0.20530247663737358
cb_rnn,4,11,1,clamped,0.1,0.7157350436979044,0.7157350436979044,0.7907741122773779
cb_rnn,4,11,2,clamped,0.1,0.5898718017558107,0.5898718017558107,0.6804741641980531
cb_rnn,4,11,3,clamped,0.1,0.46786633000930333,0.46786633000930333,0.5991747522889235
cb_rnn,4,11,4,clamped,0.1,0.40331803674322897,0.40331803674322897,0.5287800892088993
cb_rnn,4,11,5,clamped,0.1,0.3076829380371624,0.3076829380371624,0.45395773174550424
cb_rnn,4,11,6,clamped,0.1,0.22870739463106451,0.22870739463106451,0.3821728902575537
cb_rnn,4,11,7,clamped,0.1,0.1996179892958758,0.1996179892958758,0.31582806088662496
cb_rnn,4,11,8,clamped,0.1,0.15328134213336148,0.15328134213336148,0.25712519044927595
cb_rnn,4,11,9,clamped,0.1,0.13832803402165925,0.13832803402165925,0.20495358544904246
cb_rnn,4,11,1,clamped,0.3,0.7155498110800537,0.7155498110800537,0.7904027174298551
cb_rnn,4,11,2,clamped,0.3,0.5892551265518494,0.5892551265518494,0.6797802857265065
cb_rnn,4,11,3,clamped,0.3,0.4670382161280006,0.4670382161280006,0.5982988353324383
cb_rnn,4,11,4,clamped,0.3,0.4025279948865953,0.4025279948865953,0.5277984165685
cb_rnn,4,11,5,clamped,0.3,0.30711337676875883,0.30711337676875883,0.45304380770721164
cb_rnn,4,11,6,clamped,0.3,0.2282817512937644,0.2282817512937644,0.38130552646436333
cb_rnn,4,11,7,clamped,0.3,0.19919119364189697,0.19919119364189697,0.3150179616289451
cb_rnn,4,11,8,clamped,0.3,0.1528933233153797,0.1528933233153797,0.256460165699571
cb_rnn,4,11,9,clamped,0.3,0.1379484785885824,0.1379484785885824,0.2043467705655656
cb_rnn,4,16,1,full,0.001,0.9740161392236046,0.9740161392236046,0.9874491412938808
cb_rnn,4,16,2,full,0.001,0.9661702977447278,0.9661702977447278,0.9956089561940538
cb_rnn,4,16,3,full,0.001,0.9658163175130363,0.9658163175130363,1.008119748047904
cb_rnn,4,16,4,full,0.001,0.9662700727383293,0.9662700727383293,1.0122205337219847
cb_rnn,4,16,5,full,0.001,0.991398510801731,0.991398510801731,1.0406609540863185
cb_rnn,4,16,6,full,0.001,1.0170665834045625,1.0170665834045625,1.0644464438465853
cb_rnn,4,16,7,full,0.001,1.0138150289150953,1.0138150289150953,1.061847875738188
cb_rnn,4,16,8,full,0.001,1.0105901054067712,1.0105901054067712,1.0591816599691193
cb_rnn,4,16,9,full,0.001,1.0140090272661768,1.0140090272661768,1.0642604741265798
cb_rnn,4,16,10,full,0.001,1.0181151964479782,1.0181151964479782,1.0752645508366856
cb_rnn,4,16,11,full,0.001,1.0430046232911845,1.0430046232911845,1.1142874618774918
cb_rnn,4,16,12,full,0.001,1.0829218246692651,1.0829218246692651,1.150900406123709
cb_rnn,4,16,13,full,0.001,1.1991409764592418,1.1991409764592418,1.2799562365438688
cb_rnn,4,16,14,full,0.001,1.185484595100039,1.185484595100039,1.3270380411420466
cb_rnn,4,16,1,full,0.01,0.9740815176985099,0.9740815176985099,0.9874693126531147
cb_rnn,4,16,2,full,0.01,0.9661171720202577,0.9661171720202577,0.9955453386352346
cb_rnn,4,16,3,full,0.01,0.9657366411998031,0.9657366411998031,1.0080663535012593
cb_rnn,4,16,4,full,0.01,0.9661949677455299,0.9661949677455299,1.0121765593840606
cb_rnn,4,16,5,full,0.01,0.9913065730837647,0.9913065730837647,1.040614925725273
cb_rnn,4,16,6,full,0.01,1.01698249496038,1.01698249496038,1.0644234956762069
cb_rnn,4,16,7,full,0.01,1.013674196744888,1.013674196744888,1.0617735858518187
cb_rnn,4,16,8,full,0.01,1.0104766875634685,1.0104766875634685,1.0591052873914717
cb_rnn,4,16,9,full,0.01,1.0138865066311324,1.0138865066311324,1.0641392358173665
cb_rnn,4,16,10,full,0.01,1.0179998913906516,1.0179998913906516,1.0750750104574887
cb_rnn,4,16,11,full,0.01,1.0429175034889053,1.0429175034889053,1.11420760189048
cb_rnn,4,16,12,full,0.01,1.0828516847258896,1.0828516847258896,1.1508024835538393
cb_rnn,4,16,13,full,0.01,1.1989175455733476,1.1989175455733476,1.279686905555025
cb_rnn,4,16,14,full,0.01,1.1853075032161384,1.1853075032161384,1.3266545208720135
cb_rnn,4,16,1,full,0.1,0.9736916052157916,0.9736916052157916,0.9871952250886833
cb_rnn,4,16,2,full,0.1,0.9654674793022878,0.9654674793022878,0.994896164717453
cb_rnn,4,16,3,full,0.1,0.964178543647993,0.964178543647993,1.0067722676795408
cb_rnn,4,16,4,full,0.1,0.9644464722798327,0.9644464722798327,1.010711771000448
cb_rnn,4,16,5,full,0.1,0.9895003430988425,0.9895003430988425,1.0390171545571858
cb_rnn,4,16,6,full,0.1,1.0150770549291053,1.0150770549291053,1.0626881304795024
cb_rnn,4,16,7,full,0.1,1.0116577987137125,1.0116577987137125,1.0598614540899023
cb_rnn,4,16,8,full,0.1,1.0084491985862087,1.0084491985862087,1.0571240775765633
cb_rnn,4,16,9,full,0.1,1.0118759473167094,1.0118759473167094,1.0624112696582992
cb_rnn,4,16,10,full,0.1,1.0158866331462733,1.0158866331462733,1.073032698710608
cb_rnn,4,16,11,full,0.1,1.040764609345842,1.040764609345842,1.112042128085337
cb_rnn,4,16,12,full,0.1,1.0806759432103858,1.0806759432103858,1.1488910173529345
cb_rnn,4,16,13,full,0.1,1.1965195752132767,1.1965195752132767,1.2773982700524793
cb_rnn,4,16,14,full,0.1,1.1825610332637038,1.1825610332637038,1.3239431180241832
cb_rnn,4,16,1,full,0.3,0.9725664643007548,0.9725664643007548,0.9863196053943832
cb_rnn,4,16,2,full,0.3,0.9638396541617825,0.9638396541617825,0.9933134519031322
cb_rnn,4,16,3,full,0.3,0.961495150805172,0.961495150805172,1.0042623782757465
cb_rnn,4,16,4,full,0.3,0.9610798056168699,0.9610798056168699,1.0078259966667122
cb_rnn,4,16,5,full,0.3,0.985782063912963,0.985782063912963,1.035746353949031
cb_rnn,4,16,6,full,0.3,1.0113299585173172,1.0113299585173172,1.0596868143490772
cb_rnn,4,16,7,full,0.3,1.00752383013569,1.00752383013569,1.0563237462384985
cb_rnn,4,16,8,full,0.3,1.0040412805493069,1.0040412805493069,1.0531855397264605
cb_rnn,4,16,9,full,0.3,1.007557602758869,1.007557602758869,1.0586479864294676
cb_rnn,4,16,10,full,0.3,1.0116752756016043,1.0116752756016043,1.0692875985394026
cb_rnn,4,16,11,full,0.3,1.036720078708283,1.036720078708283,1.108543984219553
cb_rnn,4,16,12,full,0.3,1.0770743197645156,1.0770743197645156,1.1456550613980232
cb_rnn,4,16,13,full,0.3,1.1922489680800847,1.1922489680800847,1.2732360348083267
cb_rnn,4,16,14,full,0.3,1.1781989232037593,1.1781989232037593,1.3193238605561077
cb_rnn,4,16,1,clamped,0.001,0.8447375534209414,0.8447375534209414,0.891812650803051
cb_rnn,4,16,2,clamped,0.001,0.7695677316073407,0.7695677316073407,0.8525589234020263
cb_rnn,4,16,3,clamped,0.001,0.7379202567612053,0.7379202567612053,0.8169554131034651
cb_rnn,4,16,4,clamped,0.001,0.6972589642617637,0.6972589642617637,0.7722178752630795
cb_rnn,4,16,5,clamped,0.001,0.6366506320079854,0.6366506320079854,0.7254903705514173
cb_rnn,4,16,6,clamped,0.001,0.5986431155336983,0.5986431155336983,0.6917114110193228
cb_rnn,4,16,7,clamped,0.001,0.5736732904091311,0.5736732904091311,0.6612288142484435
cb_rnn,4,16,8,clamped,0.001,0.5374319584004097,0.5374319584004097,0.6305956807670822
cb_rnn,4,16,9,clamped,0.001,0.5124198906990929,0.5124198906990929,0.6063817032355143
cb_rnn,4,16,10,clamped,0.001,0.4925384021536563,0.4925384021536563,0.5870766738707838
cb_rnn,4,16,11,clamped,0.001,0.47188813275802644,0.47188813275802644,0.5638506383859987
cb_rnn,4,16,12,clamped,0.001,0.44364798747079637,0.44364798747079637,0.53292093331191
cb_rnn,4,16,13,clamped,0.001,0.38962142893122953,0.38962142893122953,0.49326372893469794
cb_rnn,4,16,14,clamped,0.001,0.3596172131646571,0.3596172131646571,0.4417740251631975
cb_rnn,4,16,1,clamped,0.01,0.8447905644885326,0.8447905644885326,0.8918251182457533
cb_rnn,4,16,2,clamped,0.01,0.769576028816539,0.769576028816539,0.8525420171481619
cb_rnn,4,16,3,clamped,0.01,0.7379202010028886,0.7379202010028886,0.8169442439627383
cb_rnn,4,16,4,clamped,0.01,0.6972544306718528,0.6972544306718528,0.772211365294982
cb_rnn,4,16,5,clamped,0.01,0.6366377562797703,0.6366377562797703,0.7254829402876235
cb_rnn,4,16,6,clamped,0.01,0.5986310336064395,0.5986310336064395,0.6917065600278826
cb_rnn,4,16,7,clamped,0.01,0.5736148214470281,0.5736148214470281,0.6611731717622513
cb_rnn,4,16,8,clamped,0.01,0.537368222958716,0.537368222958716,0.6305313867216564
cb_rnn,4,16,9,clamped,0.01,0.5123558405704016,0.5123558405704016,0.6063082271717642
cb_rnn,4,16,10,clamped,0.01,0.49249195663453116,0.49249195663453116,0.5870174431844968
cb_rnn,4,16,11,clamped,0.01,0.47183333367381086,0.47183333367381086,0.5637889684079911
cb_rnn,4,16,12,clamped,0.01,0.44359800105754055,0.44359800105754055,0.5328656118243309
cb_rnn,4,16,13,clamped,0.01,0.3895787115643265,0.3895787115643265,0.49321488956400095
cb_rnn,4,16,14,clamped,0.01,0.35957954314617135,0.35957954314617135,0.44172923350736965
cb_rnn,4,16,1,clamped,0.1,0.8446162564556846,0.8446162564556846,0.8917020458751197
cb_rnn,4,16,2,clamped,0.1,0.7694138316648096,0.7694138316648096,0.8523747284843844
cb_rnn,4,16,3,clamped,0.1,0.7372901127376668,0.7372901127376668,0.8163940391467188
cb_rnn,4,16,4,clamped,0.1,0.6965299107192338,0.6965299107192338,0.7715358487389283
cb_rnn,4,16,5,clamped,0.1,0.6359757183705135,0.6359757183705135,0.7247907897200191
cb_rnn,4,16,6,clamped,0.1,0.5979105195625214,0.5979105195625214,0.6908780648529051
cb_rnn,4,16,7,clamped,0.1,0.5728674736710042,0.5728674736710042,0.6603354376604293
cb_rnn,4,16,8,clamped,0.1,0.5366601894007311,0.5366601894007311,0.6296807260250992
cb_rnn,4,16,9,clamped,0.1,0.5116609793476802,0.5116609793476802,0.6054443045428569
cb_rnn,4,16,10,clamped,0.1,0.491790824804895,0.491790824804895,0.5861623000587945
cb_rnn,4,16,11,clamped,0.1,0.4711242930702436,0.4711242930702436,0.5629269940691126
cb_rnn,4,16,12,clamped,0.1,0.4429363363354491,0.4429363363354491,0.532053898442843
cb_rnn,4,16,13,clamped,0.1,0.38899139359957874,0.38899139359957874,0.49246788757509186
cb_rnn,4,16,14,clamped,0.1,0.3590236176109803,0.3590236176109803,0.4410241552860028
cb_rnn,4,16,1,clamped,0.3,0.8439841033056302,0.8439841033056302,0.8912211861423927
cb_rnn,4,16,2,clamped,0.3,0.7686343377707696,0.7686343377707696,0.8515215043208437
cb_rnn,4,16,3,clamped,0.3,0.735878851409455,0.735878851409455,0.8148313735021098
cb_rnn,4,16,4,clamped,0.3,0.6948522326329091,0.6948522326329091,0.7697649172134158
cb_rnn,4,16,5,clamped,0.3,0.6343071434545631,0.6343071434545631,0.7229505222591321
cb_rnn,4,16,6,clamped,0.3,0.5962833390922044,0.5962833390922044,0.6890143266453185
cb_rnn,4,16,7,clamped,0.3,0.5712743639236735,0.5712743639236735,0.6585006949527468
cb_rnn,4,16,8,clamped,0.3,0.5350192981044742,0.5350192981044742,0.6277843219037823
cb_rnn,4,16,9,clamped,0.3,0.5101330169735412,0.5101330169735412,0.603540543621265
cb_rnn,4,16,10,clamped,0.3,0.490323916474694,0.490323916474694,0.5843458584841676
cb_rnn,4,16,11,clamped,0.3,0.46976121333747267,0.46976121333747267,0.5612151537890147
cb_rnn,4,16,12,clamped,0.3,0.4416409343995985,0.4416409343995985,0.5304449482534475
cb_rnn,4,16,13,clamped,0.3,0.3878073970235373,0.3878073970235373,0.49095922593010355
cb_rnn,4,16,14,clamped,0.3,0.3578913922787915,0.3578913922787915,0.4395748536883166
cb_rnn,4,21,1,full,0.001,0.8807191226959968,0.8807191226959968,0.9266177200971395
cb_rnn,4,21,2,full,0.001,0.8697134952602588,0.8697134952602588,0.9350881671024113
cb_rnn,4,21,3,full,0.001,0.8433661617933648,0.8433661617933648,0.9244644995447491
cb_rnn,4,21,4,full,0.001,0.842943666600783,0.842943666600783,0.9276092185378699
cb_rnn,4,21,5,full,0.001,0.8475740939805467,0.8475740939805467,0.9374825838242673
cb_rnn,4,21,6,full,0.001,0.8365007453923232,0.8365007453923232,0.9274016666375064
cb_rnn,4,21,7,full,0.001,0.8481975452948696,0.8481975452948696,0.936018247420835
cb_rnn,4,21,8,full,0.001,0.8586539655509736,0.8586539655509736,0.9463135986134468
cb_rnn,4,21,9,full,0.001,0.8525698745948991,0.8525698745948991,0.9434610986233105
cb_rnn,4,21,10,full,0.001,0.8821565553115931,0.8821565553115931,0.9749819382994489
cb_rnn,4,21,11,full,0.001,0.8996100662949535,0.8996100662949535,1.0104272483729666
cb_rnn,4,21,12,full,0.001,0.9069122296366545,0.9069122296366545,1.0213199502055468
cb_rnn,4,21,13,full,0.001,0.9127206701171855,0.9127206701171855,1.0146875880507364
cb_rnn,4,21,14,full,0.001,0.9208553388873455,0.9208553388873455,1.0255344731863971
cb_rnn,4,21,15,full,0.001,0.9273760111233242,0.9273760111233242,1.0573924122393956
cb_rnn,4,21,16,full,0.001,0.9481350282746699,0.9481350282746699,1.0704380078628952
cb_rnn,4,21,17,full,0.001,0.9612877808883875,0.9612877808883875,1.0698509783084218
cb_rnn,4,21,18,full,0.001,1.0067029900106141,1.0067029900106141,1.135666157380054
cb_rnn,4,21,19,full,0.001,0.9697074837473678,0.9697074837473678,1.1600218225036476
cb_rnn,4,21,1,full,0.01,0.8806247436187101,0.8806247436187101,0.9265519239425433
cb_rnn,4,21,2,full,0.01,0.8695552134773228,0.8695552134773228,0.9349717204945031
cb_rnn,4,21,3,full,0.01,0.8431532278413412,0.8431532278413412,0.9242883868340559
cb_rnn,4,21,4,full,0.01,0.8426600438192213,0.8426600438192213,0.9273651511739661
cb_rnn,4,21,5,full,0.01,0.8473173208792977,0.8473173208792977,0.9372274631171925
cb_rnn,4,21,6,full,0.01,0.8361871024278347,0.8361871024278347,0.927111326494233
cb_rnn,4,21,7,full,0.01,0.8478984705870997,0.8478984705870997,0.9357312396438179
cb_rnn,4,21,8,full,0.01,0.8584298187550483,0.8584298187550483,0.9461785276013182
cb_rnn,4,21,9,full,0.01,0.8521566257955773,0.8521566257955773,0.9432390844921424
cb_rnn,4,21,10,full,0.01,0.8817219265670739,0.8817219265670739,0.974558232154014
cb_rnn,4,21,11,full,0.01,0.8991315568926621,0.8991315568926621,1.00992010490307
cb_rnn,4,21,12,full,0.01,0.9063087369701239,0.9063087369701239,1.0206237806733331
cb_rnn,4,21,13,full,0.01,0.91220476241522,0.91220476241522,1.0139954527523356
cb_rnn,4,21,14,full,0.01,0.9203770903928354,0.9203770903928354,1.0248956889058647
cb_rnn,4,21,15,full,0.01,0.9270904388065067,0.9270904388065067,1.0570733660043632
cb_rnn,4,21,16,full,0.01,0.9479201111992378,0.9479201111992378,1.070162193162901
cb_rnn,4,21,17,full,0.01,0.9611296987785526,0.9611296987785526,1.069603404997693
cb_rnn,4,21,18,full,0.01,1.0065063215972794,1.0065063215972794,1.1353065380475966
cb_rnn,4,21,19,full,0.01,0.9697538427874357,0.9697538427874357,1.1600698524565316
cb_rnn,4,21,1,full,0.1,0.879842117603218,0.879842117603218,0.9258798484623714
cb_rnn,4,21,2,full,0.1,0.8683762407757479,0.8683762407757479,0.9338457939624921
cb_rnn,4,21,3,full,0.1,0.8414019976352872,0.8414019976352872,0.9226853181947792
cb_rnn,4,21,4,full,0.1,0.8407299699748143,0.8407299699748143,0.9254059988991454
cb_rnn,4,21,5,full,0.1,0.8454358275917926,0.8454358275917926,0.9352945789713414
cb_rnn,4,21,6,full,0.1,0.8341025279904104,0.8341025279904104,0.9252646874494606
cb_rnn,4,21,7,full,0.1,0.8456767578689162,0.8456767578689162,0.9336949672788535
cb_rnn,4,21,8,full,0.1,0.8564136653698288,0.8564136653698288,0.9441938570016395
cb_rnn,4,21,9,full,0.1,0.8494969409816903,0.8494969409816903,0.9406367906855935
cb_rnn,4,21,10,full,0.1,0.8790748310827736,0.8790748310827736,0.9717727561206687
cb_rnn,4,21,11,full,0.1,0.8965039792271992,0.8965039792271992,1.0070816203024346
cb_rnn,4,21,12,full,0.1,0.903104670032844,0.903104670032844,1.0174544882925654
cb_rnn,4,21,13,full,0.1,0.9093049616636195,0.9093049616636195,1.0106055941877072
cb_rnn,4,21,14,full,0.1,0.9174097260106711,0.9174097260106711,1.0212569307839172
cb_rnn,4,21,15,full,0.1,0.9242556706642879,0.9242556706642879,1.0536085537281081
cb_rnn,4,21,16,full,0.1,0.9454186672775557,0.9454186672775557,1.0668133665337565
cb_rnn,4,21,17,full,0.1,0.9587144627390387,0.9587144627390387,1.0662411661335398
cb_rnn,4,21,18,full,0.1,1.0038913859063925,1.0038913859063925,1.1310669076513258
cb_rnn,4,21,19,full,0.1,0.9671718410487766,0.9671718410487766,1.1559584640452405
cb_rnn,4,21,1,full,0.3,0.878546875704912,0.878546875704912,0.9246980396842077
cb_rnn,4,21,2,full,0.3,0.8655770570454636,0.8655770570454636,0.9312801774194823
cb_rnn,4,21,3,full,0.3,0.8379057199262522,0.8379057199262522,0.9194030103714904
cb_rnn,4,21,4,full,0.3,0.8375082124922959,0.8375082124922959,0.9222903732159767
cb_rnn,4,21,5,full,0.3,0.8413637941737889,0.8413637941737889,0.9312813734113273
cb_rnn,4,21,6,full,0.3,0.8297138009145437,0.8297138009145437,0.9211715510025125
cb_rnn,4,21,7,full,0.3,0.841389545563956,0.841389545563956,0.929607634381574
cb_rnn,4,21,8,full,0.3,0.8521426124919318,0.8521426124919318,0.9399150688089836
cb_rnn,4,21,9,full,0.3,0.8451360447703307,0.8451360447703307,0.9363999198996378
cb_rnn,4,21,10,full,0.3,0.874101275885237,0.874101275885237,0.9665562917034705
cb_rnn,4,21,11,full,0.3,0.8912052356030142,0.8912052356030142,1.0014077721008738
cb_rnn,4,21,12,full,0.3,0.8974116777673151,0.8974116777673151,1.0116929046075158
cb_rnn,4,21,13,full,0.3,0.9039724920725263,0.9039724920725263,1.0050620243888022
cb_rnn,4,21,14,full,0.3,0.9120748920125794,0.9120748920125794,1.0152218049550006
cb_rnn,4,21,15,full,0.3,0.91890101705734,0.91890101705734,1.0475817076860299
cb_rnn,4,21,16,full,0.3,0.940296527269231,0.940296527269231,1.0610621958285853
cb_rnn,4,21,17,full,0.3,0.9538086695813706,0.9538086695813706,1.0599732929881966
cb_rnn,4,21,18,full,0.3,0.9986686506769236,0.9986686506769236,1.1237202929288177
cb_rnn,4,21,19,full,0.3,0.9617326425947113,0.9617326425947113,1.148002823232619
cb_rnn,4,21,1,clamped,0.001,0.8257300855234729,0.8257300855234729,0.8912890309203413
cb_rnn,4,21,2,clamped,0.001,0.79380470386232,0.79380470386232,0.8522440069359956
cb_rnn,4,21,3,clamped,0.001,0.7581135712203441,0.7581135712203441,0.8351239570558276
cb_rnn,4,21,4,clamped,0.001,0.7463149692512026,0.7463149692512026,0.8287812800383706
cb_rnn,4,21,5,clamped,0.001,0.7270714274563392,0.7270714274563392,0.8153807572721188
cb_rnn,4,21,6,clamped,0.001,0.7186226156148475,0.7186226156148475,0.8088615000412784
cb_rnn,4,21,7,clamped,0.001,0.7124118621299496,0.7124118621299496,0.8060798371769298
cb_rnn,4,21,8,clamped,0.001,0.7006298800046298,0.7006298800046298,0.7986071799424186
cb_rnn,4,21,9,clamped,0.001,0.6918963067592363,0.6918963067592363,0.7954042712695073
cb_rnn,4,21,10,clamped,0.001,0.7019163318269703,0.7019163318269703,0.8053448647569617
cb_rnn,4,21,11,clamped,0.001,0.6985719222023706,0.6985719222023706,0.8085538261164035
cb_rnn,4,21,12,clamped,0.001,0.6933015926032371,0.6933015926032371,0.8064376111584942
cb_rnn,4,21,13,clamped,0.001,0.6956653835428672,0.6956653835428672,0.806709941948789
cb_rnn,4,21,14,clamped,0.001,0.6954734913613456,0.6954734913613456,0.8155022376199084
cb_rnn,4,21,15,clamped,0.001,0.6937704489929153,0.6937704489929153,0.82327685844708
cb_rnn,4,21,16,clamped,0.001,0.6945478893903495,0.6945478893903495,0.816672231122011
cb_rnn,4,21,17,clamped,0.001,0.6796228016554406,0.6796228016554406,0.798721794125369
cb_rnn,4,21,18,clamped,0.001,0.6440121427510841,0.6440121427510841,0.7813625098881538
cb_rnn,4,21,19,clamped,0.001,0.5952082586156836,0.5952082586156836,0.7341161733644541
cb_rnn,4,21,1,clamped,0.01,0.8256179736379593,0.8256179736379593,0.891193517151692
cb_rnn,4,21,2,clamped,0.01,0.7936509587314843,0.7936509587314843,0.8521150386637802
cb_rnn,4,21,3,clamped,0.01,0.7579554902648354,0.7579554902648354,0.8349750152376234
cb_rnn,4,21,4,clamped,0.01,0.7460915810892212,0.7460915810892212,0.82858549984077
cb_rnn,4,21,5,clamped,0.01,0.7268661572371921,0.7268661572371921,0.8151567810126665
cb_rnn,4,21,6,clamped,0.01,0.7183711765070853,0.7183711765070853,0.8086088049046048
cb_rnn,4,21,7,clamped,0.01,0.7121672246409168,0.7121672246409168,0.8058138975074977
cb_rnn,4,21,8,clamped,0.01,0.7004690097619768,0.7004690097619768,0.7985091587697974
cb_rnn,4,21,9,clamped,0.01,0.6916508724374217,0.6916508724374217,0.7952715476010236
cb_rnn,4,21,10,clamped,0.01,0.7016704217707682,0.7016704217707682,0.8051357061038653
cb_rnn,4,21,11,clamped,0.01,0.6982596347833119,0.6982596347833119,0.8082469933734309
cb_rnn,4,21,12,clamped,0.01,0.6928990739600445,0.6928990739600445,0.8059736835908838
cb_rnn,4,21,13,clamped,0.01,0.6952916336409332,0.6952916336409332,0.8062221456090106
cb_rnn,4,21,14,clamped,0.01,0.6950828721945496,0.6950828721945496,0.8149996664097672
cb_rnn,4,21,15,clamped,0.01,0.69349625085706,0.69349625085706,0.8229589289809435
cb_rnn,4,21,16,clamped,0.01,0.6943333900585387,0.6943333900585387,0.8163972157753062
cb_rnn,4,21,17,clamped,0.01,0.6794313910346725,0.6794313910346725,0.7984558331881306
cb_rnn,4,21,18,clamped,0.01,0.6438791314962181,0.6438791314962181,0.7812124410048397
cb_rnn,4,21,19,clamped,0.01,0.5952134395363933,0.5952134395363933,0.7342026520695071
cb_rnn,4,21,1,clamped,0.1,0.8248749039109255,0.8248749039109255,0.8905761789267286
cb_rnn,4,21,2,clamped,0.1,0.7926189464952722,0.7926189464952722,0.8511262196884835
cb_rnn,4,21,3,clamped,0.1,0.7565377021406842,0.7565377021406842,0.8336815764802648
cb_rnn,4,21,4,clamped,0.1,0.7444626682626819,0.7444626682626819,0.8269555547893941
cb_rnn,4,21,5,clamped,0.1,0.7252884694226994,0.7252884694226994,0.8134941929820505
cb_rnn,4,21,6,clamped,0.1,0.7166813020654601,0.7166813020654601,0.8069785602496061
cb_rnn,4,21,7,clamped,0.1,0.7103467146887855,0.7103467146887855,0.8039466978111462
cb_rnn,4,21,8,clamped,0.1,0.6987652255467056,0.6987652255467056,0.796623498390169
cb_rnn,4,21,9,clamped,0.1,0.6894822273986728,0.6894822273986728,0.7928723852847276
cb_rnn,4,21,10,clamped,0.1,0.6995510989704934,0.6995510989704934,0.8027448323894397
cb_rnn,4,21,11,clamped,0.1,0.6961419789368448,0.6961419789368448,0.805799490061261
cb_rnn,4,21,12,clamped,0.1,0.6903058458448296,0.6903058458448296,0.8029693092508734
cb_rnn,4,21,13,clamped,0.1,0.6929183448212194,0.6929183448212194,0.8031765038845919
cb_rnn,4,21,14,clamped,0.1,0.6927409848633813,0.6927409848633813,0.8118806909832926
cb_rnn,4,21,15,clamped,0.1,0.6913144747229395,0.6913144747229395,0.8201092049274081
cb_rnn,4,21,16,clamped,0.1,0.6922463562558145,0.6922463562558145,0.8136240025924399
cb_rnn,4,21,17,clamped,0.1,0.6773235991103583,0.6773235991103583,0.7955481635294925
cb_rnn,4,21,18,clamped,0.1,0.6420363012815649,0.6420363012815649,0.7785411014562402
cb_rnn,4,21,19,clamped,0.1,0.5935496157891713,0.5935496157891713,0.7316795412428537
cb_rnn,4,21,1,clamped,0.3,0.8234275088221569,0.8234275088221569,0.8892949009476739
cb_rnn,4,21,2,clamped,0.3,0.7899932872545784,0.7899932872545784,0.8486343101947995
cb_rnn,4,21,3,clamped,0.3,0.7535020448728582,0.7535020448728582,0.8307260364192584
cb_rnn,4,21,4,clamped,0.3,0.7415362742353679,0.7415362742353679,0.824002764548633
cb_rnn,4,21,5,clamped,0.3,0.7216358549062327,0.7216358549062327,0.8097222171766937
cb_rnn,4,21,6,clamped,0.3,0.7128257547003211,0.7128257547003211,0.8031191504126292
cb_rnn,4,21,7,clamped,0.3,0.7065094718668798,0.7065094718668798,0.7999031946554807
cb_rnn,4,21,8,clamped,0.3,0.6948080727552031,0.6948080727552031,0.7922126845164059
cb_rnn,4,21,9,clamped,0.3,0.6855819200202725,0.6855819200202725,0.7886319167532183
cb_rnn,4,21,10,clamped,0.3,0.6952192008686658,0.6952192008686658,0.7978061725525099
cb_rnn,4,21,11,clamped,0.3,0.6916152848026054,0.6916152848026054,0.8005137413701979
cb_rnn,4,21,12,clamped,0.3,0.6854549310405509,0.6854549310405509,0.797480667397463
cb_rnn,4,21,13,clamped,0.3,0.6883966422540424,0.6883966422540424,0.7980437020014646
cb_rnn,4,21,14,clamped,0.3,0.6882328373412968,0.6882328373412968,0.8064618472670904
cb_rnn,4,21,15,clamped,0.3,0.6870220564761599,0.6870220564761599,0.8150036192440151
cb_rnn,4,21,16,clamped,0.3,0.6881528534979924,0.6881528534979924,0.8087207100778129
cb_rnn,4,21,17,clamped,0.3,0.6735399295649621,0.6735399295649621,0.7908063062625957
cb_rnn,4,21,18,clamped,0.3,0.6386282791371066,0.6386282791371066,0.7740599086835147
cb_rnn,4,21,19,clamped,0.3,0.5906560364438778,0.5906560364438778,0.7275566370337134
cb_rnn,4,25,1,full,0.001,0.9178616158289759,0.9178616158289759,0.9842185436389319
cb_rnn,4,25,2,full,0.001,0.8786141598649899,0.8786141598649899,0.9826549471806653
cb_rnn,4,25,3,full,0.001,0.8159293895219436,0.8159293895219436,0.9356879779292135
cb_rnn,4,25,4,full,0.001,0.801772907770382,0.801772907770382,0.9293370823408643
cb_rnn,4,25,5,full,0.001,0.7955331108746463,0.7955331108746463,0.9380102868760707
cb_rnn,4,25,6,full,0.001,0.7748238552966382,0.7748238552966382,0.9345434356051482
cb_rnn,4,25,7,full,0.001,0.762072431593912,0.762072431593912,0.9221659262119595
cb_rnn,4,25,8,full,0.001,0.7493190200204507,0.7493190200204507,0.9052528716274821
cb_rnn,4,25,9,full,0.001,0.7392147454022684,0.7392147454022684,0.8917641339177715
cb_rnn,4,25,10,full,0.001,0.738380259005698,0.738380259005698,0.8906114991337464
cb_rnn,4,25,11,full,0.001,0.73839066516453,0.73839066516453,0.8893907688294125
cb_rnn,4,25,12,full,0.001,0.720241529148195,0.720241529148195,0.8674960605529247
cb_rnn,4,25,13,full,0.001,0.7131876931036759,0.7131876931036759,0.8637587497873705
cb_rnn,4,25,14,full,0.001,0.7251954143371822,0.7251954143371822,0.886026977301682
cb_rnn,4,25,15,full,0.001,0.7172361943555476,0.7172361943555476,0.878136001332606
cb_rnn,4,25,16,full,0.001,0.7228374403198456,0.7228374403198456,0.8626459795383675
cb_rnn,4,25,17,full,0.001,0.729133755054614,0.729133755054614,0.8646865541641082
cb_rnn,4,25,18,full,0.001,0.7271915307442532,0.7271915307442532,0.8774150615530325
cb_rnn,4,25,19,full,0.001,0.733583583739696,0.733583583739696,0.8790307256751453
cb_rnn,4,25,20,full,0.001,0.7494958377557811,0.7494958377557811,0.8799297596589566
cb_rnn,4,25,21,full,0.001,0.7839009546377385,0.7839009546377385,0.9360793187467498
cb_rnn,4,25,22,full,0.001,0.8826120960351674,0.8826120960351674,1.0782046827417957
cb_rnn,4,25,23,full,0.001,0.8426472749612878,0.8426472749612878,1.079068470310916
cb_rnn,4,25,1,full,0.01,0.9179451242470058,0.9179451242470058,0.9842327990115312
cb_rnn,4,25,2,full,0.01,0.8785940667206059,0.8785940667206059,0.9825727773517561
cb_rnn,4,25,3,full,0.01,0.8159300204090781,0.8159300204090781,0.935606411679115
cb_rnn,4,25,4,full,0.01,0.8018843587228897,0.8018843587228897,0.9293136584242395
cb_rnn,4,25,5,full,0.01,0.7956299098667665,0.7956299098667665,0.9379861447660751
cb_rnn,4,25,6,full,0.01,0.7749297530489002,0.7749297530489002,0.9345985796813985
cb_rnn,4,25,7,full,0.01,0.7620023831720387,0.7620023831720387,0.9220375894895259
cb_rnn,4,25,8,full,0.01,0.7494770931104455,0.7494770931104455,0.9053387835313067
cb_rnn,4,25,9,full,0.01,0.7393052040620078,0.7393052040620078,0.8917990350983556
cb_rnn,4,25,10,full,0.01,0.7384340096394806,0.7384340096394806,0.8905602510469444
cb_rnn,4,25,11,full,0.01,0.7384499773659408,0.7384499773659408,0.8893691738864148
cb_rnn,4,25,12,full,0.01,0.7203213199601168,0.7203213199601168,0.8673989921195279
cb_rnn,4,25,13,full,0.01,0.713276550448369,0.713276550448369,0.8637530894713463
cb_rnn,4,25,14,full,0.01,0.7252578464511017,0.7252578464511017,0.8858673647813134
cb_rnn,4,25,15,full,0.01,0.7172487280402472,0.7172487280402472,0.8780881895267919
cb_rnn,4,25,16,full,0.01,0.7228082293568319,0.7228082293568319,0.8625802415427146
cb_rnn,4,25,17,full,0.01,0.7291257329923198,0.7291257329923198,0.8646076114079025
cb_rnn,4,25,18,full,0.01,0.7271944232972203,0.7271944232972203,0.877336846663821
cb_rnn,4,25,19,full,0.01,0.7336034725398128,0.7336034725398128,0.8789261523280644
cb_rnn,4,25,20,full,0.01,0.7495085645881897,0.7495085645881897,0.8798501561627415
cb_rnn,4,25,21,full,0.01,0.7839685341269074,0.7839685341269074,0.9360181801054391
cb_rnn,4,25,22,full,0.01,0.882792526679792,0.882792526679792,1.0781390011930703
cb_rnn,4,25,23,full,0.01,0.8428250230063359,0.8428250230063359,1.0786529054042777
cb_rnn,4,25,1,full,0.1,0.9174992263433954,0.9174992263433954,0.9836650145889404
cb_rnn,4,25,2,full,0.1,0.8774441183857598,0.8774441183857598,0.9813388631655805
cb_rnn,4,25,3,full,0.1,0.8146841310308227,0.8146841310308227,0.9341455777599017
cb_rnn,4,25,4,full,0.1,0.8006036868286657,0.8006036868286657,0.9277281039332096
cb_rnn,4,25,5,full,0.1,0.7942906799564535,0.7942906799564535,0.9363112540845405
cb_rnn,4,25,6,full,0.1,0.7742247559148691,0.7742247559148691,0.9334010542437146
cb_rnn,4,25,7,full,0.1,0.7609189782572596,0.7609189782572596,0.9203278513302562
cb_rnn,4,25,8,full,0.1,0.7483856685239967,0.7483856685239967,0.9037467679623237
cb_rnn,4,25,9,full,0.1,0.7386141038218763,0.7386141038218763,0.8907969877113509
cb_rnn,4,25,10,full,0.1,0.7375418472944634,0.7375418472944634,0.889379446114769
cb_rnn,4,25,11,full,0.1,0.7374123607285256,0.7374123607285256,0.8883495096962504
cb_rnn,4,25,12,full,0.1,0.7189195243067779,0.7189195243067779,0.865348275705882
cb_rnn,4,25,13,full,0.1,0.711809839836617,0.711809839836617,0.861635469839047
cb_rnn,4,25,14,full,0.1,0.7240378995260065,0.7240378995260065,0.8835674469445092
cb_rnn,4,25,15,full,0.1,0.7162105844014703,0.7162105844014703,0.8760216645176655
cb_rnn,4,25,16,full,0.1,0.72206803899121,0.72206803899121,0.8612596776373709
cb_rnn,4,25,17,full,0.1,0.7284709950741545,0.7284709950741545,0.8632433055866435
cb_rnn,4,25,18,full,0.1,0.7267641108235378,0.7267641108235378,0.8763557303799228
cb_rnn,4,25,19,full,0.1,0.7330768582127059,0.7330768582127059,0.8777983176659296
cb_rnn,4,25,20,full,0.1,0.748679282178962,0.748679282178962,0.8780339126286067
cb_rnn,4,25,21,full,0.1,0.7825905654654572,0.7825905654654572,0.93342342224557
cb_rnn,4,25,22,full,0.1,0.8806268064364646,0.8806268064364646,1.0750604892840876
cb_rnn,4,25,23,full,0.1,0.8412294037974701,0.8412294037974701,1.0754953575626942
cb_rnn,4,25,1,full,0.3,0.9155371833161969,0.9155371833161969,0.9817386795043379
cb_rnn,4,25,2,full,0.3,0.874199305989649,0.874199305989649,0.9785571692359123
cb_rnn,4,25,3,full,0.3,0.8108425664814245,0.8108425664814245,0.930183701981892
cb_rnn,4,25,4,full,0.3,0.7967100950816921,0.7967100950816921,0.9232041965614133
cb_rnn,4,25,5,full,0.3,0.7899138924718969,0.7899138924718969,0.9311825899477139
cb_rnn,4,25,6,full,0.3,0.7700493390805133,0.7700493390805133,0.9275208740796318
cb_rnn,4,25,7,full,0.3,0.7562884109781957,0.7562884109781957,0.9142429292581353
cb_rnn,4,25,8,full,0.3,0.7441909738893795,0.7441909738893795,0.8982162115759778
cb_rnn,4,25,9,full,0.3,0.734778028819176,0.734778028819176,0.8858371698997467
cb_rnn,4,25,10,full,0.3,0.7339602728900316,0.7339602728900316,0.8843668231706034
cb_rnn,4,25,11,full,0.3,0.7327459321208294,0.7327459321208294,0.8818010773579723
cb_rnn,4,25,12,full,0.3,0.7140556087302292,0.7140556087302292,0.858570297597993
cb_rnn,4,25,13,full,0.3,0.7078527962882898,0.7078527962882898,0.855382394903286
cb_rnn,4,25,14,full,0.3,0.7199219900489378,0.7199219900489378,0.8766229321027377
cb_rnn,4,25,15,full,0.3,0.7121921038581809,0.7121921038581809,0.869571720572885
cb_rnn,4,25,16,full,0.3,0.7180456198596943,0.7180456198596943,0.8550116016030527
cb_rnn,4,25,17,full,0.3,0.7247507795163676,0.7247507795163676,0.8567951557482459
cb_rnn,4,25,18,full,0.3,0.7230893021847284,0.7230893021847284,0.8698061450319304
cb_rnn,4,25,19,full,0.3,0.7296533003173264,0.7296533003173264,0.8715994968378064
cb_rnn,4,25,20,full,0.3,0.7451112409136124,0.7451112409136124,0.8717144599352387
cb_rnn,4,25,21,full,0.3,0.7782186950803481,0.7782186950803481,0.9257333486508817
cb_rnn,4,25,22,full,0.3,0.8746346338805866,0.8746346338805866,1.0668001251375034
cb_rnn,4,25,23,full,0.3,0.8349514120768109,0.8349514120768109,1.065968624630155
cb_rnn,4,25,1,clamped,0.001,0.912634188145178,0.912634188145178,0.9775188034548834
cb_rnn,4,25,2,clamped,0.001,0.8520611742656882,0.8520611742656882,0.9542460897744662
cb_rnn,4,25,3,clamped,0.001,0.7849923758839246,0.7849923758839246,0.9173464303238149
cb_rnn,4,25,4,clamped,0.001,0.7712610538528033,0.7712610538528033,0.9072393488233939
cb_rnn,4,25,5,clamped,0.001,0.7525086379387875,0.7525086379387875,0.8993836244900519
cb_rnn,4,25,6,clamped,0.001,0.7235762987950679,0.7235762987950679,0.8847817382526545
cb_rnn,4,25,7,clamped,0.001,0.7029409654433219,0.7029409654433219,0.8627960655749505
cb_rnn,4,25,8,clamped,0.001,0.6903820582134468,0.6903820582134468,0.8430109837422228
cb_rnn,4,25,9,clamped,0.001,0.6752135032504806,0.6752135032504806,0.8332952770220332
cb_rnn,4,25,10,clamped,0.001,0.6714487301709723,0.6714487301709723,0.825934334859115
cb_rnn,4,25,11,clamped,0.001,0.6619929457011187,0.6619929457011187,0.8111682901808634
cb_rnn,4,25,12,clamped,0.001,0.639102101231554,0.639102101231554,0.791851559240057
cb_rnn,4,25,13,clamped,0.001,0.6338283433334778,0.6338283433334778,0.7878563450765514
cb_rnn,4,25,14,clamped,0.001,0.6249984087694151,0.6249984087694151,0.7834301453586348
cb_rnn,4,25,15,clamped,0.001,0.6115138484681056,0.6115138484681056,0.7646277871929603
cb_rnn,4,25,16,clamped,0.001,0.6077397066121202,0.6077397066121202,0.7527954718510824
cb_rnn,4,25,17,clamped,0.001,0.6125384492570773,0.6125384492570773,0.7556788059091379
cb_rnn,4,25,18,clamped,0.001,0.6133500520689034,0.6133500520689034,0.7624299558762537
cb_rnn,4,25,19,clamped,0.001,0.6159755044316386,0.6159755044316386,0.7625327754143193
cb_rnn,4,25,20,clamped,0.001,0.6194574886468168,0.6194574886468168,0.7636436764910283
cb_rnn,4,25,21,clamped,0.001,0.6372226121261733,0.6372226121261733,0.7795483874058573
cb_rnn,4,25,22,clamped,0.001,0.6300002738866666,0.6300002738866666,0.7867548078033663
cb_rnn,4,25,23,clamped,0.001,0.626196736760528,0.626196736760528,0.7861120023390901
cb_rnn,4,25,1,clamped,0.01,0.9126804915522018,0.9126804915522018,0.9774980727090843
cb_rnn,4,25,2,clamped,0.01,0.8520262362541896,0.8520262362541896,0.9541608731563851
cb_rnn,4,25,3,clamped,0.01,0.7849650807085564,0.7849650807085564,0.9172246276183373
cb_rnn,4,25,4,clamped,0.01,0.771325012644872,0.771325012644872,0.9071647041354967
cb_rnn,4,25,5,clamped,0.01,0.7525550558401637,0.7525550558401637,0.8992858735503562
cb_rnn,4,25,6,clamped,0.01,0.7236225846704034,0.7236225846704034,0.8847426527115396
cb_rnn,4,25,7,clamped,0.01,0.702822672519063,0.702822672519063,0.8625872521735384
cb_rnn,4,25,8,clamped,0.01,0.6905042012430537,0.6905042012430537,0.8430373501017447
cb_rnn,4,25,9,clamped,0.01,0.6752445471016112,0.6752445471016112,0.833234361897057
cb_rnn,4,25,10,clamped,0.01,0.6714713380594592,0.6714713380594592,0.8258730330260875
cb_rnn,4,25,11,clamped,0.01,0.6620091373409885,0.6620091373409885,0.8111199361295793
cb_rnn,4,25,12,clamped,0.01,0.6391263495316023,0.6391263495316023,0.7918067112586276
cb_rnn,4,25,13,clamped,0.01,0.6338554753188806,0.6338554753188806,0.7878184877472024
cb_rnn,4,25,14,clamped,0.01,0.6250278246445248,0.6250278246445248,0.7834007233904927
cb_rnn,4,25,15,clamped,0.01,0.611536576301863,0.611536576301863,0.7646023033857736
cb_rnn,4,25,16,clamped,0.01,0.6077487080153525,0.6077487080153525,0.7527615739660295
cb_rnn,4,25,17,clamped,0.01,0.6125398008297366,0.6125398008297366,0.7556265872563591
cb_rnn,4,25,18,clamped,0.01,0.6133611842121591,0.6133611842121591,0.7623872332357909
cb_rnn,4,25,19,clamped,0.01,0.6160037398948697,0.6160037398948697,0.7625503949910255
cb_rnn,4,25,20,clamped,0.01,0.6194744984564959,0.6194744984564959,0.7636742311017456
cb_rnn,4,25,21,clamped,0.01,0.6372456641049042,0.6372456641049042,0.779556299437071
cb_rnn,4,25,22,clamped,0.01,0.6301629513527288,0.6301629513527288,0.7868331619815805
cb_rnn,4,25,23,clamped,0.01,0.626238461989837,0.626238461989837,0.786173049960788
cb_rnn,4,25,1,clamped,0.1,0.912181816515506,0.912181816515506,0.9768919868339082
cb_rnn,4,25,2,clamped,0.1,0.8510698158528857,0.8510698158528857,0.9531245858481164
cb_rnn,4,25,3,clamped,0.1,0.783856582557886,0.783856582557886,0.9158087181026281
cb_rnn,4,25,4,clamped,0.1,0.770194370807481,0.770194370807481,0.9057018536606277
cb_rnn,4,25,5,clamped,0.1,0.7513847177605903,0.7513847177605903,0.8977474887068435
cb_rnn,4,25,6,clamped,0.1,0.7229759894506131,0.7229759894506131,0.8836300952440315
cb_rnn,4,25,7,clamped,0.1,0.7019432388318605,0.7019432388318605,0.8612509068820599
cb_rnn,4,25,8,clamped,0.1,0.6896026769964008,0.6896026769964008,0.8417656650017409
cb_rnn,4,25,9,clamped,0.1,0.6745401719020707,0.6745401719020707,0.8321931336459691
cb_rnn,4,25,10,clamped,0.1,0.6705964316906006,0.6705964316906006,0.8247110045191672
cb_rnn,4,25,11,clamped,0.1,0.6610163654032143,0.6610163654032143,0.8100697353704899
cb_rnn,4,25,12,clamped,0.1,0.637778405327303,0.637778405327303,0.789806572342797
cb_rnn,4,25,13,clamped,0.1,0.632597938759788,0.632597938759788,0.7860275845798455
cb_rnn,4,25,14,clamped,0.1,0.6239874834131105,0.6239874834131105,0.7815002144441341
cb_rnn,4,25,15,clamped,0.1,0.6106114728004192,0.6106114728004192,0.7630736145706603
cb_rnn,4,25,16,clamped,0.1,0.6071521263370112,0.6071521263370112,0.7517256888907138
cb_rnn,4,25,17,clamped,0.1,0.6118638305494812,0.6118638305494812,0.7544652792701465
cb_rnn,4,25,18,clamped,0.1,0.6128640545875123,0.6128640545875123,0.7617000810790463
cb_rnn,4,25,19,clamped,0.1,0.6153764470946496,0.6153764470946496,0.7618861114486726
cb_rnn,4,25,20,clamped,0.1,0.6185771820682604,0.6185771820682604,0.7623884434185033
cb_rnn,4,25,21,clamped,0.1,0.635992552842815,0.635992552842815,0.7776366571588449
cb_rnn,4,25,22,clamped,0.1,0.6287574376669465,0.6287574376669465,0.7844659004472119
cb_rnn,4,25,23,clamped,0.1,0.6247735552324075,0.6247735552324075,0.7835982480768346
cb_rnn,4,25,1,clamped,0.3,0.9098930987677617,0.9098930987677617,0.9746037949360817
cb_rnn,4,25,2,clamped,0.3,0.8481575960091767,0.8481575960091767,0.9504963641626201
cb_rnn,4,25,3,clamped,0.3,0.7803022425481614,0.7803022425481614,0.9117521110200543
cb_rnn,4,25,4,clamped,0.3,0.7666122476592744,0.7666122476592744,0.90122555254713
cb_rnn,4,25,5,clamped,0.3,0.7473993383637878,0.7473993383637878,0.8928810737020941
cb_rnn,4,25,6,clamped,0.3,0.7190954134057785,0.7190954134057785,0.8780111106916081
cb_rnn,4,25,7,clamped,0.3,0.6977906830277307,0.6977906830277307,0.8556299212878371
cb_rnn,4,25,8,clamped,0.3,0.6858221611139672,0.6858221611139672,0.8365896409222369
cb_rnn,4,25,9,clamped,0.3,0.6710124017919177,0.6710124017919177,0.8274615329324855
cb_rnn,4,25,10,clamped,0.3,0.6672666177744623,0.6672666177744623,0.8200380057330683
cb_rnn,4,25,11,clamped,0.3,0.6568205233673632,0.6568205233673632,0.8041048292597028
cb_rnn,4,25,12,clamped,0.3,0.6332378245968469,0.6332378245968469,0.7831583760640721
cb_rnn,4,25,13,clamped,0.3,0.6286638751710278,0.6286638751710278,0.7798000736319318
cb_rnn,4,25,14,clamped,0.3,0.6201044247104675,0.6201044247104675,0.7755856987545677
cb_rnn,4,25,15,clamped,0.3,0.6069174085835598,0.6069174085835598,0.7574295895014633
cb_rnn,4,25,16,clamped,0.3,0.6036083575154712,0.6036083575154712,0.7462443483703355
cb_rnn,4,25,17,clamped,0.3,0.6084664557916533,0.6084664557916533,0.7490036203283938
cb_rnn,4,25,18,clamped,0.3,0.6094807498790256,0.6094807498790256,0.7561263083872081
cb_rnn,4,25,19,clamped,0.3,0.6119929728998149,0.6119929728998149,0.7565134578646472
cb_rnn,4,25,20,clamped,0.3,0.6151573633060378,0.6151573633060378,0.7565503546075192
cb_rnn,4,25,21,clamped,0.3,0.6321730923301422,0.6321730923301422,0.7715329260063604
cb_rnn,4,25,22,clamped,0.3,0.6245921826338472,0.6245921826338472,0.7779609925698616
cb_rnn,4,25,23,clamped,0.3,0.62070429542718,0.62070429542718,0.7770789904966691
cb_rnn,4,30,1,full,0.001,0.9409525355172608,0.9409525355172608,1.0695915022244704
cb_rnn,4,30,2,full,0.001,0.935665088469984,0.935665088469984,1.1301105243684006
cb_rnn,4,30,3,full,0.001,0.9083835622018291,0.9083835622018291,1.1243971284461478
cb_rnn,4,30,4,full,0.001,0.8925391767037761,0.8925391767037761,1.126162738545733
cb_rnn,4,30,5,full,0.001,0.8926363323133333,0.8926363323133333,1.1343066791226144
cb_rnn,4,30,6,full,0.001,0.8965995233867017,0.8965995233867017,1.138436128225061
cb_rnn,4,30,7,full,0.001,0.8973579010781562,0.8973579010781562,1.1404050723869712
cb_rnn,4,30,8,full,0.001,0.8870193447431247,0.8870193447431247,1.1349973907534907
cb_rnn,4,30,9,full,0.001,0.8766209419640318,0.8766209419640318,1.119414770607924
cb_rnn,4,30,10,full,0.001,0.8630213087118324,0.8630213087118324,1.0947872505186564
cb_rnn,4,30,11,full,0.001,0.8431775930836422,0.8431775930836422,1.0794409928264357
cb_rnn,4,30,12,full,0.001,0.8384638618850473,0.8384638618850473,1.0777388371502896
cb_rnn,4,30,13,full,0.001,0.8322837238513041,0.8322837238513041,1.0621044319110005
cb_rnn,4,30,14,full,0.001,0.811644776428917,0.811644776428917,1.0339893570922383
cb_rnn,4,30,15,full,0.001,0.8022019669757386,0.8022019669757386,1.0258668784768914
cb_rnn,4,30,16,full,0.001,0.7936850681825762,0.7936850681825762,1.0119537705047885
cb_rnn,4,30,17,full,0.001,0.7837062407781339,0.7837062407781339,0.9851926821485156
cb_rnn,4,30,18,full,0.001,0.77524948490601,0.77524948490601,0.9687859619057163
cb_rnn,4,30,19,full,0.001,0.7662489935598591,0.7662489935598591,0.9530501973635999
cb_rnn,4,30,20,full,0.001,0.7540686604304361,0.7540686604304361,0.9278140138262032
cb_rnn,4,30,21,full,0.001,0.7534032056705562,0.7534032056705562,0.9208556812435369
cb_rnn,4,30,22,full,0.001,0.7656088884902802,0.7656088884902802,0.9365674099842252
cb_rnn,4,30,23,full,0.001,0.7667679360330362,0.7667679360330362,0.9388715044503984
cb_rnn,4,30,24,full,0.001,0.760426876761408,0.760426876761408,0.9333851074415382
cb_rnn,4,30,25,full,0.001,0.7568463003337944,0.7568463003337944,0.9344504959178368
cb_rnn,4,30,26,full,0.001,0.7612136634749768,0.7612136634749768,0.9416818726917024
cb_rnn,4,30,27,full,0.001,0.7735962811161599,0.7735962811161599,0.9684871953209102
cb_rnn,4,30,28,full,0.001,0.7113112248507698,0.7113112248507698,0.9468778134508243
cb_rnn,4,30,1,full,0.01,0.9406964679416889,0.9406964679416889,1.0693797185579892
cb_rnn,4,30,2,full,0.01,0.9352509432057072,0.9352509432057072,1.1296252864538243
cb_rnn,4,30,3,full,0.01,0.9082439901085337,0.9082439901085337,1.1244044033442835
cb_rnn,4,30,4,full,0.01,0.8923284026205645,0.8923284026205645,1.1258551577826896
cb_rnn,4,30,5,full,0.01,0.8924201751380728,0.8924201751380728,1.1337871975416072
cb_rnn,4,30,6,full,0.01,0.8961389572883013,0.8961389572883013,1.137807665191641
cb_rnn,4,30,7,full,0.01,0.8965601300738619,0.8965601300738619,1.139415321948817
cb_rnn,4,30,8,full,0.01,0.8861073104524515,0.8861073104524515,1.1339181122644288
cb_rnn,4,30,9,full,0.01,0.8758005996463618,0.8758005996463618,1.118270802102526
cb_rnn,4,30,10,full,0.01,0.861755955139756,0.861755955139756,1.093384943289445
cb_rnn,4,30,11,full,0.01,0.8418078476912867,0.8418078476912867,1.0777699083181045
cb_rnn,4,30,12,full,0.01,0.8368237483218501,0.8368237483218501,1.0757054753676454
cb_rnn,4,30,13,full,0.01,0.8304306548450038,0.8304306548450038,1.059721279389599
cb_rnn,4,30,14,full,0.01,0.8099331726169408,0.8099331726169408,1.0313745953668503
cb_rnn,4,30,15,full,0.01,0.8004977287423511,0.8004977287423511,1.0231242208529636
cb_rnn,4,30,16,full,0.01,0.792092395954273,0.792092395954273,1.0092426131382517
cb_rnn,4,30,17,full,0.01,0.7821879183782838,0.7821879183782838,0.9828687006617214
cb_rnn,4,30,18,full,0.01,0.7737172210869283,0.7737172210869283,0.9665422497292302
cb_rnn,4,30,19,full,0.01,0.7648805460993324,0.7648805460993324,0.9511227462103862
cb_rnn,4,30,20,full,0.01,0.7528008972168898,0.7528008972168898,0.9259132506413249
cb_rnn,4,30,21,full,0.01,0.752254787268069,0.752254787268069,0.9190041474647526
cb_rnn,4,30,22,full,0.01,0.7643886902954564,0.7643886902954564,0.9345992762446024
cb_rnn,4,30,23,full,0.01,0.7656315817595091,0.7656315817595091,0.9371674140458259
cb_rnn,4,30,24,full,0.01,0.7594151379624055,0.7594151379624055,0.931825179327038
cb_rnn,4,30,25,full,0.01,0.7559674510703789,0.7559674510703789,0.9330785767948627
cb_rnn,4,30,26,full,0.01,0.7603283355719173,0.7603283355719173,0.9405121372378974
cb_rnn,4,30,27,full,0.01,0.7728761768640757,0.7728761768640757,0.9679380363793111
cb_rnn,4,30,28,full,0.01,0.7108173867489198,0.7108173867489198,0.9461535988601307
cb_rnn,4,30,1,full,0.1,0.9393038864176122,0.9393038864176122,1.0680983290156592
cb_rnn,4,30,2,full,0.1,0.9327741199784068,0.9327741199784068,1.126895951434273
cb_rnn,4,30,3,full,0.1,0.9059818149991217,0.9059818149991217,1.1222076769583662
cb_rnn,4,30,4,full,0.1,0.888972053691604,0.888972053691604,1.1218597627432094
cb_rnn,4,30,5,full,0.1,0.8895081411133423,0.8895081411133423,1.1301610649615408
cb_rnn,4,30,6,full,0.1,0.892501705436475,0.892501705436475,1.1338855408576478
cb_rnn,4,30,7,full,0.1,0.8923168144879073,0.8923168144879073,1.1343861911479114
cb_rnn,4,30,8,full,0.1,0.8809360608031884,0.8809360608031884,1.1281180107380522
cb_rnn,4,30,9,full,0.1,0.8707693750950293,0.8707693750950293,1.112327158568949
cb_rnn,4,30,10,full,0.1,0.8569956371986316,0.8569956371986316,1.087269668895554
cb_rnn,4,30,11,full,0.1,0.8367853985556879,0.8367853985556879,1.0711454660314184
cb_rnn,4,30,12,full,0.1,0.8308324602532702,0.8308324602532702,1.0682654685935855
cb_rnn,4,30,13,full,0.1,0.8226822380326952,0.8226822380326952,1.049696339707709
cb_rnn,4,30,14,full,0.1,0.8021794534042729,0.8021794534042729,1.0191115121594432
cb_rnn,4,30,15,full,0.1,0.7920690118409751,0.7920690118409751,1.0100231314678019
cb_rnn,4,30,16,full,0.1,0.7836329497316901,0.7836329497316901,0.9966021019999362
cb_rnn,4,30,17,full,0.1,0.7743179491770029,0.7743179491770029,0.9711000231046556
cb_rnn,4,30,18,full,0.1,0.765968436742987,0.765968436742987,0.9556046241071194
cb_rnn,4,30,19,full,0.1,0.757595081328649,0.757595081328649,0.9408415622970085
cb_rnn,4,30,20,full,0.1,0.7469607443600672,0.7469607443600672,0.9165161628214221
cb_rnn,4,30,21,full,0.1,0.745735435762326,0.745735435762326,0.9093069302450412
cb_rnn,4,30,22,full,0.1,0.7577440401650489,0.7577440401650489,0.925164230113755
cb_rnn,4,30,23,full,0.1,0.7588179127811425,0.7588179127811425,0.9273169246060082
cb_rnn,4,30,24,full,0.1,0.7529847651278725,0.7529847651278725,0.922098567137931
cb_rnn,4,30,25,full,0.1,0.7495221815580537,0.7495221815580537,0.9231728351658648
cb_rnn,4,30,26,full,0.1,0.7552401393643782,0.7552401393643782,0.9324100963433618
cb_rnn,4,30,27,full,0.1,0.7684180735114886,0.7684180735114886,0.9595043344847904
cb_rnn,4,30,28,full,0.1,0.7069934264072746,0.7069934264072746,0.9375949866741813
cb_rnn,4,30,1,full,0.3,0.9349396260306295,0.9349396260306295,1.063901632868404
cb_rnn,4,30,2,full,0.3,0.9274772259771331,0.9274772259771331,1.1213067919429136
cb_rnn,4,30,3,full,0.3,0.9006612807116052,0.9006612807116052,1.1167903557956005
cb_rnn,4,30,4,full,0.3,0.8826504749063306,0.8826504749063306,1.1154322837339712
cb_rnn,4,30,5,full,0.3,0.8816747905275277,0.8816747905275277,1.1219954864133648
cb_rnn,4,30,6,full,0.3,0.8825710584306203,0.8825710584306203,1.1230502636936135
cb_rnn,4,30,7,full,0.3,0.8811679089360148,0.8811679089360148,1.1212532955773167
cb_rnn,4,30,8,full,0.3,0.8701044464850485,0.8701044464850485,1.1141628447587157
cb_rnn,4,30,9,full,0.3,0.8592250874475325,0.8592250874475325,1.0983427922243736
cb_rnn,4,30,10,full,0.3,0.8463826356221779,0.8463826356221779,1.0726101095695657
cb_rnn,4,30,11,full,0.3,0.8263287711786669,0.8263287711786669,1.056418825743972
cb_rnn,4,30,12,full,0.3,0.8191942441181964,0.8191942441181964,1.052196887025254
cb_rnn,4,30,13,full,0.3,0.8101145132262794,0.8101145132262794,1.0320223713039776
cb_rnn,4,30,14,full,0.3,0.7918982724997827,0.7918982724997827,1.002452885021555
cb_rnn,4,30,15,full,0.3,0.7823037536773255,0.7823037536773255,0.9954920403078247
cb_rnn,4,30,16,full,0.3,0.7745257484920082,0.7745257484920082,0.9848499257418115
cb_rnn,4,30,17,full,0.3,0.7649857452871343,0.7649857452871343,0.9590926339476834
cb_rnn,4,30,18,full,0.3,0.7571043025686263,0.7571043025686263,0.9446756480275975
cb_rnn,4,30,19,full,0.3,0.7484758539437025,0.7484758539437025,0.9295781580455564
cb_rnn,4,30,20,full,0.3,0.738442029916396,0.738442029916396,0.9050268248217405
cb_rnn,4,30,21,full,0.3,0.7371497592254747,0.7371497592254747,0.8980006039105708
cb_rnn,4,30,22,full,0.3,0.7490097193619238,0.7490097193619238,0.9136376351937091
cb_rnn,4,30,23,full,0.3,0.7493611938803036,0.7493611938803036,0.9158857420435214
cb_rnn,4,30,24,full,0.3,0.7425479410063414,0.7425479410063414,0.9089646165484893
cb_rnn,4,30,25,full,0.3,0.738772783271488,0.738772783271488,0.9094917420095383
cb_rnn,4,30,26,full,0.3,0.7452230955048702,0.7452230955048702,0.9185949812038912
cb_rnn,4,30,27,full,0.3,0.75864460285783,0.75864460285783,0.9432782971735509
cb_rnn,4,30,28,full,0.3,0.6986554847500119,0.6986554847500119,0.9185341775430662
cb_rnn,4,30,1,clamped,0.001,0.9400156002916844,0.9400156002916844,1.0705076179601936
cb_rnn,4,30,2,clamped,0.001,0.9154618089496663,0.9154618089496663,1.1099589163612025
cb_rnn,4,30,3,clamped,0.001,0.8913655404277725,0.8913655404277725,1.1132729748831611
cb_rnn,4,30,4,clamped,0.001,0.8774513603982703,0.8774513603982703,1.1173344679644988
cb_rnn,4,30,5,clamped,0.001,0.8717608398163781,0.8717608398163781,1.1180411525126637
cb_rnn,4,30,6,clamped,0.001,0.8683044543829954,0.8683044543829954,1.1196802849376106
cb_rnn,4,30,7,clamped,0.001,0.865344384622567,0.865344384622567,1.1192964099090288
cb_rnn,4,30,8,clamped,0.001,0.8565857088870886,0.8565857088870886,1.110355785223686
cb_rnn,4,30,9,clamped,0.001,0.8446759483235424,0.8446759483235424,1.0966174955932368
cb_rnn,4,30,10,clamped,0.001,0.8332329899517975,0.8332329899517975,1.0833900930930458
cb_rnn,4,30,11,clamped,0.001,0.8195745630968339,0.8195745630968339,1.0730936716037558
cb_rnn,4,30,12,clamped,0.001,0.8090675506730487,0.8090675506730487,1.0609836355397047
cb_rnn,4,30,13,clamped,0.001,0.8001266159148159,0.8001266159148159,1.0457847827263829
cb_rnn,4,30,14,clamped,0.001,0.7792832537422616,0.7792832537422616,1.0216433126131124
cb_rnn,4,30,15,clamped,0.001,0.7660219482695846,0.7660219482695846,1.004142280359367
cb_rnn,4,30,16,clamped,0.001,0.7527648257462783,0.7527648257462783,0.985300212997734
cb_rnn,4,30,17,clamped,0.001,0.7492020649121961,0.7492020649121961,0.9674207354521079
cb_rnn,4,30,18,clamped,0.001,0.7356339150212586,0.7356339150212586,0.9430535813489704
cb_rnn,4,30,19,clamped,0.001,0.721646520695279,0.721646520695279,0.9178399890214711
cb_rnn,4,30,20,clamped,0.001,0.7157198289716181,0.7157198289716181,0.902847721144981
cb_rnn,4,30,21,clamped,0.001,0.7157795731231101,0.7157795731231101,0.8989027628102496
cb_rnn,4,30,22,clamped,0.001,0.7216579569747794,0.7216579569747794,0.9030218732689075
cb_rnn,4,30,23,clamped,0.001,0.7192684812826534,0.7192684812826534,0.899332604101838
cb_rnn,4,30,24,clamped,0.001,0.7131614467807859,0.7131614467807859,0.8925533205887972
cb_rnn,4,30,25,clamped,0.001,0.7087620506250114,0.7087620506250114,0.8862294170706398
cb_rnn,4,30,26,clamped,0.001,0.7148267434717951,0.7148267434717951,0.8929835680062825
cb_rnn,4,30,27,clamped,0.001,0.7041030227329975,0.7041030227329975,0.8843621972903538
cb_rnn,4,30,28,clamped,0.001,0.6606789942034966,0.6606789942034966,0.8487423015486213
cb_rnn,4,30,1,clamped,0.01,0.9397849872262287,0.9397849872262287,1.0703281764654229
cb_rnn,4,30,2,clamped,0.01,0.915090169678144,0.915090169678144,1.109493064305592
cb_rnn,4,30,3,clamped,0.01,0.8912612544941498,0.8912612544941498,1.1133117260881458
cb_rnn,4,30,4,clamped,0.01,0.8773183325047627,0.8773183325047627,1.1170791592841915
cb_rnn,4,30,5,clamped,0.01,0.8716150352786343,0.8716150352786343,1.1175797121575137
cb_rnn,4,30,6,clamped,0.01,0.8678960357633312,0.8678960357633312,1.1191125056862754
cb_rnn,4,30,7,clamped,0.01,0.864629121306695,0.864629121306695,1.118376303931076
cb_rnn,4,30,8,clamped,0.01,0.8557929209798857,0.8557929209798857,1.1093764508778448
cb_rnn,4,30,9,clamped,0.01,0.8439624701886599,0.8439624701886599,1.0955633679783545
cb_rnn,4,30,10,clamped,0.01,0.8321034517953942,0.8321034517953942,1.0820886217359598
cb_rnn,4,30,11,clamped,0.01,0.8183420377182316,0.8183420377182316,1.0715231187670962
cb_rnn,4,30,12,clamped,0.01,0.8075260428178967,0.8075260428178967,1.0589985520479148
cb_rnn,4,30,13,clamped,0.01,0.798299653832705,0.798299653832705,1.0433471296139114
cb_rnn,4,30,14,clamped,0.01,0.7775477833109534,0.7775477833109534,1.0189142651934056
cb_rnn,4,30,15,clamped,0.01,0.7642615394632047,0.7642615394632047,1.0012769351999369
cb_rnn,4,30,16,clamped,0.01,0.7511285821231198,0.7511285821231198,0.9824689531302142
cb_rnn,4,30,17,clamped,0.01,0.7475868000320719,0.7475868000320719,0.9649005186935735
cb_rnn,4,30,18,clamped,0.01,0.7339861125116873,0.7339861125116873,0.9406220950361031
cb_rnn,4,30,19,clamped,0.01,0.7202701128070745,0.7202701128070745,0.9159053465386104
cb_rnn,4,30,20,clamped,0.01,0.7144677796942518,0.7144677796942518,0.90089959216477
cb_rnn,4,30,21,clamped,0.01,0.7146627209889018,0.7146627209889018,0.897028662127406
cb_rnn,4,30,22,clamped,0.01,0.7204741178403901,0.7204741178403901,0.9010847846820269
cb_rnn,4,30,23,clamped,0.01,0.7181407115362586,0.7181407115362586,0.897630897886307
cb_rnn,4,30,24,clamped,0.01,0.7121241861325763,0.7121241861325763,0.8910234890057065
cb_rnn,4,30,25,clamped,0.01,0.7078945576734916,0.7078945576734916,0.8849487296929346
cb_rnn,4,30,26,clamped,0.01,0.7140150479269691,0.7140150479269691,0.8920358235242214
cb_rnn,4,30,27,clamped,0.01,0.7034856092160111,0.7034856092160111,0.884158092129073
cb_rnn,4,30,28,clamped,0.01,0.660354080589765,0.660354080589765,0.8485822044143754
cb_rnn,4,30,1,clamped,0.1,0.9384484146778607,0.9384484146778607,1.0691591231339554
cb_rnn,4,30,2,clamped,0.1,0.9128516351473188,0.9128516351473188,1.1069159580693158
cb_rnn,4,30,3,clamped,0.1,0.8892538367207017,0.8892538367207017,1.1112906136942993
cb_rnn,4,30,4,clamped,0.1,0.8742343815882425,0.8742343815882425,1.1133310474951759
cb_rnn,4,30,5,clamped,0.1,0.8689441045125545,0.8689441045125545,1.1141526124098315
cb_rnn,4,30,6,clamped,0.1,0.8645319082013283,0.8645319082013283,1.1154701332303354
cb_rnn,4,30,7,clamped,0.1,0.8606376424363288,0.8606376424363288,1.1135929394362107
cb_rnn,4,30,8,clamped,0.1,0.8509368294443624,0.8509368294443624,1.1040824920581822
cb_rnn,4,30,9,clamped,0.1,0.8392762482014748,0.8392762482014748,1.0900198973315978
cb_rnn,4,30,10,clamped,0.1,0.8274107775133488,0.8274107775133488,1.0760673423482086
cb_rnn,4,30,11,clamped,0.1,0.8134422591575503,0.8134422591575503,1.065010423783298
cb_rnn,4,30,12,clamped,0.1,0.8016291570300387,0.8016291570300387,1.051545472713951
cb_rnn,4,30,13,clamped,0.1,0.7906610680571009,0.7906610680571009,1.0333888090062842
cb_rnn,4,30,14,clamped,0.1,0.76995315035266,0.76995315035266,1.0066271182886268
cb_rnn,4,30,15,clamped,0.1,0.756223270414454,0.756223270414454,0.9884530706334052
cb_rnn,4,30,16,clamped,0.1,0.7431724274762985,0.7431724274762985,0.9702220317665526
cb_rnn,4,30,17,clamped,0.1,0.7403617163800825,0.7403617163800825,0.9537596909991943
cb_rnn,4,30,18,clamped,0.1,0.7268914110235888,0.7268914110235888,0.9304968343282545
cb_rnn,4,30,19,clamped,0.1,0.7136587666465153,0.7136587666465153,0.9064725240645077
cb_rnn,4,30,20,clamped,0.1,0.7090895794654073,0.7090895794654073,0.8923713410750906
cb_rnn,4,30,21,clamped,0.1,0.7086722097119071,0.7086722097119071,0.8882931017341271
cb_rnn,4,30,22,clamped,0.1,0.7141243961033121,0.7141243961033121,0.8923660943931107
cb_rnn,4,30,23,clamped,0.1,0.7114037655867702,0.7114037655867702,0.888097316463285
cb_rnn,4,30,24,clamped,0.1,0.7059277427115664,0.7059277427115664,0.8817912799216725
cb_rnn,4,30,25,clamped,0.1,0.7016425513775255,0.7016425513775255,0.8755438594626099
cb_rnn,4,30,26,clamped,0.1,0.7086493586079352,0.7086493586079352,0.8837244003968656
cb_rnn,4,30,27,clamped,0.1,0.6985498937033365,0.6985498937033365,0.8762653204117865
cb_rnn,4,30,28,clamped,0.1,0.655805554201441,0.655805554201441,0.8409118057072302
cb_rnn,4,30,1,clamped,0.3,0.9341349119391698,0.9341349119391698,1.0650998603384974
cb_rnn,4,30,2,clamped,0.3,0.9079736880777214,0.9079736880777214,1.1016393445719623
cb_rnn,4,30,3,clamped,0.3,0.8842713728478553,0.8842713728478553,1.1060840383223511
cb_rnn,4,30,4,clamped,0.3,0.8682031008020435,0.8682031008020435,1.1071798074174488
cb_rnn,4,30,5,clamped,0.3,0.8614329131522223,0.8614329131522223,1.1061870085654104
cb_rnn,4,30,6,clamped,0.3,0.8548703851405239,0.8548703851405239,1.1047043962710819
cb_rnn,4,30,7,clamped,0.3,0.8497493540723129,0.8497493540723129,1.1005113022252104
cb_rnn,4,30,8,clamped,0.3,0.8403882146214067,0.8403882146214067,1.0902414722447746
cb_rnn,4,30,9,clamped,0.3,0.8279182977469213,0.8279182977469213,1.075868436436822
cb_rnn,4,30,10,clamped,0.3,0.8170705056345661,0.8170705056345661,1.061340496935272
cb_rnn,4,30,11,clamped,0.3,0.8033061384241202,0.8033061384241202,1.0503027283639934
cb_rnn,4,30,12,clamped,0.3,0.7904088223150414,0.7904088223150414,1.0357086638568906
cb_rnn,4,30,13,clamped,0.3,0.7785466774238585,0.7785466774238585,1.0158236953142357
cb_rnn,4,30,14,clamped,0.3,0.7600308341198447,0.7600308341198447,0.9900231924740804
cb_rnn,4,30,15,clamped,0.3,0.7467637703379579,0.7467637703379579,0.9738506969281446
cb_rnn,4,30,16,clamped,0.3,0.7342287102716075,0.7342287102716075,0.9581893496059113
cb_rnn,4,30,17,clamped,0.3,0.731404971440614,0.731404971440614,0.941800551074369
cb_rnn,4,30,18,clamped,0.3,0.7182426088187428,0.7182426088187428,0.9195237738338179
cb_rnn,4,30,19,clamped,0.3,0.7045912476244544,0.7045912476244544,0.8949150474156979
cb_rnn,4,30,20,clamped,0.3,0.7003204040014299,0.7003204040014299,0.8801807195612321
cb_rnn,4,30,21,clamped,0.3,0.700022116502472,0.700022116502472,0.8764528150578227
cb_rnn,4,30,22,clamped,0.3,0.7053053415486057,0.7053053415486057,0.8804169095193985
cb_rnn,4,30,23,clamped,0.3,0.7016986192592645,0.7016986192592645,0.8761407168506801
cb_rnn,4,30,24,clamped,0.3,0.6956214622194066,0.6956214622194066,0.8687597172473676
cb_rnn,4,30,25,clamped,0.3,0.691113142127004,0.691113142127004,0.8621598048876734
cb_rnn,4,30,26,clamped,0.3,0.6984733613881484,0.6984733613881484,0.8697823746507595
cb_rnn,4,30,27,clamped,0.3,0.6888577155605882,0.6888577155605882,0.8615920349770325
cb_rnn,4,30,28,clamped,0.3,0.6470662782453089,0.6470662782453089,0.8255663074864553
cb_rnn,5,7,1,full,0.001,1.0000616581720543,1.0000616581720543,1.05066398781371
cb_rnn,5,7,2,full,0.001,0.9756171375217206,0.9756171375217206,1.0353338756124764
cb_rnn,5,7,3,full,0.001,0.9024980629828536,0.9024980629828536,0.971504823865415
cb_rnn,5,7,4,full,0.001,1.100849453046235,1.100849453046235,1.1917182502185504
cb_rnn,5,7,5,full,0.001,1.1871798651885048,1.1871798651885048,1.2856394700024336
cb_rnn,5,7,1,full,0.01,1.0003584675424817,1.0003584675424817,1.0508128361049025
cb_rnn,5,7,2,full,0.01,0.9758440182278467,0.9758440182278467,1.035571243868956
cb_rnn,5,7,3,full,0.01,0.9025219053606007,0.9025219053606007,0.9716492458451775
cb_rnn,5,7,4,full,0.01,1.1012142234756725,1.1012142234756725,1.1919355527288507
cb_rnn,5,7,5,full,0.01,1.187711611371943,1.187711611371943,1.2859326902775456
cb_rnn,5,7,1,full,0.1,1.001757645234587,1.001757645234587,1.0515562120643862
cb_rnn,5,7,2,full,0.1,0.9761373798320523,0.9761373798320523,1.0357411609858942
cb_rnn,5,7,3,full,0.1,0.902856405941778,0.902856405941778,0.9715422635451196
cb_rnn,5,7,4,full,0.1,1.1031034234971147,1.1031034234971147,1.1925770985912607
cb_rnn,5,7,5,full,0.1,1.1906444840752446,1.1906444840752446,1.2879734234924332
cb_rnn,5,7,1,full,0.3,1.0032205285783307,1.0032205285783307,1.0518516516122096
cb_rnn,5,7,2,full,0.3,0.975592349452497,0.975592349452497,1.0350609855264974
cb_rnn,5,7,3,full,0.3,0.9023006969135621,0.9023006969135621,0.9704532715449935
cb_rnn,5,7,4,full,0.3,1.1042546783731098,1.1042546783731098,1.1909336877224879
cb_rnn,5,7,5,full,0.3,1.1936602949410686,1.1936602949410686,1.2882112462854705
cb_rnn,5,7,1,clamped,0.001,0.5194096144621485,0.5194096144621485,0.6233905259954557
cb_rnn,5,7,2,clamped,0.001,0.28818274361200613,0.28818274361200613,0.44011878469778587
cb_rnn,5,7,3,clamped,0.001,0.21301819120471865,0.21301819120471865,0.345972380598027
cb_rnn,5,7,4,clamped,0.001,0.1322535892975248,0.1322535892975248,0.2635039963737673
cb_rnn,5,7,5,clamped,0.001,0.11315986806001127,0.11315986806001127,0.1931616120479625
cb_rnn,5,7,1,clamped,0.01,0.5194068183407167,0.5194068183407167,0.6233608951946985
cb_rnn,5,7,2,clamped,0.01,0.28818942837790673,0.28818942837790673,0.44009865471398113
cb_rnn,5,7,3,clamped,0.01,0.2130142842917998,0.2130142842917998,0.34594448702967107
cb_rnn,5,7,4,clamped,0.01,0.13225760500907158,0.13225760500907158,0.26349168708993426
cb_rnn,5,7,5,clamped,0.01,0.1131629168183222,0.1131629168183222,0.19316807702915526
cb_rnn,5,7,1,clamped,0.1,0.519716494410428,0.519716494410428,0.6232656646908338
cb_rnn,5,7,2,clamped,0.1,0.28818235004831766,0.28818235004831766,0.43976945336590445
cb_rnn,5,7,3,clamped,0.1,0.21289655467865795,0.21289655467865795,0.34576323948821575
cb_rnn,5,7,4,clamped,0.1,0.1323384321748851,0.1323384321748851,0.2634917890741225
cb_rnn,5,7,5,clamped,0.1,0.11322286767909054,0.11322286767909054,0.19321866799862428
cb_rnn,5,7,1,clamped,0.3,0.5198313286713208,0.5198313286713208,0.623026192045087
cb_rnn,5,7,2,clamped,0.3,0.28804752643507026,0.28804752643507026,0.4393357456735547
cb_rnn,5,7,3,clamped,0.3,0.21274341948313374,0.21274341948313374,0.3454874393655259
cb_rnn,5,7,4,clamped,0.3,0.13251671719930488,0.13251671719930488,0.26345492105936186
cb_rnn,5,7,5,clamped,0.3,0.11336634946019265,0.11336634946019265,0.19326400886860698
cb_rnn,5,11,1,full,0.001,0.9171534984468567,0.9171534984468567,0.9588400133097834
cb_rnn,5,11,2,full,0.001,0.8693810919359769,0.8693810919359769,0.9228688984907605
cb_rnn,5,11,3,full,0.001,0.876931111802995,0.876931111802995,0.943329656848219
cb_rnn,5,11,4,full,0.001,0.8487755301663766,0.8487755301663766,0.9213513716823091
cb_rnn,5,11,5,full,0.001,0.8252776211103949,0.8252776211103949,0.907567296082711
cb_rnn,5,11,6,full,0.001,0.8303146643625032,0.8303146643625032,0.9168379451207944
cb_rnn,5,11,7,full,0.001,0.8676415308995987,0.8676415308995987,0.9428471591242021
cb_rnn,5,11,8,full,0.001,0.8989250027751277,0.8989250027751277,0.9885752613584424
cb_rnn,5,11,9,full,0.001,0.9199081431919967,0.9199081431919967,1.0226374382242787
cb_rnn,5,11,1,full,0.01,0.917178266464623,0.917178266464623,0.9588494134629251
cb_rnn,5,11,2,full,0.01,0.8693554366080426,0.8693554366080426,0.9228131169991487
cb_rnn,5,11,3,full,0.01,0.8768055443676747,0.8768055443676747,0.9432141331271462
cb_rnn,5,11,4,full,0.01,0.8486885378259683,0.8486885378259683,0.921259763438516
cb_rnn,5,11,5,full,0.01,0.8251793430140286,0.8251793430140286,0.9074591203177784
cb_rnn,5,11,6,full,0.01,0.8301795225360925,0.8301795225360925,0.9166992734393025
cb_rnn,5,11,7,full,0.01,0.8674530551921587,0.8674530551921587,0.9426873811940588
cb_rnn,5,11,8,full,0.01,0.8987181599762033,0.8987181599762033,0.9883117009983328
cb_rnn,5,11,9,full,0.01,0.9195633888390584,0.9195633888390584,1.0223323418116284
cb_rnn,5,11,1,full,0.1,0.9172044786667946,0.9172044786667946,0.9587977316129807
cb_rnn,5,11,2,full,0.1,0.8701988419265265,0.8701988419265265,0.9231972214432352
cb_rnn,5,11,3,full,0.1,0.8778707340591454,0.8778707340591454,0.9436821673321214
cb_rnn,5,11,4,full,0.1,0.8490250416416067,0.8490250416416067,0.9215228234448671
cb_rnn,5,11,5,full,0.1,0.8250023201942354,0.8250023201942354,0.9072664669125671
cb_rnn,5,11,6,full,0.1,0.8298411560265833,0.8298411560265833,0.9161910242920857
cb_rnn,5,11,7,full,0.1,0.8675355993640329,0.8675355993640329,0.9424806321589505
cb_rnn,5,11,8,full,0.1,0.8990062195207544,0.8990062195207544,0.987872980810675
cb_rnn,5,11,9,full,0.1,0.9193124947909199,0.9193124947909199,1.0216725335823948
cb_rnn,5,11,1,full,0.3,0.9170046216083361,0.9170046216083361,0.9584198183083676
cb_rnn,5,11,2,full,0.3,0.8713895809794936,0.8713895809794936,0.9238382582979026
cb_rnn,5,11,3,full,0.3,0.8791269876651868,0.8791269876651868,0.9443135112379383
cb_rnn,5,11,4,full,0.3,0.8496814722962128,0.8496814722962128,0.921936994266068
cb_rnn,5,11,5,full,0.3,0.8254756891378501,0.8254756891378501,0.9077029474783673
cb_rnn,5,11,6,full,0.3,0.8298488060115827,0.8298488060115827,0.9162019827949921
cb_rnn,5,11,7,full,0.3,0.8682651228685244,0.8682651228685244,0.9430132109362448
cb_rnn,5,11,8,full,0.3,0.9006127448083698,0.9006127448083698,0.9884661444257852
cb_rnn,5,11,9,full,0.3,0.9210386582995072,0.9210386582995072,1.0222519143042015
cb_rnn,5,11,1,clamped,0.001,0.5724028714144747,0.5724028714144747,0.6700258715928773
cb_rnn,5,11,2,clamped,0.001,0.405757519868312,0.405757519868312,0.5251924633907536
cb_rnn,5,11,3,clamped,0.001,0.2943344999697187,0.2943344999697187,0.44701717427610466
cb_rnn,5,11,4,clamped,0.001,0.24908233621874068,0.24908233621874068,0.38179831464430175
cb_rnn,5,11,5,clamped,0.001,0.19041412494024118,0.19041412494024118,0.313920318197073
cb_rnn,5,11,6,clamped,0.001,0.13699866355992485,0.13699866355992485,0.2513226011769066
cb_rnn,5,11,7,clamped,0.001,0.12162412319254944,0.12162412319254944,0.198521146976691
cb_rnn,5,11,8,clamped,0.001,0.08246224910889223,0.08246224910889223,0.15223576973068914
cb_rnn,5,11,9,clamped,0.001,0.06407745874542017,0.06407745874542017,0.11419097105091788
cb_rnn,5,11,1,clamped,0.01,0.5724139832627475,0.5724139832627475,0.6700224148841595
cb_rnn,5,11,2,clamped,0.01,0.40578083311213753,0.40578083311213753,0.5252142414494205
cb_rnn,5,11,3,clamped,0.01,0.294366884036977,0.294366884036977,0.4470393649352298
cb_rnn,5,11,4,clamped,0.01,0.24911690501828343,0.24911690501828343,0.38185273841761
cb_rnn,5,11,5,clamped,0.01,0.1904485753537507,0.1904485753537507,0.3139865541411354
cb_rnn,5,11,6,clamped,0.01,0.1370282455902917,0.1370282455902917,0.25138608685154556
cb_rnn,5,11,7,clamped,0.01,0.12165237647811859,0.12165237647811859,0.1985734990694225
cb_rnn,5,11,8,clamped,0.01,0.08248079407415168,0.08248079407415168,0.1522727264224834
cb_rnn,5,11,9,clamped,0.01,0.0640919198483369,0.0640919198483369,0.11421777646412362
cb_rnn,5,11,1,clamped,0.1,0.5725088595445025,0.5725088595445025,0.6700190810056406
cb_rnn,5,11,2,clamped,0.1,0.40601086725766183,0.40601086725766183,0.525350075286086
cb_rnn,5,11,3,clamped,0.1,0.2946241967010442,0.2946241967010442,0.44729745009785393
cb_rnn,5,11,4,clamped,0.1,0.24932257931097054,0.24932257931097054,0.38216729216801104
cb_rnn,5,11,5,clamped,0.1,0.19056456540099503,0.19056456540099503,0.31427063783937437
cb_rnn,5,11,6,clamped,0.1,0.13712017870789406,0.13712017870789406,0.25160162771168265
cb_rnn,5,11,7,clamped,0.1,0.12175014812547413,0.12175014812547413,0.1987138410426055
cb_rnn,5,11,8,clamped,0.1,0.08254741533619875,0.08254741533619875,0.15238280859239395
cb_rnn,5,11,9,clamped,0.1,0.06413574132121402,0.06413574132121402,0.11429018882362268
cb_rnn,5,11,1,clamped,0.3,0.5727355847370119,0.5727355847370119,0.6699961905650789
cb_rnn,5,11,2,clamped,0.3,0.40642015159561884,0.40642015159561884,0.5254920228159955
cb_rnn,5,11,3,clamped,0.3,0.2951026251628746,0.2951026251628746,0.44762714588422303
cb_rnn,5,11,4,clamped,0.3,0.24969481323590678,0.24969481323590678,0.38260833848843423
cb_rnn,5,11,5,clamped,0.3,0.1907855026528101,0.1907855026528101,0.3146370148237262
cb_rnn,5,11,6,clamped,0.3,0.13727360313028564,0.13727360313028564,0.25188845698586787
cb_rnn,5,11,7,clamped,0.3,0.12188845810195398,0.12188845810195398,0.1989354812240789
cb_rnn,5,11,8,clamped,0.3,0.08263971061506242,0.08263971061506242,0.1525405254984325
cb_rnn,5,11,9,clamped,0.3,0.06419597666311519,0.06419597666311519,0.11439867234341028
cb_rnn,5,16,1,full,0.001,0.8873106990130265,0.8873106990130265,0.927553387826605
cb_rnn,5,16,2,full,0.001,0.8832308388262797,0.8832308388262797,0.944073512448184
cb_rnn,5,16,3,full,0.001,0.880627783627628,0.880627783627628,0.9582976554619285
cb_rnn,5,16,4,full,0.001,0.8470711547723022,0.8470711547723022,0.9410736160810146
cb_rnn,5,16,5,full,0.001,0.8444405501990231,0.8444405501990231,0.9389901228625037
cb_rnn,5,16,6,full,0.001,0.8286119909658145,0.8286119909658145,0.9261055484118514
cb_rnn,5,16,7,full,0.001,0.8104128493894986,0.8104128493894986,0.9069971270573448
cb_rnn,5,16,8,full,0.001,0.8132224155088962,0.8132224155088962,0.8964772085549815
cb_rnn,5,16,9,full,0.001,0.8254019132022095,0.8254019132022095,0.9021218520250907
cb_rnn,5,16,10,full,0.001,0.830049072938675,0.830049072938675,0.9161827921550257
cb_rnn,5,16,11,full,0.001,0.8600213950313085,0.8600213950313085,0.9474798660188244
cb_rnn,5,16,12,full,0.001,0.8861888863311699,0.8861888863311699,0.9826820666948718
cb_rnn,5,16,13,full,0.001,0.925320341620012,0.925320341620012,1.046729339864004
cb_rnn,5,16,14,full,0.001,0.8442301211553146,0.8442301211553146,1.0069102539965074
cb_rnn,5,16,1,full,0.01,0.887375925532328,0.887375925532328,0.9275654115443797
cb_rnn,5,16,2,full,0.01,0.8833359490580265,0.8833359490580265,0.9441271148218757
cb_rnn,5,16,3,full,0.01,0.8808234102284354,0.8808234102284354,0.9583948247914529
cb_rnn,5,16,4,full,0.01,0.8472083477307613,0.8472083477307613,0.9411502040196601
cb_rnn,5,16,5,full,0.01,0.8445810304681629,0.8445810304681629,0.9390854809647082
cb_rnn,5,16,6,full,0.01,0.8285868297524744,0.8285868297524744,0.9261382012303983
cb_rnn,5,16,7,full,0.01,0.8103229675995673,0.8103229675995673,0.9069762879286669
cb_rnn,5,16,8,full,0.01,0.8130807294152311,0.8130807294152311,0.8963877573464749
cb_rnn,5,16,9,full,0.01,0.8252832611702134,0.8252832611702134,0.9020214456978739
cb_rnn,5,16,10,full,0.01,0.8299680931439377,0.8299680931439377,0.9160816236770306
cb_rnn,5,16,11,full,0.01,0.8599198162899379,0.8599198162899379,0.9473359460731481
cb_rnn,5,16,12,full,0.01,0.8861322629237807,0.8861322629237807,0.9826130787275271
cb_rnn,5,16,13,full,0.01,0.9252504323512785,0.9252504323512785,1.0466906558110192
cb_rnn,5,16,14,full,0.01,0.8442860135577899,0.8442860135577899,1.0068597624904865
cb_rnn,5,16,1,full,0.1,0.8877397224015329,0.8877397224015329,0.9275361900153447
cb_rnn,5,16,2,full,0.1,0.8838232924522443,0.8838232924522443,0.9442089972667538
cb_rnn,5,16,3,full,0.1,0.8821028605398158,0.8821028605398158,0.9589589016209287
cb_rnn,5,16,4,full,0.1,0.8482873194572206,0.8482873194572206,0.9414787549199848
cb_rnn,5,16,5,full,0.1,0.8457560668511139,0.8457560668511139,0.9396306547102193
cb_rnn,5,16,6,full,0.1,0.8294870097053585,0.8294870097053585,0.9267659322096211
cb_rnn,5,16,7,full,0.1,0.8108982874797437,0.8108982874797437,0.9074386486260961
cb_rnn,5,16,8,full,0.1,0.8132215529688589,0.8132215529688589,0.8965283087802332
cb_rnn,5,16,9,full,0.1,0.825669859698926,0.825669859698926,0.9023344686040355
cb_rnn,5,16,10,full,0.1,0.8301777538320091,0.8301777538320091,0.9161081589422363
cb_rnn,5,16,11,full,0.1,0.859965435891469,0.859965435891469,0.9473401383041689
cb_rnn,5,16,12,full,0.1,0.8861261858653194,0.8861261858653194,0.9823244088322671
cb_rnn,5,16,13,full,0.1,0.924663129304286,0.924663129304286,1.045667915396386
cb_rnn,5,16,14,full,0.1,0.8437936130519881,0.8437936130519881,1.0060815510501517
cb_rnn,5,16,1,full,0.3,0.8881110416243845,0.8881110416243845,0.9275184583983253
cb_rnn,5,16,2,full,0.3,0.8851640005147243,0.8851640005147243,0.9446761514781227
cb_rnn,5,16,3,full,0.3,0.8843157760762863,0.8843157760762863,0.9601363475259135
cb_rnn,5,16,4,full,0.3,0.8501588993874174,0.8501588993874174,0.9420379308126572
cb_rnn,5,16,5,full,0.3,0.847105978710696,0.847105978710696,0.9397598494546917
cb_rnn,5,16,6,full,0.3,0.830321009077466,0.830321009077466,0.9266001248896989
cb_rnn,5,16,7,full,0.3,0.8114471575008565,0.8114471575008565,0.9070325723098974
cb_rnn,5,16,8,full,0.3,0.8133006463970951,0.8133006463970951,0.8958371792815388
cb_rnn,5,16,9,full,0.3,0.826079566591681,0.826079566591681,0.9016761831322889
cb_rnn,5,16,10,full,0.3,0.8302198469347615,0.8302198469347615,0.9152343001291328
cb_rnn,5,16,11,full,0.3,0.8593534665530072,0.8593534665530072,0.9459459004139007
cb_rnn,5,16,12,full,0.3,0.8856956620037039,0.8856956620037039,0.9807823784517281
cb_rnn,5,16,13,full,0.3,0.9235069462792321,0.9235069462792321,1.0428993890102989
cb_rnn,5,16,14,full,0.3,0.8441625609618084,0.8441625609618084,1.0050015877829472
cb_rnn,5,16,1,clamped,0.001,0.7728863840493428,0.7728863840493428,0.8276943045612983
cb_rnn,5,16,2,clamped,0.001,0.7135975581899626,0.7135975581899626,0.7759891066122475
cb_rnn,5,16,3,clamped,0.001,0.6508439198341558,0.6508439198341558,0.7286487291793455
cb_rnn,5,16,4,clamped,0.001,0.5880589016713103,0.5880589016713103,0.6815211323124679
cb_rnn,5,16,5,clamped,0.001,0.5395219802924202,0.5395219802924202,0.6366182809013048
cb_rnn,5,16,6,clamped,0.001,0.4964641689062116,0.4964641689062116,0.5960900931988805
cb_rnn,5,16,7,clamped,0.001,0.44582867900779444,0.44582867900779444,0.5591026717505023
cb_rnn,5,16,8,clamped,0.001,0.4213695532483756,0.4213695532483756,0.5275574276343626
cb_rnn,5,16,9,clamped,0.001,0.39672890690892454,0.39672890690892454,0.4970330710807743
cb_rnn,5,16,10,clamped,0.001,0.3634489912832559,0.3634489912832559,0.46263943421417875
cb_rnn,5,16,11,clamped,0.001,0.32752392031208044,0.32752392031208044,0.4229849271975688
cb_rnn,5,16,12,clamped,0.001,0.29096030176416926,0.29096030176416926,0.37786564847534154
cb_rnn,5,16,13,clamped,0.001,0.23562999691056477,0.23562999691056477,0.32643185407032943
cb_rnn,5,16,14,clamped,0.001,0.19091174340363296,0.19091174340363296,0.27054441724555556
cb_rnn,5,16,1,clamped,0.01,0.7729570711148879,0.7729570711148879,0.8277266668027864
cb_rnn,5,16,2,clamped,0.01,0.7137157815196332,0.7137157815196332,0.7760795621596239
cb_rnn,5,16,3,clamped,0.01,0.6510200017733542,0.6510200017733542,0.7287975056342693
cb_rnn,5,16,4,clamped,0.01,0.5882040489078129,0.5882040489078129,0.681681613075007
cb_rnn,5,16,5,clamped,0.01,0.5396735140227331,0.5396735140227331,0.6368018754547691
cb_rnn,5,16,6,clamped,0.01,0.49653597401956256,0.49653597401956256,0.5962145074110266
cb_rnn,5,16,7,clamped,0.01,0.44588552928742453,0.44588552928742453,0.5592207980139767
cb_rnn,5,16,8,clamped,0.01,0.42141874774957516,0.42141874774957516,0.5276603185980115
cb_rnn,5,16,9,clamped,0.01,0.3967472977399543,0.3967472977399543,0.49706563034710805
cb_rnn,5,16,10,clamped,0.01,0.3634709758561696,0.3634709758561696,0.46266166539928855
cb_rnn,5,16,11,clamped,0.01,0.32753100306092287,0.32753100306092287,0.4229860554029882
cb_rnn,5,16,12,clamped,0.01,0.2909565391738449,0.2909565391738449,0.37785649690140677
cb_rnn,5,16,13,clamped,0.01,0.23562834457925325,0.23562834457925325,0.3264176116202599
cb_rnn,5,16,14,clamped,0.01,0.19089509749498948,0.19089509749498948,0.2705227989405846
cb_rnn,5,16,1,clamped,0.1,0.7733306366387367,0.7733306366387367,0.8278022514733925
cb_rnn,5,16,2,clamped,0.1,0.7140870309791917,0.7140870309791917,0.7762613776812122
cb_rnn,5,16,3,clamped,0.1,0.6517711740292089,0.6517711740292089,0.729343469945776
cb_rnn,5,16,4,clamped,0.1,0.5888377734340298,0.5888377734340298,0.6822819172804329
cb_rnn,5,16,5,clamped,0.1,0.5404416839252493,0.5404416839252493,0.6375875557375903
cb_rnn,5,16,6,clamped,0.1,0.4972474618284538,0.4972474618284538,0.5970704717549693
cb_rnn,5,16,7,clamped,0.1,0.44637918790270165,0.44637918790270165,0.5599756667733051
cb_rnn,5,16,8,clamped,0.1,0.42180996473750154,0.42180996473750154,0.5282781249108094
cb_rnn,5,16,9,clamped,0.1,0.3972109485113358,0.3972109485113358,0.4976347890459406
cb_rnn,5,16,10,clamped,0.1,0.36378110637073663,0.36378110637073663,0.4630955453238131
cb_rnn,5,16,11,clamped,0.1,0.3278215291870852,0.3278215291870852,0.42333936138877
cb_rnn,5,16,12,clamped,0.1,0.2912181619904002,0.2912181619904002,0.37812859946911515
cb_rnn,5,16,13,clamped,0.1,0.2358131726742121,0.2358131726742121,0.32662683073705706
cb_rnn,5,16,14,clamped,0.1,0.19104649565861806,0.19104649565861806,0.2707417552624009
cb_rnn,5,16,1,clamped,0.3,0.7733434981013192,0.7733434981013192,0.8275479541497016
cb_rnn,5,16,2,clamped,0.3,0.7146268872314774,0.7146268872314774,0.7763114566703848
cb_rnn,5,16,3,clamped,0.3,0.6526586783998798,0.6526586783998798,0.729847285996956
cb_rnn,5,16,4,clamped,0.3,0.5897007038280674,0.5897007038280674,0.6828948011966516
cb_rnn,5,16,5,clamped,0.3,0.5411319540953516,0.5411319540953516,0.6381551923868031
cb_rnn,5,16,6,clamped,0.3,0.4978911739347381,0.4978911739347381,0.5976370833636824
cb_rnn,5,16,7,clamped,0.3,0.44679814230103343,0.44679814230103343,0.5605021538079048
cb_rnn,5,16,8,clamped,0.3,0.42206316843890557,0.42206316843890557,0.5286450597324119
cb_rnn,5,16,9,clamped,0.3,0.3974884737108164,0.3974884737108164,0.4979237973901881
cb_rnn,5,16,10,clamped,0.3,0.363995096522633,0.363995096522633,0.463283254194813
cb_rnn,5,16,11,clamped,0.3,0.32792198615730095,0.32792198615730095,0.4234820963461752
cb_rnn,5,16,12,clamped,0.3,0.2913508826264274,0.2913508826264274,0.37826435314842555
cb_rnn,5,16,13,clamped,0.3,0.23588699709742397,0.23588699709742397,0.32669823201576603
cb_rnn,5,16,14,clamped,0.3,0.19106275318269825,0.19106275318269825,0.2707572616372038
cb_rnn,5,21,1,full,0.001,0.8802894347782155,0.8802894347782155,0.922370245083874
cb_rnn,5,21,2,full,0.001,0.8372981632317111,0.8372981632317111,0.9246659661617096
cb_rnn,5,21,3,full,0.001,0.7985209120718144,0.7985209120718144,0.9101175032343024
cb_rnn,5,21,4,full,0.001,0.7667480769298516,0.7667480769298516,0.8868263270741467
cb_rnn,5,21,5,full,0.001,0.7422381709081896,0.7422381709081896,0.8624783153060829
cb_rnn,5,21,6,full,0.001,0.7535726523231658,0.7535726523231658,0.8762917768434587
cb_rnn,5,21,7,full,0.001,0.7502984770696757,0.7502984770696757,0.8761859447859834
cb_rnn,5,21,8,full,0.001,0.7420808449423462,0.7420808449423462,0.8747163573305767
cb_rnn,5,21,9,full,0.001,0.7390449826217049,0.7390449826217049,0.8730359186966224
cb_rnn,5,21,10,full,0.001,0.7623845907354564,0.7623845907354564,0.8922519679211054
cb_rnn,5,21,11,full,0.001,0.7671689748317654,0.7671689748317654,0.9082995317299025
cb_rnn,5,21,12,full,0.001,0.7837970045836988,0.7837970045836988,0.9375522414907379
cb_rnn,5,21,13,full,0.001,0.7847920619928304,0.7847920619928304,0.942256372145712
cb_rnn,5,21,14,full,0.001,0.7943878550651219,0.7943878550651219,0.9549257086915786
cb_rnn,5,21,15,full,0.001,0.8165705453865567,0.8165705453865567,0.9814443643007547
cb_rnn,5,21,16,full,0.001,0.8428321070670737,0.8428321070670737,1.0058193488935647
cb_rnn,5,21,17,full,0.001,0.877510381564794,0.877510381564794,1.0591245450027056
cb_rnn,5,21,18,full,0.001,0.948468278976548,0.948468278976548,1.1633432888673745
cb_rnn,5,21,19,full,0.001,0.8604995053372834,0.8604995053372834,1.1028229467560795
cb_rnn,5,21,1,full,0.01,0.8803032689349134,0.8803032689349134,0.9223642281163269
cb_rnn,5,21,2,full,0.01,0.8373015451344542,0.8373015451344542,0.9246751275153486
cb_rnn,5,21,3,full,0.01,0.7986735390087755,0.7986735390087755,0.9102130118817919
cb_rnn,5,21,4,full,0.01,0.7669118593259432,0.7669118593259432,0.8869973953274897
cb_rnn,5,21,5,full,0.01,0.7424069481397332,0.7424069481397332,0.8626859685743035
cb_rnn,5,21,6,full,0.01,0.7537804721811341,0.7537804721811341,0.8765281004803434
cb_rnn,5,21,7,full,0.01,0.7504814174429326,0.7504814174429326,0.876414849616399
cb_rnn,5,21,8,full,0.01,0.7423334093168623,0.7423334093168623,0.8749490830141302
cb_rnn,5,21,9,full,0.01,0.739317189273352,0.739317189273352,0.8733121009648472
cb_rnn,5,21,10,full,0.01,0.7627064806149706,0.7627064806149706,0.8926044742615823
cb_rnn,5,21,11,full,0.01,0.7674887979391634,0.7674887979391634,0.9085911731329428
cb_rnn,5,21,12,full,0.01,0.7841740444729242,0.7841740444729242,0.9379165421903857
cb_rnn,5,21,13,full,0.01,0.7852430230672041,0.7852430230672041,0.942705009640261
cb_rnn,5,21,14,full,0.01,0.7947331145284566,0.7947331145284566,0.9553246520477396
cb_rnn,5,21,15,full,0.01,0.8167647111247929,0.8167647111247929,0.9816900328867226
cb_rnn,5,21,16,full,0.01,0.8428067527966714,0.8428067527966714,1.0057022118702865
cb_rnn,5,21,17,full,0.01,0.8775484123849162,0.8775484123849162,1.0592820107839618
cb_rnn,5,21,18,full,0.01,0.9486799179716043,0.9486799179716043,1.1634849459426708
cb_rnn,5,21,19,full,0.01,0.8604502320540843,0.8604502320540843,1.1028653320565045
cb_rnn,5,21,1,full,0.1,0.8802124870364763,0.8802124870364763,0.9221265137760177
cb_rnn,5,21,2,full,0.1,0.8365862558520314,0.8365862558520314,0.9240207725376739
cb_rnn,5,21,3,full,0.1,0.7980190441682048,0.7980190441682048,0.9096646320323216
cb_rnn,5,21,4,full,0.1,0.766295223025037,0.766295223025037,0.8862520996162745
cb_rnn,5,21,5,full,0.1,0.7419670607503516,0.7419670607503516,0.8618467806799168
cb_rnn,5,21,6,full,0.1,0.7533790306383094,0.7533790306383094,0.8756259191666702
cb_rnn,5,21,7,full,0.1,0.7498274552087141,0.7498274552087141,0.8751971223286734
cb_rnn,5,21,8,full,0.1,0.7419057688972963,0.7419057688972963,0.873815489598802
cb_rnn,5,21,9,full,0.1,0.7385791093600633,0.7385791093600633,0.8717992680972058
cb_rnn,5,21,10,full,0.1,0.761667630628184,0.761667630628184,0.8909039956934972
cb_rnn,5,21,11,full,0.1,0.7663267811558683,0.7663267811558683,0.9065006530462986
cb_rnn,5,21,12,full,0.1,0.7829652310327806,0.7829652310327806,0.9357924971309204
cb_rnn,5,21,13,full,0.1,0.7840517743356916,0.7840517743356916,0.9404804386517698
cb_rnn,5,21,14,full,0.1,0.7937368264074056,0.7937368264074056,0.953333809470391
cb_rnn,5,21,15,full,0.1,0.8156583393163461,0.8156583393163461,0.9797734986021109
cb_rnn,5,21,16,full,0.1,0.8419857109671701,0.8419857109671701,1.0043710368989094
cb_rnn,5,21,17,full,0.1,0.8765277794405615,0.8765277794405615,1.0579176438234148
cb_rnn,5,21,18,full,0.1,0.9477335840097048,0.9477335840097048,1.1616762823070341
cb_rnn,5,21,19,full,0.1,0.860733816716402,0.860733816716402,1.1015309188484963
cb_rnn,5,21,1,full,0.3,0.8796406494197053,0.8796406494197053,0.9213854131216077
cb_rnn,5,21,2,full,0.3,0.8361865334509408,0.8361865334509408,0.923400007611969
cb_rnn,5,21,3,full,0.3,0.7976805967547094,0.7976805967547094,0.9093364392249773
cb_rnn,5,21,4,full,0.3,0.7656853449980048,0.7656853449980048,0.8854493223875559
cb_rnn,5,21,5,full,0.3,0.7413384307660553,0.7413384307660553,0.8607141465061511
cb_rnn,5,21,6,full,0.3,0.7529964077655722,0.7529964077655722,0.8746502396694851
cb_rnn,5,21,7,full,0.3,0.7494595467357168,0.7494595467357168,0.8742767002080718
cb_rnn,5,21,8,full,0.3,0.7413750914406473,0.7413750914406473,0.8730476134618699
cb_rnn,5,21,9,full,0.3,0.7374276434174689,0.7374276434174689,0.8703127611275945
cb_rnn,5,21,10,full,0.3,0.7601501360175662,0.7601501360175662,0.8887379929119881
cb_rnn,5,21,11,full,0.3,0.7652288219172132,0.7652288219172132,0.9041078942008682
cb_rnn,5,21,12,full,0.3,0.7816541749996104,0.7816541749996104,0.9331611698257916
cb_rnn,5,21,13,full,0.3,0.7825531263807757,0.7825531263807757,0.9374644349316414
cb_rnn,5,21,14,full,0.3,0.7927172889035085,0.7927172889035085,0.9501922020849798
cb_rnn,5,21,15,full,0.3,0.8140731822494954,0.8140731822494954,0.9761464428934579
cb_rnn,5,21,16,full,0.3,0.8407242025452982,0.8407242025452982,1.001204756818837
cb_rnn,5,21,17,full,0.3,0.8751605695777959,0.8751605695777959,1.0546007273229563
cb_rnn,5,21,18,full,0.3,0.9449403271142441,0.9449403271142441,1.1556445372501023
cb_rnn,5,21,19,full,0.3,0.8603549057964738,0.8603549057964738,1.0967982352269692
cb_rnn,5,21,1,clamped,0.001,0.8501029895349685,0.8501029895349685,0.895371875036615
cb_rnn,5,21,2,clamped,0.001,0.785029626862973,0.785029626862973,0.8774550896339537
cb_rnn,5,21,3,clamped,0.001,0.7310483176931557,0.7310483176931557,0.8454923351421118
cb_rnn,5,21,4,clamped,0.001,0.6850654138724167,0.6850654138724167,0.8070886834220562
cb_rnn,5,21,5,clamped,0.001,0.6618197755730603,0.6618197755730603,0.780881283663541
cb_rnn,5,21,6,clamped,0.001,0.6408050371205583,0.6408050371205583,0.7595090058105385
cb_rnn,5,21,7,clamped,0.001,0.6251343429880141,0.6251343429880141,0.744104793456888
cb_rnn,5,21,8,clamped,0.001,0.6042667941218887,0.6042667941218887,0.736319780528505
cb_rnn,5,21,9,clamped,0.001,0.5850971021889304,0.5850971021889304,0.7279536440967781
cb_rnn,5,21,10,clamped,0.001,0.5837012102104846,0.5837012102104846,0.7266680986285
cb_rnn,5,21,11,clamped,0.001,0.5770584885978349,0.5770584885978349,0.7261201583178802
cb_rnn,5,21,12,clamped,0.001,0.5600830705731933,0.5600830705731933,0.7231501067263825
cb_rnn,5,21,13,clamped,0.001,0.5592024508948727,0.5592024508948727,0.7197125371176711
cb_rnn,5,21,14,clamped,0.001,0.5467451563909815,0.5467451563909815,0.712551477883524
cb_rnn,5,21,15,clamped,0.001,0.5388844447581065,0.5388844447581065,0.7088101594753474
cb_rnn,5,21,16,clamped,0.001,0.5324331899330598,0.5324331899330598,0.7013169233616532
cb_rnn,5,21,17,clamped,0.001,0.5203586523950628,0.5203586523950628,0.6782584394170788
cb_rnn,5,21,18,clamped,0.001,0.46815280089693384,0.46815280089693384,0.627223544563738
cb_rnn,5,21,19,clamped,0.001,0.3920128150182573,0.3920128150182573,0.5424623668065338
cb_rnn,5,21,1,clamped,0.01,0.8501268944395537,0.8501268944395537,0.895376013683039
cb_rnn,5,21,2,clamped,0.01,0.7849919186325808,0.7849919186325808,0.8774333902560328
cb_rnn,5,21,3,clamped,0.01,0.7311569985956539,0.7311569985956539,0.8455546950977282
cb_rnn,5,21,4,clamped,0.01,0.6851842928101939,0.6851842928101939,0.807224532732556
cb_rnn,5,21,5,clamped,0.01,0.6619333890965001,0.6619333890965001,0.7810428303443264
cb_rnn,5,21,6,clamped,0.01,0.6409521986502933,0.6409521986502933,0.7596969411542074
cb_rnn,5,21,7,clamped,0.01,0.6252307322920081,0.6252307322920081,0.7442423365496981
cb_rnn,5,21,8,clamped,0.01,0.604408284710789,0.604408284710789,0.7364209313167726
cb_rnn,5,21,9,clamped,0.01,0.5852302031754371,0.5852302031754371,0.7280751997473414
cb_rnn,5,21,10,clamped,0.01,0.5838669552518478,0.5838669552518478,0.7268528741281737
cb_rnn,5,21,11,clamped,0.01,0.5772123132503544,0.5772123132503544,0.7262377960157953
cb_rnn,5,21,12,clamped,0.01,0.5602707811379145,0.5602707811379145,0.7233340768256828
cb_rnn,5,21,13,clamped,0.01,0.5594734171687561,0.5594734171687561,0.7199991368245547
cb_rnn,5,21,14,clamped,0.01,0.5469371840838775,0.5469371840838775,0.7128247211803163
cb_rnn,5,21,15,clamped,0.01,0.5390211977924653,0.5390211977924653,0.7089674428333264
cb_rnn,5,21,16,clamped,0.01,0.5324196005062338,0.5324196005062338,0.7012139609629398
cb_rnn,5,21,17,clamped,0.01,0.52032099701133,0.52032099701133,0.6781993001333457
cb_rnn,5,21,18,clamped,0.01,0.4681341626547685,0.4681341626547685,0.6271154589598047
cb_rnn,5,21,19,clamped,0.01,0.3919798151941279,0.3919798151941279,0.5422866200024709
cb_rnn,5,21,1,clamped,0.1,0.8500137629495081,0.8500137629495081,0.8951425489114966
cb_rnn,5,21,2,clamped,0.1,0.7842415374616776,0.7842415374616776,0.876758128608258
cb_rnn,5,21,3,clamped,0.1,0.730453003383982,0.730453003383982,0.8450094008382926
cb_rnn,5,21,4,clamped,0.1,0.6846032897713015,0.6846032897713015,0.8066441840664016
cb_rnn,5,21,5,clamped,0.1,0.6614847570492366,0.6614847570492366,0.7803750546944412
cb_rnn,5,21,6,clamped,0.1,0.640495408032808,0.640495408032808,0.7589315997933614
cb_rnn,5,21,7,clamped,0.1,0.6244594299177825,0.6244594299177825,0.7430572808171823
cb_rnn,5,21,8,clamped,0.1,0.6037738927989733,0.6037738927989733,0.735201773313985
cb_rnn,5,21,9,clamped,0.1,0.5844028842426885,0.5844028842426885,0.7266102871944309
cb_rnn,5,21,10,clamped,0.1,0.5828716442955281,0.5828716442955281,0.7251095572681459
cb_rnn,5,21,11,clamped,0.1,0.5761443207007193,0.5761443207007193,0.7243549077941993
cb_rnn,5,21,12,clamped,0.1,0.5592706278991904,0.5592706278991904,0.7217319162986477
cb_rnn,5,21,13,clamped,0.1,0.5584106355017527,0.5584106355017527,0.7183178090422606
cb_rnn,5,21,14,clamped,0.1,0.5460214084723205,0.5460214084723205,0.7113047648244245
cb_rnn,5,21,15,clamped,0.1,0.5382145318362224,0.5382145318362224,0.7076168678460071
cb_rnn,5,21,16,clamped,0.1,0.5316883316828394,0.5316883316828394,0.7000550468018614
cb_rnn,5,21,17,clamped,0.1,0.5194726601764215,0.5194726601764215,0.6770070655993758
cb_rnn,5,21,18,clamped,0.1,0.4674402716723189,0.4674402716723189,0.6259841863136182
cb_rnn,5,21,19,clamped,0.1,0.3914473359716054,0.3914473359716054,0.541280777990521
cb_rnn,5,21,1,clamped,0.3,0.8493489064444253,0.8493489064444253,0.8943805451248745
cb_rnn,5,21,2,clamped,0.3,0.7836676582558526,0.7836676582558526,0.8761099158572359
cb_rnn,5,21,3,clamped,0.3,0.7299365580431052,0.7299365580431052,0.8446678937531594
cb_rnn,5,21,4,clamped,0.3,0.6839980643790506,0.6839980643790506,0.8061034151966611
cb_rnn,5,21,5,clamped,0.3,0.660923544025198,0.660923544025198,0.7795837476409491
cb_rnn,5,21,6,clamped,0.3,0.6402261001016403,0.6402261001016403,0.7583662896793144
cb_rnn,5,21,7,clamped,0.3,0.6242517874002039,0.6242517874002039,0.7425710156289054
cb_rnn,5,21,8,clamped,0.3,0.6035769263253317,0.6035769263253317,0.7348812107196699
cb_rnn,5,21,9,clamped,0.3,0.5837235740352409,0.5837235740352409,0.7258799521372612
cb_rnn,5,21,10,clamped,0.3,0.5818579688667864,0.5818579688667864,0.7236671805993065
cb_rnn,5,21,11,clamped,0.3,0.575315630235223,0.575315630235223,0.7227872835944451
cb_rnn,5,21,12,clamped,0.3,0.5584452172039942,0.5584452172039942,0.7202475807750772
cb_rnn,5,21,13,clamped,0.3,0.5574747410081486,0.5574747410081486,0.7166629317051267
cb_rnn,5,21,14,clamped,0.3,0.5455235740436505,0.5455235740436505,0.7099777739021713
cb_rnn,5,21,15,clamped,0.3,0.5376432525820054,0.5376432525820054,0.7063842679528296
cb_rnn,5,21,16,clamped,0.3,0.5313033221838633,0.5313033221838633,0.6989089540054874
cb_rnn,5,21,17,clamped,0.3,0.5189572352716083,0.5189572352716083,0.6761157271504776
cb_rnn,5,21,18,clamped,0.3,0.46694767921552005,0.46694767921552005,0.6250577712658714
cb_rnn,5,21,19,clamped,0.3,0.39104155888874803,0.39104155888874803,0.5405439079871437
cb_rnn,5,25,1,full,0.001,0.8701411569812811,0.8701411569812811,0.9527231963661108
cb_rnn,5,25,2,full,0.001,0.8665318706489473,0.8665318706489473,1.004016163624381
cb_rnn,5,25,3,full,0.001,0.8341315974772323,0.8341315974772323,0.9919343526929474
cb_rnn,5,25,4,full,0.001,0.8133918324870977,0.8133918324870977,0.9844954719287802
cb_rnn,5,25,5,full,0.001,0.8142111117134707,0.8142111117134707,0.988343598598868
cb_rnn,5,25,6,full,0.001,0.8133899199231922,0.8133899199231922,0.9867259733417866
cb_rnn,5,25,7,full,0.001,0.803817779700318,0.803817779700318,0.9746533025690765
cb_rnn,5,25,8,full,0.001,0.7873899191081601,0.7873899191081601,0.9592135528846351
cb_rnn,5,25,9,full,0.001,0.7854966745716416,0.7854966745716416,0.9616709947218778
cb_rnn,5,25,10,full,0.001,0.7910540094394769,0.7910540094394769,0.9639344690794238
cb_rnn,5,25,11,full,0.001,0.7708709743916666,0.7708709743916666,0.9384904779638445
cb_rnn,5,25,12,full,0.001,0.7627274500799895,0.7627274500799895,0.9286622799267881
cb_rnn,5,25,13,full,0.001,0.769025090655987,0.769025090655987,0.942171586695217
cb_rnn,5,25,14,full,0.001,0.7749202986271555,0.7749202986271555,0.9556825448426216
cb_rnn,5,25,15,full,0.001,0.7671695201732365,0.7671695201732365,0.9531645599818348
cb_rnn,5,25,16,full,0.001,0.7727360991235488,0.7727360991235488,0.9526574955041949
cb_rnn,5,25,17,full,0.001,0.7893580782194729,0.7893580782194729,0.9722375662650606
cb_rnn,5,25,18,full,0.001,0.8131318236096348,0.8131318236096348,1.004327827804083
cb_rnn,5,25,19,full,0.001,0.8149794466423552,0.8149794466423552,1.0016647816241264
cb_rnn,5,25,20,full,0.001,0.8157270369095375,0.8157270369095375,0.9950062819272902
cb_rnn,5,25,21,full,0.001,0.8475656715095397,0.8475656715095397,1.0404415788959387
cb_rnn,5,25,22,full,0.001,0.9033709555098632,0.9033709555098632,1.10921638437628
cb_rnn,5,25,23,full,0.001,0.789678038555518,0.7900976314961163,1.0405825227794434
cb_rnn,5,25,1,full,0.01,0.8701834316662165,0.8701834316662165,0.9526953106099016
cb_rnn,5,25,2,full,0.01,0.8664785267686779,0.8664785267686779,1.0038696927333528
cb_rnn,5,25,3,full,0.01,0.8340289991379861,0.8340289991379861,0.9917733309035739
cb_rnn,5,25,4,full,0.01,0.8133520189726094,0.8133520189726094,0.9844007192230955
cb_rnn,5,25,5,full,0.01,0.8143489451157437,0.8143489451157437,0.9884422427793963
cb_rnn,5,25,6,full,0.01,0.8135225595043597,0.8135225595043597,0.9869507607439344
cb_rnn,5,25,7,full,0.01,0.8039198691780096,0.8039198691780096,0.9749022755490093
cb_rnn,5,25,8,full,0.01,0.7873930500555442,0.7873930500555442,0.9593435904534925
cb_rnn,5,25,9,full,0.01,0.7855097080408383,0.7855097080408383,0.9616535011182027
cb_rnn,5,25,10,full,0.01,0.7911037371064665,0.7911037371064665,0.9639441085435041
cb_rnn,5,25,11,full,0.01,0.770914065975528,0.770914065975528,0.9385456388780892
cb_rnn,5,25,12,full,0.01,0.7627673812446474,0.7627673812446474,0.9286521521059572
cb_rnn,5,25,13,full,0.01,0.769110274943437,0.769110274943437,0.9423709104631058
cb_rnn,5,25,14,full,0.01,0.7751247255327214,0.7751247255327214,0.9560093833274642
cb_rnn,5,25,15,full,0.01,0.7675304260418154,0.7675304260418154,0.9536700626710951
cb_rnn,5,25,16,full,0.01,0.773099798601543,0.773099798601543,0.9532462397765091
cb_rnn,5,25,17,full,0.01,0.7897229844243838,0.7897229844243838,0.9727460059747015
cb_rnn,5,25,18,full,0.01,0.8134189890719623,0.8134189890719623,1.004808030060952
cb_rnn,5,25,19,full,0.01,0.8152416498068253,0.8152416498068253,1.002131965668893
cb_rnn,5,25,20,full,0.01,0.8161146065832423,0.8161146065832423,0.995723560193308
cb_rnn,5,25,21,full,0.01,0.8478647721209858,0.8478647721209858,1.0408756560218007
cb_rnn,5,25,22,full,0.01,0.9035508525814515,0.9035508525814515,1.1093576384328752
cb_rnn,5,25,23,full,0.01,0.7900251375535934,0.7904447304941993,1.0405273575023521
cb_rnn,5,25,1,full,0.1,0.8702750937801131,0.8702750937801131,0.9521720232437224
cb_rnn,5,25,2,full,0.1,0.866208528233394,0.866208528233394,1.0028190520338827
cb_rnn,5,25,3,full,0.1,0.8331120450834387,0.8331120450834387,0.9901013175653455
cb_rnn,5,25,4,full,0.1,0.8122213887052485,0.8122213887052485,0.9823182774798369
cb_rnn,5,25,5,full,0.1,0.8135776662940015,0.8135776662940015,0.9865183340679229
cb_rnn,5,25,6,full,0.1,0.8130937706563883,0.8130937706563883,0.9857702965835817
cb_rnn,5,25,7,full,0.1,0.8034116283220234,0.8034116283220234,0.9739224411675445
cb_rnn,5,25,8,full,0.1,0.786732976746459,0.786732976746459,0.9583176112414644
cb_rnn,5,25,9,full,0.1,0.7851595805700219,0.7851595805700219,0.9605772320672612
cb_rnn,5,25,10,full,0.1,0.7905869494846945,0.7905869494846945,0.9630136890075477
cb_rnn,5,25,11,full,0.1,0.770227407087582,0.770227407087582,0.9373631427690953
cb_rnn,5,25,12,full,0.1,0.7614291894791485,0.7614291894791485,0.927041121132277
cb_rnn,5,25,13,full,0.1,0.767915062251249,0.767915062251249,0.9403269382949202
cb_rnn,5,25,14,full,0.1,0.7748039329864533,0.7748039329864533,0.9549276366820221
cb_rnn,5,25,15,full,0.1,0.7677273394873506,0.7677273394873506,0.9527876138782746
cb_rnn,5,25,16,full,0.1,0.7733261698254574,0.7733261698254574,0.9527679976788371
cb_rnn,5,25,17,full,0.1,0.7896895002212698,0.7896895002212698,0.9723075401894437
cb_rnn,5,25,18,full,0.1,0.8131653559082341,0.8131653559082341,1.0041450526121165
cb_rnn,5,25,19,full,0.1,0.8145677188161331,0.8145677188161331,1.001212711108609
cb_rnn,5,25,20,full,0.1,0.8152679121913796,0.8152679121913796,0.995024575258982
cb_rnn,5,25,21,full,0.1,0.8465164923866112,0.8465164923866112,1.0384511245496282
cb_rnn,5,25,22,full,0.1,0.9033904379541557,0.9033904379541557,1.1071090241982726
cb_rnn,5,25,23,full,0.1,0.7906266377779059,0.7909378162784795,1.037621373610253
cb_rnn,5,25,1,full,0.3,0.8699877799994452,0.8699877799994452,0.9506229266313818
cb_rnn,5,25,2,full,0.3,0.8646640635096472,0.8646640635096472,0.9997640902285267
cb_rnn,5,25,3,full,0.3,0.8311899562031125,0.8311899562031125,0.9866543415812916
cb_rnn,5,25,4,full,0.3,0.8097110907971257,0.8097110907971257,0.97791907518766
cb_rnn,5,25,5,full,0.3,0.8110135936829448,0.8110135936829448,0.9819658912022545
cb_rnn,5,25,6,full,0.3,0.811810096525138,0.811810096525138,0.9822802061275029
cb_rnn,5,25,7,full,0.3,0.8014827439649768,0.8014827439649768,0.9699669504736985
cb_rnn,5,25,8,full,0.3,0.7859251147088059,0.7859251147088059,0.954686538938512
cb_rnn,5,25,9,full,0.3,0.7843169469422784,0.7843169469422784,0.9574371158855928
cb_rnn,5,25,10,full,0.3,0.789570866317736,0.789570866317736,0.9596111039362893
cb_rnn,5,25,11,full,0.3,0.7687971088122032,0.7687971088122032,0.9337335111959251
cb_rnn,5,25,12,full,0.3,0.7596029792633996,0.7596029792633996,0.9233966004419147
cb_rnn,5,25,13,full,0.3,0.7654487373736172,0.7654487373736172,0.9361498817183258
cb_rnn,5,25,14,full,0.3,0.7728037746060751,0.7728037746060751,0.9506702091689256
cb_rnn,5,25,15,full,0.3,0.7654281933222359,0.7654281933222359,0.9479532166877869
cb_rnn,5,25,16,full,0.3,0.7703446880944054,0.7703446880944054,0.9467535355663819
cb_rnn,5,25,17,full,0.3,0.7863397591069385,0.7863397591069385,0.9651602587476237
cb_rnn,5,25,18,full,0.3,0.8096882519007191,0.8096882519007191,0.9966316845827896
cb_rnn,5,25,19,full,0.3,0.8114804750394635,0.8114804750394635,0.9937611144995683
cb_rnn,5,25,20,full,0.3,0.8117175575546779,0.8117175575546779,0.9876227555781977
cb_rnn,5,25,21,full,0.3,0.842778496273116,0.842778496273116,1.0303428967001147
cb_rnn,5,25,22,full,0.3,0.900459484203729,0.900459484203729,1.0995807630274146
cb_rnn,5,25,23,full,0.3,0.7890346492275913,0.7890346492275913,1.0271181191950274
cb_rnn,5,25,1,clamped,0.001,0.8598845728502789,0.8598845728502789,0.945331674688822
cb_rnn,5,25,2,clamped,0.001,0.8259781030348755,0.8259781030348755,0.9644656748941072
cb_rnn,5,25,3,clamped,0.001,0.8128104140862336,0.8128104140862336,0.9718841719646147
cb_rnn,5,25,4,clamped,0.001,0.7912299223800661,0.7912299223800661,0.9623350410945275
cb_rnn,5,25,5,clamped,0.001,0.7779921745026197,0.7779921745026197,0.9533685136456106
cb_rnn,5,25,6,clamped,0.001,0.7743005356738026,0.7743005356738026,0.9497212523919302
cb_rnn,5,25,7,clamped,0.001,0.7578443379518025,0.7578443379518025,0.938527851881015
cb_rnn,5,25,8,clamped,0.001,0.7402317509317742,0.7402317509317742,0.923915222603013
cb_rnn,5,25,9,clamped,0.001,0.7299070526182077,0.7299070526182077,0.916501857703016
cb_rnn,5,25,10,clamped,0.001,0.7250178016558863,0.7250178016558863,0.9108317429524289
cb_rnn,5,25,11,clamped,0.001,0.7112708029210453,0.7112708029210453,0.8943711881481434
cb_rnn,5,25,12,clamped,0.001,0.6978804796523926,0.6978804796523926,0.8879463151793069
cb_rnn,5,25,13,clamped,0.001,0.6991745445393904,0.6991745445393904,0.8927863853013596
cb_rnn,5,25,14,clamped,0.001,0.6978673175969461,0.6978673175969461,0.8927388632389615
cb_rnn,5,25,15,clamped,0.001,0.6831517879166336,0.6831517879166336,0.8859204403296541
cb_rnn,5,25,16,clamped,0.001,0.6889353324211542,0.6889353324211542,0.8872063009331614
cb_rnn,5,25,17,clamped,0.001,0.6976987504798484,0.6976987504798484,0.897198475948394
cb_rnn,5,25,18,clamped,0.001,0.7078627862048231,0.7078627862048231,0.9067186326388381
cb_rnn,5,25,19,clamped,0.001,0.7125849235946724,0.7125849235946724,0.9074288538880635
cb_rnn,5,25,20,clamped,0.001,0.7182965331612317,0.7182965331612317,0.9138035396959253
cb_rnn,5,25,21,clamped,0.001,0.727839382479727,0.727839382479727,0.9138906095313946
cb_rnn,5,25,22,clamped,0.001,0.6958831552999332,0.6958831552999332,0.8689044008918521
cb_rnn,5,25,23,clamped,0.001,0.5929094993384815,0.5929094993384815,0.7574415484239732
cb_rnn,5,25,1,clamped,0.01,0.8598934767016608,0.8598934767016608,0.9452812976625125
cb_rnn,5,25,2,clamped,0.01,0.8258897613283762,0.8258897613283762,0.9643396142903455
cb_rnn,5,25,3,clamped,0.01,0.8126880251912525,0.8126880251912525,0.97172919124489
cb_rnn,5,25,4,clamped,0.01,0.7911922165438939,0.7911922165438939,0.9622860282738339
cb_rnn,5,25,5,clamped,0.01,0.778127634711979,0.778127634711979,0.9535331392386819
cb_rnn,5,25,6,clamped,0.01,0.7744342006423909,0.7744342006423909,0.95002215969666
cb_rnn,5,25,7,clamped,0.01,0.7579461078522575,0.7579461078522575,0.9388337378070335
cb_rnn,5,25,8,clamped,0.01,0.740223307591243,0.740223307591243,0.9240626884718207
cb_rnn,5,25,9,clamped,0.01,0.7299121943492686,0.7299121943492686,0.9165260109302852
cb_rnn,5,25,10,clamped,0.01,0.7250491646339859,0.7250491646339859,0.9108662499789131
cb_rnn,5,25,11,clamped,0.01,0.7112747497009017,0.7112747497009017,0.8944411893108623
cb_rnn,5,25,12,clamped,0.01,0.6978846952964713,0.6978846952964713,0.8879675740832262
cb_rnn,5,25,13,clamped,0.01,0.6992338269459406,0.6992338269459406,0.8929729558579498
cb_rnn,5,25,14,clamped,0.01,0.6980890395083693,0.6980890395083693,0.8931328566221834
cb_rnn,5,25,15,clamped,0.01,0.6835260259475093,0.6835260259475093,0.8865218644928423
cb_rnn,5,25,16,clamped,0.01,0.6893212353265841,0.6893212353265841,0.88793274951955
cb_rnn,5,25,17,clamped,0.01,0.698143056881052,0.698143056881052,0.8979650980315523
cb_rnn,5,25,18,clamped,0.01,0.7082146542736064,0.7082146542736064,0.9074994574752829
cb_rnn,5,25,19,clamped,0.01,0.7129682828641384,0.7129682828641384,0.9081322012240299
cb_rnn,5,25,20,clamped,0.01,0.7188229083232778,0.7188229083232778,0.9148082970205544
cb_rnn,5,25,21,clamped,0.01,0.7282966575435923,0.7282966575435923,0.9148694649081939
cb_rnn,5,25,22,clamped,0.01,0.6961802282136849,0.6961802282136849,0.8697166042271192
cb_rnn,5,25,23,clamped,0.01,0.5930769956779608,0.5930769956779608,0.7580192632165967
cb_rnn,5,25,1,clamped,0.1,0.8597699082413954,0.8597699082413954,0.9444813348709403
cb_rnn,5,25,2,clamped,0.1,0.8252754950143524,0.8252754950143524,0.9630935373285207
cb_rnn,5,25,3,clamped,0.1,0.8114326533450598,0.8114326533450598,0.9698543851214667
cb_rnn,5,25,4,clamped,0.1,0.7898696001818182,0.7898696001818182,0.9602663328473761
cb_rnn,5,25,5,clamped,0.1,0.7771634947298951,0.7771634947298951,0.9516854399106802
cb_rnn,5,25,6,clamped,0.1,0.7737874687970117,0.7737874687970117,0.9488462752149852
cb_rnn,5,25,7,clamped,0.1,0.7573235506737672,0.7573235506737672,0.9380528014556242
cb_rnn,5,25,8,clamped,0.1,0.7393959541866966,0.7393959541866966,0.9229490823862496
cb_rnn,5,25,9,clamped,0.1,0.7294120077407267,0.7294120077407267,0.915527620476351
cb_rnn,5,25,10,clamped,0.1,0.7243284873099669,0.7243284873099669,0.9098696907218732
cb_rnn,5,25,11,clamped,0.1,0.7104229037453055,0.7104229037453055,0.8932989667008986
cb_rnn,5,25,12,clamped,0.1,0.696544364111091,0.696544364111091,0.8865884892446788
cb_rnn,5,25,13,clamped,0.1,0.6981376948523104,0.6981376948523104,0.8914159565089919
cb_rnn,5,25,14,clamped,0.1,0.6975380570335332,0.6975380570335332,0.8922518209898718
cb_rnn,5,25,15,clamped,0.1,0.6839174553746824,0.6839174553746824,0.8864763862004206
cb_rnn,5,25,16,clamped,0.1,0.6899712862840826,0.6899712862840826,0.888486495929017
cb_rnn,5,25,17,clamped,0.1,0.6986713267173095,0.6986713267173095,0.898829523966396
cb_rnn,5,25,18,clamped,0.1,0.7083024701821118,0.7083024701821118,0.9079016812692834
cb_rnn,5,25,19,clamped,0.1,0.7127132572966969,0.7127132572966969,0.9081092755697246
cb_rnn,5,25,20,clamped,0.1,0.7187413639410698,0.7187413639410698,0.9149235151798234
cb_rnn,5,25,21,clamped,0.1,0.7279182042879815,0.7279182042879815,0.9145955974484868
cb_rnn,5,25,22,clamped,0.1,0.6957055685366218,0.6957055685366218,0.8692498269578814
cb_rnn,5,25,23,clamped,0.1,0.5927057867526562,0.5927057867526562,0.7578868821159014
cb_rnn,5,25,1,clamped,0.3,0.8591910364914692,0.8591910364914692,0.9425059098445777
cb_rnn,5,25,2,clamped,0.3,0.8231945232602718,0.8231945232602718,0.9598395854191111
cb_rnn,5,25,3,clamped,0.3,0.8088799850346862,0.8088799850346862,0.9661624173436889
cb_rnn,5,25,4,clamped,0.3,0.7870775898312262,0.7870775898312262,0.9560983207839014
cb_rnn,5,25,5,clamped,0.3,0.7743286537671277,0.7743286537671277,0.947490342353025
cb_rnn,5,25,6,clamped,0.3,0.7719832509770889,0.7719832509770889,0.9454708569307968
cb_rnn,5,25,7,clamped,0.3,0.7550458439101805,0.7550458439101805,0.9343989089250839
cb_rnn,5,25,8,clamped,0.3,0.7383444755890675,0.7383444755890675,0.9196347273159686
cb_rnn,5,25,9,clamped,0.3,0.7283421058779709,0.7283421058779709,0.9127859513400133
cb_rnn,5,25,10,clamped,0.3,0.7231431946229655,0.7231431946229655,0.9068575281364458
cb_rnn,5,25,11,clamped,0.3,0.7088525060423319,0.7088525060423319,0.8899976912128176
cb_rnn,5,25,12,clamped,0.3,0.6944583868255538,0.6944583868255538,0.8831608745475613
cb_rnn,5,25,13,clamped,0.3,0.6958441279020009,0.6958441279020009,0.8875809822281614
cb_rnn,5,25,14,clamped,0.3,0.6958631186884303,0.6958631186884303,0.8888501973136815
cb_rnn,5,25,15,clamped,0.3,0.6818383089938769,0.6818383089938769,0.8830005263781958
cb_rnn,5,25,16,clamped,0.3,0.6874101509924389,0.6874101509924389,0.8834363787055682
cb_rnn,5,25,17,clamped,0.3,0.6957459880970054,0.6957459880970054,0.8926548515277676
cb_rnn,5,25,18,clamped,0.3,0.7052824412891088,0.7052824412891088,0.9014449459089074
cb_rnn,5,25,19,clamped,0.3,0.7100108854349367,0.7100108854349367,0.9015183396166413
cb_rnn,5,25,20,clamped,0.3,0.7156574217872158,0.7156574217872158,0.9084517780154496
cb_rnn,5,25,21,clamped,0.3,0.7246889124956868,0.7246889124956868,0.9085350476982728
cb_rnn,5,25,22,clamped,0.3,0.6926685228936733,0.6926685228936733,0.8637588348452696
cb_rnn,5,25,23,clamped,0.3,0.5901317456563988,0.5901317456563988,0.7536372845435805
cb_rnn,5,30,1,full,0.001,0.9291736439708544,0.9291736439708544,1.0528033791547515
cb_rnn,5,30,2,full,0.001,0.9500645807460742,0.9500645807460742,1.1145788638613692
cb_rnn,5,30,3,full,0.001,0.968309474336615,0.968309474336615,1.14007262241034
cb_rnn,5,30,4,full,0.001,0.9689057164527672,0.9689057164527672,1.1459069657388405
cb_rnn,5,30,5,full,0.001,0.9572374143595213,0.9572374143595213,1.1327236928837348
cb_rnn,5,30,6,full,0.001,0.943711950681742,0.943711950681742,1.1143306790722955
cb_rnn,5,30,7,full,0.001,0.9426850202192297,0.9426850202192297,1.1057987491505163
cb_rnn,5,30,8,full,0.001,0.9411118974902615,0.9411118974902615,1.1038689423813783
cb_rnn,5,30,9,full,0.001,0.9356956976841082,0.9356956976841082,1.0944576508250154
cb_rnn,5,30,10,full,0.001,0.9261468231802197,0.9261468231802197,1.081060313950997
cb_rnn,5,30,11,full,0.001,0.92113879526239,0.92113879526239,1.0747910013731556
cb_rnn,5,30,12,full,0.001,0.9160182366457008,0.9160182366457008,1.0710538172743516
cb_rnn,5,30,13,full,0.001,0.896312459374604,0.896312459374604,1.0497586247351298
cb_rnn,5,30,14,full,0.001,0.8730374061417978,0.8730374061417978,1.022271689854033
cb_rnn,5,30,15,full,0.001,0.8673520945321835,0.8673520945321835,1.0115344341212196
cb_rnn,5,30,16,full,0.001,0.8649780818602619,0.8649780818602619,1.011651530633412
cb_rnn,5,30,17,full,0.001,0.8646132234513901,0.8646132234513901,1.0095043271150117
cb_rnn,5,30,18,full,0.001,0.8573261505635382,0.8573261505635382,1.0008577163343997
cb_rnn,5,30,19,full,0.001,0.8377136002980694,0.8377136002980694,0.9796579622865915
cb_rnn,5,30,20,full,0.001,0.8176736284997115,0.8176736284997115,0.953290450841538
cb_rnn,5,30,21,full,0.001,0.8052550912925585,0.8052550912925585,0.9370238776701395
cb_rnn,5,30,22,full,0.001,0.8106448032749177,0.8106448032749177,0.937711662306346
cb_rnn,5,30,23,full,0.001,0.8108825313292936,0.8108825313292936,0.9333430601439617
cb_rnn,5,30,24,full,0.001,0.7816292998486045,0.7816292998486045,0.9082671223608224
cb_rnn,5,30,25,full,0.001,0.7734480275907062,0.7734480275907062,0.9039665640386723
cb_rnn,5,30,26,full,0.001,0.797948213467115,0.797948213467115,0.9384838715704875
cb_rnn,5,30,27,full,0.001,0.8191437563548806,0.8191437563548806,0.9669554587794293
cb_rnn,5,30,28,full,0.001,0.6721097262732995,0.6721097262732995,0.9190293956317617
cb_rnn,5,30,1,full,0.01,0.9291215534747713,0.9291215534747713,1.0525216840375269
cb_rnn,5,30,2,full,0.01,0.9499719962683258,0.9499719962683258,1.1145194122252295
cb_rnn,5,30,3,full,0.01,0.9677644494587592,0.9677644494587592,1.139549495712056
cb_rnn,5,30,4,full,0.01,0.9679155727694059,0.9679155727694059,1.1449840042952983
cb_rnn,5,30,5,full,0.01,0.9560316240266604,0.9560316240266604,1.1315255191087021
cb_rnn,5,30,6,full,0.01,0.9426893003616643,0.9426893003616643,1.11304494868063
cb_rnn,5,30,7,full,0.01,0.941575004474057,0.941575004474057,1.1045168651188804
cb_rnn,5,30,8,full,0.01,0.9399426724747246,0.9399426724747246,1.1024830010067108
cb_rnn,5,30,9,full,0.01,0.934390676935072,0.934390676935072,1.0929704837863725
cb_rnn,5,30,10,full,0.01,0.9245319450655989,0.9245319450655989,1.079284124757765
cb_rnn,5,30,11,full,0.01,0.9193319092211456,0.9193319092211456,1.0729494830877486
cb_rnn,5,30,12,full,0.01,0.914490166256943,0.914490166256943,1.0692616382564355
cb_rnn,5,30,13,full,0.01,0.8951435681648454,0.8951435681648454,1.0482224334099688
cb_rnn,5,30,14,full,0.01,0.8713437747373132,0.8713437747373132,1.0203652651203685
cb_rnn,5,30,15,full,0.01,0.8659491763475639,0.8659491763475639,1.009897233527228
cb_rnn,5,30,16,full,0.01,0.8637919645180847,0.8637919645180847,1.0100002682359506
cb_rnn,5,30,17,full,0.01,0.863365599643064,0.863365599643064,1.0081569678574023
cb_rnn,5,30,18,full,0.01,0.855916183280852,0.855916183280852,0.9996680595802719
cb_rnn,5,30,19,full,0.01,0.8364314825544058,0.8364314825544058,0.9784360066443146
cb_rnn,5,30,20,full,0.01,0.8164468584396407,0.8164468584396407,0.9521314649055909
cb_rnn,5,30,21,full,0.01,0.8041511999044821,0.8041511999044821,0.9359724779280714
cb_rnn,5,30,22,full,0.01,0.8095446647533098,0.8095446647533098,0.9368282976822022
cb_rnn,5,30,23,full,0.01,0.809497655138393,0.809497655138393,0.9324620913656205
cb_rnn,5,30,24,full,0.01,0.780256653756599,0.780256653756599,0.9073669174452225
cb_rnn,5,30,25,full,0.01,0.7721641352904158,0.7721641352904158,0.9031540002346268
cb_rnn,5,30,26,full,0.01,0.796723372160338,0.796723372160338,0.9374765404956236
cb_rnn,5,30,27,full,0.01,0.8181818846439834,0.8181818846439834,0.9660792693482919
cb_rnn,5,30,28,full,0.01,0.6716331947984334,0.6716331947984334,0.9181522192220918
cb_rnn,5,30,1,full,0.1,0.9288828918530596,0.9288828918530596,1.0509865288096654
cb_rnn,5,30,2,full,0.1,0.9483747856795777,0.9483747856795777,1.1129609245087173
cb_rnn,5,30,3,full,0.1,0.9640684653323408,0.9640684653323408,1.1360948194213356
cb_rnn,5,30,4,full,0.1,0.9629480069540433,0.9629480069540433,1.1403553175406564
cb_rnn,5,30,5,full,0.1,0.9509352294167523,0.9509352294167523,1.1266596557687105
cb_rnn,5,30,6,full,0.1,0.9385683911869522,0.9385683911869522,1.1086077670931898
cb_rnn,5,30,7,full,0.1,0.936785791819585,0.936785791819585,1.0996915621624925
cb_rnn,5,30,8,full,0.1,0.9345606770359871,0.9345606770359871,1.0973821384918998
cb_rnn,5,30,9,full,0.1,0.9299636365565163,0.9299636365565163,1.088285888677738
cb_rnn,5,30,10,full,0.1,0.9203022528183173,0.9203022528183173,1.0752327092226686
cb_rnn,5,30,11,full,0.1,0.9153646076288141,0.9153646076288141,1.068031103329564
cb_rnn,5,30,12,full,0.1,0.910296431646898,0.910296431646898,1.0639742073879972
cb_rnn,5,30,13,full,0.1,0.8917545273213522,0.8917545273213522,1.042827408731203
cb_rnn,5,30,14,full,0.1,0.8674744039358279,0.8674744039358279,1.0149795864331637
cb_rnn,5,30,15,full,0.1,0.8632006428439892,0.8632006428439892,1.0056194354096986
cb_rnn,5,30,16,full,0.1,0.861558824420469,0.861558824420469,1.006088942229085
cb_rnn,5,30,17,full,0.1,0.8608677931774124,0.8608677931774124,1.0042631258001102
cb_rnn,5,30,18,full,0.1,0.8527442533421283,0.8527442533421283,0.9951619305664527
cb_rnn,5,30,19,full,0.1,0.8328812816659223,0.8328812816659223,0.9729766511853334
cb_rnn,5,30,20,full,0.1,0.8126277672042399,0.8126277672042399,0.9462186726471855
cb_rnn,5,30,21,full,0.1,0.8000293343977813,0.8000293343977813,0.92965319068225
cb_rnn,5,30,22,full,0.1,0.8056526052803308,0.8056526052803308,0.9305880572805872
cb_rnn,5,30,23,full,0.1,0.8054137612305369,0.8054137612305369,0.9268327741719629
cb_rnn,5,30,24,full,0.1,0.7763395497068806,0.7763395497068806,0.9017341592149831
cb_rnn,5,30,25,full,0.1,0.7677469044695611,0.7677469044695611,0.896868988067381
cb_rnn,5,30,26,full,0.1,0.7920241702827406,0.7920241702827406,0.9308120182168967
cb_rnn,5,30,27,full,0.1,0.813953008277072,0.813953008277072,0.9586913064075232
cb_rnn,5,30,28,full,0.1,0.670055796489433,0.670055796489433,0.9098303700315877
cb_rnn,5,30,1,full,0.3,0.9269906624819746,0.9269906624819746,1.0475291800188429
cb_rnn,5,30,2,full,0.3,0.9431832500596913,0.9431832500596913,1.1082231881228075
cb_rnn,5,30,3,full,0.3,0.9569964139809075,0.9569964139809075,1.130121253727077
cb_rnn,5,30,4,full,0.3,0.9563536114847548,0.9563536114847548,1.1342684673806525
cb_rnn,5,30,5,full,0.3,0.9442388599726697,0.9442388599726697,1.121865169486693
cb_rnn,5,30,6,full,0.3,0.9324048391727389,0.9324048391727389,1.1035661593787558
cb_rnn,5,30,7,full,0.3,0.929355983710692,0.929355983710692,1.0937300882377068
cb_rnn,5,30,8,full,0.3,0.9271259548972022,0.9271259548972022,1.0908777972093198
cb_rnn,5,30,9,full,0.3,0.9228968047965045,0.9228968047965045,1.0816193102733709
cb_rnn,5,30,10,full,0.3,0.9133341432147326,0.9133341432147326,1.0683005319549634
cb_rnn,5,30,11,full,0.3,0.9082459760130348,0.9082459760130348,1.0599413088269953
cb_rnn,5,30,12,full,0.3,0.9036462790763612,0.9036462790763612,1.0556921098780443
cb_rnn,5,30,13,full,0.3,0.8852507187379121,0.8852507187379121,1.034754068379729
cb_rnn,5,30,14,full,0.3,0.8609853916005448,0.8609853916005448,1.007814799557897
cb_rnn,5,30,15,full,0.3,0.8565488495995919,0.8565488495995919,0.9988843794502313
cb_rnn,5,30,16,full,0.3,0.855950520742867,0.855950520742867,0.9992791702478694
cb_rnn,5,30,17,full,0.3,0.8541977255171125,0.8541977255171125,0.996747246681676
cb_rnn,5,30,18,full,0.3,0.8467064185273696,0.8467064185273696,0.9882823232727631
cb_rnn,5,30,19,full,0.3,0.8269926255049795,0.8269926255049795,0.9658993892848323
cb_rnn,5,30,20,full,0.3,0.8071774619674019,0.8071774619674019,0.9393462303087987
cb_rnn,5,30,21,full,0.3,0.79474203486087,0.79474203486087,0.9223170343130699
cb_rnn,5,30,22,full,0.3,0.8010066929548374,0.8010066929548374,0.9234017682289882
cb_rnn,5,30,23,full,0.3,0.8004316996478924,0.8004316996478924,0.9197363215780305
cb_rnn,5,30,24,full,0.3,0.7705149310765543,0.7705149310765543,0.8940887489889674
cb_rnn,5,30,25,full,0.3,0.7616854966334721,0.7616854966334721,0.8885923136140486
cb_rnn,5,30,26,full,0.3,0.7861226090094294,0.7861226090094294,0.9229726917040995
cb_rnn,5,30,27,full,0.3,0.8095875678697001,0.8095875678697001,0.9516891343722188
cb_rnn,5,30,28,full,0.3,0.6691555103223303,0.6691555103223303,0.8987353559836275
cb_rnn,5,30,1,clamped,0.001,0.9278933773110862,0.9278933773110862,1.0470009882046667
cb_rnn,5,30,2,clamped,0.001,0.9388061425058865,0.9388061425058865,1.1004680032776712
cb_rnn,5,30,3,clamped,0.001,0.9607589986201412,0.9607589986201412,1.1364544491609219
cb_rnn,5,30,4,clamped,0.001,0.9642978302698461,0.9642978302698461,1.1445388033159398
cb_rnn,5,30,5,clamped,0.001,0.9525910841575318,0.9525910841575318,1.1316329482343948
cb_rnn,5,30,6,clamped,0.001,0.9393861697205913,0.9393861697205913,1.113746041892157
cb_rnn,5,30,7,clamped,0.001,0.9396537862601348,0.9396537862601348,1.1057846758289376
cb_rnn,5,30,8,clamped,0.001,0.9363245790805897,0.9363245790805897,1.102239071107015
cb_rnn,5,30,9,clamped,0.001,0.9296932689538542,0.9296932689538542,1.0916444850837088
cb_rnn,5,30,10,clamped,0.001,0.9186993168400697,0.9186993168400697,1.0787641510997192
cb_rnn,5,30,11,clamped,0.001,0.9149530470470215,0.9149530470470215,1.072730302263825
cb_rnn,5,30,12,clamped,0.001,0.9092658316109147,0.9092658316109147,1.0690299598953583
cb_rnn,5,30,13,clamped,0.001,0.8905423517648172,0.8905423517648172,1.0517398199322359
cb_rnn,5,30,14,clamped,0.001,0.8696571505747853,0.8696571505747853,1.0272081702477496
cb_rnn,5,30,15,clamped,0.001,0.8622825927893187,0.8622825927893187,1.0142849380619308
cb_rnn,5,30,16,clamped,0.001,0.8563701725556532,0.8563701725556532,1.0098239636655921
cb_rnn,5,30,17,clamped,0.001,0.8514567285978369,0.8514567285978369,1.001762580301624
cb_rnn,5,30,18,clamped,0.001,0.8390413524030655,0.8390413524030655,0.9881561258365977
cb_rnn,5,30,19,clamped,0.001,0.8203144427021853,0.8203144427021853,0.9656864025708266
cb_rnn,5,30,20,clamped,0.001,0.7969196277926136,0.7969196277926136,0.9387322215957755
cb_rnn,5,30,21,clamped,0.001,0.7860828601706089,0.7860828601706089,0.9235190811126217
cb_rnn,5,30,22,clamped,0.001,0.7920485380735911,0.7920485380735911,0.9220922209121833
cb_rnn,5,30,23,clamped,0.001,0.7839069852540979,0.7839069852540979,0.9086451359411264
cb_rnn,5,30,24,clamped,0.001,0.7553040787321654,0.7553040787321654,0.8839672707239906
cb_rnn,5,30,25,clamped,0.001,0.7489135119694157,0.7489135119694157,0.8810110299514101
cb_rnn,5,30,26,clamped,0.001,0.7550616042845343,0.7550616042845343,0.878872175235678
cb_rnn,5,30,27,clamped,0.001,0.7199696504499611,0.7199696504499611,0.8367462350009354
cb_rnn,5,30,28,clamped,0.001,0.5765032459613992,0.5765032459613992,0.7201987634900047
cb_rnn,5,30,1,clamped,0.01,0.9278272754848265,0.9278272754848265,1.0467068641873316
cb_rnn,5,30,2,clamped,0.01,0.9385353537580937,0.9385353537580937,1.1002147096471258
cb_rnn,5,30,3,clamped,0.01,0.9600879980252169,0.9600879980252169,1.1358273304679098
cb_rnn,5,30,4,clamped,0.01,0.963203152206162,0.963203152206162,1.1435493669856087
cb_rnn,5,30,5,clamped,0.01,0.9512842012352296,0.9512842012352296,1.1303875867952409
cb_rnn,5,30,6,clamped,0.01,0.9382411169618392,0.9382411169618392,1.1123665337554853
cb_rnn,5,30,7,clamped,0.01,0.9384016935063638,0.9384016935063638,1.1043722371604003
cb_rnn,5,30,8,clamped,0.01,0.9350258024584023,0.9350258024584023,1.1007236062238008
cb_rnn,5,30,9,clamped,0.01,0.9282633285763212,0.9282633285763212,1.0900322743900104
cb_rnn,5,30,10,clamped,0.01,0.9168774581864702,0.9168774581864702,1.076779058227653
cb_rnn,5,30,11,clamped,0.01,0.9129231021614372,0.9129231021614372,1.0706437476588118
cb_rnn,5,30,12,clamped,0.01,0.9075275203396715,0.9075275203396715,1.0669674446292958
cb_rnn,5,30,13,clamped,0.01,0.8891719216052061,0.8891719216052061,1.049896252085579
cb_rnn,5,30,14,clamped,0.01,0.8676951223554887,0.8676951223554887,1.024897608330806
cb_rnn,5,30,15,clamped,0.01,0.8606386981608097,0.8606386981608097,1.0123237444954274
cb_rnn,5,30,16,clamped,0.01,0.8549481729733681,0.8549481729733681,1.0079158272006727
cb_rnn,5,30,17,clamped,0.01,0.8500063368374642,0.8500063368374642,1.0001802130940733
cb_rnn,5,30,18,clamped,0.01,0.8373909879274082,0.8373909879274082,0.9867243059646233
cb_rnn,5,30,19,clamped,0.01,0.8187834631105958,0.8187834631105958,0.9642098424387837
cb_rnn,5,30,20,clamped,0.01,0.795402028566589,0.795402028566589,0.9372601719423456
cb_rnn,5,30,21,clamped,0.01,0.7846832268538184,0.7846832268538184,0.9221201800619767
cb_rnn,5,30,22,clamped,0.01,0.7906994173038167,0.7906994173038167,0.9208499941432488
cb_rnn,5,30,23,clamped,0.01,0.7822852468117372,0.7822852468117372,0.9073898278966791
cb_rnn,5,30,24,clamped,0.01,0.7536717259415185,0.7536717259415185,0.8826521079115464
cb_rnn,5,30,25,clamped,0.01,0.7473561912403713,0.7473561912403713,0.8797567256801337
cb_rnn,5,30,26,clamped,0.01,0.7536402888719396,0.7536402888719396,0.8775619331522664
cb_rnn,5,30,27,clamped,0.01,0.7186330202746338,0.7186330202746338,0.8354338699670052
cb_rnn,5,30,28,clamped,0.01,0.5755577179231295,0.5755577179231295,0.7189330127320115
cb_rnn,5,30,1,clamped,0.1,0.9272415262081767,0.9272415262081767,1.0448620375456856
cb_rnn,5,30,2,clamped,0.1,0.9365002517411638,0.9365002517411638,1.098359478730609
cb_rnn,5,30,3,clamped,0.1,0.9560892459165815,0.9560892459165815,1.1323208682086874
cb_rnn,5,30,4,clamped,0.1,0.9580964745531171,0.9580964745531171,1.139103715956705
cb_rnn,5,30,5,clamped,0.1,0.9460243411601608,0.9460243411601608,1.1257885477694123
cb_rnn,5,30,6,clamped,0.1,0.9340095528296462,0.9340095528296462,1.1082104192448696
cb_rnn,5,30,7,clamped,0.1,0.9334245523148046,0.9334245523148046,1.0997430403510329
cb_rnn,5,30,8,clamped,0.1,0.9293053217887962,0.9293053217887962,1.0957020085303906
cb_rnn,5,30,9,clamped,0.1,0.9235025890294792,0.9235025890294792,1.0853693325167808
cb_rnn,5,30,10,clamped,0.1,0.9123286747750655,0.9123286747750655,1.0726276174850433
cb_rnn,5,30,11,clamped,0.1,0.908583071028819,0.908583071028819,1.0655413576314086
cb_rnn,5,30,12,clamped,0.1,0.9030581441018584,0.9030581441018584,1.0616284362831832
cb_rnn,5,30,13,clamped,0.1,0.8855584056965087,0.8855584056965087,1.0445615964312425
cb_rnn,5,30,14,clamped,0.1,0.8636073901994539,0.8636073901994539,1.019658788878346
cb_rnn,5,30,15,clamped,0.1,0.8576437845226208,0.8576437845226208,1.0082417882068404
cb_rnn,5,30,16,clamped,0.1,0.8525694261059342,0.8525694261059342,1.0042574476846975
cb_rnn,5,30,17,clamped,0.1,0.8475501481813361,0.8475501481813361,0.9968245656616032
cb_rnn,5,30,18,clamped,0.1,0.834180315091321,0.834180315091321,0.982779280601189
cb_rnn,5,30,19,clamped,0.1,0.8152781550286274,0.8152781550286274,0.9595454935630592
cb_rnn,5,30,20,clamped,0.1,0.7914829451681675,0.7914829451681675,0.9319743393940239
cb_rnn,5,30,21,clamped,0.1,0.7803916655153051,0.7803916655153051,0.9162182607962801
cb_rnn,5,30,22,clamped,0.1,0.7866759650216489,0.7866759650216489,0.9148271115926236
cb_rnn,5,30,23,clamped,0.1,0.7782056052338646,0.7782056052338646,0.9019175414057065
cb_rnn,5,30,24,clamped,0.1,0.7494817665864154,0.7494817665864154,0.8769869841467932
cb_rnn,5,30,25,clamped,0.1,0.7426747363906807,0.7426747363906807,0.8733920641252133
cb_rnn,5,30,26,clamped,0.1,0.748873999539015,0.748873999539015,0.8712279662440761
cb_rnn,5,30,27,clamped,0.1,0.7136661225058456,0.7136661225058456,0.8289586952622613
cb_rnn,5,30,28,clamped,0.1,0.5717969430762843,0.5717969430762843,0.713740605576962
cb_rnn,5,30,1,clamped,0.3,0.9245941135197886,0.9245941135197886,1.0407279535253593
cb_rnn,5,30,2,clamped,0.3,0.930487703226246,0.930487703226246,1.093082804249514
cb_rnn,5,30,3,clamped,0.3,0.948552403558947,0.948552403558947,1.1264839982347392
cb_rnn,5,30,4,clamped,0.3,0.9513812702789703,0.9513812702789703,1.1336349669668406
cb_rnn,5,30,5,clamped,0.3,0.9392289969078567,0.9392289969078567,1.121925690835048
cb_rnn,5,30,6,clamped,0.3,0.9279665047620422,0.9279665047620422,1.1042666191251862
cb_rnn,5,30,7,clamped,0.3,0.9260495395507335,0.9260495395507335,1.0948058551907844
cb_rnn,5,30,8,clamped,0.3,0.9218790925259986,0.9218790925259986,1.0902009133598325
cb_rnn,5,30,9,clamped,0.3,0.9163450310972527,0.9163450310972527,1.0795972490696266
cb_rnn,5,30,10,clamped,0.3,0.905327552410856,0.905327552410856,1.0666642932510322
cb_rnn,5,30,11,clamped,0.3,0.9013893497243992,0.9013893497243992,1.0583843602647622
cb_rnn,5,30,12,clamped,0.3,0.8965813190843046,0.8965813190843046,1.0546838115441772
cb_rnn,5,30,13,clamped,0.3,0.8791267283913629,0.8791267283913629,1.0378438278886262
cb_rnn,5,30,14,clamped,0.3,0.8570874929386179,0.8570874929386179,1.0138386719121384
cb_rnn,5,30,15,clamped,0.3,0.8507523721081426,0.8507523721081426,1.0026979717617577
cb_rnn,5,30,16,clamped,0.3,0.8471142137864285,0.8471142137864285,0.9986907539105803
cb_rnn,5,30,17,clamped,0.3,0.8409436596131341,0.8409436596131341,0.9904969151567786
cb_rnn,5,30,18,clamped,0.3,0.8284607461033728,0.8284607461033728,0.9772259324804651
cb_rnn,5,30,19,clamped,0.3,0.8097155551116496,0.8097155551116496,0.9538736223966943
cb_rnn,5,30,20,clamped,0.3,0.7865092788806898,0.7865092788806898,0.9268300434843278
cb_rnn,5,30,21,clamped,0.3,0.7755292748468123,0.7755292748468123,0.9104674182766883
cb_rnn,5,30,22,clamped,0.3,0.7824541495669799,0.7824541495669799,0.9092681426537996
cb_rnn,5,30,23,clamped,0.3,0.7735598980108118,0.7735598980108118,0.8963019440973996
cb_rnn,5,30,24,clamped,0.3,0.7437794695614434,0.7437794695614434,0.87037870136906
cb_rnn,5,30,25,clamped,0.3,0.7366762574800048,0.7366762574800048,0.8660145331292756
cb_rnn,5,30,26,clamped,0.3,0.7426483148993284,0.7426483148993284,0.8645267990074739
cb_rnn,5,30,27,clamped,0.3,0.7079406597742816,0.7079406597742816,0.8235299646339713
cb_rnn,5,30,28,clamped,0.3,0.5679154267944473,0.5679154267944473,0.7091650090476506
cb_rnn,6,7,1,full,0.001,1.046003643964224,1.046003643964224,1.1141064109973469
cb_rnn,6,7,2,full,0.001,0.9325094853779491,0.9325094853779491,1.0425191888205998
cb_rnn,6,7,3,full,0.001,0.9296781583268308,0.9296781583268308,1.0469446667531117
cb_rnn,6,7,4,full,0.001,1.0950305044300086,1.0950305044300086,1.2108130870176737
cb_rnn,6,7,5,full,0.001,1.200528761140775,1.200528761140775,1.3401909677651516
cb_rnn,6,7,1,full,0.01,1.0460287784447169,1.0460287784447169,1.1142083707236927
cb_rnn,6,7,2,full,0.01,0.9325338487645433,0.9325338487645433,1.04273291040758
cb_rnn,6,7,3,full,0.01,0.9296520092121774,0.9296520092121774,1.0471926399587785
cb_rnn,6,7,4,full,0.01,1.0950031083860474,1.0950031083860474,1.2109372452241929
cb_rnn,6,7,5,full,0.01,1.2003619331372488,1.2003619331372488,1.340247982928425
cb_rnn,6,7,1,full,0.1,1.045216847599919,1.045216847599919,1.1136601737395222
cb_rnn,6,7,2,full,0.1,0.9317484648783583,0.9317484648783583,1.042879962580633
cb_rnn,6,7,3,full,0.1,0.9288378000355129,0.9288378000355129,1.047225085078118
cb_rnn,6,7,4,full,0.1,1.0929130269105207,1.0929130269105207,1.20920171421547
cb_rnn,6,7,5,full,0.1,1.198948846713107,1.198948846713107,1.3382846653918696
cb_rnn,6,7,1,full,0.3,1.0426727107829943,1.0426727107829943,1.1118119416290075
cb_rnn,6,7,2,full,0.3,0.9288722870457722,0.9288722870457722,1.042111621305938
cb_rnn,6,7,3,full,0.3,0.927096220235373,0.927096220235373,1.0474868516857896
cb_rnn,6,7,4,full,0.3,1.089158967762132,1.089158967762132,1.2064733809134547
cb_rnn,6,7,5,full,0.3,1.1959690203642808,1.1959690203642808,1.3347478393393888
cb_rnn,6,7,1,clamped,0.001,0.570754592896443,0.570754592896443,0.6856894491657177
cb_rnn,6,7,2,clamped,0.001,0.3898100459435566,0.3898100459435566,0.5119449448925263
cb_rnn,6,7,3,clamped,0.001,0.27784501025699254,0.27784501025699254,0.40888579190703034
cb_rnn,6,7,4,clamped,0.001,0.2150756883818259,0.2150756883818259,0.3255097646633327
cb_rnn,6,7,5,clamped,0.001,0.15565819399888725,0.15565819399888725,0.24482212398165643
cb_rnn,6,7,1,clamped,0.01,0.5707668411120104,0.5707668411120104,0.6857226283517923
cb_rnn,6,7,2,clamped,0.01,0.38981383716565265,0.38981383716565265,0.5119612006812675
cb_rnn,6,7,3,clamped,0.01,0.27785576246894184,0.27785576246894184,0.40892080062532143
cb_rnn,6,7,4,clamped,0.01,0.21508620292382066,0.21508620292382066,0.3255392048169393
cb_rnn,6,7,5,clamped,0.01,0.1556667718829785,0.1556667718829785,0.24484992765894698
cb_rnn,6,7,1,clamped,0.1,0.57071342009903,0.57071342009903,0.6857100896721289
cb_rnn,6,7,2,clamped,0.1,0.38975965638632104,0.38975965638632104,0.5120026184897437
cb_rnn,6,7,3,clamped,0.1,0.2777509748219462,0.2777509748219462,0.4090050664852361
cb_rnn,6,7,4,clamped,0.1,0.2150280217364729,0.2150280217364729,0.32564346095124064
cb_rnn,6,7,5,clamped,0.1,0.1557029176508077,0.1557029176508077,0.24495833013459442
cb_rnn,6,7,1,clamped,0.3,0.5705697839504824,0.5705697839504824,0.6857768446521598
cb_rnn,6,7,2,clamped,0.3,0.3893869832409869,0.3893869832409869,0.5121818978127441
cb_rnn,6,7,3,clamped,0.3,0.27744774999407806,0.27744774999407806,0.40921208613949156
cb_rnn,6,7,4,clamped,0.3,0.21485366251396873,0.21485366251396873,0.3259040846519612
cb_rnn,6,7,5,clamped,0.3,0.15583766837187618,0.15583766837187618,0.2452291959854176
cb_rnn,6,11,1,full,0.001,0.9767186557587976,0.9767186557587976,1.0117455335031105
cb_rnn,6,11,2,full,0.001,0.9672265846822118,0.9672265846822118,1.0164626729350295
cb_rnn,6,11,3,full,0.001,0.9400484958592149,0.9400484958592149,1.0031727699768926
cb_rnn,6,11,4,full,0.001,0.9191895447158849,0.9191895447158849,0.9839244297993062
cb_rnn,6,11,5,full,0.001,0.8898491745033328,0.8898491745033328,0.9602977331557461
cb_rnn,6,11,6,full,0.001,0.9197618581560807,0.9197618581560807,0.9964943315559147
cb_rnn,6,11,7,full,0.001,0.911128901554011,0.911128901554011,0.9933837019802637
cb_rnn,6,11,8,full,0.001,1.0030549591855618,1.0030549591855618,1.087059893979899
cb_rnn,6,11,9,full,0.001,1.0445142179606395,1.0445142179606395,1.1463042560488033
cb_rnn,6,11,1,full,0.01,0.9763987753875201,0.9763987753875201,1.0114849912450723
cb_rnn,6,11,2,full,0.01,0.9669769200631925,0.9669769200631925,1.0162326185794457
cb_rnn,6,11,3,full,0.01,0.9398011892645753,0.9398011892645753,1.0029449465575881
cb_rnn,6,11,4,full,0.01,0.9188793719213737,0.9188793719213737,0.983680159545802
cb_rnn,6,11,5,full,0.01,0.8895591151231645,0.8895591151231645,0.9600484504973095
cb_rnn,6,11,6,full,0.01,0.9193281115312648,0.9193281115312648,0.9961194966460164
cb_rnn,6,11,7,full,0.01,0.9107360585997318,0.9107360585997318,0.9930442314140384
cb_rnn,6,11,8,full,0.01,1.0026528814648845,1.0026528814648845,1.0868214130809386
cb_rnn,6,11,9,full,0.01,1.044171182567621,1.044171182567621,1.1460629950651837
cb_rnn,6,11,1,full,0.1,0.9753597746916195,0.9753597746916195,1.0107464487894595
cb_rnn,6,11,2,full,0.1,0.9656597185746146,0.9656597185746146,1.015369613001107
cb_rnn,6,11,3,full,0.1,0.9383935005646451,0.9383935005646451,1.0018842435371549
cb_rnn,6,11,4,full,0.1,0.9174101628395399,0.9174101628395399,0.9826467783822007
cb_rnn,6,11,5,full,0.1,0.8884752989798567,0.8884752989798567,0.9593726512600267
cb_rnn,6,11,6,full,0.1,0.9176866118396199,0.9176866118396199,0.9949409048975497
cb_rnn,6,11,7,full,0.1,0.9089255756815164,0.9089255756815164,0.9915623959940891
cb_rnn,6,11,8,full,0.1,1.0001877972389006,1.0001877972389006,1.0844989544877794
cb_rnn,6,11,9,full,0.1,1.0417522604232357,1.0417522604232357,1.1434787127392496
cb_rnn,6,11,1,full,0.3,0.973502520175709,0.973502520175709,1.009324901977743
cb_rnn,6,11,2,full,0.3,0.9625043051591844,0.9625043051591844,1.0131258228077797
cb_rnn,6,11,3,full,0.3,0.9351435398154968,0.9351435398154968,0.9993100358852889
cb_rnn,6,11,4,full,0.3,0.9138566225257112,0.9138566225257112,0.9799936154421798
cb_rnn,6,11,5,full,0.3,0.8847176370097055,0.8847176370097055,0.9562944332005792
cb_rnn,6,11,6,full,0.3,0.9128800956370259,0.9128800956370259,0.991145881449025
cb_rnn,6,11,7,full,0.3,0.9036546720674838,0.9036546720674838,0.9871069855049266
cb_rnn,6,11,8,full,0.3,0.9939738991802559,0.9939738991802559,1.0784893129684225
cb_rnn,6,11,9,full,0.3,1.0365174265970747,1.0365174265970747,1.137999535952591
cb_rnn,6,11,1,clamped,0.001,0.7168226235644893,0.7168226235644893,0.7934287950651606
cb_rnn,6,11,2,clamped,0.001,0.5583881696451289,0.5583881696451289,0.6662382839818903
cb_rnn,6,11,3,clamped,0.001,0.434484277613585,0.434484277613585,0.5744189465611829
cb_rnn,6,11,4,clamped,0.001,0.37403052202095644,0.37403052202095644,0.5041678534136594
cb_rnn,6,11,5,clamped,0.001,0.3339445835863763,0.3339445835863763,0.43729624957538127
cb_rnn,6,11,6,clamped,0.001,0.2550117712801778,0.2550117712801778,0.3678071557294108
cb_rnn,6,11,7,clamped,0.001,0.21134735424086998,0.21134735424086998,0.3000002719528762
cb_rnn,6,11,8,clamped,0.001,0.16516392180790845,0.16516392180790845,0.23650240808585538
cb_rnn,6,11,9,clamped,0.001,0.11403573558553132,0.11403573558553132,0.1805201875315825
cb_rnn,6,11,1,clamped,0.01,0.7166705322915485,0.7166705322915485,0.7933133156471464
cb_rnn,6,11,2,clamped,0.01,0.5582732841655076,0.5582732841655076,0.6661354812389967
cb_rnn,6,11,3,clamped,0.01,0.43437718891681626,0.43437718891681626,0.5742984801390628
cb_rnn,6,11,4,clamped,0.01,0.37394047259994956,0.37394047259994956,0.5040545726999618
cb_rnn,6,11,5,clamped,0.01,0.3338507730659776,0.3338507730659776,0.4371814288632522
cb_rnn,6,11,6,clamped,0.01,0.25493513827274494,0.25493513827274494,0.3677024553197017
cb_rnn,6,11,7,clamped,0.01,0.21128673043220753,0.21128673043220753,0.2999149560657022
cb_rnn,6,11,8,clamped,0.01,0.16511689476783148,0.16511689476783148,0.2364365576561561
cb_rnn,6,11,9,clamped,0.01,0.11399936150468554,0.11399936150468554,0.1804655948239563
cb_rnn,6,11,1,clamped,0.1,0.716047324011768,0.716047324011768,0.7928414812141085
cb_rnn,6,11,2,clamped,0.1,0.5577320587408743,0.5577320587408743,0.6657671318643934
cb_rnn,6,11,3,clamped,0.1,0.43392424301874344,0.43392424301874344,0.5739377193509134
cb_rnn,6,11,4,clamped,0.1,0.3735836422298577,0.3735836422298577,0.5037041830895774
cb_rnn,6,11,5,clamped,0.1,0.3334904126586912,0.3334904126586912,0.4368093086322211
cb_rnn,6,11,6,clamped,0.1,0.2545607381311258,0.2545607381311258,0.36730401887175057
cb_rnn,6,11,7,clamped,0.1,0.21096610151217265,0.21096610151217265,0.2995228085270357
cb_rnn,6,11,8,clamped,0.1,0.16486777456701046,0.16486777456701046,0.2360829275847139
cb_rnn,6,11,9,clamped,0.1,0.1138238954351221,0.1138238954351221,0.180202720988899
cb_rnn,6,11,1,clamped,0.3,0.7148259890756388,0.7148259890756388,0.7919513787650274
cb_rnn,6,11,2,clamped,0.3,0.5565761165076053,0.5565761165076053,0.6649107978774461
cb_rnn,6,11,3,clamped,0.3,0.4330948344293873,0.4330948344293873,0.5731349364495956
cb_rnn,6,11,4,clamped,0.3,0.3727944227850929,0.3727944227850929,0.50285149519742
cb_rnn,6,11,5,clamped,0.3,0.33274442752619926,0.33274442752619926,0.4359595249201093
cb_rnn,6,11,6,clamped,0.3,0.25388892164424337,0.25388892164424337,0.36648790955443444
cb_rnn,6,11,7,clamped,0.3,0.21037053045669737,0.21037053045669737,0.2987938300351424
cb_rnn,6,11,8,clamped,0.3,0.16441176342991343,0.16441176342991343,0.2354505388993942
cb_rnn,6,11,9,clamped,0.3,0.1135281616743509,0.1135281616743509,0.17970859570516268
cb_rnn,6,16,1,full,0.001,0.9663312486695618,0.9663312486695618,0.9865115974885997
cb_rnn,6,16,2,full,0.001,0.9615965686190417,0.9615965686190417,0.9882137379675555
cb_rnn,6,16,3,full,0.001,0.980263274587937,0.980263274587937,1.01634279986482
cb_rnn,6,16,4,full,0.001,0.988418883636276,0.988418883636276,1.0289333792003008
cb_rnn,6,16,5,full,0.001,0.9868532590321585,0.9868532590321585,1.0288707613964423
cb_rnn,6,16,6,full,0.001,0.9672325067823967,0.9672325067823967,1.014532508193335
cb_rnn,6,16,7,full,0.001,0.9623409426134026,0.9623409426134026,1.0099064929656816
cb_rnn,6,16,8,full,0.001,0.9462046063206312,0.9462046063206312,0.9927771901271601
cb_rnn,6,16,9,full,0.001,0.9301229598793122,0.9301229598793122,0.982101261396565
cb_rnn,6,16,10,full,0.001,0.9560176424408635,0.9560176424408635,1.013901734673411
cb_rnn,6,16,11,full,0.001,1.0005599898407056,1.0005599898407056,1.061092978055735
cb_rnn,6,16,12,full,0.001,1.0012401941021514,1.0012401941021514,1.0702676964612068
cb_rnn,6,16,13,full,0.001,1.036427768820742,1.036427768820742,1.1196889842885729
cb_rnn,6,16,14,full,0.001,1.013105977915079,1.013105977915079,1.1380657688598708
cb_rnn,6,16,1,full,0.01,0.9662219945799917,0.9662219945799917,0.9864474447890105
cb_rnn,6,16,2,full,0.01,0.9615475047901759,0.9615475047901759,0.9881870917075541
cb_rnn,6,16,3,full,0.01,0.98012901924039,0.98012901924039,1.0162594635044973
cb_rnn,6,16,4,full,0.01,0.9883299574590303,0.9883299574590303,1.0288364541318855
cb_rnn,6,16,5,full,0.01,0.9868017221823715,0.9868017221823715,1.0288148933744838
cb_rnn,6,16,6,full,0.01,0.9672354049666761,0.9672354049666761,1.0145593032978018
cb_rnn,6,16,7,full,0.01,0.9622571198142016,0.9622571198142016,1.0098690843923435
cb_rnn,6,16,8,full,0.01,0.946099456198831,0.946099456198831,0.992704271467078
cb_rnn,6,16,9,full,0.01,0.9300137796333952,0.9300137796333952,0.9820210082455412
cb_rnn,6,16,10,full,0.01,0.95591829758857,0.95591829758857,1.013805427323557
cb_rnn,6,16,11,full,0.01,1.000445440923277,1.000445440923277,1.0609843464327793
cb_rnn,6,16,12,full,0.01,1.0010083206217446,1.0010083206217446,1.0700323764200719
cb_rnn,6,16,13,full,0.01,1.0361709416573581,1.0361709416573581,1.1194649980459177
cb_rnn,6,16,14,full,0.01,1.0127217844727483,1.0127217844727483,1.1377120271357442
cb_rnn,6,16,1,full,0.1,0.9659199758904646,0.9659199758904646,0.9861239142821006
cb_rnn,6,16,2,full,0.1,0.9605508446569131,0.9605508446569131,0.9874059429608224
cb_rnn,6,16,3,full,0.1,0.9787248110594273,0.9787248110594273,1.0152010043255313
cb_rnn,6,16,4,full,0.1,0.9866316241012075,0.9866316241012075,1.0274646062847475
cb_rnn,6,16,5,full,0.1,0.9849587378486506,0.9849587378486506,1.027301024297331
cb_rnn,6,16,6,full,0.1,0.9653471506578377,0.9653471506578377,1.0130596351787218
cb_rnn,6,16,7,full,0.1,0.9601269195324564,0.9601269195324564,1.0081245262845298
cb_rnn,6,16,8,full,0.1,0.9441728918371364,0.9441728918371364,0.990947705523305
cb_rnn,6,16,9,full,0.1,0.9282226705783443,0.9282226705783443,0.9804107494203523
cb_rnn,6,16,10,full,0.1,0.9538352724311336,0.9538352724311336,1.011912377121774
cb_rnn,6,16,11,full,0.1,0.9982857178769748,0.9982857178769748,1.0590420775442517
cb_rnn,6,16,12,full,0.1,0.9983469071460594,0.9983469071460594,1.067630423416582
cb_rnn,6,16,13,full,0.1,1.0326444617243538,1.0326444617243538,1.1160783693591987
cb_rnn,6,16,14,full,0.1,1.010282934427573,1.010282934427573,1.1343544706878055
cb_rnn,6,16,1,full,0.3,0.9648930715207549,0.9648930715207549,0.9851959765675891
cb_rnn,6,16,2,full,0.3,0.9579806706562428,0.9579806706562428,0.9854090021919634
cb_rnn,6,16,3,full,0.3,0.974902752327168,0.974902752327168,1.0120002794372693
cb_rnn,6,16,4,full,0.3,0.9823676683116332,0.9823676683116332,1.0238837933155505
cb_rnn,6,16,5,full,0.3,0.9802621961499399,0.9802621961499399,1.0232710854203633
cb_rnn,6,16,6,full,0.3,0.9605028612977753,0.9605028612977753,1.008859800406545
cb_rnn,6,16,7,full,0.3,0.9552033157994062,0.9552033157994062,1.0039071189065782
cb_rnn,6,16,8,full,0.3,0.9394717925741191,0.9394717925741191,0.9868405043349882
cb_rnn,6,16,9,full,0.3,0.9239023830055347,0.9239023830055347,0.9766816338624607
cb_rnn,6,16,10,full,0.3,0.9492032818069025,0.9492032818069025,1.0080738461203158
cb_rnn,6,16,11,full,0.3,0.9933664644074613,0.9933664644074613,1.0549688383774876
cb_rnn,6,16,12,full,0.3,0.9925627093885555,0.9925627093885555,1.0628897520007778
cb_rnn,6,16,13,full,0.3,1.0259119089241224,1.0259119089241224,1.1101398713287591
cb_rnn,6,16,14,full,0.3,1.0055271625087576,1.0055271625087576,1.128042923709093
cb_rnn,6,16,1,clamped,0.001,0.8754303554030614,0.8754303554030614,0.9205907137826304
cb_rnn,6,16,2,clamped,0.001,0.831024043303149,0.831024043303149,0.8825420296825042
cb_rnn,6,16,3,clamped,0.001,0.7701291495939856,0.7701291495939856,0.8234829291592419
cb_rnn,6,16,4,clamped,0.001,0.7029409788590609,0.7029409788590609,0.762805997399591
cb_rnn,6,16,5,clamped,0.001,0.6379582657785585,0.6379582657785585,0.7051802887794065
cb_rnn,6,16,6,clamped,0.001,0.5890031396478526,0.5890031396478526,0.6558632450671629
cb_rnn,6,16,7,clamped,0.001,0.552006932466901,0.552006932466901,0.621687633928637
cb_rnn,6,16,8,clamped,0.001,0.5076618715528872,0.5076618715528872,0.5921357201977717
cb_rnn,6,16,9,clamped,0.001,0.4549172597860732,0.4549172597860732,0.5586976814577482
cb_rnn,6,16,10,clamped,0.001,0.42473490323579227,0.42473490323579227,0.5213374471951223
cb_rnn,6,16,11,clamped,0.001,0.38692660748012964,0.38692660748012964,0.47647758168635673
cb_rnn,6,16,12,clamped,0.001,0.3462974159759218,0.3462974159759218,0.42578560654200487
cb_rnn,6,16,13,clamped,0.001,0.2979325403014571,0.2979325403014571,0.3701396858050583
cb_rnn,6,16,14,clamped,0.001,0.22787213458628902,0.22787213458628902,0.3118708456953728
cb_rnn,6,16,1,clamped,0.01,0.8753225933427584,0.8753225933427584,0.920532863891254
cb_rnn,6,16,2,clamped,0.01,0.8309197863889013,0.8309197863889013,0.8824237261046506
cb_rnn,6,16,3,clamped,0.01,0.7699507879720848,0.7699507879720848,0.823294621859693
cb_rnn,6,16,4,clamped,0.01,0.7028119961275044,0.7028119961275044,0.7626597255756042
cb_rnn,6,16,5,clamped,0.01,0.6378553611837541,0.6378553611837541,0.7050610635434336
cb_rnn,6,16,6,clamped,0.01,0.5889204123009629,0.5889204123009629,0.6557700467461264
cb_rnn,6,16,7,clamped,0.01,0.5518524164902894,0.5518524164902894,0.6215359251303786
cb_rnn,6,16,8,clamped,0.01,0.507543760169191,0.507543760169191,0.5920060633502915
cb_rnn,6,16,9,clamped,0.01,0.4548199764762473,0.4548199764762473,0.5585764708171952
cb_rnn,6,16,10,clamped,0.01,0.4246405344107124,0.4246405344107124,0.5212267632823033
cb_rnn,6,16,11,clamped,0.01,0.38683196875708653,0.38683196875708653,0.476359007750103
cb_rnn,6,16,12,clamped,0.01,0.3462127269192603,0.3462127269192603,0.42567204790856067
cb_rnn,6,16,13,clamped,0.01,0.2978634202708831,0.2978634202708831,0.3700399366433441
cb_rnn,6,16,14,clamped,0.01,0.22782003546818752,0.22782003546818752,0.31179750473952744
cb_rnn,6,16,1,clamped,0.1,0.8750638791816745,0.8750638791816745,0.9202842497245025
cb_rnn,6,16,2,clamped,0.1,0.8302253878519629,0.8302253878519629,0.8818684058042962
cb_rnn,6,16,3,clamped,0.1,0.7691476839648255,0.7691476839648255,0.8226436477838512
cb_rnn,6,16,4,clamped,0.1,0.7019781733845667,0.7019781733845667,0.7618843480209514
cb_rnn,6,16,5,clamped,0.1,0.6370453571558958,0.6370453571558958,0.7043089235100424
cb_rnn,6,16,6,clamped,0.1,0.5881392914128336,0.5881392914128336,0.655058101388904
cb_rnn,6,16,7,clamped,0.1,0.5509393469822141,0.5509393469822141,0.6206616228186125
cb_rnn,6,16,8,clamped,0.1,0.506764896050295,0.506764896050295,0.591180152360016
cb_rnn,6,16,9,clamped,0.1,0.4541478722165244,0.4541478722165244,0.5577936935512094
cb_rnn,6,16,10,clamped,0.1,0.4239386828070732,0.4239386828070732,0.520418945174649
cb_rnn,6,16,11,clamped,0.1,0.38618819144989397,0.38618819144989397,0.47557611288858703
cb_rnn,6,16,12,clamped,0.1,0.3456288848660211,0.3456288848660211,0.424940242275468
cb_rnn,6,16,13,clamped,0.1,0.2973608038281151,0.2973608038281151,0.3694159170360379
cb_rnn,6,16,14,clamped,0.1,0.2274542041943377,0.2274542041943377,0.3113143216073324
cb_rnn,6,16,1,clamped,0.3,0.873933027520351,0.873933027520351,0.9193321520936544
cb_rnn,6,16,2,clamped,0.3,0.8282109084209904,0.8282109084209904,0.8803437341093916
cb_rnn,6,16,3,clamped,0.3,0.7668657778752834,0.7668657778752834,0.8207028708399449
cb_rnn,6,16,4,clamped,0.3,0.6994412143685234,0.6994412143685234,0.7596254521008918
cb_rnn,6,16,5,clamped,0.3,0.6343961137958403,0.6343961137958403,0.7018350574320833
cb_rnn,6,16,6,clamped,0.3,0.5857648163848643,0.5857648163848643,0.6527282605009801
cb_rnn,6,16,7,clamped,0.3,0.5484851828162234,0.5484851828162234,0.6181487484147978
cb_rnn,6,16,8,clamped,0.3,0.5044655268211673,0.5044655268211673,0.5886475275659646
cb_rnn,6,16,9,clamped,0.3,0.4521279102648993,0.4521279102648993,0.5554115747910918
cb_rnn,6,16,10,clamped,0.3,0.42198917377029194,0.42198917377029194,0.5181500239412342
cb_rnn,6,16,11,clamped,0.3,0.384404077340253,0.384404077340253,0.473465344533613
cb_rnn,6,16,12,clamped,0.3,0.34401344144372736,0.34401344144372736,0.42299632826245487
cb_rnn,6,16,13,clamped,0.3,0.29595262289981905,0.29595262289981905,0.3676908346229122
cb_rnn,6,16,14,clamped,0.3,0.22636593721533327,0.22636593721533327,0.3098376877928373
cb_rnn,6,21,1,full,0.001,0.9799762252949843,0.9799762252949843,1.0115545214775348
cb_rnn,6,21,2,full,0.001,0.9682535549975679,0.9682535549975679,1.0276540187538155
cb_rnn,6,21,3,full,0.001,0.9244640420859382,0.9244640420859382,0.9976615094363662
cb_rnn,6,21,4,full,0.001,0.8999393351090035,0.8999393351090035,0.9837546606736951
cb_rnn,6,21,5,full,0.001,0.8835148695063852,0.8835148695063852,0.985184200532341
cb_rnn,6,21,6,full,0.001,0.8611611255701264,0.8611611255701264,0.9670565144612946
cb_rnn,6,21,7,full,0.001,0.852892691084402,0.852892691084402,0.9557911229752405
cb_rnn,6,21,8,full,0.001,0.8569371328821467,0.8569371328821467,0.9608191873359686
cb_rnn,6,21,9,full,0.001,0.8489135685573137,0.8489135685573137,0.9560712224379455
cb_rnn,6,21,10,full,0.001,0.8524917748314043,0.8524917748314043,0.9606457269833568
cb_rnn,6,21,11,full,0.001,0.8622125212718026,0.8622125212718026,0.9730948701402338
cb_rnn,6,21,12,full,0.001,0.8692595924412573,0.8692595924412573,0.9818132742701212
cb_rnn,6,21,13,full,0.001,0.8565805692195007,0.8565805692195007,0.9743510010402796
cb_rnn,6,21,14,full,0.001,0.8587102981862578,0.8587102981862578,0.9667664492381329
cb_rnn,6,21,15,full,0.001,0.8651165689438304,0.8651165689438304,0.9605975584008766
cb_rnn,6,21,16,full,0.001,0.882014992639141,0.882014992639141,0.9706514020438812
cb_rnn,6,21,17,full,0.001,0.8994000119191192,0.8994812213207907,1.0011303101144442
cb_rnn,6,21,18,full,0.001,0.9442524366863112,0.9442524366863112,1.0643806393953763
cb_rnn,6,21,19,full,0.001,0.9166478008544576,0.9166478008544576,1.0645633137759158
cb_rnn,6,21,1,full,0.01,0.9799789114702919,0.9799789114702919,1.0115406896073842
cb_rnn,6,21,2,full,0.01,0.9681884868168149,0.9681884868168149,1.0275716130996746
cb_rnn,6,21,3,full,0.01,0.9243706918454948,0.9243706918454948,0.9975536769142526
cb_rnn,6,21,4,full,0.01,0.8999391295750759,0.8999391295750759,0.9837842044076064
cb_rnn,6,21,5,full,0.01,0.8836969976271607,0.8836969976271607,0.9854018539425655
cb_rnn,6,21,6,full,0.01,0.8613018627439146,0.8613018627439146,0.967226582155908
cb_rnn,6,21,7,full,0.01,0.8528529902753998,0.8528529902753998,0.9559010715666837
cb_rnn,6,21,8,full,0.01,0.8569134532138692,0.8569134532138692,0.9609403786468682
cb_rnn,6,21,9,full,0.01,0.8487505435431255,0.8487505435431255,0.9560746297807413
cb_rnn,6,21,10,full,0.01,0.8524034477101873,0.8524034477101873,0.9606279333527288
cb_rnn,6,21,11,full,0.01,0.8621275383833262,0.8621275383833262,0.9730619915793847
cb_rnn,6,21,12,full,0.01,0.8692464712794303,0.8692464712794303,0.9818265790206537
cb_rnn,6,21,13,full,0.01,0.8565238442316827,0.8565238442316827,0.974378638857499
cb_rnn,6,21,14,full,0.01,0.8586555194333065,0.8586555194333065,0.9669786216547356
cb_rnn,6,21,15,full,0.01,0.8649512527655303,0.8649512527655303,0.960751370959184
cb_rnn,6,21,16,full,0.01,0.8817920802941841,0.8817920802941841,0.9707902574488305
cb_rnn,6,21,17,full,0.01,0.8991454368308589,0.899476695638278,1.0012485451225417
cb_rnn,6,21,18,full,0.01,0.9440686209464995,0.9440686209464995,1.0645560866191532
cb_rnn,6,21,19,full,0.01,0.9165043121198251,0.9165043121198251,1.064694440810432
cb_rnn,6,21,1,full,0.1,0.9789978756892355,0.9789978756892355,1.010709197570113
cb_rnn,6,21,2,full,0.1,0.9661029526625071,0.9661029526625071,1.025672850806723
cb_rnn,6,21,3,full,0.1,0.9217659988633023,0.9217659988633023,0.9950801978808923
cb_rnn,6,21,4,full,0.1,0.8972831480697379,0.8972831480697379,0.9810289342878166
cb_rnn,6,21,5,full,0.1,0.8813086732875051,0.8813086732875051,0.9828527814840194
cb_rnn,6,21,6,full,0.1,0.8590528165753581,0.8590528165753581,0.9646566912535515
cb_rnn,6,21,7,full,0.1,0.8503937046237423,0.8503937046237423,0.9533621576363268
cb_rnn,6,21,8,full,0.1,0.8547450949368688,0.8547450949368688,0.958841134864528
cb_rnn,6,21,9,full,0.1,0.846163152971262,0.846163152971262,0.953856740904591
cb_rnn,6,21,10,full,0.1,0.8497513843882949,0.8497513843882949,0.9580728487896906
cb_rnn,6,21,11,full,0.1,0.8596909608060224,0.8596909608060224,0.970860249062345
cb_rnn,6,21,12,full,0.1,0.8665547230167623,0.8665547230167623,0.979231154588593
cb_rnn,6,21,13,full,0.1,0.8533501841301991,0.8533501841301991,0.9713291207851205
cb_rnn,6,21,14,full,0.1,0.8558163769211642,0.8558163769211642,0.9640320912682026
cb_rnn,6,21,15,full,0.1,0.8620752627746411,0.8620752627746411,0.9581634752790738
cb_rnn,6,21,16,full,0.1,0.8789294609568833,0.8789294609568833,0.9680441605549494
cb_rnn,6,21,17,full,0.1,0.8963123052732321,0.8963998764703116,0.9987047720891363
cb_rnn,6,21,18,full,0.1,0.9412743953678779,0.9412743953678779,1.0619183725021446
cb_rnn,6,21,19,full,0.1,0.9142876111296492,0.9142876111296492,1.061656135432424
cb_rnn,6,21,1,full,0.3,0.9763641671687782,0.9763641671687782,1.008492911494343
cb_rnn,6,21,2,full,0.3,0.9616371101217311,0.9616371101217311,1.0218258656984314
cb_rnn,6,21,3,full,0.3,0.9161721447106844,0.9161721447106844,0.9897368623607878
cb_rnn,6,21,4,full,0.3,0.8913259020309994,0.8913259020309994,0.9749600690153236
cb_rnn,6,21,5,full,0.3,0.8761591348131778,0.8761591348131778,0.9772085955588098
cb_rnn,6,21,6,full,0.3,0.8545436529721655,0.8545436529721655,0.9596085974894011
cb_rnn,6,21,7,full,0.3,0.8457372830322272,0.8457372830322272,0.948506076648929
cb_rnn,6,21,8,full,0.3,0.8496904000502723,0.8496904000502723,0.9536694479616897
cb_rnn,6,21,9,full,0.3,0.8405467729885676,0.8405467729885676,0.9482914693806429
cb_rnn,6,21,10,full,0.3,0.8437941605868442,0.8437941605868442,0.951894726450581
cb_rnn,6,21,11,full,0.3,0.8533857392487421,0.8533857392487421,0.9640546306622638
cb_rnn,6,21,12,full,0.3,0.8603952203923365,0.8603952203923365,0.9726948159389204
cb_rnn,6,21,13,full,0.3,0.8471483904040135,0.8471483904040135,0.9647008788025396
cb_rnn,6,21,14,full,0.3,0.8492600303695643,0.8492600303695643,0.9571615524548949
cb_rnn,6,21,15,full,0.3,0.8553273149795407,0.8553273149795407,0.9513033869732367
cb_rnn,6,21,16,full,0.3,0.8718913892285522,0.8718913892285522,0.9607032774665987
cb_rnn,6,21,17,full,0.3,0.8890950489506523,0.8890950489506523,0.990830442317554
cb_rnn,6,21,18,full,0.3,0.9327180439221703,0.9327180439221703,1.0521245121812477
cb_rnn,6,21,19,full,0.3,0.9066889790454805,0.9066889790454805,1.0508497185537164
cb_rnn,6,21,1,clamped,0.001,0.9330388449065211,0.9330388449065211,0.9796221353848678
cb_rnn,6,21,2,clamped,0.001,0.9123669683151594,0.9123669683151594,0.976081827495247
cb_rnn,6,21,3,clamped,0.001,0.8663174901489461,0.8663174901489461,0.9418250452416079
cb_rnn,6,21,4,clamped,0.001,0.8202923509940372,0.8202923509940372,0.904079137313199
cb_rnn,6,21,5,clamped,0.001,0.7689923869843595,0.7689923869843595,0.8670919543143958
cb_rnn,6,21,6,clamped,0.001,0.7255545163908041,0.7255545163908041,0.8331595132204894
cb_rnn,6,21,7,clamped,0.001,0.7040519300245869,0.7040519300245869,0.8091314793637195
cb_rnn,6,21,8,clamped,0.001,0.6833704209811223,0.6833704209811223,0.7957291745007506
cb_rnn,6,21,9,clamped,0.001,0.6716356762434719,0.6716356762434719,0.7859312926958941
cb_rnn,6,21,10,clamped,0.001,0.6622239710586831,0.6622239710586831,0.781792959473574
cb_rnn,6,21,11,clamped,0.001,0.6606379843826539,0.6606379843826539,0.7793316223356315
cb_rnn,6,21,12,clamped,0.001,0.6531492477195708,0.6531492477195708,0.7731725472260984
cb_rnn,6,21,13,clamped,0.001,0.6464482777539363,0.6464482777539363,0.761455945054126
cb_rnn,6,21,14,clamped,0.001,0.6322015164741167,0.6322015164741167,0.7430603847093016
cb_rnn,6,21,15,clamped,0.001,0.6193827654344447,0.6193827654344447,0.7169872771231038
cb_rnn,6,21,16,clamped,0.001,0.6041531594314169,0.6041531594314169,0.6970523976208626
cb_rnn,6,21,17,clamped,0.001,0.5876475139223493,0.5876475139223493,0.6816271563246012
cb_rnn,6,21,18,clamped,0.001,0.5678517047151792,0.5678517047151792,0.655384675366648
cb_rnn,6,21,19,clamped,0.001,0.5090242078861759,0.5090242078861759,0.5972493704477153
cb_rnn,6,21,1,clamped,0.01,0.9330447363634501,0.9330447363634501,0.9796169331241942
cb_rnn,6,21,2,clamped,0.01,0.9123195872683583,0.9123195872683583,0.9760176062588294
cb_rnn,6,21,3,clamped,0.01,0.8662790550431808,0.8662790550431808,0.941774786249067
cb_rnn,6,21,4,clamped,0.01,0.8203305774482014,0.8203305774482014,0.904150961787572
cb_rnn,6,21,5,clamped,0.01,0.7691520556304037,0.7691520556304037,0.8672868376759426
cb_rnn,6,21,6,clamped,0.01,0.7256788300307804,0.7256788300307804,0.8333283041174381
cb_rnn,6,21,7,clamped,0.01,0.7040625557670753,0.7040625557670753,0.8092559234486663
cb_rnn,6,21,8,clamped,0.01,0.6834043901578927,0.6834043901578927,0.7958412037837905
cb_rnn,6,21,9,clamped,0.01,0.6715587380452509,0.6715587380452509,0.7859412694722703
cb_rnn,6,21,10,clamped,0.01,0.6621951383851523,0.6621951383851523,0.7817694300302841
cb_rnn,6,21,11,clamped,0.01,0.6606079818917583,0.6606079818917583,0.7792940039255225
cb_rnn,6,21,12,clamped,0.01,0.6531929426741514,0.6531929426741514,0.773227696172064
cb_rnn,6,21,13,clamped,0.01,0.6464464632196758,0.6464464632196758,0.7614368593409586
cb_rnn,6,21,14,clamped,0.01,0.6322223081732627,0.6322223081732627,0.7430908669670593
cb_rnn,6,21,15,clamped,0.01,0.6193922435481172,0.6193922435481172,0.7170512033594962
cb_rnn,6,21,16,clamped,0.01,0.6041464067203927,0.6041464067203927,0.6971138106664836
cb_rnn,6,21,17,clamped,0.01,0.5876445249373821,0.5876445249373821,0.6816873449265433
cb_rnn,6,21,18,clamped,0.01,0.5678466421985362,0.5678466421985362,0.655433606851235
cb_rnn,6,21,19,clamped,0.01,0.5090033252407253,0.5090033252407253,0.5972627066507221
cb_rnn,6,21,1,clamped,0.1,0.932022815573519,0.932022815573519,0.9787196898998458
cb_rnn,6,21,2,clamped,0.1,0.9102358358085678,0.9102358358085678,0.9740570158305252
cb_rnn,6,21,3,clamped,0.1,0.8638292407959176,0.8638292407959176,0.9393703380655826
cb_rnn,6,21,4,clamped,0.1,0.8179351712328065,0.8179351712328065,0.901622305072955
cb_rnn,6,21,5,clamped,0.1,0.7669522498767747,0.7669522498767747,0.864853316568635
cb_rnn,6,21,6,clamped,0.1,0.7236320241965681,0.7236320241965681,0.8308337318622204
cb_rnn,6,21,7,clamped,0.1,0.7019670913096754,0.7019670913096754,0.8068030163943154
cb_rnn,6,21,8,clamped,0.1,0.681568547942571,0.681568547942571,0.7937552780744104
cb_rnn,6,21,9,clamped,0.1,0.6692436697643542,0.6692436697643542,0.7835634442152437
cb_rnn,6,21,10,clamped,0.1,0.6597360145222859,0.6597360145222859,0.7789075596190682
cb_rnn,6,21,11,clamped,0.1,0.6582808239619831,0.6582808239619831,0.7765209221711163
cb_rnn,6,21,12,clamped,0.1,0.6507402872975214,0.6507402872975214,0.77033609261276
cb_rnn,6,21,13,clamped,0.1,0.6437704227674946,0.6437704227674946,0.7584299167235451
cb_rnn,6,21,14,clamped,0.1,0.6299066108633473,0.6299066108633473,0.7402848747775848
cb_rnn,6,21,15,clamped,0.1,0.6172048338532713,0.6172048338532713,0.7144294324674183
cb_rnn,6,21,16,clamped,0.1,0.6020459055848622,0.6020459055848622,0.6946669575629343
cb_rnn,6,21,17,clamped,0.1,0.5857296381230932,0.5857296381230932,0.6795478188997521
cb_rnn,6,21,18,clamped,0.1,0.5660927088308032,0.5660927088308032,0.6534463848683565
cb_rnn,6,21,19,clamped,0.1,0.5074256876378642,0.5074256876378642,0.5953771122871491
cb_rnn,6,21,1,clamped,0.3,0.9293181951490938,0.9293181951490938,0.9763298458966341
cb_rnn,6,21,2,clamped,0.3,0.9058390067944524,0.9058390067944524,0.9701817138433511
cb_rnn,6,21,3,clamped,0.3,0.8586930815273237,0.8586930815273237,0.9342849246432443
cb_rnn,6,21,4,clamped,0.3,0.8126256194128525,0.8126256194128525,0.8959751449252409
cb_rnn,6,21,5,clamped,0.3,0.762242583749117,0.762242583749117,0.859320287064129
cb_rnn,6,21,6,clamped,0.3,0.7194493558537117,0.7194493558537117,0.825643258127245
cb_rnn,6,21,7,clamped,0.3,0.6979929203161725,0.6979929203161725,0.8020484596384956
cb_rnn,6,21,8,clamped,0.3,0.6774335953978873,0.6774335953978873,0.7888149559343203
cb_rnn,6,21,9,clamped,0.3,0.6645220931633895,0.6645220931633895,0.7783930241313675
cb_rnn,6,21,10,clamped,0.3,0.6549727759983709,0.6549727759983709,0.7733625263423232
cb_rnn,6,21,11,clamped,0.3,0.6534043864707855,0.6534043864707855,0.7705559387634211
cb_rnn,6,21,12,clamped,0.3,0.6457363296241279,0.6457363296241279,0.7643753304865571
cb_rnn,6,21,13,clamped,0.3,0.6387642155232767,0.6387642155232767,0.7526584871985982
cb_rnn,6,21,14,clamped,0.3,0.6250828592182539,0.6250828592182539,0.7346561096011701
cb_rnn,6,21,15,clamped,0.3,0.612513814357811,0.612513814357811,0.7089822605610083
cb_rnn,6,21,16,clamped,0.3,0.597411340353954,0.597411340353954,0.6892710843590601
cb_rnn,6,21,17,clamped,0.3,0.5813098123938734,0.5813098123938734,0.6744825111412152
cb_rnn,6,21,18,clamped,0.3,0.561668772314699,0.561668772314699,0.6483406196719617
cb_rnn,6,21,19,clamped,0.3,0.5032787784396685,0.5032787784396685,0.5904572632917506
cb_rnn,6,25,1,full,0.001,0.9328847601632859,0.9328847601632859,1.0004846753477374
cb_rnn,6,25,2,full,0.001,0.9624948513348127,0.9624948513348127,1.0815118375024522
cb_rnn,6,25,3,full,0.001,0.9346091494120816,0.9346091494120816,1.0780659217131259
cb_rnn,6,25,4,full,0.001,0.9040069501592639,0.9040069501592639,1.0648686008101222
cb_rnn,6,25,5,full,0.001,0.9090576948440162,0.9090576948440162,1.0754599762286925
cb_rnn,6,25,6,full,0.001,0.8973692853231547,0.8973692853231547,1.0693585978067714
cb_rnn,6,25,7,full,0.001,0.8709766874182667,0.8709766874182667,1.054717332832872
cb_rnn,6,25,8,full,0.001,0.8616857372136856,0.8616857372136856,1.0427475163541735
cb_rnn,6,25,9,full,0.001,0.8746886075212658,0.8746886075212658,1.043819211769979
cb_rnn,6,25,10,full,0.001,0.8738938620658782,0.8738938620658782,1.0433418158087833
cb_rnn,6,25,11,full,0.001,0.8621578893645718,0.8621578893645718,1.0374121606059812
cb_rnn,6,25,12,full,0.001,0.8533935936508885,0.8533935936508885,1.022319966091102
cb_rnn,6,25,13,full,0.001,0.8502090115285814,0.8502090115285814,1.0119166280039378
cb_rnn,6,25,14,full,0.001,0.8596294773952051,0.8596294773952051,1.0256661057441943
cb_rnn,6,25,15,full,0.001,0.8639162645980364,0.8639162645980364,1.034695723286977
cb_rnn,6,25,16,full,0.001,0.8882943046945414,0.8882943046945414,1.057750085033571
cb_rnn,6,25,17,full,0.001,0.9039760189449164,0.9039760189449164,1.0808642482856015
cb_rnn,6,25,18,full,0.001,0.9068654825894034,0.9068654825894034,1.0777638220721024
cb_rnn,6,25,19,full,0.001,0.910087891828785,0.910087891828785,1.0653665125422882
cb_rnn,6,25,20,full,0.001,0.9128567974582023,0.9128567974582023,1.0749197202382956
cb_rnn,6,25,21,full,0.001,0.9285299401204578,0.9285299401204578,1.122522495182186
cb_rnn,6,25,22,full,0.001,0.9815889018536718,0.9815889018536718,1.191207437913615
cb_rnn,6,25,23,full,0.001,0.9347458542365157,0.9347458542365157,1.1883016101566595
cb_rnn,6,25,1,full,0.01,0.9327257876615529,0.9327257876615529,1.0003632218365361
cb_rnn,6,25,2,full,0.01,0.9621281146303747,0.9621281146303747,1.0811128319293704
cb_rnn,6,25,3,full,0.01,0.9341479682413925,0.9341479682413925,1.0776089277624177
cb_rnn,6,25,4,full,0.01,0.9035128241546243,0.9035128241546243,1.0642934571057359
cb_rnn,6,25,5,full,0.01,0.9084382020396172,0.9084382020396172,1.0746856397202036
cb_rnn,6,25,6,full,0.01,0.8969293233592401,0.8969293233592401,1.0689993744053545
cb_rnn,6,25,7,full,0.01,0.8705818365585806,0.8705818365585806,1.0543779108166478
cb_rnn,6,25,8,full,0.01,0.861647325647124,0.861647325647124,1.042694559837026
cb_rnn,6,25,9,full,0.01,0.8748222325171442,0.8748222325171442,1.0438113995954879
cb_rnn,6,25,10,full,0.01,0.8740973390938419,0.8740973390938419,1.0435383146447061
cb_rnn,6,25,11,full,0.01,0.8623206799639703,0.8623206799639703,1.0376694071788286
cb_rnn,6,25,12,full,0.01,0.8533350868002421,0.8533350868002421,1.0225157154025737
cb_rnn,6,25,13,full,0.01,0.8503008546379559,0.8503008546379559,1.012382795160557
cb_rnn,6,25,14,full,0.01,0.8598106968461479,0.8598106968461479,1.0262557586673817
cb_rnn,6,25,15,full,0.01,0.8640530441482714,0.8640530441482714,1.0351736868815367
cb_rnn,6,25,16,full,0.01,0.8886069847857752,0.8886069847857752,1.0583243885912674
cb_rnn,6,25,17,full,0.01,0.9041438181492296,0.9041438181492296,1.08143983536052
cb_rnn,6,25,18,full,0.01,0.907264762086615,0.907264762086615,1.0783343510483592
cb_rnn,6,25,19,full,0.01,0.9104954266880576,0.9104954266880576,1.066011385147886
cb_rnn,6,25,20,full,0.01,0.9131295720937023,0.9131295720937023,1.0755474142638743
cb_rnn,6,25,21,full,0.01,0.928723521628983,0.928723521628983,1.1228879850057285
cb_rnn,6,25,22,full,0.01,0.9818335317977214,0.9818335317977214,1.1914886286137087
cb_rnn,6,25,23,full,0.01,0.9352862716676761,0.9352862716676761,1.1888179694947747
cb_rnn,6,25,1,full,0.1,0.932148851713387,0.932148851713387,0.9997928740968562
cb_rnn,6,25,2,full,0.1,0.9603976412957576,0.9603976412957576,1.0796454778363884
cb_rnn,6,25,3,full,0.1,0.9315721130614121,0.9315721130614121,1.0752705481158267
cb_rnn,6,25,4,full,0.1,0.9014143637356234,0.9014143637356234,1.062052033529231
cb_rnn,6,25,5,full,0.1,0.9061703782835561,0.9061703782835561,1.072162947183258
cb_rnn,6,25,6,full,0.1,0.8955915144626354,0.8955915144626354,1.0677307852705846
cb_rnn,6,25,7,full,0.1,0.8693980883927698,0.8693980883927698,1.0529732163270165
cb_rnn,6,25,8,full,0.1,0.8603952518998115,0.8603952518998115,1.041342674371812
cb_rnn,6,25,9,full,0.1,0.8737457823266233,0.8737457823266233,1.0429064168594944
cb_rnn,6,25,10,full,0.1,0.8735912415525217,0.8735912415525217,1.0432007585051253
cb_rnn,6,25,11,full,0.1,0.8613871616368041,0.8613871616368041,1.0373118179616854
cb_rnn,6,25,12,full,0.1,0.8520017590720745,0.8520017590720745,1.0218824383201535
cb_rnn,6,25,13,full,0.1,0.849699801236131,0.849699801236131,1.012151692160577
cb_rnn,6,25,14,full,0.1,0.8595105757978574,0.8595105757978574,1.0262854492016604
cb_rnn,6,25,15,full,0.1,0.8642154897414382,0.8642154897414382,1.0363304208075779
cb_rnn,6,25,16,full,0.1,0.8895295522363036,0.8895295522363036,1.0597102335597146
cb_rnn,6,25,17,full,0.1,0.9048417131043025,0.9048417131043025,1.0826091074848283
cb_rnn,6,25,18,full,0.1,0.9083175072351919,0.9083175072351919,1.0800679075687538
cb_rnn,6,25,19,full,0.1,0.9112715784065946,0.9112715784065946,1.0677192256655523
cb_rnn,6,25,20,full,0.1,0.9128400959383425,0.9128400959383425,1.0761107590439916
cb_rnn,6,25,21,full,0.1,0.9279805756124274,0.9279805756124274,1.1221873548935097
cb_rnn,6,25,22,full,0.1,0.9811258457917167,0.9811258457917167,1.190626506704473
cb_rnn,6,25,23,full,0.1,0.9362383946637696,0.9362383946637696,1.1874022739973187
cb_rnn,6,25,1,full,0.3,0.9287923226882814,0.9287923226882814,0.9969681452645764
cb_rnn,6,25,2,full,0.3,0.955789521705352,0.955789521705352,1.0753672791637165
cb_rnn,6,25,3,full,0.3,0.9263155519030793,0.9263155519030793,1.0704736052097852
cb_rnn,6,25,4,full,0.3,0.896431028580162,0.896431028580162,1.0570685201850505
cb_rnn,6,25,5,full,0.3,0.9013260614857911,0.9013260614857911,1.0671516512218715
cb_rnn,6,25,6,full,0.3,0.89069893326768,0.89069893326768,1.0627916166086004
cb_rnn,6,25,7,full,0.3,0.8646144254700223,0.8646144254700223,1.048236658924329
cb_rnn,6,25,8,full,0.3,0.8547474867115272,0.8547474867115272,1.0359345495523087
cb_rnn,6,25,9,full,0.3,0.8685056802352176,0.8685056802352176,1.0372962461347028
cb_rnn,6,25,10,full,0.3,0.8684786278565165,0.8684786278565165,1.0374957196357288
cb_rnn,6,25,11,full,0.3,0.8560231640290329,0.8560231640290329,1.0317045579517372
cb_rnn,6,25,12,full,0.3,0.8457527273370705,0.8457527273370705,1.0140830955657187
cb_rnn,6,25,13,full,0.3,0.843812099409528,0.843812099409528,1.004344082156764
cb_rnn,6,25,14,full,0.3,0.8533396997967035,0.8533396997967035,1.0179347039907474
cb_rnn,6,25,15,full,0.3,0.8577928378285119,0.8577928378285119,1.0279232888684813
cb_rnn,6,25,16,full,0.3,0.8836612331683547,0.8836612331683547,1.0516305807017545
cb_rnn,6,25,17,full,0.3,0.8977483370526771,0.8977483370526771,1.0733413225890627
cb_rnn,6,25,18,full,0.3,0.9013878743018684,0.9013878743018684,1.0717614211862183
cb_rnn,6,25,19,full,0.3,0.9052938560819267,0.9052938560819267,1.0604783074883055
cb_rnn,6,25,20,full,0.3,0.9061706777808636,0.9061706777808636,1.0687610802833878
cb_rnn,6,25,21,full,0.3,0.9217543821043873,0.9217543821043873,1.114857657181286
cb_rnn,6,25,22,full,0.3,0.9759072520197838,0.9759072520197838,1.183897838335582
cb_rnn,6,25,23,full,0.3,0.931131922893314,0.931131922893314,1.1784589472425282
cb_rnn,6,25,1,clamped,0.001,0.898741775957241,0.898741775957241,0.9762791999316422
cb_rnn,6,25,2,clamped,0.001,0.8954497046610738,0.8954497046610738,1.0181441234625186
cb_rnn,6,25,3,clamped,0.001,0.8802563343926197,0.8802563343926197,1.024718033643213
cb_rnn,6,25,4,clamped,0.001,0.8542755770974245,0.8542755770974245,1.0095705021067027
cb_rnn,6,25,5,clamped,0.001,0.8373980234482163,0.8373980234482163,0.9983065289329256
cb_rnn,6,25,6,clamped,0.001,0.8153856826862047,0.8153856826862047,0.9839090288664167
cb_rnn,6,25,7,clamped,0.001,0.7844753641987641,0.7844753641987641,0.9570820174036896
cb_rnn,6,25,8,clamped,0.001,0.7712270902789102,0.7712270902789102,0.9388096930494053
cb_rnn,6,25,9,clamped,0.001,0.7757856547677988,0.7757856547677988,0.9363686770565935
cb_rnn,6,25,10,clamped,0.001,0.7688193878023679,0.7688193878023679,0.9289996047841889
cb_rnn,6,25,11,clamped,0.001,0.7584363734063652,0.7584363734063652,0.9175007423776594
cb_rnn,6,25,12,clamped,0.001,0.7495360182651607,0.7495360182651607,0.907718273202472
cb_rnn,6,25,13,clamped,0.001,0.7480676359987308,0.7480676359987308,0.9001123400838165
cb_rnn,6,25,14,clamped,0.001,0.7509074754781601,0.7509074754781601,0.9019631328687523
cb_rnn,6,25,15,clamped,0.001,0.7511975831255584,0.7511975831255584,0.9086343001335607
cb_rnn,6,25,16,clamped,0.001,0.7633592092903188,0.7633592092903188,0.9226556756260108
cb_rnn,6,25,17,clamped,0.001,0.7664470530458961,0.7664470530458961,0.9255596565828206
cb_rnn,6,25,18,clamped,0.001,0.7604654576842715,0.7604654576842715,0.9080343854939417
cb_rnn,6,25,19,clamped,0.001,0.7504154033137523,0.7504154033137523,0.8883227699994753
cb_rnn,6,25,20,clamped,0.001,0.747888257243745,0.747888257243745,0.8895255834547338
cb_rnn,6,25,21,clamped,0.001,0.7502626268783443,0.7502626268783443,0.9097084183016115
cb_rnn,6,25,22,clamped,0.001,0.7453093953981471,0.7453093953981471,0.8980642010716791
cb_rnn,6,25,23,clamped,0.001,0.6623403041687386,0.6623403041687386,0.8330184886122747
cb_rnn,6,25,1,clamped,0.01,0.8986231915834826,0.8986231915834826,0.9761984356922055
cb_rnn,6,25,2,clamped,0.01,0.8951575393638871,0.8951575393638871,1.0178200528162682
cb_rnn,6,25,3,clamped,0.01,0.8798845477882514,0.8798845477882514,1.0243601309577637
cb_rnn,6,25,4,clamped,0.01,0.853896513353816,0.853896513353816,1.0091326532520846
cb_rnn,6,25,5,clamped,0.01,0.836867345661062,0.836867345661062,0.9976405592441245
cb_rnn,6,25,6,clamped,0.01,0.8150250227139926,0.8150250227139926,0.9836273477304995
cb_rnn,6,25,7,clamped,0.01,0.7841533469015975,0.7841533469015975,0.9567928945457761
cb_rnn,6,25,8,clamped,0.01,0.7712621236118764,0.7712621236118764,0.938776866636447
cb_rnn,6,25,9,clamped,0.01,0.7759347397358782,0.7759347397358782,0.9363574119292006
cb_rnn,6,25,10,clamped,0.01,0.7690111888564533,0.7690111888564533,0.9291818240405029
cb_rnn,6,25,11,clamped,0.01,0.7585654221058086,0.7585654221058086,0.9177263147647523
cb_rnn,6,25,12,clamped,0.01,0.7495075109697447,0.7495075109697447,0.9078597241470164
cb_rnn,6,25,13,clamped,0.01,0.7481061750600381,0.7481061750600381,0.9004803392574121
cb_rnn,6,25,14,clamped,0.01,0.7509741622289163,0.7509741622289163,0.9023562851273019
cb_rnn,6,25,15,clamped,0.01,0.7512106292546696,0.7512106292546696,0.9089759975929573
cb_rnn,6,25,16,clamped,0.01,0.7634461719344648,0.7634461719344648,0.9230197982646385
cb_rnn,6,25,17,clamped,0.01,0.7664838583113365,0.7664838583113365,0.9258652686820208
cb_rnn,6,25,18,clamped,0.01,0.7607221777532107,0.7607221777532107,0.9084290745582319
cb_rnn,6,25,19,clamped,0.01,0.750705640720934,0.750705640720934,0.8888185865455028
cb_rnn,6,25,20,clamped,0.01,0.7481330718616546,0.7481330718616546,0.8900965696019004
cb_rnn,6,25,21,clamped,0.01,0.750490790946672,0.750490790946672,0.9102026178017487
cb_rnn,6,25,22,clamped,0.01,0.7456232406455909,0.7456232406455909,0.8985998809940695
cb_rnn,6,25,23,clamped,0.01,0.662649188866268,0.662649188866268,0.8336320086732132
cb_rnn,6,25,1,clamped,0.1,0.8977647797366336,0.8977647797366336,0.9753142572997162
cb_rnn,6,25,2,clamped,0.1,0.8934803607503712,0.8934803607503712,1.0163038007467802
cb_rnn,6,25,3,clamped,0.1,0.8774098176420354,0.8774098176420354,1.0220974367261526
cb_rnn,6,25,4,clamped,0.1,0.8517677432294475,0.8517677432294475,1.0068046462197247
cb_rnn,6,25,5,clamped,0.1,0.8344823633226688,0.8344823633226688,0.9949239325375233
cb_rnn,6,25,6,clamped,0.1,0.8134682347672115,0.8134682347672115,0.9819456635823403
cb_rnn,6,25,7,clamped,0.1,0.7828082661746965,0.7828082661746965,0.9551017223864348
cb_rnn,6,25,8,clamped,0.1,0.7699426466954499,0.7699426466954499,0.9371768240853806
cb_rnn,6,25,9,clamped,0.1,0.775014162482506,0.775014162482506,0.9353740704494842
cb_rnn,6,25,10,clamped,0.1,0.7685427054163123,0.7685427054163123,0.9286094544351682
cb_rnn,6,25,11,clamped,0.1,0.7577217941485237,0.7577217941485237,0.9173857637094898
cb_rnn,6,25,12,clamped,0.1,0.7482306166758149,0.7482306166758149,0.9074089590722669
cb_rnn,6,25,13,clamped,0.1,0.7474474613331372,0.7474474613331372,0.9003983680658358
cb_rnn,6,25,14,clamped,0.1,0.7504813968799102,0.7504813968799102,0.9023150606764601
cb_rnn,6,25,15,clamped,0.1,0.7509930416837862,0.7509930416837862,0.9096909410880372
cb_rnn,6,25,16,clamped,0.1,0.7635470073410509,0.7635470073410509,0.9235200665739314
cb_rnn,6,25,17,clamped,0.1,0.7664930769866112,0.7664930769866112,0.9262456323779164
cb_rnn,6,25,18,clamped,0.1,0.7610946782830483,0.7610946782830483,0.9091634339657652
cb_rnn,6,25,19,clamped,0.1,0.7508353408088839,0.7508353408088839,0.8893211493474242
cb_rnn,6,25,20,clamped,0.1,0.7474370683296108,0.7474370683296108,0.8897347245791783
cb_rnn,6,25,21,clamped,0.1,0.7493325063587288,0.7493325063587288,0.908745364833133
cb_rnn,6,25,22,clamped,0.1,0.7439967649031061,0.7439967649031061,0.8964017052156144
cb_rnn,6,25,23,clamped,0.1,0.6618758247747751,0.6618758247747751,0.832123354654205
cb_rnn,6,25,1,clamped,0.3,0.894046362484991,0.894046362484991,0.9719988726836748
cb_rnn,6,25,2,clamped,0.3,0.8893401775691183,0.8893401775691183,1.0123003684618461
cb_rnn,6,25,3,clamped,0.3,0.8725761039526887,0.8725761039526887,1.01757335104634
cb_rnn,6,25,4,clamped,0.3,0.8470729087794906,0.8470729087794906,1.0018625082264954
cb_rnn,6,25,5,clamped,0.3,0.8296698858377856,0.8296698858377856,0.9896044502543763
cb_rnn,6,25,6,clamped,0.3,0.808660153785826,0.808660153785826,0.9766609324741161
cb_rnn,6,25,7,clamped,0.3,0.7780505139088993,0.7780505139088993,0.9498460741766956
cb_rnn,6,25,8,clamped,0.3,0.7646136687114056,0.7646136687114056,0.9315032587325367
cb_rnn,6,25,9,clamped,0.3,0.7701452410737035,0.7701452410737035,0.9297865876282565
cb_rnn,6,25,10,clamped,0.3,0.7636276262036462,0.7636276262036462,0.9229136802629586
cb_rnn,6,25,11,clamped,0.3,0.7523720906866855,0.7523720906866855,0.9112315261469381
cb_rnn,6,25,12,clamped,0.3,0.7424422763508282,0.7424422763508282,0.8998653012106802
cb_rnn,6,25,13,clamped,0.3,0.7422386006093098,0.7422386006093098,0.893048872282235
cb_rnn,6,25,14,clamped,0.3,0.7450594063955496,0.7450594063955496,0.8946872966563733
cb_rnn,6,25,15,clamped,0.3,0.7454747159341948,0.7454747159341948,0.9020622117421422
cb_rnn,6,25,16,clamped,0.3,0.758236613342932,0.758236613342932,0.9157665752714808
cb_rnn,6,25,17,clamped,0.3,0.76045783458998,0.76045783458998,0.9178843914151253
cb_rnn,6,25,18,clamped,0.3,0.7553166289189508,0.7553166289189508,0.9015040487943224
cb_rnn,6,25,19,clamped,0.3,0.7455976842551165,0.7455976842551165,0.8822058408522379
cb_rnn,6,25,20,clamped,0.3,0.742113789992555,0.742113789992555,0.882516047440966
cb_rnn,6,25,21,clamped,0.3,0.7443433409881121,0.7443433409881121,0.9013753805211728
cb_rnn,6,25,22,clamped,0.3,0.7392576828816697,0.7392576828816697,0.8897423150334728
cb_rnn,6,25,23,clamped,0.3,0.6578556343549697,0.6578556343549697,0.8257036673859517
cb_rnn,6,30,1,full,0.001,0.954432215167176,0.954432215167176,1.0760468452796166
cb_rnn,6,30,2,full,0.001,0.9495009937634689,0.9495009937634689,1.127646961634122
cb_rnn,6,30,3,full,0.001,0.934317269168897,0.934317269168897,1.1435915653546909
cb_rnn,6,30,4,full,0.001,0.9248286165623116,0.9248286165623116,1.1379910616326316
cb_rnn,6,30,5,full,0.001,0.909122848703799,0.909122848703799,1.1214502650575846
cb_rnn,6,30,6,full,0.001,0.8978941937540128,0.8978941937540128,1.1123941518846552
cb_rnn,6,30,7,full,0.001,0.8912930634575783,0.8912930634575783,1.1040657016625115
cb_rnn,6,30,8,full,0.001,0.881753956348057,0.881753956348057,1.0887840381529932
cb_rnn,6,30,9,full,0.001,0.873406567996233,0.873406567996233,1.092960934559071
cb_rnn,6,30,10,full,0.001,0.8666441780827736,0.8666441780827736,1.0897435021944915
cb_rnn,6,30,11,full,0.001,0.8379048559888145,0.8379048559888145,1.0489926836229349
cb_rnn,6,30,12,full,0.001,0.8255769309958796,0.8255769309958796,1.0310798030886725
cb_rnn,6,30,13,full,0.001,0.8250272012502731,0.8250272012502731,1.0359534882546781
cb_rnn,6,30,14,full,0.001,0.8041797713489633,0.8041797713489633,1.0036108417034455
cb_rnn,6,30,15,full,0.001,0.7887100228818891,0.7887100228818891,0.978514146519921
cb_rnn,6,30,16,full,0.001,0.7955853501410363,0.7955853501410363,0.9935885247343134
cb_rnn,6,30,17,full,0.001,0.8030327740495111,0.8030327740495111,0.9985433994428254
cb_rnn,6,30,18,full,0.001,0.7878242383622208,0.7878242383622208,0.9708515057268853
cb_rnn,6,30,19,full,0.001,0.7869566969915971,0.7869566969915971,0.9651253829576374
cb_rnn,6,30,20,full,0.001,0.7923600159458978,0.7923600159458978,0.9677812907414945
cb_rnn,6,30,21,full,0.001,0.7887486597531723,0.7887486597531723,0.9615529153988732
cb_rnn,6,30,22,full,0.001,0.7916202450595168,0.7916202450595168,0.9656191731769487
cb_rnn,6,30,23,full,0.001,0.7986850547210858,0.7986850547210858,0.9781017878089039
cb_rnn,6,30,24,full,0.001,0.7962069941936685,0.7962069941936685,0.9795397623748142
cb_rnn,6,30,25,full,0.001,0.793638930400371,0.793638930400371,0.9801244086977559
cb_rnn,6,30,26,full,0.001,0.7985400590759392,0.7985400590759392,0.9876140949816299
cb_rnn,6,30,27,full,0.001,0.8074300468724371,0.8074300468724371,1.0018106742102675
cb_rnn,6,30,28,full,0.001,0.7104291381716522,0.7104291381716522,0.9581477918363323
cb_rnn,6,30,1,full,0.01,0.9543464722573037,0.9543464722573037,1.075855587235337
cb_rnn,6,30,2,full,0.01,0.9492304922365982,0.9492304922365982,1.1272047923407795
cb_rnn,6,30,3,full,0.01,0.9347247929637834,0.9347247929637834,1.1439206504804131
cb_rnn,6,30,4,full,0.01,0.9249012476481888,0.9249012476481888,1.1379928585206383
cb_rnn,6,30,5,full,0.01,0.9094654927733625,0.9094654927733625,1.1216236746632242
cb_rnn,6,30,6,full,0.01,0.8983658531468666,0.8983658531468666,1.1125087656570523
cb_rnn,6,30,7,full,0.01,0.8912957875992119,0.8912957875992119,1.1034445478321626
cb_rnn,6,30,8,full,0.01,0.8821489276023217,0.8821489276023217,1.088658464159126
cb_rnn,6,30,9,full,0.01,0.8738558433825945,0.8738558433825945,1.0929903920683053
cb_rnn,6,30,10,full,0.01,0.8676298104016069,0.8676298104016069,1.0903511197024254
cb_rnn,6,30,11,full,0.01,0.8388721492497235,0.8388721492497235,1.0498622985383133
cb_rnn,6,30,12,full,0.01,0.8270351721556571,0.8270351721556571,1.0326735129802092
cb_rnn,6,30,13,full,0.01,0.8262568894136993,0.8262568894136993,1.0371223402040401
cb_rnn,6,30,14,full,0.01,0.8052922240633666,0.8052922240633666,1.0051448747588456
cb_rnn,6,30,15,full,0.01,0.7899234763818033,0.7899234763818033,0.9801448496402697
cb_rnn,6,30,16,full,0.01,0.7967267543114939,0.7967267543114939,0.9950176605137446
cb_rnn,6,30,17,full,0.01,0.8040001452366953,0.8040001452366953,1.0000088817809039
cb_rnn,6,30,18,full,0.01,0.7889946053587217,0.7889946053587217,0.972493385767236
cb_rnn,6,30,19,full,0.01,0.7884709277215979,0.7884709277215979,0.9667726324860132
cb_rnn,6,30,20,full,0.01,0.7942627451909281,0.7942627451909281,0.9700343133642488
cb_rnn,6,30,21,full,0.01,0.7903078177762473,0.7903078177762473,0.963372230817467
cb_rnn,6,30,22,full,0.01,0.7932951147111336,0.7932951147111336,0.9676157348689061
cb_rnn,6,30,23,full,0.01,0.800672304601775,0.800672304601775,0.9808449975274627
cb_rnn,6,30,24,full,0.01,0.7978443617836064,0.7978443617836064,0.9819994069751001
cb_rnn,6,30,25,full,0.01,0.79511833325605,0.79511833325605,0.9824920629569203
cb_rnn,6,30,26,full,0.01,0.8000022028293201,0.8000022028293201,0.9900344350632381
cb_rnn,6,30,27,full,0.01,0.8086814092892141,0.8086814092892141,1.0038990639366467
cb_rnn,6,30,28,full,0.01,0.7115025844880221,0.7115025844880221,0.959932486132505
cb_rnn,6,30,1,full,0.1,0.9532158849669847,0.9532158849669847,1.0748419189257457
cb_rnn,6,30,2,full,0.1,0.9481388993731505,0.9481388993731505,1.1255217542658031
cb_rnn,6,30,3,full,0.1,0.9355286495643174,0.9355286495643174,1.1433137542546903
cb_rnn,6,30,4,full,0.1,0.9256638518952809,0.9256638518952809,1.1368431693354224
cb_rnn,6,30,5,full,0.1,0.9105534310590417,0.9105534310590417,1.1209337369574892
cb_rnn,6,30,6,full,0.1,0.9005001629182362,0.9005001629182362,1.1120323037109494
cb_rnn,6,30,7,full,0.1,0.8936737075308352,0.8936737075308352,1.1033982214900504
cb_rnn,6,30,8,full,0.1,0.885370038548403,0.885370038548403,1.0901302582343608
cb_rnn,6,30,9,full,0.1,0.877744111692573,0.877744111692573,1.0954358738058452
cb_rnn,6,30,10,full,0.1,0.8721353986079662,0.8721353986079662,1.0935783843934948
cb_rnn,6,30,11,full,0.1,0.8432822588282386,0.8432822588282386,1.0533266021290602
cb_rnn,6,30,12,full,0.1,0.8309030615222353,0.8309030615222353,1.0355060625332757
cb_rnn,6,30,13,full,0.1,0.8300368861824294,0.8300368861824294,1.0398797775838218
cb_rnn,6,30,14,full,0.1,0.8080878195062636,0.8080878195062636,1.006996259932694
cb_rnn,6,30,15,full,0.1,0.7914797105774607,0.7914797105774607,0.9809021049259292
cb_rnn,6,30,16,full,0.1,0.7982435972065799,0.7982435972065799,0.9956141868491684
cb_rnn,6,30,17,full,0.1,0.8048566331242055,0.8048566331242055,0.9997064516641616
cb_rnn,6,30,18,full,0.1,0.789891308840678,0.789891308840678,0.972447870409369
cb_rnn,6,30,19,full,0.1,0.7885236763342537,0.7885236763342537,0.9655677348591913
cb_rnn,6,30,20,full,0.1,0.7939424032086495,0.7939424032086495,0.9686353098858467
cb_rnn,6,30,21,full,0.1,0.788447307833334,0.788447307833334,0.9601810384346652
cb_rnn,6,30,22,full,0.1,0.7912787312791438,0.7912787312791438,0.9637352872397786
cb_rnn,6,30,23,full,0.1,0.7988961426474004,0.7988961426474004,0.9771156604850229
cb_rnn,6,30,24,full,0.1,0.796103531019511,0.796103531019511,0.978140252692581
cb_rnn,6,30,25,full,0.1,0.7936139613572629,0.7936139613572629,0.9789221602602249
cb_rnn,6,30,26,full,0.1,0.798551778953977,0.798551778953977,0.986384757165544
cb_rnn,6,30,27,full,0.1,0.8065677589986454,0.8065677589986454,0.9990056471548989
cb_rnn,6,30,28,full,0.1,0.7101763022377392,0.7101763022377392,0.9546837599355402
cb_rnn,6,30,1,full,0.3,0.9517421011836087,0.9517421011836087,1.0724548753212517
cb_rnn,6,30,2,full,0.3,0.9458535909413266,0.9458535909413266,1.120919492358504
cb_rnn,6,30,3,full,0.3,0.9342368793951872,0.9342368793951872,1.1372011991698288
cb_rnn,6,30,4,full,0.3,0.9246886783601169,0.9246886783601169,1.1311238362535867
cb_rnn,6,30,5,full,0.3,0.9110515552162239,0.9110515552162239,1.1172249077106269
cb_rnn,6,30,6,full,0.3,0.9013102563459485,0.9013102563459485,1.1088686619484807
cb_rnn,6,30,7,full,0.3,0.8957616510506232,0.8957616510506232,1.1003942694962907
cb_rnn,6,30,8,full,0.3,0.887280490079567,0.887280490079567,1.0873007353574686
cb_rnn,6,30,9,full,0.3,0.8811371056775423,0.8811371056775423,1.0940453388494114
cb_rnn,6,30,10,full,0.3,0.8744210458509183,0.8744210458509183,1.0916313864554412
cb_rnn,6,30,11,full,0.3,0.8454169818402095,0.8454169818402095,1.0504969578969081
cb_rnn,6,30,12,full,0.3,0.8321245512280593,0.8321245512280593,1.0325513231798493
cb_rnn,6,30,13,full,0.3,0.8307632070321811,0.8307632070321811,1.0349414993515391
cb_rnn,6,30,14,full,0.3,0.80798175215501,0.80798175215501,1.0027454963617952
cb_rnn,6,30,15,full,0.3,0.7912962777541689,0.7912962777541689,0.9765258241904469
cb_rnn,6,30,16,full,0.3,0.7982795083778427,0.7982795083778427,0.9909719730677279
cb_rnn,6,30,17,full,0.3,0.8054041521865893,0.8054041521865893,0.995115565642724
cb_rnn,6,30,18,full,0.3,0.789048968524164,0.789048968524164,0.9671389840938862
cb_rnn,6,30,19,full,0.3,0.7870292319355616,0.7870292319355616,0.9591674183394207
cb_rnn,6,30,20,full,0.3,0.7916879154564809,0.7916879154564809,0.9619277186616251
cb_rnn,6,30,21,full,0.3,0.7857033774249278,0.7857033774249278,0.9536479230056978
cb_rnn,6,30,22,full,0.3,0.7874436342892177,0.7874436342892177,0.9556463791958891
cb_rnn,6,30,23,full,0.3,0.7949099202506907,0.7949099202506907,0.9682845203325208
cb_rnn,6,30,24,full,0.3,0.7926851730055345,0.7926851730055345,0.970511075513218
cb_rnn,6,30,25,full,0.3,0.7903692765448669,0.7903692765448669,0.9720590707201013
cb_rnn,6,30,26,full,0.3,0.7947991666263186,0.7947991666263186,0.9789602557866717
cb_rnn,6,30,27,full,0.3,0.8032471496318473,0.8032471496318473,0.9912973882305094
cb_rnn,6,30,28,full,0.3,0.70924478530855,0.70924478530855,0.9472468451260435
cb_rnn,6,30,1,clamped,0.001,0.9470265939466802,0.9470265939466802,1.0654442232276153
cb_rnn,6,30,2,clamped,0.001,0.934074590190803,0.934074590190803,1.1100206593793296
cb_rnn,6,30,3,clamped,0.001,0.9215298299552768,0.9215298299552768,1.132429254400855
cb_rnn,6,30,4,clamped,0.001,0.9052853410676234,0.9052853410676234,1.1170064994249491
cb_rnn,6,30,5,clamped,0.001,0.8786062357415427,0.8786062357415427,1.0944273423675615
cb_rnn,6,30,6,clamped,0.001,0.8647850997127572,0.8647850997127572,1.0846355048950445
cb_rnn,6,30,7,clamped,0.001,0.8564075631286189,0.8564075631286189,1.0711832543164128
cb_rnn,6,30,8,clamped,0.001,0.8437555739255178,0.8437555739255178,1.0569846053838947
cb_rnn,6,30,9,clamped,0.001,0.8322346110951133,0.8322346110951133,1.054945410191889
cb_rnn,6,30,10,clamped,0.001,0.8181261154858448,0.8181261154858448,1.040024974646642
cb_rnn,6,30,11,clamped,0.001,0.7935032469584704,0.7935032469584704,1.0083652346658933
cb_rnn,6,30,12,clamped,0.001,0.7834143138771674,0.7834143138771674,0.9949809132218288
cb_rnn,6,30,13,clamped,0.001,0.7751120319156579,0.7751120319156579,0.9881400179122977
cb_rnn,6,30,14,clamped,0.001,0.7607094647652268,0.7607094647652268,0.9644216672930825
cb_rnn,6,30,15,clamped,0.001,0.7453617345456538,0.7453617345456538,0.942502175464408
cb_rnn,6,30,16,clamped,0.001,0.7395244450110336,0.7395244450110336,0.9385637558816613
cb_rnn,6,30,17,clamped,0.001,0.7412831035514615,0.7412831035514615,0.9350259924469406
cb_rnn,6,30,18,clamped,0.001,0.7315071900258983,0.7315071900258983,0.9191975779692589
cb_rnn,6,30,19,clamped,0.001,0.7258856508673561,0.7258856508673561,0.90639732459728
cb_rnn,6,30,20,clamped,0.001,0.7261883299308589,0.7261883299308589,0.9032454071483075
cb_rnn,6,30,21,clamped,0.001,0.7276017066326432,0.7276017066326432,0.9049717625590532
cb_rnn,6,30,22,clamped,0.001,0.7271248880138297,0.7271248880138297,0.9054016756042588
cb_rnn,6,30,23,clamped,0.001,0.7250966095167194,0.7250966095167194,0.9025300041818383
cb_rnn,6,30,24,clamped,0.001,0.7173028496614271,0.7173028496614271,0.8951189516905447
cb_rnn,6,30,25,clamped,0.001,0.7123999347541655,0.7123999347541655,0.8892215496079471
cb_rnn,6,30,26,clamped,0.001,0.7171987542235532,0.7171987542235532,0.8927368750048505
cb_rnn,6,30,27,clamped,0.001,0.7022214856816632,0.7022214856816632,0.8714304406845075
cb_rnn,6,30,28,clamped,0.001,0.6035209664812098,0.6035209664812098,0.7996985150988412
cb_rnn,6,30,1,clamped,0.01,0.9469208710891737,0.9469208710891737,1.065236037237864
cb_rnn,6,30,2,clamped,0.01,0.933822867250313,0.933822867250313,1.1095835761497508
cb_rnn,6,30,3,clamped,0.01,0.9219432373662461,0.9219432373662461,1.1326925638748966
cb_rnn,6,30,4,clamped,0.01,0.9053571940126943,0.9053571940126943,1.1169432860684485
cb_rnn,6,30,5,clamped,0.01,0.878958430455295,0.878958430455295,1.0945657787186645
cb_rnn,6,30,6,clamped,0.01,0.8652474518824452,0.8652474518824452,1.0847414595166163
cb_rnn,6,30,7,clamped,0.01,0.8564015786248659,0.8564015786248659,1.070555847454198
cb_rnn,6,30,8,clamped,0.01,0.8441381709046841,0.8441381709046841,1.0569650393781211
cb_rnn,6,30,9,clamped,0.01,0.832692631525836,0.832692631525836,1.0550285086106577
cb_rnn,6,30,10,clamped,0.01,0.8190954816621754,0.8190954816621754,1.040758891475302
cb_rnn,6,30,11,clamped,0.01,0.7944756308727594,0.7944756308727594,1.0093440538355836
cb_rnn,6,30,12,clamped,0.01,0.7848496103992443,0.7848496103992443,0.9966342481898106
cb_rnn,6,30,13,clamped,0.01,0.7763508032992625,0.7763508032992625,0.9895141017091132
cb_rnn,6,30,14,clamped,0.01,0.7617835651362224,0.7617835651362224,0.9660300421611603
cb_rnn,6,30,15,clamped,0.01,0.7466022842911042,0.7466022842911042,0.9443000739215542
cb_rnn,6,30,16,clamped,0.01,0.7406482101561874,0.7406482101561874,0.9401086418225587
cb_rnn,6,30,17,clamped,0.01,0.742269913954559,0.742269913954559,0.9366604926136933
cb_rnn,6,30,18,clamped,0.01,0.7326735103478474,0.7326735103478474,0.9209143540214336
cb_rnn,6,30,19,clamped,0.01,0.7273611313925981,0.7273611313925981,0.908180782460839
cb_rnn,6,30,20,clamped,0.01,0.7279469476221638,0.7279469476221638,0.9055942975913287
cb_rnn,6,30,21,clamped,0.01,0.7290688562142589,0.7290688562142589,0.9070216182080795
cb_rnn,6,30,22,clamped,0.01,0.7286254695657532,0.7286254695657532,0.9075642632052541
cb_rnn,6,30,23,clamped,0.01,0.7268380513412454,0.7268380513412454,0.9050787813967873
cb_rnn,6,30,24,clamped,0.01,0.7187992066447951,0.7187992066447951,0.8974599096137008
cb_rnn,6,30,25,clamped,0.01,0.7137850760207625,0.7137850760207625,0.8915416420182682
cb_rnn,6,30,26,clamped,0.01,0.7185926580490136,0.7185926580490136,0.8951732391656262
cb_rnn,6,30,27,clamped,0.01,0.7034272345024153,0.7034272345024153,0.8737327132567752
cb_rnn,6,30,28,clamped,0.01,0.6045536381169736,0.6045536381169736,0.8019049662471709
cb_rnn,6,30,1,clamped,0.1,0.9456806738694987,0.9456806738694987,1.0640498335442543
cb_rnn,6,30,2,clamped,0.1,0.9330358358298803,0.9330358358298803,1.1080498711979723
cb_rnn,6,30,3,clamped,0.1,0.9231105605071233,0.9231105605071233,1.1324053248575812
cb_rnn,6,30,4,clamped,0.1,0.9064344930321606,0.9064344930321606,1.1162302534273971
cb_rnn,6,30,5,clamped,0.1,0.880410657003098,0.880410657003098,1.0944242192072897
cb_rnn,6,30,6,clamped,0.1,0.8675975429675085,0.8675975429675085,1.0846163599104437
cb_rnn,6,30,7,clamped,0.1,0.8589505336037586,0.8589505336037586,1.070838483159033
cb_rnn,6,30,8,clamped,0.1,0.8477176717803294,0.8477176717803294,1.0591561925995587
cb_rnn,6,30,9,clamped,0.1,0.8368204892626727,0.8368204892626727,1.0580797900542926
cb_rnn,6,30,10,clamped,0.1,0.8237488037891182,0.8237488037891182,1.0446682207176528
cb_rnn,6,30,11,clamped,0.1,0.7991202077829179,0.7991202077829179,1.013628732611965
cb_rnn,6,30,12,clamped,0.1,0.7890437968232754,0.7890437968232754,1.0003071247082511
cb_rnn,6,30,13,clamped,0.1,0.7801287995641842,0.7801287995641842,0.9928447057696409
cb_rnn,6,30,14,clamped,0.1,0.7647023654748963,0.7647023654748963,0.9686898742456395
cb_rnn,6,30,15,clamped,0.1,0.748213083823722,0.748213083823722,0.9458754858732927
cb_rnn,6,30,16,clamped,0.1,0.7421378496188653,0.7421378496188653,0.9415084705502067
cb_rnn,6,30,17,clamped,0.1,0.7432897208178295,0.7432897208178295,0.9376217273898109
cb_rnn,6,30,18,clamped,0.1,0.73377726343546,0.73377726343546,0.9219215093557527
cb_rnn,6,30,19,clamped,0.1,0.7277266543302211,0.7277266543302211,0.9080139850441648
cb_rnn,6,30,20,clamped,0.1,0.7279836524576573,0.7279836524576573,0.9053102421031917
cb_rnn,6,30,21,clamped,0.1,0.7278523932386545,0.7278523932386545,0.905222911926895
cb_rnn,6,30,22,clamped,0.1,0.7271613246005232,0.7271613246005232,0.9049975605018483
cb_rnn,6,30,23,clamped,0.1,0.7255079757606148,0.7255079757606148,0.9021756232002853
cb_rnn,6,30,24,clamped,0.1,0.7175285758989991,0.7175285758989991,0.8942223097286441
cb_rnn,6,30,25,clamped,0.1,0.7128748683811746,0.7128748683811746,0.8886346597914051
cb_rnn,6,30,26,clamped,0.1,0.7176554999566849,0.7176554999566849,0.8920161947456008
cb_rnn,6,30,27,clamped,0.1,0.7020113541048065,0.7020113541048065,0.8699673870211371
cb_rnn,6,30,28,clamped,0.1,0.6035112989232645,0.6035112989232645,0.7975092230380677
cb_rnn,6,30,1,clamped,0.3,0.9439709707667381,0.9439709707667381,1.0612192637618463
cb_rnn,6,30,2,clamped,0.3,0.9312905470073385,0.9312905470073385,1.1036962843048954
cb_rnn,6,30,3,clamped,0.3,0.922735965699026,0.922735965699026,1.126956916572189
cb_rnn,6,30,4,clamped,0.3,0.9061494041723344,0.9061494041723344,1.1111842499502815
cb_rnn,6,30,5,clamped,0.3,0.8815858504960902,0.8815858504960902,1.091501824856393
cb_rnn,6,30,6,clamped,0.3,0.8689868950400996,0.8689868950400996,1.0821598326071848
cb_rnn,6,30,7,clamped,0.3,0.8616857819086456,0.8616857819086456,1.0688375740772043
cb_rnn,6,30,8,clamped,0.3,0.8503235058265319,0.8503235058265319,1.0575215449590987
cb_rnn,6,30,9,clamped,0.3,0.8406891177998739,0.8406891177998739,1.057717542472992
cb_rnn,6,30,10,clamped,0.3,0.8263961245310402,0.8263961245310402,1.0435953570171836
cb_rnn,6,30,11,clamped,0.3,0.8018875979145342,0.8018875979145342,1.0121019818888914
cb_rnn,6,30,12,clamped,0.3,0.7907491851269766,0.7907491851269766,0.9984169790739965
cb_rnn,6,30,13,clamped,0.3,0.7809565018409695,0.7809565018409695,0.988284410004975
cb_rnn,6,30,14,clamped,0.3,0.7648009526983393,0.7648009526983393,0.964787984066099
cb_rnn,6,30,15,clamped,0.3,0.7483416819046134,0.7483416819046134,0.9419211871395674
cb_rnn,6,30,16,clamped,0.3,0.7420714149867285,0.7420714149867285,0.9374941508888412
cb_rnn,6,30,17,clamped,0.3,0.7438132993081792,0.7438132993081792,0.9336311647812838
cb_rnn,6,30,18,clamped,0.3,0.7328945691113258,0.7328945691113258,0.9168890157096246
cb_rnn,6,30,19,clamped,0.3,0.7264914205883797,0.7264914205883797,0.9020201788606019
cb_rnn,6,30,20,clamped,0.3,0.7257754732460769,0.7257754732460769,0.8989353340681796
cb_rnn,6,30,21,clamped,0.3,0.7252557488295575,0.7252557488295575,0.8990395729665885
cb_rnn,6,30,22,clamped,0.3,0.7236567170914039,0.7236567170914039,0.8972359256873499
cb_rnn,6,30,23,clamped,0.3,0.7217897585102098,0.7217897585102098,0.8938697978599253
cb_rnn,6,30,24,clamped,0.3,0.7145151621499235,0.7145151621499235,0.8873984067782005
cb_rnn,6,30,25,clamped,0.3,0.7102895941550681,0.7102895941550681,0.8829204809179749
cb_rnn,6,30,26,clamped,0.3,0.714629559772666,0.714629559772666,0.885707832167344
cb_rnn,6,30,27,clamped,0.3,0.699428456897566,0.699428456897566,0.8641315994830583
cb_rnn,6,30,28,clamped,0.3,0.6010111586788236,0.6010111586788236,0.7912800180140342
cb_rnn,7,7,1,full,0.001,1.047416960464443,1.047416960464443,1.101260056262834
cb_rnn,7,7,2,full,0.001,1.0374917035811295,1.0374917035811295,1.11716732597272
cb_rnn,7,7,3,full,0.001,1.0089226973303456,1.0089226973303456,1.1123415140694373
cb_rnn,7,7,4,full,0.001,1.1245967227756422,1.1245967227756422,1.2421489591831079
cb_rnn,7,7,5,full,0.001,1.121911860807899,1.121911860807899,1.239476812468272
cb_rnn,7,7,1,full,0.01,1.04746639200583,1.04746639200583,1.101241185671646
cb_rnn,7,7,2,full,0.01,1.0375735253647909,1.0375735253647909,1.1171700025174438
cb_rnn,7,7,3,full,0.01,1.0092684161049563,1.0092684161049563,1.112583234350686
cb_rnn,7,7,4,full,0.01,1.124999131168365,1.124999131168365,1.242534333454586
cb_rnn,7,7,5,full,0.01,1.1221976897081944,1.1221976897081944,1.2398830110584034
cb_rnn,7,7,1,full,0.1,1.0475064842858144,1.0475064842858144,1.1003501654492374
cb_rnn,7,7,2,full,0.1,1.0378812678510667,1.0378812678510667,1.1161109127549573
cb_rnn,7,7,3,full,0.1,1.009625955983978,1.009625955983978,1.1112738126392594
cb_rnn,7,7,4,full,0.1,1.1256674972761878,1.1256674972761878,1.2423542190969101
cb_rnn,7,7,5,full,0.1,1.1224087956687376,1.1224087956687376,1.2385864363619519
cb_rnn,7,7,1,full,0.3,1.047760924480825,1.047760924480825,1.0988227034922984
cb_rnn,7,7,2,full,0.3,1.0383292210843216,1.0383292210843216,1.1138029428524274
cb_rnn,7,7,3,full,0.3,1.0106077749115747,1.0106077749115747,1.1094342668754968
cb_rnn,7,7,4,full,0.3,1.128386180212729,1.128386180212729,1.2426196891760133
cb_rnn,7,7,5,full,0.3,1.1236691319251864,1.1236691319251864,1.2371449488462496
cb_rnn,7,7,1,clamped,0.001,0.5982884923161089,0.5982884923161089,0.697279548533957
cb_rnn,7,7,2,clamped,0.001,0.4525706298806624,0.4525706298806624,0.5506750036311696
cb_rnn,7,7,3,clamped,0.001,0.3203998331057324,0.3203998331057324,0.42863518259399247
cb_rnn,7,7,4,clamped,0.001,0.2067361341206415,0.2067361341206415,0.33301603513935085
cb_rnn,7,7,5,clamped,0.001,0.16497932665376125,0.16497932665376125,0.2592058119622817
cb_rnn,7,7,1,clamped,0.01,0.5982982768107795,0.5982982768107795,0.6972727954836726
cb_rnn,7,7,2,clamped,0.01,0.45251635486032826,0.45251635486032826,0.5506518802469276
cb_rnn,7,7,3,clamped,0.01,0.32039839707294104,0.32039839707294104,0.42861297098694773
cb_rnn,7,7,4,clamped,0.01,0.2067292075449128,0.2067292075449128,0.33299202740197886
cb_rnn,7,7,5,clamped,0.01,0.1649749490206116,0.1649749490206116,0.25918558070002695
cb_rnn,7,7,1,clamped,0.1,0.5981635139528481,0.5981635139528481,0.6969708327678391
cb_rnn,7,7,2,clamped,0.1,0.4524129227103032,0.4524129227103032,0.5503787929842137
cb_rnn,7,7,3,clamped,0.1,0.32024148331501195,0.32024148331501195,0.4281950152437438
cb_rnn,7,7,4,clamped,0.1,0.2065385379866378,0.2065385379866378,0.33257962251769546
cb_rnn,7,7,5,clamped,0.1,0.1647653114405749,0.1647653114405749,0.25880743061899925
cb_rnn,7,7,1,clamped,0.3,0.5981391479587643,0.5981391479587643,0.6964021479885916
cb_rnn,7,7,2,clamped,0.3,0.45239119731595734,0.45239119731595734,0.5498139943554897
cb_rnn,7,7,3,clamped,0.3,0.3200766836036628,0.3200766836036628,0.42742446492261477
cb_rnn,7,7,4,clamped,0.3,0.20628911487063234,0.20628911487063234,0.3318019846561553
cb_rnn,7,7,5,clamped,0.3,0.16442191952827057,0.16442191952827057,0.2581045151737872
cb_rnn,7,11,1,full,0.001,1.0233723041707452,1.0233723041707452,1.0527239781074904
cb_rnn,7,11,2,full,0.001,0.9505595849418285,0.9505595849418285,0.98705955910253
cb_rnn,7,11,3,full,0.001,0.9549580969585427,0.9549580969585427,1.0028568020703137
cb_rnn,7,11,4,full,0.001,0.9108157214435622,0.9108157214435622,0.9664016844013137
cb_rnn,7,11,5,full,0.001,0.8850467511028338,0.8850467511028338,0.944315699735784
cb_rnn,7,11,6,full,0.001,0.8983543048362775,0.8983543048362775,0.9655930736120774
cb_rnn,7,11,7,full,0.001,0.9055028561747023,0.9055028561747023,0.9800247249070209
cb_rnn,7,11,8,full,0.001,0.9730265595140387,0.9730265595140387,1.0561550683604477
cb_rnn,7,11,9,full,0.001,0.9896549383901225,0.9896549383901225,1.0907447996667046
cb_rnn,7,11,1,full,0.01,1.0233950390448283,1.0233950390448283,1.0527299828252987
cb_rnn,7,11,2,full,0.01,0.9506667527543389,0.9506667527543389,0.9871354271992794
cb_rnn,7,11,3,full,0.01,0.9551915487161209,0.9551915487161209,1.0030152866685067
cb_rnn,7,11,4,full,0.01,0.9109100756704751,0.9109100756704751,0.966480638047869
cb_rnn,7,11,5,full,0.01,0.8850524597483342,0.8850524597483342,0.9443323780119862
cb_rnn,7,11,6,full,0.01,0.8982727796360138,0.8982727796360138,0.9655284155227403
cb_rnn,7,11,7,full,0.01,0.9054688751534783,0.9054688751534783,0.9799178343402746
cb_rnn,7,11,8,full,0.01,0.9729244971622395,0.9729244971622395,1.0560938528549013
cb_rnn,7,11,9,full,0.01,0.989755746931358,0.989755746931358,1.0907428036695734
cb_rnn,7,11,1,full,0.1,1.023367302701323,1.023367302701323,1.052611489161916
cb_rnn,7,11,2,full,0.1,0.9505684217457759,0.9505684217457759,0.9868527677603867
cb_rnn,7,11,3,full,0.1,0.9552007257343972,0.9552007257343972,1.0026339593527802
cb_rnn,7,11,4,full,0.1,0.9116159971213145,0.9116159971213145,0.9666634394053069
cb_rnn,7,11,5,full,0.1,0.8857562075923084,0.8857562075923084,0.944578497320944
cb_rnn,7,11,6,full,0.1,0.8996089416132327,0.8996089416132327,0.9663165434580405
cb_rnn,7,11,7,full,0.1,0.906687123003938,0.906687123003938,0.9805008822549504
cb_rnn,7,11,8,full,0.1,0.9741271514489411,0.9741271514489411,1.0567438502786457
cb_rnn,7,11,9,full,0.1,0.9908325701918567,0.9908325701918567,1.0913012035839253
cb_rnn,7,11,1,full,0.3,1.023914718792587,1.023914718792587,1.052567370105487
cb_rnn,7,11,2,full,0.3,0.950320891684431,0.950320891684431,0.9859956396780254
cb_rnn,7,11,3,full,0.3,0.9553097814491118,0.9553097814491118,1.0017407828385458
cb_rnn,7,11,4,full,0.3,0.91235624607117,0.91235624607117,0.9661461416538772
cb_rnn,7,11,5,full,0.3,0.8865674142302077,0.8865674142302077,0.9446889555386483
cb_rnn,7,11,6,full,0.3,0.9014871288451562,0.9014871288451562,0.9669194775164476
cb_rnn,7,11,7,full,0.3,0.9081648341756606,0.9081648341756606,0.9808347133171333
cb_rnn,7,11,8,full,0.3,0.9751447775040898,0.9751447775040898,1.0568511351271284
cb_rnn,7,11,9,full,0.3,0.9915140530677389,0.9915140530677389,1.0906474709823066
cb_rnn,7,11,1,clamped,0.001,0.6765291988590597,0.6765291988590597,0.7623540301896767
cb_rnn,7,11,2,clamped,0.001,0.5610662745913986,0.5610662745913986,0.6492247037510275
cb_rnn,7,11,3,clamped,0.001,0.4687969311339402,0.4687969311339402,0.5656342623333104
cb_rnn,7,11,4,clamped,0.001,0.4248783905025556,0.4248783905025556,0.499855453503128
cb_rnn,7,11,5,clamped,0.001,0.36336510389926024,0.36336510389926024,0.4429949390219343
cb_rnn,7,11,6,clamped,0.001,0.2882758978437925,0.2882758978437925,0.3896330117469585
cb_rnn,7,11,7,clamped,0.001,0.24112628241747175,0.24112628241747175,0.3382812533030922
cb_rnn,7,11,8,clamped,0.001,0.19753837449200465,0.19753837449200465,0.2882771984455968
cb_rnn,7,11,9,clamped,0.001,0.16261821104646645,0.16261821104646645,0.23989992973965218
cb_rnn,7,11,1,clamped,0.01,0.676550470093839,0.676550470093839,0.7623654536260603
cb_rnn,7,11,2,clamped,0.01,0.5611231670789123,0.5611231670789123,0.6492847030203022
cb_rnn,7,11,3,clamped,0.01,0.4688505225661831,0.4688505225661831,0.5657020776841929
cb_rnn,7,11,4,clamped,0.01,0.4248813612773237,0.4248813612773237,0.4998684558329914
cb_rnn,7,11,5,clamped,0.01,0.36336683284340604,0.36336683284340604,0.44299570646105874
cb_rnn,7,11,6,clamped,0.01,0.2882802996388921,0.2882802996388921,0.3896351155410425
cb_rnn,7,11,7,clamped,0.01,0.24113207556913124,0.24113207556913124,0.3382888657292007
cb_rnn,7,11,8,clamped,0.01,0.19754185839685404,0.19754185839685404,0.2882867427875402
cb_rnn,7,11,9,clamped,0.01,0.16262344943704074,0.16262344943704074,0.23990768130509965
cb_rnn,7,11,1,clamped,0.1,0.6764337229472278,0.6764337229472278,0.7622782045795629
cb_rnn,7,11,2,clamped,0.1,0.5611285174091694,0.5611285174091694,0.6492803606144022
cb_rnn,7,11,3,clamped,0.1,0.46881358264879214,0.46881358264879214,0.5656376952288842
cb_rnn,7,11,4,clamped,0.1,0.42485920562529117,0.42485920562529117,0.4998091936378148
cb_rnn,7,11,5,clamped,0.1,0.36332380963717653,0.36332380963717653,0.44293238503233784
cb_rnn,7,11,6,clamped,0.1,0.2882359520026836,0.2882359520026836,0.389530470941151
cb_rnn,7,11,7,clamped,0.1,0.24105380419362818,0.24105380419362818,0.3381486651511346
cb_rnn,7,11,8,clamped,0.1,0.19745562419712082,0.19745562419712082,0.28814010072304713
cb_rnn,7,11,9,clamped,0.1,0.1625442373294398,0.1625442373294398,0.23976694150582284
cb_rnn,7,11,1,clamped,0.3,0.6762346598717826,0.6762346598717826,0.7619092946780134
cb_rnn,7,11,2,clamped,0.3,0.5610902702532694,0.5610902702532694,0.6490528471701775
cb_rnn,7,11,3,clamped,0.3,0.4688185123595638,0.4688185123595638,0.5654446217239701
cb_rnn,7,11,4,clamped,0.3,0.4248442850423475,0.4248442850423475,0.49962735552651155
cb_rnn,7,11,5,clamped,0.3,0.36336802649481326,0.36336802649481326,0.44279952244728743
cb_rnn,7,11,6,clamped,0.3,0.2882539868516054,0.2882539868516054,0.3894043615471073
cb_rnn,7,11,7,clamped,0.3,0.24104005415255933,0.24104005415255933,0.3380088872522087
cb_rnn,7,11,8,clamped,0.3,0.19742779933169705,0.19742779933169705,0.2879783318473605
cb_rnn,7,11,9,clamped,0.3,0.16248486987992983,0.16248486987992983,0.23961061823052787
cb_rnn,7,16,1,full,0.001,0.9264215512979715,0.9264215512979715,0.9595300271893781
cb_rnn,7,16,2,full,0.001,0.892266799364007,0.892266799364007,0.9370625408218287
cb_rnn,7,16,3,full,0.001,0.8761187430231436,0.8761187430231436,0.9260295782931449
cb_rnn,7,16,4,full,0.001,0.8753796790078591,0.8753796790078591,0.9271267794212332
cb_rnn,7,16,5,full,0.001,0.877238590309313,0.877238590309313,0.9345063385432117
cb_rnn,7,16,6,full,0.001,0.8715442556198238,0.8715442556198238,0.9403115240404992
cb_rnn,7,16,7,full,0.001,0.8524934481501095,0.8524934481501095,0.924482326938472
cb_rnn,7,16,8,full,0.001,0.844576865588289,0.844576865588289,0.9190333205571051
cb_rnn,7,16,9,full,0.001,0.8172353012755795,0.8172353012755795,0.8977561204069436
cb_rnn,7,16,10,full,0.001,0.8108207429465938,0.8108207429465938,0.898422186704831
cb_rnn,7,16,11,full,0.001,0.848073326847026,0.848073326847026,0.9353170240270031
cb_rnn,7,16,12,full,0.001,0.8857512645980825,0.8857512645980825,0.9843611238220187
cb_rnn,7,16,13,full,0.001,0.9240640722623077,0.9240640722623077,1.0417691940627327
cb_rnn,7,16,14,full,0.001,0.8968683582667729,0.8968683582667729,1.0699032998110027
cb_rnn,7,16,1,full,0.01,0.9264627874282736,0.9264627874282736,0.9595469582845363
cb_rnn,7,16,2,full,0.01,0.892245735691997,0.892245735691997,0.9370511526742704
cb_rnn,7,16,3,full,0.01,0.8760203676397624,0.8760203676397624,0.9259477308913409
cb_rnn,7,16,4,full,0.01,0.8752648926525002,0.8752648926525002,0.927042220431717
cb_rnn,7,16,5,full,0.01,0.8770439940185493,0.8770439940185493,0.9343603089377985
cb_rnn,7,16,6,full,0.01,0.8713725086596937,0.8713725086596937,0.9401822011627909
cb_rnn,7,16,7,full,0.01,0.852336926381916,0.852336926381916,0.9243616446326208
cb_rnn,7,16,8,full,0.01,0.8444795032253387,0.8444795032253387,0.9189185836978833
cb_rnn,7,16,9,full,0.01,0.8171950525938481,0.8171950525938481,0.8976902640305727
cb_rnn,7,16,10,full,0.01,0.8108008972460943,0.8108008972460943,0.8983475698848219
cb_rnn,7,16,11,full,0.01,0.8481649112607577,0.8481649112607577,0.9353107019734137
cb_rnn,7,16,12,full,0.01,0.8858221082485034,0.8858221082485034,0.9843262110955239
cb_rnn,7,16,13,full,0.01,0.9240981269427615,0.9240981269427615,1.0417579315522747
cb_rnn,7,16,14,full,0.01,0.8970636583588408,0.8970636583588408,1.070072063424082
cb_rnn,7,16,1,full,0.1,0.9264137354902553,0.9264137354902553,0.9592158731262375
cb_rnn,7,16,2,full,0.1,0.8915197348502495,0.8915197348502495,0.9363722198724516
cb_rnn,7,16,3,full,0.1,0.8750183148315978,0.8750183148315978,0.924963038527313
cb_rnn,7,16,4,full,0.1,0.8736539979114415,0.8736539979114415,0.9257101441402197
cb_rnn,7,16,5,full,0.1,0.8755830299916874,0.8755830299916874,0.9329715667092782
cb_rnn,7,16,6,full,0.1,0.8700400707705169,0.8700400707705169,0.9388993929483849
cb_rnn,7,16,7,full,0.1,0.8510534256648427,0.8510534256648427,0.9231877913059965
cb_rnn,7,16,8,full,0.1,0.8433779345220667,0.8433779345220667,0.9180346108565636
cb_rnn,7,16,9,full,0.1,0.8162149148645367,0.8162149148645367,0.8970537806901255
cb_rnn,7,16,10,full,0.1,0.8102160678230714,0.8102160678230714,0.8978962484235442
cb_rnn,7,16,11,full,0.1,0.848089107035515,0.848089107035515,0.9352530610081429
cb_rnn,7,16,12,full,0.1,0.8859922842389354,0.8859922842389354,0.9841749744992878
cb_rnn,7,16,13,full,0.1,0.9242227150161397,0.9242227150161397,1.041242921139393
cb_rnn,7,16,14,full,0.1,0.8964591223064691,0.8964591223064691,1.0680669834839684
cb_rnn,7,16,1,full,0.3,0.9266571804011872,0.9266571804011872,0.9587697815612183
cb_rnn,7,16,2,full,0.3,0.8901962617149877,0.8901962617149877,0.9351198590187705
cb_rnn,7,16,3,full,0.3,0.8722023729609854,0.8722023729609854,0.9224288208168083
cb_rnn,7,16,4,full,0.3,0.8700683484976113,0.8700683484976113,0.9224573136328515
cb_rnn,7,16,5,full,0.3,0.8718360148625268,0.8718360148625268,0.9293508931261341
cb_rnn,7,16,6,full,0.3,0.8667472737635917,0.8667472737635917,0.9355838062868979
cb_rnn,7,16,7,full,0.3,0.847951112717515,0.847951112717515,0.9200695681404042
cb_rnn,7,16,8,full,0.3,0.8403434856814953,0.8403434856814953,0.9151293927316426
cb_rnn,7,16,9,full,0.3,0.8135939414742059,0.8135939414742059,0.8946269297735825
cb_rnn,7,16,10,full,0.3,0.8082672282258947,0.8082672282258947,0.8959027663677631
cb_rnn,7,16,11,full,0.3,0.8464850885251212,0.8464850885251212,0.933254952801621
cb_rnn,7,16,12,full,0.3,0.8846221499068874,0.8846221499068874,0.9816709458804755
cb_rnn,7,16,13,full,0.3,0.9224900904539342,0.9224900904539342,1.037971736411033
cb_rnn,7,16,14,full,0.3,0.8934542764487493,0.8934542764487493,1.0625517694015219
cb_rnn,7,16,1,clamped,0.001,0.7811300117939813,0.7811300117939813,0.8601697355503983
cb_rnn,7,16,2,clamped,0.001,0.7192975588052088,0.7192975588052088,0.7784478636537085
cb_rnn,7,16,3,clamped,0.001,0.6318982260675964,0.6318982260675964,0.7088211875375061
cb_rnn,7,16,4,clamped,0.001,0.5783419263839855,0.5783419263839855,0.6589496199044963
cb_rnn,7,16,5,clamped,0.001,0.5433934924537095,0.5433934924537095,0.6202064641712848
cb_rnn,7,16,6,clamped,0.001,0.5001860623785954,0.5001860623785954,0.5890805263582364
cb_rnn,7,16,7,clamped,0.001,0.4704385787170853,0.4704385787170853,0.5621257812796493
cb_rnn,7,16,8,clamped,0.001,0.4351898575003703,0.4351898575003703,0.53522587968829
cb_rnn,7,16,9,clamped,0.001,0.400067684116048,0.400067684116048,0.5085633259206924
cb_rnn,7,16,10,clamped,0.001,0.37665374330349416,0.37665374330349416,0.48193484459030755
cb_rnn,7,16,11,clamped,0.001,0.35314181576281245,0.35314181576281245,0.4513430010273016
cb_rnn,7,16,12,clamped,0.001,0.3171994666454009,0.3171994666454009,0.4128463441736969
cb_rnn,7,16,13,clamped,0.001,0.27667483315769303,0.27667483315769303,0.36385310120530334
cb_rnn,7,16,14,clamped,0.001,0.22591997323254898,0.22591997323254898,0.30710871929001005
cb_rnn,7,16,1,clamped,0.01,0.7811442652473184,0.7811442652473184,0.8601711023633165
cb_rnn,7,16,2,clamped,0.01,0.7192645386971029,0.7192645386971029,0.7784180842146348
cb_rnn,7,16,3,clamped,0.01,0.6318738290021784,0.6318738290021784,0.7088124620889799
cb_rnn,7,16,4,clamped,0.01,0.5783400601573243,0.5783400601573243,0.6589581322295837
cb_rnn,7,16,5,clamped,0.01,0.5433381824207911,0.5433381824207911,0.620172757473389
cb_rnn,7,16,6,clamped,0.01,0.5001636073972286,0.5001636073972286,0.5890729865352549
cb_rnn,7,16,7,clamped,0.01,0.4704239982219179,0.4704239982219179,0.5621386676196698
cb_rnn,7,16,8,clamped,0.01,0.4351968150473665,0.4351968150473665,0.535246535725334
cb_rnn,7,16,9,clamped,0.01,0.4001011568902155,0.4001011568902155,0.5085975644420289
cb_rnn,7,16,10,clamped,0.01,0.3767096322865431,0.3767096322865431,0.48200833051861747
cb_rnn,7,16,11,clamped,0.01,0.3532039628280378,0.3532039628280378,0.45142870126058143
cb_rnn,7,16,12,clamped,0.01,0.31725703176299286,0.31725703176299286,0.41292580568938575
cb_rnn,7,16,13,clamped,0.01,0.27673234024187016,0.27673234024187016,0.36392883499886935
cb_rnn,7,16,14,clamped,0.01,0.22596801168420205,0.22596801168420205,0.30716912897333004
cb_rnn,7,16,1,clamped,0.1,0.7810815406390563,0.7810815406390563,0.8599428404884546
cb_rnn,7,16,2,clamped,0.1,0.7188799118643927,0.7188799118643927,0.7780354792242228
cb_rnn,7,16,3,clamped,0.1,0.6315443340139275,0.6315443340139275,0.7084513512621698
cb_rnn,7,16,4,clamped,0.1,0.5777950403105001,0.5777950403105001,0.6584810308080633
cb_rnn,7,16,5,clamped,0.1,0.5428312297342318,0.5428312297342318,0.6196175766844476
cb_rnn,7,16,6,clamped,0.1,0.49971480227466986,0.49971480227466986,0.5885437781458522
cb_rnn,7,16,7,clamped,0.1,0.47002246314078616,0.47002246314078616,0.5616663334347838
cb_rnn,7,16,8,clamped,0.1,0.4348768209710826,0.4348768209710826,0.5348682481521443
cb_rnn,7,16,9,clamped,0.1,0.3998764092696418,0.3998764092696418,0.5082963188442668
cb_rnn,7,16,10,clamped,0.1,0.3765187696059221,0.3765187696059221,0.481777225847262
cb_rnn,7,16,11,clamped,0.1,0.35311959037355567,0.35311959037355567,0.45127004969015216
cb_rnn,7,16,12,clamped,0.1,0.31718372502002945,0.31718372502002945,0.41284537781413094
cb_rnn,7,16,13,clamped,0.1,0.27671638534106296,0.27671638534106296,0.3638877332418712
cb_rnn,7,16,14,clamped,0.1,0.22598061419192725,0.22598061419192725,0.30715898298498173
cb_rnn,7,16,1,clamped,0.3,0.7811904490708768,0.7811904490708768,0.8596471637457161
cb_rnn,7,16,2,clamped,0.3,0.7181893437759385,0.7181893437759385,0.7773057413105876
cb_rnn,7,16,3,clamped,0.3,0.6305261405476711,0.6305261405476711,0.7074531688239467
cb_rnn,7,16,4,clamped,0.3,0.5765276748517218,0.5765276748517218,0.6571978885384562
cb_rnn,7,16,5,clamped,0.3,0.5414866196159096,0.5414866196159096,0.6181411110009568
cb_rnn,7,16,6,clamped,0.3,0.4986124480291765,0.4986124480291765,0.5872096217443084
cb_rnn,7,16,7,clamped,0.3,0.46893639265550036,0.46893639265550036,0.5603657666400679
cb_rnn,7,16,8,clamped,0.3,0.433876651398413,0.433876651398413,0.5335806912456205
cb_rnn,7,16,9,clamped,0.3,0.3990590593233949,0.3990590593233949,0.5071917033554734
cb_rnn,7,16,10,clamped,0.3,0.37594113680345453,0.37594113680345453,0.4808615742199331
cb_rnn,7,16,11,clamped,0.3,0.3527189264484477,0.3527189264484477,0.4506087319901766
cb_rnn,7,16,12,clamped,0.3,0.3168032131186998,0.3168032131186998,0.4122902437075229
cb_rnn,7,16,13,clamped,0.3,0.27645154401368577,0.27645154401368577,0.3635244593393735
cb_rnn,7,16,14,clamped,0.3,0.22577534387002085,0.22577534387002085,0.30684698298988844
cb_rnn,7,21,1,full,0.001,0.8415868293162495,0.8415868293162495,0.897105824772888
cb_rnn,7,21,2,full,0.001,0.8302532364498119,0.8302532364498119,0.9098131006047425
cb_rnn,7,21,3,full,0.001,0.8019176737905249,0.8019176737905249,0.8964117000501315
cb_rnn,7,21,4,full,0.001,0.811469387164427,0.811469387164427,0.8981304271176196
cb_rnn,7,21,5,full,0.001,0.808837736447612,0.808837736447612,0.907937939612349
cb_rnn,7,21,6,full,0.001,0.7802951763148829,0.7802951763148829,0.8996859208522932
cb_rnn,7,21,7,full,0.001,0.791496401082312,0.791496401082312,0.9144650163459336
cb_rnn,7,21,8,full,0.001,0.7923493925119587,0.7923493925119587,0.9255990616235374
cb_rnn,7,21,9,full,0.001,0.7807067060015902,0.7807067060015902,0.9203628063793954
cb_rnn,7,21,10,full,0.001,0.7760809561080133,0.7760809561080133,0.9051665464704324
cb_rnn,7,21,11,full,0.001,0.7787405526681185,0.7787405526681185,0.9075880817873154
cb_rnn,7,21,12,full,0.001,0.770513707727299,0.770513707727299,0.9061681513283749
cb_rnn,7,21,13,full,0.001,0.770993307748357,0.770993307748357,0.9036866946984635
cb_rnn,7,21,14,full,0.001,0.7672113391231374,0.7672113391231374,0.8947763087917825
cb_rnn,7,21,15,full,0.001,0.7708582557270667,0.7708582557270667,0.8903445031220658
cb_rnn,7,21,16,full,0.001,0.7789683490923942,0.7789683490923942,0.9031455485562021
cb_rnn,7,21,17,full,0.001,0.8092794218623456,0.8092794218623456,0.9650387972186557
cb_rnn,7,21,18,full,0.001,0.8702140699229709,0.8702140699229709,1.06180659219286
cb_rnn,7,21,19,full,0.001,0.9004178503549889,0.9004178503549889,1.091813652589865
cb_rnn,7,21,1,full,0.01,0.8417159268183736,0.8417159268183736,0.8971541228329879
cb_rnn,7,21,2,full,0.01,0.8302500801333654,0.8302500801333654,0.9097834874225993
cb_rnn,7,21,3,full,0.01,0.8019463094125396,0.8019463094125396,0.8964315372079743
cb_rnn,7,21,4,full,0.01,0.8114735910031898,0.8114735910031898,0.8981092516855652
cb_rnn,7,21,5,full,0.01,0.808844756521205,0.808844756521205,0.9078808877952546
cb_rnn,7,21,6,full,0.01,0.7801233089443603,0.7801233089443603,0.8994487940771192
cb_rnn,7,21,7,full,0.01,0.791333010429452,0.791333010429452,0.9142405151846215
cb_rnn,7,21,8,full,0.01,0.7921154697738437,0.7921154697738437,0.925295418423657
cb_rnn,7,21,9,full,0.01,0.7806558634706036,0.7806558634706036,0.9201805078556307
cb_rnn,7,21,10,full,0.01,0.7761413019129144,0.7761413019129144,0.905093298209151
cb_rnn,7,21,11,full,0.01,0.7787088694542719,0.7787088694542719,0.9075380623668157
cb_rnn,7,21,12,full,0.01,0.770508981361461,0.770508981361461,0.9062775482500065
cb_rnn,7,21,13,full,0.01,0.771229497073006,0.771229497073006,0.9040751030288938
cb_rnn,7,21,14,full,0.01,0.7675559974510858,0.7675559974510858,0.8953239366901906
cb_rnn,7,21,15,full,0.01,0.7711265101786647,0.7711265101786647,0.890756078457728
cb_rnn,7,21,16,full,0.01,0.7792125826395198,0.7792125826395198,0.9035851095787727
cb_rnn,7,21,17,full,0.01,0.8092855323377617,0.8092855323377617,0.9651267050117014
cb_rnn,7,21,18,full,0.01,0.8703334894416141,0.8703334894416141,1.0618820556091744
cb_rnn,7,21,19,full,0.01,0.9005454374847823,0.9005454374847823,1.0919421121747264
cb_rnn,7,21,1,full,0.1,0.8421636687491981,0.8421636687491981,0.8970788195125965
cb_rnn,7,21,2,full,0.1,0.8309794570272295,0.8309794570272295,0.9100435413529979
cb_rnn,7,21,3,full,0.1,0.8023039807314429,0.8023039807314429,0.8965147061153718
cb_rnn,7,21,4,full,0.1,0.8119002384842608,0.8119002384842608,0.8981855865511398
cb_rnn,7,21,5,full,0.1,0.8094041882755372,0.8094041882755372,0.90788694470191
cb_rnn,7,21,6,full,0.1,0.7801885460782858,0.7801885460782858,0.8993090198248466
cb_rnn,7,21,7,full,0.1,0.7907515582011158,0.7907515582011158,0.9131514731944254
cb_rnn,7,21,8,full,0.1,0.7914203865385734,0.7914203865385734,0.9237978036911215
cb_rnn,7,21,9,full,0.1,0.7799640301533102,0.7799640301533102,0.9187501772079407
cb_rnn,7,21,10,full,0.1,0.7756321433024798,0.7756321433024798,0.9039539929553194
cb_rnn,7,21,11,full,0.1,0.7780385301476842,0.7780385301476842,0.9064724260120631
cb_rnn,7,21,12,full,0.1,0.7697361404506428,0.7697361404506428,0.9053245847486217
cb_rnn,7,21,13,full,0.1,0.7703873224399294,0.7703873224399294,0.9030244823495857
cb_rnn,7,21,14,full,0.1,0.7667537885766946,0.7667537885766946,0.8942357445057638
cb_rnn,7,21,15,full,0.1,0.7707171001069627,0.7707171001069627,0.8902099740459941
cb_rnn,7,21,16,full,0.1,0.7790074058719181,0.7790074058719181,0.9033126654309165
cb_rnn,7,21,17,full,0.1,0.8085099642917342,0.8085099642917342,0.9642313987487803
cb_rnn,7,21,18,full,0.1,0.8698239949063429,0.8698239949063429,1.0607785391222297
cb_rnn,7,21,19,full,0.1,0.9011066764826913,0.9011066764826913,1.090931710444432
cb_rnn,7,21,1,full,0.3,0.8432953110514538,0.8432953110514538,0.8973012123982649
cb_rnn,7,21,2,full,0.3,0.8326677674358876,0.8326677674358876,0.9110850022680986
cb_rnn,7,21,3,full,0.3,0.8034669539220007,0.8034669539220007,0.8971533286443201
cb_rnn,7,21,4,full,0.3,0.8128625797330056,0.8128625797330056,0.8985090767970607
cb_rnn,7,21,5,full,0.3,0.8103901958536244,0.8103901958536244,0.9081967288163884
cb_rnn,7,21,6,full,0.3,0.7807577702235959,0.7807577702235959,0.8989786384734255
cb_rnn,7,21,7,full,0.3,0.7907499823367923,0.7907499823367923,0.9122806528551537
cb_rnn,7,21,8,full,0.3,0.791532185647466,0.791532185647466,0.9230511326854387
cb_rnn,7,21,9,full,0.3,0.7802925665329608,0.7802925665329608,0.9180992536286734
cb_rnn,7,21,10,full,0.3,0.7758165815272132,0.7758165815272132,0.9035016720619106
cb_rnn,7,21,11,full,0.3,0.7782621459619892,0.7782621459619892,0.9060872427679862
cb_rnn,7,21,12,full,0.3,0.7695440514662757,0.7695440514662757,0.9050364386755788
cb_rnn,7,21,13,full,0.3,0.7702301671719012,0.7702301671719012,0.9028294566642519
cb_rnn,7,21,14,full,0.3,0.766802133819285,0.766802133819285,0.8937155554984364
cb_rnn,7,21,15,full,0.3,0.77106299069162,0.77106299069162,0.8899748525232329
cb_rnn,7,21,16,full,0.3,0.7796601054512123,0.7796601054512123,0.903231280641707
cb_rnn,7,21,17,full,0.3,0.809401763914358,0.809401763914358,0.9642203061704939
cb_rnn,7,21,18,full,0.3,0.8708166409452843,0.8708166409452843,1.0598487071329485
cb_rnn,7,21,19,full,0.3,0.9042055726206019,0.9042055726206019,1.0890429202126517
cb_rnn,7,21,1,clamped,0.001,0.8021937101816967,0.8021937101816967,0.8623665463186457
cb_rnn,7,21,2,clamped,0.001,0.7402099952137331,0.7402099952137331,0.8098377195694831
cb_rnn,7,21,3,clamped,0.001,0.7062040449447216,0.7062040449447216,0.7849958906407349
cb_rnn,7,21,4,clamped,0.001,0.6813170697633477,0.6813170697633477,0.7587857409664471
cb_rnn,7,21,5,clamped,0.001,0.6568690347514758,0.6568690347514758,0.7437383525395146
cb_rnn,7,21,6,clamped,0.001,0.6306222727345829,0.6306222727345829,0.7305741932275789
cb_rnn,7,21,7,clamped,0.001,0.6169961266136228,0.6169961266136228,0.725402474815028
cb_rnn,7,21,8,clamped,0.001,0.5961013279480933,0.5961013279480933,0.7119903179235112
cb_rnn,7,21,9,clamped,0.001,0.5739429435392418,0.5739429435392418,0.7000037304266925
cb_rnn,7,21,10,clamped,0.001,0.5632840926878708,0.5632840926878708,0.6868123368649643
cb_rnn,7,21,11,clamped,0.001,0.555693624844975,0.555693624844975,0.679566044076078
cb_rnn,7,21,12,clamped,0.001,0.5455557400602009,0.5455557400602009,0.6704834268472661
cb_rnn,7,21,13,clamped,0.001,0.5327283721366468,0.5327283721366468,0.6539565768721954
cb_rnn,7,21,14,clamped,0.001,0.5240145708520884,0.5240145708520884,0.6349707775014126
cb_rnn,7,21,15,clamped,0.001,0.5164084995618141,0.5164084995618141,0.6220594439332543
cb_rnn,7,21,16,clamped,0.001,0.5160537698255896,0.5160537698255896,0.6206463648521964
cb_rnn,7,21,17,clamped,0.001,0.5080017077862548,0.5080017077862548,0.6253263171339845
cb_rnn,7,21,18,clamped,0.001,0.49467602274395944,0.49467602274395944,0.6121213272687154
cb_rnn,7,21,19,clamped,0.001,0.44265830590505084,0.44265830590505084,0.5525358968015105
cb_rnn,7,21,1,clamped,0.01,0.8023090100301752,0.8023090100301752,0.8624128238925322
cb_rnn,7,21,2,clamped,0.01,0.7402531102639188,0.7402531102639188,0.8098566053928092
cb_rnn,7,21,3,clamped,0.01,0.7062634401461154,0.7062634401461154,0.7850466661383142
cb_rnn,7,21,4,clamped,0.01,0.6813569683786014,0.6813569683786014,0.758801941944476
cb_rnn,7,21,5,clamped,0.01,0.6568899558797145,0.6568899558797145,0.7437392081103819
cb_rnn,7,21,6,clamped,0.01,0.6305210268112413,0.6305210268112413,0.7304518807548033
cb_rnn,7,21,7,clamped,0.01,0.6168939307067433,0.6168939307067433,0.7252779891877893
cb_rnn,7,21,8,clamped,0.01,0.5959126983885569,0.5959126983885569,0.711780854160375
cb_rnn,7,21,9,clamped,0.01,0.5738699265452816,0.5738699265452816,0.6998477677077293
cb_rnn,7,21,10,clamped,0.01,0.563275417679577,0.563275417679577,0.6867043164352707
cb_rnn,7,21,11,clamped,0.01,0.5555747357925164,0.5555747357925164,0.6794281763856922
cb_rnn,7,21,12,clamped,0.01,0.5454605740352236,0.5454605740352236,0.6704596268531091
cb_rnn,7,21,13,clamped,0.01,0.5328282794704202,0.5328282794704202,0.6541626303905852
cb_rnn,7,21,14,clamped,0.01,0.5241863352843099,0.5241863352843099,0.6352302588561146
cb_rnn,7,21,15,clamped,0.01,0.516526096295012,0.516526096295012,0.6222359669763705
cb_rnn,7,21,16,clamped,0.01,0.5161638946604118,0.5161638946604118,0.6208425872327308
cb_rnn,7,21,17,clamped,0.01,0.5080229065419177,0.5080229065419177,0.6254682111001684
cb_rnn,7,21,18,clamped,0.01,0.49472085347298267,0.49472085347298267,0.6122034004660211
cb_rnn,7,21,19,clamped,0.01,0.4426537134836642,0.4426537134836642,0.5525650177873923
cb_rnn,7,21,1,clamped,0.1,0.8029145092377075,0.8029145092377075,0.862691704967308
cb_rnn,7,21,2,clamped,0.1,0.7408529453470181,0.7408529453470181,0.8101714909010508
cb_rnn,7,21,3,clamped,0.1,0.7066266242640282,0.7066266242640282,0.7852843897922663
cb_rnn,7,21,4,clamped,0.1,0.6817977737476115,0.6817977737476115,0.7591607517332406
cb_rnn,7,21,5,clamped,0.1,0.6573302475289885,0.6573302475289885,0.7440343673729344
cb_rnn,7,21,6,clamped,0.1,0.6306680432202889,0.6306680432202889,0.730625648208692
cb_rnn,7,21,7,clamped,0.1,0.6166386002920694,0.6166386002920694,0.7248968572342103
cb_rnn,7,21,8,clamped,0.1,0.5955822488351727,0.5955822488351727,0.7110601159743272
cb_rnn,7,21,9,clamped,0.1,0.5735372552716771,0.5735372552716771,0.6991233386124833
cb_rnn,7,21,10,clamped,0.1,0.5630545273014576,0.5630545273014576,0.6861212381152904
cb_rnn,7,21,11,clamped,0.1,0.5552060750890168,0.5552060750890168,0.6787845635679508
cb_rnn,7,21,12,clamped,0.1,0.5450837600775047,0.5450837600775047,0.6699790370687114
cb_rnn,7,21,13,clamped,0.1,0.5323509488934088,0.5323509488934088,0.6534917594643382
cb_rnn,7,21,14,clamped,0.1,0.5237667887060911,0.5237667887060911,0.63455281886109
cb_rnn,7,21,15,clamped,0.1,0.5162713020843777,0.5162713020843777,0.6218371790329759
cb_rnn,7,21,16,clamped,0.1,0.5161230175763267,0.5161230175763267,0.6205914604500855
cb_rnn,7,21,17,clamped,0.1,0.507720554566234,0.507720554566234,0.6249279202251554
cb_rnn,7,21,18,clamped,0.1,0.49440066804316773,0.49440066804316773,0.6117215584010354
cb_rnn,7,21,19,clamped,0.1,0.4422280199345765,0.4422280199345765,0.5520672503706351
cb_rnn,7,21,1,clamped,0.3,0.8043535409802403,0.8043535409802403,0.863481160909322
cb_rnn,7,21,2,clamped,0.3,0.7420905869161151,0.7420905869161151,0.8107904153631879
cb_rnn,7,21,3,clamped,0.3,0.707595064450284,0.707595064450284,0.7858160212627243
cb_rnn,7,21,4,clamped,0.3,0.6825049785433792,0.6825049785433792,0.7594036816403645
cb_rnn,7,21,5,clamped,0.3,0.6580069103050201,0.6580069103050201,0.7441670855674059
cb_rnn,7,21,6,clamped,0.3,0.6310082754765792,0.6310082754765792,0.7304596482583058
cb_rnn,7,21,7,clamped,0.3,0.6164958030776049,0.6164958030776049,0.7243374024079796
cb_rnn,7,21,8,clamped,0.3,0.5954609911442486,0.5954609911442486,0.7105046694628816
cb_rnn,7,21,9,clamped,0.3,0.573524993111671,0.573524993111671,0.6985947506076648
cb_rnn,7,21,10,clamped,0.3,0.5630121739676877,0.5630121739676877,0.6857298274987073
cb_rnn,7,21,11,clamped,0.3,0.5549778241279892,0.5549778241279892,0.6781173117106339
cb_rnn,7,21,12,clamped,0.3,0.5445440054959874,0.5445440054959874,0.6693241539731738
cb_rnn,7,21,13,clamped,0.3,0.5318307344509926,0.5318307344509926,0.6528972956036794
cb_rnn,7,21,14,clamped,0.3,0.5233454426785585,0.5233454426785585,0.6338202426136397
cb_rnn,7,21,15,clamped,0.3,0.5160808160865187,0.5160808160865187,0.6213427929303035
cb_rnn,7,21,16,clamped,0.3,0.5161557768985545,0.5161557768985545,0.6202524158507112
cb_rnn,7,21,17,clamped,0.3,0.5075138986078359,0.5075138986078359,0.6242137108788002
cb_rnn,7,21,18,clamped,0.3,0.4942015328502627,0.4942015328502627,0.6110923476838261
cb_rnn,7,21,19,clamped,0.3,0.4420540302012863,0.4420540302012863,0.5516286399935042
cb_rnn,7,25,1,full,0.001,0.8674592554746324,0.8674592554746324,0.9477572742000165
cb_rnn,7,25,2,full,0.001,0.8724696407422579,0.8724696407422579,0.9914456709991438
cb_rnn,7,25,3,full,0.001,0.8614281721841555,0.8614281721841555,1.00565202708383
cb_rnn,7,25,4,full,0.001,0.8437785958407368,0.8437785958407368,0.9934414580189922
cb_rnn,7,25,5,full,0.001,0.8372886728719777,0.8372886728719777,0.9935876939780869
cb_rnn,7,25,6,full,0.001,0.8162428275474516,0.8162428275474516,0.9880677949930476
cb_rnn,7,25,7,full,0.001,0.8063081491263563,0.8063081491263563,0.9855418414897561
cb_rnn,7,25,8,full,0.001,0.8082725952487215,0.8082725952487215,0.9905096423196553
cb_rnn,7,25,9,full,0.001,0.7967502627020929,0.7967502627020929,0.976216538496805
cb_rnn,7,25,10,full,0.001,0.8004691765785397,0.8004691765785397,0.9786644553483433
cb_rnn,7,25,11,full,0.001,0.8025550501857734,0.8025550501857734,0.9853577415602088
cb_rnn,7,25,12,full,0.001,0.7859938435120807,0.7859938435120807,0.9671507925020555
cb_rnn,7,25,13,full,0.001,0.7753494121395721,0.7753494121395721,0.9569689521179399
cb_rnn,7,25,14,full,0.001,0.7987245563441111,0.7987245563441111,0.9914817677538941
cb_rnn,7,25,15,full,0.001,0.8123934137197587,0.8123934137197587,1.0150607759576018
cb_rnn,7,25,16,full,0.001,0.8275248718063302,0.8275248718063302,1.0255114725847072
cb_rnn,7,25,17,full,0.001,0.8328205471561767,0.8328205471561767,1.0282449989126254
cb_rnn,7,25,18,full,0.001,0.825966628104553,0.825966628104553,1.0162591826686287
cb_rnn,7,25,19,full,0.001,0.8005013222617998,0.8005013222617998,0.9771385881120995
cb_rnn,7,25,20,full,0.001,0.8014416111508874,0.8014416111508874,0.982881133195614
cb_rnn,7,25,21,full,0.001,0.851353961260719,0.851353961260719,1.0549967247426393
cb_rnn,7,25,22,full,0.001,0.9268539208959892,0.9268539208959892,1.1419568819742647
cb_rnn,7,25,23,full,0.001,0.9398050644381888,0.9398050644381888,1.159684305152226
cb_rnn,7,25,1,full,0.01,0.8676441801287569,0.8676441801287569,0.9479033142736004
cb_rnn,7,25,2,full,0.01,0.8727736691663543,0.8727736691663543,0.9916630236421868
cb_rnn,7,25,3,full,0.01,0.8616776766541877,0.8616776766541877,1.0057915354504936
cb_rnn,7,25,4,full,0.01,0.8442107316304687,0.8442107316304687,0.9937311628429251
cb_rnn,7,25,5,full,0.01,0.8376612253177762,0.8376612253177762,0.9939159299521063
cb_rnn,7,25,6,full,0.01,0.8165086625409932,0.8165086625409932,0.9882729642926561
cb_rnn,7,25,7,full,0.01,0.8064526873358038,0.8064526873358038,0.9856962656380219
cb_rnn,7,25,8,full,0.01,0.8083136010182547,0.8083136010182547,0.990539408993464
cb_rnn,7,25,9,full,0.01,0.7971470270414014,0.7971470270414014,0.9764618777690593
cb_rnn,7,25,10,full,0.01,0.8008692937232025,0.8008692937232025,0.9787903255147817
cb_rnn,7,25,11,full,0.01,0.8029034516661357,0.8029034516661357,0.9856446383911861
cb_rnn,7,25,12,full,0.01,0.7862709120883967,0.7862709120883967,0.9674784040759381
cb_rnn,7,25,13,full,0.01,0.7756751879907796,0.7756751879907796,0.9571304369437966
cb_rnn,7,25,14,full,0.01,0.7989605529191741,0.7989605529191741,0.9916448555060089
cb_rnn,7,25,15,full,0.01,0.8124446041275872,0.8124446041275872,1.0153745250090913
cb_rnn,7,25,16,full,0.01,0.8272831657074566,0.8272831657074566,1.025398796280032
cb_rnn,7,25,17,full,0.01,0.8324823655638554,0.8324823655638554,1.02800571685904
cb_rnn,7,25,18,full,0.01,0.8257635783049826,0.8257635783049826,1.0160090273172464
cb_rnn,7,25,19,full,0.01,0.8003921890984271,0.8003921890984271,0.9769287603056664
cb_rnn,7,25,20,full,0.01,0.8014208774561011,0.8014208774561011,0.9826649036151414
cb_rnn,7,25,21,full,0.01,0.8515498559742716,0.8515498559742716,1.0548060409231308
cb_rnn,7,25,22,full,0.01,0.9272252610919142,0.9272252610919142,1.1420544386925282
cb_rnn,7,25,23,full,0.01,0.9404137599783805,0.9404137599783805,1.1598551881645087
cb_rnn,7,25,1,full,0.1,0.8689629064944712,0.8689629064944712,0.9485325290618731
cb_rnn,7,25,2,full,0.1,0.8742524148961819,0.8742524148961819,0.9923033560985838
cb_rnn,7,25,3,full,0.1,0.8637088584169053,0.8637088584169053,1.0067117787625512
cb_rnn,7,25,4,full,0.1,0.8460812768776966,0.8460812768776966,0.9943851305366012
cb_rnn,7,25,5,full,0.1,0.8390101796659774,0.8390101796659774,0.9942993318498936
cb_rnn,7,25,6,full,0.1,0.8181671315512008,0.8181671315512008,0.9888948444403596
cb_rnn,7,25,7,full,0.1,0.8081466177010304,0.8081466177010304,0.9866398640814159
cb_rnn,7,25,8,full,0.1,0.8094017235875253,0.8094017235875253,0.9909668700093601
cb_rnn,7,25,9,full,0.1,0.79841369699532,0.79841369699532,0.9769791743502312
cb_rnn,7,25,10,full,0.1,0.8025568397251133,0.8025568397251133,0.9795343064166371
cb_rnn,7,25,11,full,0.1,0.8044068907759663,0.8044068907759663,0.9862423522586173
cb_rnn,7,25,12,full,0.1,0.7876483077347045,0.7876483077347045,0.9674829200838064
cb_rnn,7,25,13,full,0.1,0.777515048147477,0.777515048147477,0.9576865570458074
cb_rnn,7,25,14,full,0.1,0.801028079630755,0.801028079630755,0.9922067569607811
cb_rnn,7,25,15,full,0.1,0.8141649195214019,0.8141649195214019,1.0168373441711762
cb_rnn,7,25,16,full,0.1,0.8290619437122575,0.8290619437122575,1.027352911023192
cb_rnn,7,25,17,full,0.1,0.8340220539817554,0.8340220539817554,1.0289262908923882
cb_rnn,7,25,18,full,0.1,0.8270667067562838,0.8270667067562838,1.0168787188122799
cb_rnn,7,25,19,full,0.1,0.8018733794924386,0.8018733794924386,0.9765487520733004
cb_rnn,7,25,20,full,0.1,0.8027675807244712,0.8027675807244712,0.9823649938222296
cb_rnn,7,25,21,full,0.1,0.853588843240049,0.853588843240049,1.054653613233555
cb_rnn,7,25,22,full,0.1,0.9286016914540036,0.9286016914540036,1.142046605585897
cb_rnn,7,25,23,full,0.1,0.9419050490219685,0.9419050490219685,1.1599271279286223
cb_rnn,7,25,1,full,0.3,0.8707761550405712,0.8707761550405712,0.9491952164344304
cb_rnn,7,25,2,full,0.3,0.8763152396887808,0.8763152396887808,0.9929473006167069
cb_rnn,7,25,3,full,0.3,0.8669255158783622,0.8669255158783622,1.0075855478269613
cb_rnn,7,25,4,full,0.3,0.8492883109365201,0.8492883109365201,0.9953738182512173
cb_rnn,7,25,5,full,0.3,0.8407608997453352,0.8407608997453352,0.994398608675883
cb_rnn,7,25,6,full,0.3,0.8202092101732308,0.8202092101732308,0.9888546949638064
cb_rnn,7,25,7,full,0.3,0.8093976451464587,0.8093976451464587,0.9858947004402034
cb_rnn,7,25,8,full,0.3,0.810981409339846,0.810981409339846,0.9901670602271742
cb_rnn,7,25,9,full,0.3,0.8006726606811504,0.8006726606811504,0.9771107243806716
cb_rnn,7,25,10,full,0.3,0.8043912634513809,0.8043912634513809,0.9799674623148531
cb_rnn,7,25,11,full,0.3,0.8068270523227341,0.8068270523227341,0.9870931914216933
cb_rnn,7,25,12,full,0.3,0.7897700197724427,0.7897700197724427,0.9682300112053202
cb_rnn,7,25,13,full,0.3,0.7807067413020993,0.7807067413020993,0.9589093340242276
cb_rnn,7,25,14,full,0.3,0.8037921856506705,0.8037921856506705,0.9922258688794074
cb_rnn,7,25,15,full,0.3,0.8179605680024948,0.8179605680024948,1.0173209181716938
cb_rnn,7,25,16,full,0.3,0.8332982213152531,0.8332982213152531,1.0294027235863594
cb_rnn,7,25,17,full,0.3,0.8373948938327227,0.8373948938327227,1.0306969539055566
cb_rnn,7,25,18,full,0.3,0.829674624636497,0.829674624636497,1.017336038032767
cb_rnn,7,25,19,full,0.3,0.8037628344166667,0.8037628344166667,0.9759362483108339
cb_rnn,7,25,20,full,0.3,0.8047830918180389,0.8047830918180389,0.9815312668276659
cb_rnn,7,25,21,full,0.3,0.8557285964670522,0.8557285964670522,1.0527545557871105
cb_rnn,7,25,22,full,0.3,0.9301192487167529,0.9301192487167529,1.1395831603945592
cb_rnn,7,25,23,full,0.3,0.9424543150909643,0.9424543150909643,1.1551248471938167
cb_rnn,7,25,1,clamped,0.001,0.831303587761175,0.831303587761175,0.90991627136801
cb_rnn,7,25,2,clamped,0.001,0.7934566423257646,0.7934566423257646,0.9064145309590699
cb_rnn,7,25,3,clamped,0.001,0.7735670387731666,0.7735670387731666,0.9157419102889236
cb_rnn,7,25,4,clamped,0.001,0.7530030732076387,0.7530030732076387,0.9018625473946462
cb_rnn,7,25,5,clamped,0.001,0.7385176432071805,0.7385176432071805,0.8905070998319755
cb_rnn,7,25,6,clamped,0.001,0.7177063908997514,0.7177063908997514,0.8834509036727274
cb_rnn,7,25,7,clamped,0.001,0.704398244038033,0.704398244038033,0.8790410108213605
cb_rnn,7,25,8,clamped,0.001,0.6993530698905943,0.6993530698905943,0.8730450893347019
cb_rnn,7,25,9,clamped,0.001,0.6864490660077749,0.6864490660077749,0.8563575747276375
cb_rnn,7,25,10,clamped,0.001,0.6810496277378941,0.6810496277378941,0.8524718911737357
cb_rnn,7,25,11,clamped,0.001,0.6767891185799592,0.6767891185799592,0.8473600678166198
cb_rnn,7,25,12,clamped,0.001,0.6581127121252103,0.6581127121252103,0.8295856306996822
cb_rnn,7,25,13,clamped,0.001,0.6515155421624346,0.6515155421624346,0.821363341309376
cb_rnn,7,25,14,clamped,0.001,0.6611529050222358,0.6611529050222358,0.8319762258639707
cb_rnn,7,25,15,clamped,0.001,0.6649653262975176,0.6649653262975176,0.8420418569712294
cb_rnn,7,25,16,clamped,0.001,0.6714507335883106,0.6714507335883106,0.8433512888914596
cb_rnn,7,25,17,clamped,0.001,0.6628873029222742,0.6628873029222742,0.8303639234303987
cb_rnn,7,25,18,clamped,0.001,0.6540447561039309,0.6540447561039309,0.8036984847171222
cb_rnn,7,25,19,clamped,0.001,0.6343776942830806,0.6343776942830806,0.7720504519647506
cb_rnn,7,25,20,clamped,0.001,0.6302811539757909,0.6302811539757909,0.7696750557288438
cb_rnn,7,25,21,clamped,0.001,0.6486647817198695,0.6486647817198695,0.7970659970799707
cb_rnn,7,25,22,clamped,0.001,0.6550625519526996,0.6550625519526996,0.8015845068367633
cb_rnn,7,25,23,clamped,0.001,0.578696981189252,0.578696981189252,0.7398276010514528
cb_rnn,7,25,1,clamped,0.01,0.8314700414814834,0.8314700414814834,0.9100429939663099
cb_rnn,7,25,2,clamped,0.01,0.7935842893117384,0.7935842893117384,0.906508184413112
cb_rnn,7,25,3,clamped,0.01,0.773667278898188,0.773667278898188,0.9157748377234424
cb_rnn,7,25,4,clamped,0.01,0.7533048572283796,0.7533048572283796,0.902062275458138
cb_rnn,7,25,5,clamped,0.01,0.738771142700483,0.738771142700483,0.8907669335344602
cb_rnn,7,25,6,clamped,0.01,0.7178772291216841,0.7178772291216841,0.8836351608734223
cb_rnn,7,25,7,clamped,0.01,0.7044677882048505,0.7044677882048505,0.8791894464328325
cb_rnn,7,25,8,clamped,0.01,0.6993104151921581,0.6993104151921581,0.8730606549819093
cb_rnn,7,25,9,clamped,0.01,0.6866997714880747,0.6866997714880747,0.8565532459606564
cb_rnn,7,25,10,clamped,0.01,0.6812868078355135,0.6812868078355135,0.8525356260036501
cb_rnn,7,25,11,clamped,0.01,0.676971234612156,0.676971234612156,0.8475395481321254
cb_rnn,7,25,12,clamped,0.01,0.658265873207907,0.658265873207907,0.8298139191938435
cb_rnn,7,25,13,clamped,0.01,0.6517626566154502,0.6517626566154502,0.8215026947511943
cb_rnn,7,25,14,clamped,0.01,0.6612647465159911,0.6612647465159911,0.832037150979488
cb_rnn,7,25,15,clamped,0.01,0.664945911114529,0.664945911114529,0.8420944804277859
cb_rnn,7,25,16,clamped,0.01,0.6713751377080353,0.6713751377080353,0.8432990545931951
cb_rnn,7,25,17,clamped,0.01,0.6627770303445186,0.6627770303445186,0.8302373758541592
cb_rnn,7,25,18,clamped,0.01,0.6539298477915003,0.6539298477915003,0.8035225371126093
cb_rnn,7,25,19,clamped,0.01,0.6342391620326797,0.6342391620326797,0.7718932610729388
cb_rnn,7,25,20,clamped,0.01,0.630157826416573,0.630157826416573,0.7694390055636875
cb_rnn,7,25,21,clamped,0.01,0.6486217431305711,0.6486217431305711,0.7968512049266971
cb_rnn,7,25,22,clamped,0.01,0.6549777774574777,0.6549777774574777,0.80143750323452
cb_rnn,7,25,23,clamped,0.01,0.578607238972576,0.578607238972576,0.7396769417437425
cb_rnn,7,25,1,clamped,0.1,0.8326737270928262,0.8326737270928262,0.9106621565574488
cb_rnn,7,25,2,clamped,0.1,0.794795253200643,0.794795253200643,0.9069753435496513
cb_rnn,7,25,3,clamped,0.1,0.7754861428973927,0.7754861428973927,0.9166072600100683
cb_rnn,7,25,4,clamped,0.1,0.75503075741885,0.75503075741885,0.9027225592845353
cb_rnn,7,25,5,clamped,0.1,0.740182392753268,0.740182392753268,0.8913276728254791
cb_rnn,7,25,6,clamped,0.1,0.7195996261101086,0.7195996261101086,0.8844832469199764
cb_rnn,7,25,7,clamped,0.1,0.7061122744417455,0.7061122744417455,0.8802495607476819
cb_rnn,7,25,8,clamped,0.1,0.7004060104700758,0.7004060104700758,0.8735867065183781
cb_rnn,7,25,9,clamped,0.1,0.6878842035215254,0.6878842035215254,0.8572210351559209
cb_rnn,7,25,10,clamped,0.1,0.6828177953862189,0.6828177953862189,0.8533726530832982
cb_rnn,7,25,11,clamped,0.1,0.6783298637451718,0.6783298637451718,0.8482764747386814
cb_rnn,7,25,12,clamped,0.1,0.6594381871999547,0.6594381871999547,0.8303330119623731
cb_rnn,7,25,13,clamped,0.1,0.6534801037790183,0.6534801037790183,0.8230145478328669
cb_rnn,7,25,14,clamped,0.1,0.6633245559027507,0.6633245559027507,0.8338925513171935
cb_rnn,7,25,15,clamped,0.1,0.6669968232835706,0.6669968232835706,0.844109957291143
cb_rnn,7,25,16,clamped,0.1,0.673796166950966,0.673796166950966,0.8458750566948461
cb_rnn,7,25,17,clamped,0.1,0.6649734358960506,0.6649734358960506,0.8326848378356406
cb_rnn,7,25,18,clamped,0.1,0.6557704878262214,0.6557704878262214,0.8057298236956913
cb_rnn,7,25,19,clamped,0.1,0.636082121752467,0.636082121752467,0.7739979098352165
cb_rnn,7,25,20,clamped,0.1,0.6316555674371399,0.6316555674371399,0.7713047407581188
cb_rnn,7,25,21,clamped,0.1,0.6506298924071143,0.6506298924071143,0.7989856914042299
cb_rnn,7,25,22,clamped,0.1,0.6566079302284091,0.6566079302284091,0.8034105202859128
cb_rnn,7,25,23,clamped,0.1,0.5796369347500356,0.5796369347500356,0.7413744829134228
cb_rnn,7,25,1,clamped,0.3,0.8347641171061126,0.8347641171061126,0.9118657845906883
cb_rnn,7,25,2,clamped,0.3,0.7969740958256804,0.7969740958256804,0.9080610997638479
cb_rnn,7,25,3,clamped,0.3,0.7788807263592279,0.7788807263592279,0.9182050743344334
cb_rnn,7,25,4,clamped,0.3,0.7585295953875758,0.7585295953875758,0.9045507985356867
cb_rnn,7,25,5,clamped,0.3,0.7423444483631244,0.7423444483631244,0.8923984040204265
cb_rnn,7,25,6,clamped,0.3,0.7221144516460081,0.7221144516460081,0.8856650642168997
cb_rnn,7,25,7,clamped,0.3,0.7078540605522048,0.7078540605522048,0.8808274161196041
cb_rnn,7,25,8,clamped,0.3,0.7025190945689097,0.7025190945689097,0.8741886109406516
cb_rnn,7,25,9,clamped,0.3,0.690377055355818,0.690377055355818,0.8586291951587189
cb_rnn,7,25,10,clamped,0.3,0.6849362662116505,0.6849362662116505,0.8549270715908446
cb_rnn,7,25,11,clamped,0.3,0.681099026300206,0.681099026300206,0.8501779457699441
cb_rnn,7,25,12,clamped,0.3,0.6619425229779158,0.6619425229779158,0.8325900675037144
cb_rnn,7,25,13,clamped,0.3,0.6570341002152196,0.6570341002152196,0.8265413772408301
cb_rnn,7,25,14,clamped,0.3,0.6665975006568481,0.6665975006568481,0.8371076049582772
cb_rnn,7,25,15,clamped,0.3,0.6708965659888851,0.6708965659888851,0.8482125438368581
cb_rnn,7,25,16,clamped,0.3,0.6780960113559129,0.6780960113559129,0.8507475035445141
cb_rnn,7,25,17,clamped,0.3,0.6685977375660165,0.6685977375660165,0.8366136072448782
cb_rnn,7,25,18,clamped,0.3,0.6590885801210152,0.6590885801210152,0.8097300725826071
cb_rnn,7,25,19,clamped,0.3,0.6387674498683694,0.6387674498683694,0.7774302398236245
cb_rnn,7,25,20,clamped,0.3,0.6342187706928153,0.6342187706928153,0.7743866439207927
cb_rnn,7,25,21,clamped,0.3,0.6532887446720457,0.6532887446720457,0.8016752577439491
cb_rnn,7,25,22,clamped,0.3,0.6587619700802476,0.6587619700802476,0.8056928970975663
cb_rnn,7,25,23,clamped,0.3,0.5808183878458544,0.5808183878458544,0.7427644015184671
cb_rnn,7,30,1,full,0.001,0.911045895393569,0.911045895393569,1.030344378895557
cb_rnn,7,30,2,full,0.001,0.9309492960183728,0.9309492960183728,1.1059414643434602
cb_rnn,7,30,3,full,0.001,0.934207275884396,0.934207275884396,1.1244399095264892
cb_rnn,7,30,4,full,0.001,0.9319636946430648,0.9319636946430648,1.1327418836137029
cb_rnn,7,30,5,full,0.001,0.9316110698420491,0.9316110698420491,1.1362945095821673
cb_rnn,7,30,6,full,0.001,0.9373977777419829,0.9373977777419829,1.1371782336840244
cb_rnn,7,30,7,full,0.001,0.9441768532873323,0.9441768532873323,1.1450396283540436
cb_rnn,7,30,8,full,0.001,0.9458022548001026,0.9458022548001026,1.1571128548858594
cb_rnn,7,30,9,full,0.001,0.9343716662726802,0.9343716662726802,1.145682292532817
cb_rnn,7,30,10,full,0.001,0.9156294812126841,0.9156294812126841,1.1244108755176145
cb_rnn,7,30,11,full,0.001,0.8992071506922922,0.8992071506922922,1.1176174212381318
cb_rnn,7,30,12,full,0.001,0.9009294829930439,0.9009294829930439,1.1199894783981397
cb_rnn,7,30,13,full,0.001,0.8856386037626403,0.8856386037626403,1.100574936677034
cb_rnn,7,30,14,full,0.001,0.883374181230246,0.883374181230246,1.0994390474408862
cb_rnn,7,30,15,full,0.001,0.8922929243500543,0.8922929243500543,1.1099592281864337
cb_rnn,7,30,16,full,0.001,0.8834035959666566,0.8834035959666566,1.099557696860716
cb_rnn,7,30,17,full,0.001,0.8792474892565842,0.8792474892565842,1.0968758312944191
cb_rnn,7,30,18,full,0.001,0.8910033498274452,0.8910033498274452,1.1143033406835219
cb_rnn,7,30,19,full,0.001,0.8847526593847217,0.8847526593847217,1.099188232996343
cb_rnn,7,30,20,full,0.001,0.8601452534466968,0.8601452534466968,1.059764635834712
cb_rnn,7,30,21,full,0.001,0.8633707804150469,0.8633707804150469,1.0602285696655456
cb_rnn,7,30,22,full,0.001,0.8742687173985969,0.8742687173985969,1.0718176309315808
cb_rnn,7,30,23,full,0.001,0.8593462359915979,0.8593462359915979,1.0490325715779327
cb_rnn,7,30,24,full,0.001,0.8343858375926245,0.8343858375926245,1.0241538626410285
cb_rnn,7,30,25,full,0.001,0.8267908522381315,0.8267908522381315,1.0366445188498066
cb_rnn,7,30,26,full,0.001,0.8401678069545131,0.8401678069545131,1.0625373001866993
cb_rnn,7,30,27,full,0.001,0.844570626759809,0.844570626759809,1.0713064584812848
cb_rnn,7,30,28,full,0.001,0.7426045025263033,0.7426045025263033,1.0303738961132525
cb_rnn,7,30,1,full,0.01,0.9109252511059545,0.9109252511059545,1.0301288030975142
cb_rnn,7,30,2,full,0.01,0.9308021262334012,0.9308021262334012,1.105541040930769
cb_rnn,7,30,3,full,0.01,0.9343783074314821,0.9343783074314821,1.1242714871273427
cb_rnn,7,30,4,full,0.01,0.931926288744404,0.931926288744404,1.1325234845425598
cb_rnn,7,30,5,full,0.01,0.9313546825618497,0.9313546825618497,1.135951186501401
cb_rnn,7,30,6,full,0.01,0.9366233232974253,0.9366233232974253,1.1360212530655716
cb_rnn,7,30,7,full,0.01,0.9426591257814755,0.9426591257814755,1.1429257576781213
cb_rnn,7,30,8,full,0.01,0.9446865874224922,0.9446865874224922,1.1549325697186896
cb_rnn,7,30,9,full,0.01,0.9328998178466881,0.9328998178466881,1.143360601236993
cb_rnn,7,30,10,full,0.01,0.9142438912267826,0.9142438912267826,1.122109913066176
cb_rnn,7,30,11,full,0.01,0.8980494800795081,0.8980494800795081,1.1153959029347171
cb_rnn,7,30,12,full,0.01,0.8993250518137604,0.8993250518137604,1.1176849629956231
cb_rnn,7,30,13,full,0.01,0.8844058744835191,0.8844058744835191,1.0982244663429785
cb_rnn,7,30,14,full,0.01,0.8821334225740183,0.8821334225740183,1.09740130681756
cb_rnn,7,30,15,full,0.01,0.8914655454062592,0.8914655454062592,1.1083108092059217
cb_rnn,7,30,16,full,0.01,0.8828167240586754,0.8828167240586754,1.0980307834557381
cb_rnn,7,30,17,full,0.01,0.8786068089256915,0.8786068089256915,1.0952006326588548
cb_rnn,7,30,18,full,0.01,0.8905313841178291,0.8905313841178291,1.112841799282858
cb_rnn,7,30,19,full,0.01,0.8849909788694607,0.8849909788694607,1.0983326560594002
cb_rnn,7,30,20,full,0.01,0.8603139792869334,0.8603139792869334,1.059489066339891
cb_rnn,7,30,21,full,0.01,0.8635197653451259,0.8635197653451259,1.0601352073819226
cb_rnn,7,30,22,full,0.01,0.874451653071995,0.874451653071995,1.0718131046421244
cb_rnn,7,30,23,full,0.01,0.8599689003973443,0.8599689003973443,1.0494109361611783
cb_rnn,7,30,24,full,0.01,0.8353771788412706,0.8353771788412706,1.024908675400142
cb_rnn,7,30,25,full,0.01,0.8275434976066851,0.8275434976066851,1.037902505143383
cb_rnn,7,30,26,full,0.01,0.8406388230940076,0.8406388230940076,1.063484656785886
cb_rnn,7,30,27,full,0.01,0.8453742291254469,0.8453742291254469,1.072482313072465
cb_rnn,7,30,28,full,0.01,0.742656759295518,0.742656759295518,1.0307307234572884
cb_rnn,7,30,1,full,0.1,0.9118405308836897,0.9118405308836897,1.0301201709367465
cb_rnn,7,30,2,full,0.1,0.9313980151951119,0.9313980151951119,1.1050354762433294
cb_rnn,7,30,3,full,0.1,0.9343831556481417,0.9343831556481417,1.1227651164428778
cb_rnn,7,30,4,full,0.1,0.9325194870051774,0.9325194870051774,1.1309506458441572
cb_rnn,7,30,5,full,0.1,0.9320541080834164,0.9320541080834164,1.1341441707098316
cb_rnn,7,30,6,full,0.1,0.9383094058388449,0.9383094058388449,1.1348536238654634
cb_rnn,7,30,7,full,0.1,0.9430426934919617,0.9430426934919617,1.1411579233312061
cb_rnn,7,30,8,full,0.1,0.9461189269795006,0.9461189269795006,1.1518342475435759
cb_rnn,7,30,9,full,0.1,0.9334892293709124,0.9334892293709124,1.1387662441608828
cb_rnn,7,30,10,full,0.1,0.9126623458750722,0.9126623458750722,1.1159788871799514
cb_rnn,7,30,11,full,0.1,0.8977233047300142,0.8977233047300142,1.1106397944692317
cb_rnn,7,30,12,full,0.1,0.8984722177160858,0.8984722177160858,1.1136552244609836
cb_rnn,7,30,13,full,0.1,0.8862662667475818,0.8862662667475818,1.0947537504916172
cb_rnn,7,30,14,full,0.1,0.8857218082751595,0.8857218082751595,1.0937052131996419
cb_rnn,7,30,15,full,0.1,0.8944833626962287,0.8944833626962287,1.1061550824417459
cb_rnn,7,30,16,full,0.1,0.8848095583977102,0.8848095583977102,1.0962220013076143
cb_rnn,7,30,17,full,0.1,0.8817111444273946,0.8817111444273946,1.0940915680909349
cb_rnn,7,30,18,full,0.1,0.8925045752965994,0.8925045752965994,1.1119537193352074
cb_rnn,7,30,19,full,0.1,0.8889454503354561,0.8889454503354561,1.1000052765054398
cb_rnn,7,30,20,full,0.1,0.8640056583957448,0.8640056583957448,1.0616275347572297
cb_rnn,7,30,21,full,0.1,0.866578279740695,0.866578279740695,1.0619285203915947
cb_rnn,7,30,22,full,0.1,0.8777881079215345,0.8777881079215345,1.07421403282946
cb_rnn,7,30,23,full,0.1,0.8639938160858245,0.8639938160858245,1.052638444077274
cb_rnn,7,30,24,full,0.1,0.8397923137960241,0.8397923137960241,1.0289080910336932
cb_rnn,7,30,25,full,0.1,0.8326397011560382,0.8326397011560382,1.0432162764867767
cb_rnn,7,30,26,full,0.1,0.8446719672344914,0.8446719672344914,1.0675306379572453
cb_rnn,7,30,27,full,0.1,0.8499007408309255,0.8499007408309255,1.0771133371871162
cb_rnn,7,30,28,full,0.1,0.7433426853908405,0.7433426853908405,1.0327700592221136
cb_rnn,7,30,1,full,0.3,0.9127212956500922,0.9127212956500922,1.028388295713318
cb_rnn,7,30,2,full,0.3,0.9326780757241486,0.9326780757241486,1.103105737092768
cb_rnn,7,30,3,full,0.3,0.9362681344013046,0.9362681344013046,1.120989859339611
cb_rnn,7,30,4,full,0.3,0.9338436722674174,0.9338436722674174,1.128463648173256
cb_rnn,7,30,5,full,0.3,0.9341586857016775,0.9341586857016775,1.1317411379337723
cb_rnn,7,30,6,full,0.3,0.9416411428851712,0.9416411428851712,1.1335898980800843
cb_rnn,7,30,7,full,0.3,0.9454153436669336,0.9454153436669336,1.1386039986289545
cb_rnn,7,30,8,full,0.3,0.9481776141949166,0.9481776141949166,1.1488499856785417
cb_rnn,7,30,9,full,0.3,0.935222606352178,0.935222606352178,1.1347467865805732
cb_rnn,7,30,10,full,0.3,0.9124785914579598,0.9124785914579598,1.1096938396247749
cb_rnn,7,30,11,full,0.3,0.8945063204966552,0.8945063204966552,1.1033619918232451
cb_rnn,7,30,12,full,0.3,0.8930446588647898,0.8930446588647898,1.103859927890387
cb_rnn,7,30,13,full,0.3,0.8811145138438672,0.8811145138438672,1.0842783098256825
cb_rnn,7,30,14,full,0.3,0.8809871668317121,0.8809871668317121,1.0817336869397227
cb_rnn,7,30,15,full,0.3,0.8896009792679136,0.8896009792679136,1.0938703082401564
cb_rnn,7,30,16,full,0.3,0.8821721218553463,0.8821721218553463,1.0842381546985576
cb_rnn,7,30,17,full,0.3,0.8800952942962598,0.8800952942962598,1.0839528936905036
cb_rnn,7,30,18,full,0.3,0.8929687194849423,0.8929687194849423,1.103346068296515
cb_rnn,7,30,19,full,0.3,0.8914171189467729,0.8914171189467729,1.096926843852036
cb_rnn,7,30,20,full,0.3,0.8651841029831855,0.8651841029831855,1.0606227775662875
cb_rnn,7,30,21,full,0.3,0.8658481887597321,0.8658481887597321,1.0603074999561233
cb_rnn,7,30,22,full,0.3,0.8759842836247052,0.8759842836247052,1.0711147869499715
cb_rnn,7,30,23,full,0.3,0.8613973827219634,0.8613973827219634,1.0467449358451257
cb_rnn,7,30,24,full,0.3,0.8362731373398882,0.8362731373398882,1.0217858761751448
cb_rnn,7,30,25,full,0.3,0.8280913473653271,0.8280913473653271,1.033594304786283
cb_rnn,7,30,26,full,0.3,0.8414183492533669,0.8414183492533669,1.056799771566752
cb_rnn,7,30,27,full,0.3,0.845024712747128,0.845024712747128,1.0622333211958828
cb_rnn,7,30,28,full,0.3,0.7378893930350591,0.7378893930350591,1.013181718586148
cb_rnn,7,30,1,clamped,0.001,0.8615332787151384,0.8615332787151384,0.9780249288865016
cb_rnn,7,30,2,clamped,0.001,0.8305764170962863,0.8305764170962863,1.0084103500190278
cb_rnn,7,30,3,clamped,0.001,0.8305373771458197,0.8305373771458197,1.0285820628235094
cb_rnn,7,30,4,clamped,0.001,0.8349967555772748,0.8349967555772748,1.041725548283074
cb_rnn,7,30,5,clamped,0.001,0.8267374370480022,0.8267374370480022,1.0360243801199958
cb_rnn,7,30,6,clamped,0.001,0.8285850488260914,0.8285850488260914,1.0315028434097848
cb_rnn,7,30,7,clamped,0.001,0.8395444486832163,0.8395444486832163,1.04162916143208
cb_rnn,7,30,8,clamped,0.001,0.8374231556934515,0.8374231556934515,1.0469231516114175
cb_rnn,7,30,9,clamped,0.001,0.8242136785834624,0.8242136785834624,1.0340138378823431
cb_rnn,7,30,10,clamped,0.001,0.8095986185205057,0.8095986185205057,1.0171774935971525
cb_rnn,7,30,11,clamped,0.001,0.7904148535559367,0.7904148535559367,1.0041656771923617
cb_rnn,7,30,12,clamped,0.001,0.784220778395962,0.784220778395962,0.9954707578978681
cb_rnn,7,30,13,clamped,0.001,0.7741089647115057,0.7741089647115057,0.9856339039216503
cb_rnn,7,30,14,clamped,0.001,0.7670589706232944,0.7670589706232944,0.9789666368189467
cb_rnn,7,30,15,clamped,0.001,0.760992273125307,0.760992273125307,0.9685367331028889
cb_rnn,7,30,16,clamped,0.001,0.7479048038083866,0.7479048038083866,0.9535737018162629
cb_rnn,7,30,17,clamped,0.001,0.7390501454620491,0.7390501454620491,0.9459023251876305
cb_rnn,7,30,18,clamped,0.001,0.7345787826731384,0.7345787826731384,0.9387323685002937
cb_rnn,7,30,19,clamped,0.001,0.7223252294462262,0.7223252294462262,0.9152046692909263
cb_rnn,7,30,20,clamped,0.001,0.7029976759161578,0.7029976759161578,0.8881379558636262
cb_rnn,7,30,21,clamped,0.001,0.6977107711839354,0.6977107711839354,0.8815666216077582
cb_rnn,7,30,22,clamped,0.001,0.6993208948439608,0.6993208948439608,0.8778104137292957
cb_rnn,7,30,23,clamped,0.001,0.68531184735146,0.68531184735146,0.8552914794977254
cb_rnn,7,30,24,clamped,0.001,0.6518033661440261,0.6518033661440261,0.8226976193520996
cb_rnn,7,30,25,clamped,0.001,0.636972866293128,0.636972866293128,0.8154358956737388
cb_rnn,7,30,26,clamped,0.001,0.6439846268198941,0.6439846268198941,0.8261150003410264
cb_rnn,7,30,27,clamped,0.001,0.6262022343261097,0.6262022343261097,0.8129994167922887
cb_rnn,7,30,28,clamped,0.001,0.5028860958279455,0.5028860958279455,0.7286329584678718
cb_rnn,7,30,1,clamped,0.01,0.8614606948332433,0.8614606948332433,0.977885966768756
cb_rnn,7,30,2,clamped,0.01,0.8304973150707112,0.8304973150707112,1.008129044613118
cb_rnn,7,30,3,clamped,0.01,0.8307097445458356,0.8307097445458356,1.0284818306006707
cb_rnn,7,30,4,clamped,0.01,0.8349669510376159,0.8349669510376159,1.0415673569114052
cb_rnn,7,30,5,clamped,0.01,0.8264718902195556,0.8264718902195556,1.0357280109542566
cb_rnn,7,30,6,clamped,0.01,0.8277943897097957,0.8277943897097957,1.0303885991065505
cb_rnn,7,30,7,clamped,0.01,0.8380457973443896,0.8380457973443896,1.0396247478422005
cb_rnn,7,30,8,clamped,0.01,0.8362657391089825,0.8362657391089825,1.044795111155529
cb_rnn,7,30,9,clamped,0.01,0.8227538824252486,0.8227538824252486,1.031757722725215
cb_rnn,7,30,10,clamped,0.01,0.8082230876807903,0.8082230876807903,1.014963684994893
cb_rnn,7,30,11,clamped,0.01,0.7892649311363804,0.7892649311363804,1.0020422677300487
cb_rnn,7,30,12,clamped,0.01,0.7826110538623297,0.7826110538623297,0.9932523495382974
cb_rnn,7,30,13,clamped,0.01,0.7727849315752731,0.7727849315752731,0.9832892170285013
cb_rnn,7,30,14,clamped,0.01,0.7657689054995296,0.7657689054995296,0.9769385587400956
cb_rnn,7,30,15,clamped,0.01,0.7600152269970815,0.7600152269970815,0.9667907363430905
cb_rnn,7,30,16,clamped,0.01,0.7473016178106278,0.7473016178106278,0.9520378266796856
cb_rnn,7,30,17,clamped,0.01,0.73839847024895,0.73839847024895,0.9442879709280796
cb_rnn,7,30,18,clamped,0.01,0.7341117825876133,0.7341117825876133,0.9373360922829497
cb_rnn,7,30,19,clamped,0.01,0.7221363736087362,0.7221363736087362,0.9141449610692736
cb_rnn,7,30,20,clamped,0.01,0.702746855271525,0.702746855271525,0.8874115730070156
cb_rnn,7,30,21,clamped,0.01,0.6974948367089315,0.6974948367089315,0.8810160312598803
cb_rnn,7,30,22,clamped,0.01,0.6991769705426933,0.6991769705426933,0.8773833542656417
cb_rnn,7,30,23,clamped,0.01,0.6853586070632861,0.6853586070632861,0.85507942412724
cb_rnn,7,30,24,clamped,0.01,0.6524504016815895,0.6524504016815895,0.823110167124667
cb_rnn,7,30,25,clamped,0.01,0.6373795223807363,0.6373795223807363,0.8163674747122418
cb_rnn,7,30,26,clamped,0.01,0.6442550180776943,0.6442550180776943,0.8270162350838761
cb_rnn,7,30,27,clamped,0.01,0.6267736957713201,0.6267736957713201,0.8142460437544612
cb_rnn,7,30,28,clamped,0.01,0.5033511163091227,0.5033511163091227,0.7304186581536114
cb_rnn,7,30,1,clamped,0.1,0.8620785726100666,0.8620785726100666,0.977944071809385
cb_rnn,7,30,2,clamped,0.1,0.830840209355725,0.830840209355725,1.0078174659709909
cb_rnn,7,30,3,clamped,0.1,0.8307514758401011,0.8307514758401011,1.0273316358343005
cb_rnn,7,30,4,clamped,0.1,0.8355478566799448,0.8355478566799448,1.0405066196048354
cb_rnn,7,30,5,clamped,0.1,0.8271203917145669,0.8271203917145669,1.034539704601427
cb_rnn,7,30,6,clamped,0.1,0.8291820578599527,0.8291820578599527,1.029774716878479
cb_rnn,7,30,7,clamped,0.1,0.838067238856562,0.838067238856562,1.038157889847858
cb_rnn,7,30,8,clamped,0.1,0.8371387160987971,0.8371387160987971,1.041953267612573
cb_rnn,7,30,9,clamped,0.1,0.823046395886305,0.823046395886305,1.0275101731915492
cb_rnn,7,30,10,clamped,0.1,0.8065064468571594,0.8065064468571594,1.0093494578456323
cb_rnn,7,30,11,clamped,0.1,0.7884990146286338,0.7884990146286338,0.9975374486933243
cb_rnn,7,30,12,clamped,0.1,0.7811333539563475,0.7811333539563475,0.9892392674823014
cb_rnn,7,30,13,clamped,0.1,0.7737881154987716,0.7737881154987716,0.9794895825817651
cb_rnn,7,30,14,clamped,0.1,0.7686972409706836,0.7686972409706836,0.972719925575353
cb_rnn,7,30,15,clamped,0.1,0.7624505141267361,0.7624505141267361,0.9639624163693257
cb_rnn,7,30,16,clamped,0.1,0.7483588366867842,0.7483588366867842,0.949006659703165
cb_rnn,7,30,17,clamped,0.1,0.740747994540742,0.740747994540742,0.9419947164308136
cb_rnn,7,30,18,clamped,0.1,0.7348008942841686,0.7348008942841686,0.9350628525762887
cb_rnn,7,30,19,clamped,0.1,0.7244021708352284,0.7244021708352284,0.9137866311916159
cb_rnn,7,30,20,clamped,0.1,0.7048653879669267,0.7048653879669267,0.8875777044625264
cb_rnn,7,30,21,clamped,0.1,0.699100843641951,0.699100843641951,0.8811676505922401
cb_rnn,7,30,22,clamped,0.1,0.7009104070597292,0.7009104070597292,0.8780431164158251
cb_rnn,7,30,23,clamped,0.1,0.6875018674507969,0.6875018674507969,0.8563196265925483
cb_rnn,7,30,24,clamped,0.1,0.6548841449253735,0.6548841449253735,0.8254008753260565
cb_rnn,7,30,25,clamped,0.1,0.6402375329019789,0.6402375329019789,0.8201607940844735
cb_rnn,7,30,26,clamped,0.1,0.6457385643898557,0.6457385643898557,0.8297216683444301
cb_rnn,7,30,27,clamped,0.1,0.6285209290610365,0.6285209290610365,0.8168019279773139
cb_rnn,7,30,28,clamped,0.1,0.5046171128647426,0.5046171128647426,0.7336878006668506
cb_rnn,7,30,1,clamped,0.3,0.8631138872818971,0.8631138872818971,0.9776549560231721
cb_rnn,7,30,2,clamped,0.3,0.8324036440144408,0.8324036440144408,1.0072652203713859
cb_rnn,7,30,3,clamped,0.3,0.8334960552566693,0.8334960552566693,1.0275765229426124
cb_rnn,7,30,4,clamped,0.3,0.8377053014820052,0.8377053014820052,1.0402885349983158
cb_rnn,7,30,5,clamped,0.3,0.8300687707412897,0.8300687707412897,1.0345111241253313
cb_rnn,7,30,6,clamped,0.3,0.8331415217096704,0.8331415217096704,1.0307592973948507
cb_rnn,7,30,7,clamped,0.3,0.8411517439190224,0.8411517439190224,1.0378750000496408
cb_rnn,7,30,8,clamped,0.3,0.8400399393266167,0.8400399393266167,1.0413251732006894
cb_rnn,7,30,9,clamped,0.3,0.8249663579696771,0.8249663579696771,1.0253503849509606
cb_rnn,7,30,10,clamped,0.3,0.8066057667528393,0.8066057667528393,1.00505421993907
cb_rnn,7,30,11,clamped,0.3,0.7856113033818076,0.7856113033818076,0.9920941626346655
cb_rnn,7,30,12,clamped,0.3,0.7761384116118099,0.7761384116118099,0.9810291291740543
cb_rnn,7,30,13,clamped,0.3,0.7690056050125392,0.7690056050125392,0.9702988872076033
cb_rnn,7,30,14,clamped,0.3,0.7652549240951931,0.7652549240951931,0.9628792366801685
cb_rnn,7,30,15,clamped,0.3,0.75900307937866,0.75900307937866,0.9544438668757926
cb_rnn,7,30,16,clamped,0.3,0.7469798799375394,0.7469798799375394,0.9404777465016357
cb_rnn,7,30,17,clamped,0.3,0.7406316616278699,0.7406316616278699,0.9354095594716346
cb_rnn,7,30,18,clamped,0.3,0.7364070772767607,0.7364070772767607,0.929528432954589
cb_rnn,7,30,19,clamped,0.3,0.7275933942605,0.7275933942605,0.9121801054448005
cb_rnn,7,30,20,clamped,0.3,0.7069122926098949,0.7069122926098949,0.8876902248224486
cb_rnn,7,30,21,clamped,0.3,0.6990797726311322,0.6990797726311322,0.8813738851683639
cb_rnn,7,30,22,clamped,0.3,0.6995029227476465,0.6995029227476465,0.8772571903078052
cb_rnn,7,30,23,clamped,0.3,0.6858362939699767,0.6858362939699767,0.8539108843579251
cb_rnn,7,30,24,clamped,0.3,0.6525920760072048,0.6525920760072048,0.8219775463372283
cb_rnn,7,30,25,clamped,0.3,0.6372529150308197,0.6372529150308197,0.8147809458160225
cb_rnn,7,30,26,clamped,0.3,0.6437309811962122,0.6437309811962122,0.8237957018472486
cb_rnn,7,30,27,clamped,0.3,0.6261364509695742,0.6261364509695742,0.8109768174317109
cb_rnn,7,30,28,clamped,0.3,0.5028600011254052,0.5028600011254052,0.7271026788285788
cb_rnn,8,7,1,full,0.001,0.9228506297259575,0.9228506297259575,0.9571712380139512
cb_rnn,8,7,2,full,0.001,0.9749535567553809,0.9749535567553809,1.0297990974396132
cb_rnn,8,7,3,full,0.001,1.0236917949411204,1.0236917949411204,1.093684481503253
cb_rnn,8,7,4,full,0.001,1.238455455691029,1.238455455691029,1.330376594515707
cb_rnn,8,7,5,full,0.001,1.2456178621710663,1.2456178621710663,1.3631253711307676
cb_rnn,8,7,1,full,0.01,0.9228322946794306,0.9228322946794306,0.9571503124177037
cb_rnn,8,7,2,full,0.01,0.9748968851083726,0.9748968851083726,1.0296944972926827
cb_rnn,8,7,3,full,0.01,1.023407412377068,1.023407412377068,1.0933991178439868
cb_rnn,8,7,4,full,0.01,1.2380037147871055,1.2380037147871055,1.3298225962396866
cb_rnn,8,7,5,full,0.01,1.2453076807408805,1.2453076807408805,1.362722060970778
cb_rnn,8,7,1,full,0.1,0.9224999983985805,0.9224999983985805,0.9565791000442538
cb_rnn,8,7,2,full,0.1,0.9737813084381723,0.9737813084381723,1.028392076855643
cb_rnn,8,7,3,full,0.1,1.0219952356391175,1.0219952356391175,1.091695143360546
cb_rnn,8,7,4,full,0.1,1.2352191369438799,1.2352191369438799,1.32656679501472
cb_rnn,8,7,5,full,0.1,1.2428414596757196,1.2428414596757196,1.3595627581866356
cb_rnn,8,7,1,full,0.3,0.9219298090566354,0.9219298090566354,0.9556768758877225
cb_rnn,8,7,2,full,0.3,0.9722739019649034,0.9722739019649034,1.026494013755881
cb_rnn,8,7,3,full,0.3,1.0188784672537592,1.0188784672537592,1.088557019465229
cb_rnn,8,7,4,full,0.3,1.2279087219042752,1.2279087219042752,1.319495022511441
cb_rnn,8,7,5,full,0.3,1.2361234128736687,1.2361234128736687,1.351694771193166
cb_rnn,8,7,1,clamped,0.001,0.6444669102956789,0.6444669102956789,0.7123060199119133
cb_rnn,8,7,2,clamped,0.001,0.44482076432031115,0.44482076432031115,0.5807093674071734
cb_rnn,8,7,3,clamped,0.001,0.33092565751457204,0.33092565751457204,0.49790657086723067
cb_rnn,8,7,4,clamped,0.001,0.24300012473311747,0.24300012473311747,0.4194731130913286
cb_rnn,8,7,5,clamped,0.001,0.20952332304498797,0.20952332304498797,0.3409740299711857
cb_rnn,8,7,1,clamped,0.01,0.6444424049218296,0.6444424049218296,0.7122737099906058
cb_rnn,8,7,2,clamped,0.01,0.4448045815613862,0.4448045815613862,0.5806879489741918
cb_rnn,8,7,3,clamped,0.01,0.3309431418424561,0.3309431418424561,0.49790665026898906
cb_rnn,8,7,4,clamped,0.01,0.24300660521719408,0.24300660521719408,0.41947337871798973
cb_rnn,8,7,5,clamped,0.01,0.20952621351433653,0.20952621351433653,0.34096880894876824
cb_rnn,8,7,1,clamped,0.1,0.6441658951356112,0.6441658951356112,0.7118227430397682
cb_rnn,8,7,2,clamped,0.1,0.44447813339879694,0.44447813339879694,0.5801753717915756
cb_rnn,8,7,3,clamped,0.1,0.33068737427328043,0.33068737427328043,0.49747758698566935
cb_rnn,8,7,4,clamped,0.1,0.24276536387778636,0.24276536387778636,0.4189680965200757
cb_rnn,8,7,5,clamped,0.1,0.20925472469068357,0.20925472469068357,0.3403997782971053
cb_rnn,8,7,1,clamped,0.3,0.643775873908186,0.643775873908186,0.7111543177180614
cb_rnn,8,7,2,clamped,0.3,0.44400039683579146,0.44400039683579146,0.5794233536849547
cb_rnn,8,7,3,clamped,0.3,0.330450518344776,0.330450518344776,0.4967446812713151
cb_rnn,8,7,4,clamped,0.3,0.2424725358016993,0.2424725358016993,0.41820706480949665
cb_rnn,8,7,5,clamped,0.3,0.20883343368321822,0.20883343368321822,0.33953965705710415
cb_rnn,8,11,1,full,0.001,0.899309357135752,0.899309357135752,0.9335006271106749
cb_rnn,8,11,2,full,0.001,0.8768569505054448,0.8768569505054448,0.9039518249140344
cb_rnn,8,11,3,full,0.001,0.8851374647577079,0.8851374647577079,0.9133100173037403
cb_rnn,8,11,4,full,0.001,0.8773997337083885,0.8773997337083885,0.9096230275740895
cb_rnn,8,11,5,full,0.001,0.929267589219537,0.929267589219537,0.9647576044419514
cb_rnn,8,11,6,full,0.001,0.9292397323680422,0.9292397323680422,0.9751600901525708
cb_rnn,8,11,7,full,0.001,0.9048269087980129,0.9048269087980129,0.9588341712144102
cb_rnn,8,11,8,full,0.001,0.9219773302394709,0.9219773302394709,0.9813158831346032
cb_rnn,8,11,9,full,0.001,0.896240370442219,0.896240370442219,1.0062277531730948
cb_rnn,8,11,1,full,0.01,0.8993880457024181,0.8993880457024181,0.9334941138817374
cb_rnn,8,11,2,full,0.01,0.8767675854171191,0.8767675854171191,0.9038274122639101
cb_rnn,8,11,3,full,0.01,0.8848276458794289,0.8848276458794289,0.9129924473396154
cb_rnn,8,11,4,full,0.01,0.8772103834766918,0.8772103834766918,0.9093366167760906
cb_rnn,8,11,5,full,0.01,0.92908738138843,0.92908738138843,0.9645666548679462
cb_rnn,8,11,6,full,0.01,0.9289728388973562,0.9289728388973562,0.9748025274458009
cb_rnn,8,11,7,full,0.01,0.9045231602621728,0.9045231602621728,0.958491252309833
cb_rnn,8,11,8,full,0.01,0.9216349050164845,0.9216349050164845,0.9809342236524403
cb_rnn,8,11,9,full,0.01,0.8961082638427555,0.8961082638427555,1.0059601420048416
cb_rnn,8,11,1,full,0.1,0.8998388398180279,0.8998388398180279,0.9336724182505622
cb_rnn,8,11,2,full,0.1,0.8769671243620698,0.8769671243620698,0.9039177369391165
cb_rnn,8,11,3,full,0.1,0.8847396567571624,0.8847396567571624,0.912888832346071
cb_rnn,8,11,4,full,0.1,0.8770459724401409,0.8770459724401409,0.9090886328182112
cb_rnn,8,11,5,full,0.1,0.9288407314265554,0.9288407314265554,0.9641819760609451
cb_rnn,8,11,6,full,0.1,0.9289852179036561,0.9289852179036561,0.9743844221214495
cb_rnn,8,11,7,full,0.1,0.904486379413355,0.904486379413355,0.9581648451588745
cb_rnn,8,11,8,full,0.1,0.9219039700260903,0.9219039700260903,0.9811286781127948
cb_rnn,8,11,9,full,0.1,0.8970833978569263,0.8970833978569263,1.006639424815151
cb_rnn,8,11,1,full,0.3,0.8994931016489089,0.8994931016489089,0.932789950753391
cb_rnn,8,11,2,full,0.3,0.8759466581873558,0.8759466581873558,0.9027447092560125
cb_rnn,8,11,3,full,0.3,0.8828366543960093,0.8828366543960093,0.9110664804666099
cb_rnn,8,11,4,full,0.3,0.8744838285308791,0.8744838285308791,0.9064111753612278
cb_rnn,8,11,5,full,0.3,0.9265139518490164,0.9265139518490164,0.9613106870355372
cb_rnn,8,11,6,full,0.3,0.9269754057535724,0.9269754057535724,0.9716116352151136
cb_rnn,8,11,7,full,0.3,0.901844970280397,0.901844970280397,0.9548144413826103
cb_rnn,8,11,8,full,0.3,0.9193666357496083,0.9193666357496083,0.9782370661892634
cb_rnn,8,11,9,full,0.3,0.8957419023956221,0.8957419023956221,1.0049619196678448
cb_rnn,8,11,1,clamped,0.001,0.6252821947525208,0.6252821947525208,0.7091356623418908
cb_rnn,8,11,2,clamped,0.001,0.5773666538389917,0.5773666538389917,0.670589470734771
cb_rnn,8,11,3,clamped,0.001,0.5286478382998094,0.5286478382998094,0.632711430937481
cb_rnn,8,11,4,clamped,0.001,0.4705144035397214,0.4705144035397214,0.5887771877492546
cb_rnn,8,11,5,clamped,0.001,0.3894274284492865,0.3894274284492865,0.536629736747457
cb_rnn,8,11,6,clamped,0.001,0.33016974414518807,0.33016974414518807,0.479574854603144
cb_rnn,8,11,7,clamped,0.001,0.2852495360144699,0.2852495360144699,0.42305971279494914
cb_rnn,8,11,8,clamped,0.001,0.23864155184166955,0.23864155184166955,0.36816627947936204
cb_rnn,8,11,9,clamped,0.001,0.20629780858563412,0.20629780858563412,0.3174468043551745
cb_rnn,8,11,1,clamped,0.01,0.6253048359981723,0.6253048359981723,0.7091031464711761
cb_rnn,8,11,2,clamped,0.01,0.5773313937426854,0.5773313937426854,0.6705119206170276
cb_rnn,8,11,3,clamped,0.01,0.528593196092535,0.528593196092535,0.6326391655921966
cb_rnn,8,11,4,clamped,0.01,0.47047363755386606,0.47047363755386606,0.5887370260346235
cb_rnn,8,11,5,clamped,0.01,0.389389774185962,0.389389774185962,0.5365774605305947
cb_rnn,8,11,6,clamped,0.01,0.33012924397869897,0.33012924397869897,0.47949159285150444
cb_rnn,8,11,7,clamped,0.01,0.28521504477718285,0.28521504477718285,0.42298829802064974
cb_rnn,8,11,8,clamped,0.01,0.23860527146138172,0.23860527146138172,0.36810232589569936
cb_rnn,8,11,9,clamped,0.01,0.20625405974367997,0.20625405974367997,0.3173692637381531
cb_rnn,8,11,1,clamped,0.1,0.6254012944401377,0.6254012944401377,0.7090304144546977
cb_rnn,8,11,2,clamped,0.1,0.5772343096799103,0.5772343096799103,0.6702999935710942
cb_rnn,8,11,3,clamped,0.1,0.528403316839144,0.528403316839144,0.6323367240945093
cb_rnn,8,11,4,clamped,0.1,0.4703224814378637,0.4703224814378637,0.5885188701177593
cb_rnn,8,11,5,clamped,0.1,0.38921795847944823,0.38921795847944823,0.5363041073750905
cb_rnn,8,11,6,clamped,0.1,0.3299859219731008,0.3299859219731008,0.479278551813475
cb_rnn,8,11,7,clamped,0.1,0.28499118991675043,0.28499118991675043,0.42268341618284244
cb_rnn,8,11,8,clamped,0.1,0.238404200866158,0.238404200866158,0.36779552022267475
cb_rnn,8,11,9,clamped,0.1,0.20607926805503357,0.20607926805503357,0.31705773094786005
cb_rnn,8,11,1,clamped,0.3,0.6253550604686087,0.6253550604686087,0.7087670545985223
cb_rnn,8,11,2,clamped,0.3,0.576896940258414,0.576896940258414,0.6698651830039506
cb_rnn,8,11,3,clamped,0.3,0.5279194031523475,0.5279194031523475,0.6317795372068109
cb_rnn,8,11,4,clamped,0.3,0.46977626147843954,0.46977626147843954,0.5878740773925567
cb_rnn,8,11,5,clamped,0.3,0.38864445189856195,0.38864445189856195,0.5355231952048429
cb_rnn,8,11,6,clamped,0.3,0.3294846683822582,0.3294846683822582,0.47849572630743115
cb_rnn,8,11,7,clamped,0.3,0.28451446703277206,0.28451446703277206,0.42177894211251243
cb_rnn,8,11,8,clamped,0.3,0.237983935771938,0.237983935771938,0.3668266586602301
cb_rnn,8,11,9,clamped,0.3,0.20564510940159908,0.20564510940159908,0.3161404680419231
cb_rnn,8,16,1,full,0.001,0.8824112992655325,0.8824112992655325,0.9239653022306302
cb_rnn,8,16,2,full,0.001,0.8533184817430611,0.8533184817430611,0.8898209659662485
cb_rnn,8,16,3,full,0.001,0.8480466678212426,0.8480466678212426,0.8825226737111134
cb_rnn,8,16,4,full,0.001,0.9032159058737999,0.9032159058737999,0.9452243399964751
cb_rnn,8,16,5,full,0.001,0.953245251256517,0.953245251256517,0.9953874972798813
cb_rnn,8,16,6,full,0.001,0.9258770017656031,0.9258770017656031,0.9736380109074246
cb_rnn,8,16,7,full,0.001,0.9365863542198913,0.9365863542198913,0.9894898718880902
cb_rnn,8,16,8,full,0.001,0.9715016650569861,0.9715016650569861,1.027138682019625
cb_rnn,8,16,9,full,0.001,0.973239027516217,0.973239027516217,1.0278385541647364
cb_rnn,8,16,10,full,0.001,1.0019286679879125,1.0019286679879125,1.0655552740699066
cb_rnn,8,16,11,full,0.001,1.0305637931488572,1.0305637931488572,1.0990573083765813
cb_rnn,8,16,12,full,0.001,1.0618356788192278,1.0618356788192278,1.1329681874940305
cb_rnn,8,16,13,full,0.001,1.096182375083468,1.096182375083468,1.1844297365562289
cb_rnn,8,16,14,full,0.001,1.017886737620334,1.017886737620334,1.1676889899143654
cb_rnn,8,16,1,full,0.01,0.8824855771873739,0.8824855771873739,0.9240066460578337
cb_rnn,8,16,2,full,0.01,0.8533798984211853,0.8533798984211853,0.8898393506698392
cb_rnn,8,16,3,full,0.01,0.8481143399258539,0.8481143399258539,0.8825628600444646
cb_rnn,8,16,4,full,0.01,0.9032637787663284,0.9032637787663284,0.9452468519622302
cb_rnn,8,16,5,full,0.01,0.9532789705493743,0.9532789705493743,0.9953870895697694
cb_rnn,8,16,6,full,0.01,0.9259241394637718,0.9259241394637718,0.9736663415149683
cb_rnn,8,16,7,full,0.01,0.9366205303481407,0.9366205303481407,0.9895097013480513
cb_rnn,8,16,8,full,0.01,0.9715998583874059,0.9715998583874059,1.0272375520350074
cb_rnn,8,16,9,full,0.01,0.973421405440833,0.973421405440833,1.0280242959840054
cb_rnn,8,16,10,full,0.01,1.0021035073612674,1.0021035073612674,1.0657469981658823
cb_rnn,8,16,11,full,0.01,1.0308307525754357,1.0308307525754357,1.0992443091056356
cb_rnn,8,16,12,full,0.01,1.0621265452568642,1.0621265452568642,1.1332104374566394
cb_rnn,8,16,13,full,0.01,1.0965076400884985,1.0965076400884985,1.1848121576874784
cb_rnn,8,16,14,full,0.01,1.0183021716342044,1.0183021716342044,1.168159522511005
cb_rnn,8,16,1,full,0.1,0.8815622599326236,0.8815622599326236,0.9231527073526835
cb_rnn,8,16,2,full,0.1,0.8522115300714579,0.8522115300714579,0.8886486713723256
cb_rnn,8,16,3,full,0.1,0.8467227724200014,0.8467227724200014,0.8811658081299663
cb_rnn,8,16,4,full,0.1,0.9013391012293263,0.9013391012293263,0.9434718038983569
cb_rnn,8,16,5,full,0.1,0.9511123012998461,0.9511123012998461,0.9933578445053605
cb_rnn,8,16,6,full,0.1,0.9239274207619128,0.9239274207619128,0.9717803887099951
cb_rnn,8,16,7,full,0.1,0.9344422754372644,0.9344422754372644,0.987532957824949
cb_rnn,8,16,8,full,0.1,0.9693729293418297,0.9693729293418297,1.0251749555799612
cb_rnn,8,16,9,full,0.1,0.9712201477545443,0.9712201477545443,1.026065955126898
cb_rnn,8,16,10,full,0.1,0.9999639546956127,0.9999639546956127,1.0637436237515985
cb_rnn,8,16,11,full,0.1,1.0287316846153414,1.0287316846153414,1.097430507184316
cb_rnn,8,16,12,full,0.1,1.0597652499043224,1.0597652499043224,1.1311773295399314
cb_rnn,8,16,13,full,0.1,1.0938592219477898,1.0938592219477898,1.182007313790045
cb_rnn,8,16,14,full,0.1,1.016944960261887,1.016944960261887,1.1659322379563504
cb_rnn,8,16,1,full,0.3,0.8786648003621966,0.8786648003621966,0.9204684923091222
cb_rnn,8,16,2,full,0.3,0.8487828240539466,0.8487828240539466,0.8852206734787157
cb_rnn,8,16,3,full,0.3,0.8431026073918008,0.8431026073918008,0.8775148666458537
cb_rnn,8,16,4,full,0.3,0.8967783227361932,0.8967783227361932,0.9390005239360016
cb_rnn,8,16,5,full,0.3,0.945798808610865,0.945798808610865,0.9883172727907235
cb_rnn,8,16,6,full,0.3,0.9191856815529811,0.9191856815529811,0.9672834717400093
cb_rnn,8,16,7,full,0.3,0.9295799848853451,0.9295799848853451,0.9830640661904712
cb_rnn,8,16,8,full,0.3,0.9639687209927176,0.9639687209927176,1.019915022240109
cb_rnn,8,16,9,full,0.3,0.965709820904203,0.965709820904203,1.0205743946729737
cb_rnn,8,16,10,full,0.3,0.9944209573436937,0.9944209573436937,1.0579287249457898
cb_rnn,8,16,11,full,0.3,1.0229699830840666,1.0229699830840666,1.091628554504381
cb_rnn,8,16,12,full,0.3,1.0531288155442502,1.0531288155442502,1.1249202010849013
cb_rnn,8,16,13,full,0.3,1.0859246522908723,1.0859246522908723,1.173669086333199
cb_rnn,8,16,14,full,0.3,1.0104616524315795,1.0104616524315795,1.1581407751824007
cb_rnn,8,16,1,clamped,0.001,0.6692678335602631,0.6692678335602631,0.7501630803425523
cb_rnn,8,16,2,clamped,0.001,0.626313276214382,0.626313276214382,0.6876009772038321
cb_rnn,8,16,3,clamped,0.001,0.6171870349657409,0.6171870349657409,0.6773504011980687
cb_rnn,8,16,4,clamped,0.001,0.586443337446027,0.586443337446027,0.6709433306052384
cb_rnn,8,16,5,clamped,0.001,0.5794663284727322,0.5794663284727322,0.6607787733043482
cb_rnn,8,16,6,clamped,0.001,0.5563507582852915,0.5563507582852915,0.6422661078479295
cb_rnn,8,16,7,clamped,0.001,0.5177008973605058,0.5177008973605058,0.6186224745253674
cb_rnn,8,16,8,clamped,0.001,0.49217480153536597,0.49217480153536597,0.5911275157788112
cb_rnn,8,16,9,clamped,0.001,0.46479669525193135,0.46479669525193135,0.5625405331556254
cb_rnn,8,16,10,clamped,0.001,0.4222453404287299,0.4222453404287299,0.5334838762623757
cb_rnn,8,16,11,clamped,0.001,0.39243266153617856,0.39243266153617856,0.5031448383535765
cb_rnn,8,16,12,clamped,0.001,0.33844989438558,0.33844989438558,0.4716473434133894
cb_rnn,8,16,13,clamped,0.001,0.29519339920801657,0.29519339920801657,0.44014088920816363
cb_rnn,8,16,14,clamped,0.001,0.27370402660919113,0.27370402660919113,0.4087086327551124
cb_rnn,8,16,1,clamped,0.01,0.6692678370330338,0.6692678370330338,0.7501612234893027
cb_rnn,8,16,2,clamped,0.01,0.6262788223760588,0.6262788223760588,0.6875551505716019
cb_rnn,8,16,3,clamped,0.01,0.617151740608751,0.617151740608751,0.6773062565986108
cb_rnn,8,16,4,clamped,0.01,0.5864088249643329,0.5864088249643329,0.6709000346358363
cb_rnn,8,16,5,clamped,0.01,0.5794145622040656,0.5794145622040656,0.6607186645340654
cb_rnn,8,16,6,clamped,0.01,0.5563011361659698,0.5563011361659698,0.6422046440616098
cb_rnn,8,16,7,clamped,0.01,0.5176539798724314,0.5176539798724314,0.6185676089029759
cb_rnn,8,16,8,clamped,0.01,0.4921337229974422,0.4921337229974422,0.5910772165071023
cb_rnn,8,16,9,clamped,0.01,0.4647582666529275,0.4647582666529275,0.5624941019292591
cb_rnn,8,16,10,clamped,0.01,0.42220201006792285,0.42220201006792285,0.5334316946452613
cb_rnn,8,16,11,clamped,0.01,0.39240024032032594,0.39240024032032594,0.5030804942715087
cb_rnn,8,16,12,clamped,0.01,0.3384213730344799,0.3384213730344799,0.4715866309029501
cb_rnn,8,16,13,clamped,0.01,0.2951736890883589,0.2951736890883589,0.4400855558176619
cb_rnn,8,16,14,clamped,0.01,0.27367833376571704,0.27367833376571704,0.40865563681183037
cb_rnn,8,16,1,clamped,0.1,0.6685611326752297,0.6685611326752297,0.7495573596043867
cb_rnn,8,16,2,clamped,0.1,0.6253506118981318,0.6253506118981318,0.6866548737872836
cb_rnn,8,16,3,clamped,0.1,0.6160259008345429,0.6160259008345429,0.6761345322420638
cb_rnn,8,16,4,clamped,0.1,0.5851001113053302,0.5851001113053302,0.6694672153373722
cb_rnn,8,16,5,clamped,0.1,0.5780812203300011,0.5780812203300011,0.6592469572791058
cb_rnn,8,16,6,clamped,0.1,0.5550574933983394,0.5550574933983394,0.640759746070545
cb_rnn,8,16,7,clamped,0.1,0.5164474204916016,0.5164474204916016,0.6170948282555127
cb_rnn,8,16,8,clamped,0.1,0.49092958163772105,0.49092958163772105,0.5896234622408545
cb_rnn,8,16,9,clamped,0.1,0.4636142332127361,0.4636142332127361,0.561085165507381
cb_rnn,8,16,10,clamped,0.1,0.42112160654784203,0.42112160654784203,0.5320218760808222
cb_rnn,8,16,11,clamped,0.1,0.3913823218968399,0.3913823218968399,0.5017011353559381
cb_rnn,8,16,12,clamped,0.1,0.33753380552691825,0.33753380552691825,0.47025235402313337
cb_rnn,8,16,13,clamped,0.1,0.29436442383465233,0.29436442383465233,0.4387790523503216
cb_rnn,8,16,14,clamped,0.1,0.27290369119230146,0.27290369119230146,0.40739674091610595
cb_rnn,8,16,1,clamped,0.3,0.6668241185759658,0.6668241185759658,0.7480750234859739
cb_rnn,8,16,2,clamped,0.3,0.6231999285229994,0.6231999285229994,0.6845783851519838
cb_rnn,8,16,3,clamped,0.3,0.6136875807206621,0.6136875807206621,0.6737148512078482
cb_rnn,8,16,4,clamped,0.3,0.5826083983628181,0.5826083983628181,0.666775605316391
cb_rnn,8,16,5,clamped,0.3,0.5753571413805958,0.5753571413805958,0.6562962529351906
cb_rnn,8,16,6,clamped,0.3,0.5523766483300636,0.5523766483300636,0.6376990415055639
cb_rnn,8,16,7,clamped,0.3,0.5138215097480434,0.5138215097480434,0.6139371282000047
cb_rnn,8,16,8,clamped,0.3,0.4883291846877812,0.4883291846877812,0.5864382858179658
cb_rnn,8,16,9,clamped,0.3,0.460986218434692,0.460986218434692,0.5578346129336409
cb_rnn,8,16,10,clamped,0.3,0.4186686882130509,0.4186686882130509,0.5288617867281538
cb_rnn,8,16,11,clamped,0.3,0.38905906696178827,0.38905906696178827,0.4986298598642589
cb_rnn,8,16,12,clamped,0.3,0.3354516313931796,0.3354516313931796,0.4672253738703012
cb_rnn,8,16,13,clamped,0.3,0.29244929853504154,0.29244929853504154,0.4357914097699546
cb_rnn,8,16,14,clamped,0.3,0.27105080435512674,0.27105080435512674,0.4045120923557837
cb_rnn,8,21,1,full,0.001,0.8268759742975107,0.8268759742975107,0.879305804549829
cb_rnn,8,21,2,full,0.001,0.79331921624896,0.79331921624896,0.8336196431550347
cb_rnn,8,21,3,full,0.001,0.7813278657471951,0.7813278657471951,0.8173398520181528
cb_rnn,8,21,4,full,0.001,0.7724541370965978,0.7724541370965978,0.8054208058848902
cb_rnn,8,21,5,full,0.001,0.762780179311141,0.762780179311141,0.7966064861991587
cb_rnn,8,21,6,full,0.001,0.7750997925349521,0.7750997925349521,0.8169656281945775
cb_rnn,8,21,7,full,0.001,0.7837071317945289,0.7837071317945289,0.82742970434725
cb_rnn,8,21,8,full,0.001,0.7910249894248855,0.7910249894248855,0.8391740087609562
cb_rnn,8,21,9,full,0.001,0.7728882013720633,0.7728882013720633,0.8222706442761419
cb_rnn,8,21,10,full,0.001,0.7777127650015005,0.7777127650015005,0.8246703382777241
cb_rnn,8,21,11,full,0.001,0.7977570915134395,0.7977570915134395,0.8435605921528361
cb_rnn,8,21,12,full,0.001,0.8055556080043618,0.8055556080043618,0.852125287780211
cb_rnn,8,21,13,full,0.001,0.7916286091313774,0.7916286091313774,0.8439786876932763
cb_rnn,8,21,14,full,0.001,0.8011578271015724,0.8011578271015724,0.8515834574850478
cb_rnn,8,21,15,full,0.001,0.8387481926968698,0.8387481926968698,0.8920674304586296
cb_rnn,8,21,16,full,0.001,0.8776756099189003,0.8776756099189003,0.932509648851001
cb_rnn,8,21,17,full,0.001,0.9109564828475546,0.9109564828475546,0.9750308030573545
cb_rnn,8,21,18,full,0.001,1.0067461640418525,1.0067461640418525,1.105501109169601
cb_rnn,8,21,19,full,0.001,0.9570197903858662,0.9570197903858662,1.1254114838767366
cb_rnn,8,21,1,full,0.01,0.8268095644541908,0.8268095644541908,0.8792658620880764
cb_rnn,8,21,2,full,0.01,0.7930956469628698,0.7930956469628698,0.833370271998698
cb_rnn,8,21,3,full,0.01,0.7811375879355752,0.7811375879355752,0.8171050348379554
cb_rnn,8,21,4,full,0.01,0.77220610372695,0.77220610372695,0.805166500671656
cb_rnn,8,21,5,full,0.01,0.7625242680135653,0.7625242680135653,0.7963701048924003
cb_rnn,8,21,6,full,0.01,0.7748857226614378,0.7748857226614378,0.8167673668094513
cb_rnn,8,21,7,full,0.01,0.7835232272774095,0.7835232272774095,0.8272527879471446
cb_rnn,8,21,8,full,0.01,0.7907854022038756,0.7907854022038756,0.8389944602292272
cb_rnn,8,21,9,full,0.01,0.7726693072080969,0.7726693072080969,0.8220795761073156
cb_rnn,8,21,10,full,0.01,0.7774442000208913,0.7774442000208913,0.824429036708604
cb_rnn,8,21,11,full,0.01,0.7974780055459729,0.7974780055459729,0.8432602159961607
cb_rnn,8,21,12,full,0.01,0.8052987825921063,0.8052987825921063,0.8518557887121532
cb_rnn,8,21,13,full,0.01,0.7914204613023172,0.7914204613023172,0.8437406662461486
cb_rnn,8,21,14,full,0.01,0.8009222918672723,0.8009222918672723,0.8513042732002761
cb_rnn,8,21,15,full,0.01,0.8385033225370048,0.8385033225370048,0.8917307354165993
cb_rnn,8,21,16,full,0.01,0.877448638624936,0.877448638624936,0.9321901654826843
cb_rnn,8,21,17,full,0.01,0.910695580965533,0.910695580965533,0.9746753532031875
cb_rnn,8,21,18,full,0.01,1.006366750439051,1.006366750439051,1.1049454979274163
cb_rnn,8,21,19,full,0.01,0.9570068290883694,0.9570068290883694,1.124891973532233
cb_rnn,8,21,1,full,0.1,0.8237100890572833,0.8237100890572833,0.8768722713991011
cb_rnn,8,21,2,full,0.1,0.7899454538146915,0.7899454538146915,0.8302756125497591
cb_rnn,8,21,3,full,0.1,0.7779491702845134,0.7779491702845134,0.8138477786088479
cb_rnn,8,21,4,full,0.1,0.7688790527350831,0.7688790527350831,0.8017554795716134
cb_rnn,8,21,5,full,0.1,0.7589810487080926,0.7589810487080926,0.7927538680530603
cb_rnn,8,21,6,full,0.1,0.7713672621414649,0.7713672621414649,0.8132603205036804
cb_rnn,8,21,7,full,0.1,0.7800192433428708,0.7800192433428708,0.8237208627646406
cb_rnn,8,21,8,full,0.1,0.787152022725685,0.787152022725685,0.8353358978095253
cb_rnn,8,21,9,full,0.1,0.7690150530177777,0.7690150530177777,0.8184223851034487
cb_rnn,8,21,10,full,0.1,0.7737315750854905,0.7737315750854905,0.8209069243324914
cb_rnn,8,21,11,full,0.1,0.793698029196699,0.793698029196699,0.8394568739729966
cb_rnn,8,21,12,full,0.1,0.8015273273254294,0.8015273273254294,0.8480408832094084
cb_rnn,8,21,13,full,0.1,0.7878718164952636,0.7878718164952636,0.8399700570076514
cb_rnn,8,21,14,full,0.1,0.797324074227346,0.797324074227346,0.8474588394605597
cb_rnn,8,21,15,full,0.1,0.8346969949228683,0.8346969949228683,0.8876729321179699
cb_rnn,8,21,16,full,0.1,0.8737183674635658,0.8737183674635658,0.9283370906804875
cb_rnn,8,21,17,full,0.1,0.9069108069606275,0.9069108069606275,0.9707116854330611
cb_rnn,8,21,18,full,0.1,1.0014432009169094,1.0014432009169094,1.0988990143116912
cb_rnn,8,21,19,full,0.1,0.9537084605956124,0.9537084605956124,1.1181148439723936
cb_rnn,8,21,1,full,0.3,0.8169505114234182,0.8169505114234182,0.8717177702283136
cb_rnn,8,21,2,full,0.3,0.7837227180761752,0.7837227180761752,0.8242719658106522
cb_rnn,8,21,3,full,0.3,0.7715966258439779,0.7715966258439779,0.8075187090519083
cb_rnn,8,21,4,full,0.3,0.7625144688435204,0.7625144688435204,0.7954305070842437
cb_rnn,8,21,5,full,0.3,0.7520879168963713,0.7520879168963713,0.7859243365108666
cb_rnn,8,21,6,full,0.3,0.7646287061913977,0.7646287061913977,0.8067094899934296
cb_rnn,8,21,7,full,0.3,0.7732331530108634,0.7732331530108634,0.8169872797787597
cb_rnn,8,21,8,full,0.3,0.7802293717995232,0.7802293717995232,0.8287362793606796
cb_rnn,8,21,9,full,0.3,0.7618113195204201,0.7618113195204201,0.8116423890480752
cb_rnn,8,21,10,full,0.3,0.7664777489115746,0.7664777489115746,0.8141362723083438
cb_rnn,8,21,11,full,0.3,0.7861780595337587,0.7861780595337587,0.8321499647732267
cb_rnn,8,21,12,full,0.3,0.7939201166479197,0.7939201166479197,0.8403699559025628
cb_rnn,8,21,13,full,0.3,0.7806204768796423,0.7806204768796423,0.8325293726821623
cb_rnn,8,21,14,full,0.3,0.7898223481086875,0.7898223481086875,0.8398941922433283
cb_rnn,8,21,15,full,0.3,0.8266037332066045,0.8266037332066045,0.8795564726790259
cb_rnn,8,21,16,full,0.3,0.8659533059306888,0.8659533059306888,0.9206032338297641
cb_rnn,8,21,17,full,0.3,0.8991530993839337,0.8991530993839337,0.9625519278167975
cb_rnn,8,21,18,full,0.3,0.9922069905520139,0.9922069905520139,1.0879220956167688
cb_rnn,8,21,19,full,0.3,0.9478874393243151,0.9478874393243151,1.1076486607087486
cb_rnn,8,21,1,clamped,0.001,0.7211192155143124,0.7211192155143124,0.7894488055354016
cb_rnn,8,21,2,clamped,0.001,0.6802793101059729,0.6802793101059729,0.713704095479593
cb_rnn,8,21,3,clamped,0.001,0.6507257630220097,0.6507257630220097,0.679603143229135
cb_rnn,8,21,4,clamped,0.001,0.6178948469617211,0.6178948469617211,0.6530071429447067
cb_rnn,8,21,5,clamped,0.001,0.59735687178641,0.59735687178641,0.6385289609626782
cb_rnn,8,21,6,clamped,0.001,0.5836331530019419,0.5836331530019419,0.6356993203378689
cb_rnn,8,21,7,clamped,0.001,0.5750090955987589,0.5750090955987589,0.628899353813229
cb_rnn,8,21,8,clamped,0.001,0.5588530454126549,0.5588530454126549,0.6232752536647148
cb_rnn,8,21,9,clamped,0.001,0.5439424758161695,0.5439424758161695,0.6167321947886826
cb_rnn,8,21,10,clamped,0.001,0.5409937929740218,0.5409937929740218,0.6077927372927359
cb_rnn,8,21,11,clamped,0.001,0.5354698133606988,0.5354698133606988,0.6007849112888402
cb_rnn,8,21,12,clamped,0.001,0.5203240366798357,0.5203240366798357,0.5923600525594912
cb_rnn,8,21,13,clamped,0.001,0.4959519963881117,0.4959519963881117,0.5803452457325711
cb_rnn,8,21,14,clamped,0.001,0.485773659625899,0.485773659625899,0.5732933408268859
cb_rnn,8,21,15,clamped,0.001,0.493120487686462,0.493120487686462,0.5730459248931361
cb_rnn,8,21,16,clamped,0.001,0.4865066769076648,0.4865066769076648,0.5660154668034686
cb_rnn,8,21,17,clamped,0.001,0.46315093532053464,0.46315093532053464,0.5488390841733712
cb_rnn,8,21,18,clamped,0.001,0.4239801697118084,0.4239801697118084,0.5231755154938323
cb_rnn,8,21,19,clamped,0.001,0.3829228289669861,0.3829228289669861,0.4758014983934625
cb_rnn,8,21,1,clamped,0.01,0.7210279222868216,0.7210279222868216,0.7893661648522765
cb_rnn,8,21,2,clamped,0.01,0.6801586887408138,0.6801586887408138,0.7135890703882327
cb_rnn,8,21,3,clamped,0.01,0.650619181334321,0.650619181334321,0.6794836628640826
cb_rnn,8,21,4,clamped,0.01,0.6177688903400405,0.6177688903400405,0.652871582346676
cb_rnn,8,21,5,clamped,0.01,0.5972474396806524,0.5972474396806524,0.6384066478473462
cb_rnn,8,21,6,clamped,0.01,0.583529032590006,0.583529032590006,0.6355738471888446
cb_rnn,8,21,7,clamped,0.01,0.574910920649276,0.574910920649276,0.6287800815074414
cb_rnn,8,21,8,clamped,0.01,0.5587007201268563,0.5587007201268563,0.6231228420778894
cb_rnn,8,21,9,clamped,0.01,0.5438167398071736,0.5438167398071736,0.6165817516275537
cb_rnn,8,21,10,clamped,0.01,0.5408770051372697,0.5408770051372697,0.6076491469390315
cb_rnn,8,21,11,clamped,0.01,0.5353618337575734,0.5353618337575734,0.6006459660999867
cb_rnn,8,21,12,clamped,0.01,0.5202208678529399,0.5202208678529399,0.5922234107549292
cb_rnn,8,21,13,clamped,0.01,0.4958576594193351,0.4958576594193351,0.5802161919371128
cb_rnn,8,21,14,clamped,0.01,0.48565695200028564,0.48565695200028564,0.573142053812288
cb_rnn,8,21,15,clamped,0.01,0.4929889622544863,0.4929889622544863,0.5728861222648306
cb_rnn,8,21,16,clamped,0.01,0.48638892749476936,0.48638892749476936,0.5658570751664702
cb_rnn,8,21,17,clamped,0.01,0.4630426121506116,0.4630426121506116,0.5486910252250332
cb_rnn,8,21,18,clamped,0.01,0.42389482791323085,0.42389482791323085,0.5230523157031851
cb_rnn,8,21,19,clamped,0.01,0.3828356196658748,0.3828356196658748,0.4756800246968767
cb_rnn,8,21,1,clamped,0.1,0.7185412409848009,0.7185412409848009,0.7873853807594472
cb_rnn,8,21,2,clamped,0.1,0.6781844645780248,0.6781844645780248,0.7117839865676476
cb_rnn,8,21,3,clamped,0.1,0.6486570562848277,0.6486570562848277,0.6775107202791264
cb_rnn,8,21,4,clamped,0.1,0.6158388456513932,0.6158388456513932,0.6508981089238475
cb_rnn,8,21,5,clamped,0.1,0.5952798836593354,0.5952798836593354,0.6363574736835647
cb_rnn,8,21,6,clamped,0.1,0.5815146814117094,0.5815146814117094,0.6334576534696827
cb_rnn,8,21,7,clamped,0.1,0.5728963081988534,0.5728963081988534,0.6266401872430993
cb_rnn,8,21,8,clamped,0.1,0.5567441641406446,0.5567441641406446,0.6209788134070506
cb_rnn,8,21,9,clamped,0.1,0.5418694430137386,0.5418694430137386,0.6144048782735332
cb_rnn,8,21,10,clamped,0.1,0.5388463869050075,0.5388463869050075,0.6054087138045867
cb_rnn,8,21,11,clamped,0.1,0.5333435354711094,0.5333435354711094,0.5984105460781388
cb_rnn,8,21,12,clamped,0.1,0.5182106383271772,0.5182106383271772,0.5899714707040589
cb_rnn,8,21,13,clamped,0.1,0.4939247203049827,0.4939247203049827,0.5779670108859796
cb_rnn,8,21,14,clamped,0.1,0.48376618092287504,0.48376618092287504,0.5709130029885188
cb_rnn,8,21,15,clamped,0.1,0.4910428798732325,0.4910428798732325,0.5706244338326122
cb_rnn,8,21,16,clamped,0.1,0.4844468732868361,0.4844468732868361,0.5636042983219343
cb_rnn,8,21,17,clamped,0.1,0.46110655505668574,0.46110655505668574,0.5464508917223765
cb_rnn,8,21,18,clamped,0.1,0.4220810958342629,0.4220810958342629,0.5208513589032345
cb_rnn,8,21,19,clamped,0.1,0.381141033397518,0.381141033397518,0.4734719852692576
cb_rnn,8,21,1,clamped,0.3,0.7130642829628968,0.7130642829628968,0.7832577059159181
cb_rnn,8,21,2,clamped,0.3,0.6740488542317369,0.6740488542317369,0.7078999064505921
cb_rnn,8,21,3,clamped,0.3,0.644752158109775,0.644752158109775,0.6735478476059047
cb_rnn,8,21,4,clamped,0.3,0.6121215512007863,0.6121215512007863,0.6470395054649765
cb_rnn,8,21,5,clamped,0.3,0.5914365271966648,0.5914365271966648,0.6323721878702844
cb_rnn,8,21,6,clamped,0.3,0.5776140843488564,0.5776140843488564,0.6293590421757049
cb_rnn,8,21,7,clamped,0.3,0.5689837562905395,0.5689837562905395,0.6224871884410621
cb_rnn,8,21,8,clamped,0.3,0.5528341399741046,0.5528341399741046,0.616722573086558
cb_rnn,8,21,9,clamped,0.3,0.5378724263066754,0.5378724263066754,0.6099641597262303
cb_rnn,8,21,10,clamped,0.3,0.5347352758479011,0.5347352758479011,0.6008648874393723
cb_rnn,8,21,11,clamped,0.3,0.5292400970726955,0.5292400970726955,0.5938768175214959
cb_rnn,8,21,12,clamped,0.3,0.5141614598096175,0.5141614598096175,0.5854191005581229
cb_rnn,8,21,13,clamped,0.3,0.4900592185494431,0.4900592185494431,0.5734637952322191
cb_rnn,8,21,14,clamped,0.3,0.47992017424069244,0.47992017424069244,0.5664063870171256
cb_rnn,8,21,15,clamped,0.3,0.4870531132212709,0.4870531132212709,0.5660097785055004
cb_rnn,8,21,16,clamped,0.3,0.4805026281524114,0.4805026281524114,0.5590400396300361
cb_rnn,8,21,17,clamped,0.3,0.4573314663780674,0.4573314663780674,0.5420301995476129
cb_rnn,8,21,18,clamped,0.3,0.4186479184012127,0.4186479184012127,0.5166374949037162
cb_rnn,8,21,19,clamped,0.3,0.377976565055714,0.377976565055714,0.4694189079076866
cb_rnn,8,25,1,full,0.001,0.9120626289400222,0.9120626289400222,0.9778997435449062
cb_rnn,8,25,2,full,0.001,0.8800644003441395,0.8800644003441395,0.9366505792532188
cb_rnn,8,25,3,full,0.001,0.8456660080247747,0.8456660080247747,0.8932778041433744
cb_rnn,8,25,4,full,0.001,0.8263503631649474,0.8263503631649474,0.871886503213959
cb_rnn,8,25,5,full,0.001,0.8106095799415436,0.8106095799415436,0.8571254146213586
cb_rnn,8,25,6,full,0.001,0.8180898953742115,0.8180898953742115,0.8676055233052786
cb_rnn,8,25,7,full,0.001,0.8433150203770712,0.8433150203770712,0.8938255005987533
cb_rnn,8,25,8,full,0.001,0.8558874027587762,0.8558874027587762,0.9066831853589772
cb_rnn,8,25,9,full,0.001,0.8469450609764632,0.8469450609764632,0.8963069330443669
cb_rnn,8,25,10,full,0.001,0.8635291714485784,0.8635291714485784,0.9116125592600255
cb_rnn,8,25,11,full,0.001,0.8709781769997775,0.8709781769997775,0.9218374323519823
cb_rnn,8,25,12,full,0.001,0.8389728744129539,0.8389728744129539,0.893267122525286
cb_rnn,8,25,13,full,0.001,0.8217936442394816,0.8217936442394816,0.8789949661214448
cb_rnn,8,25,14,full,0.001,0.8499672825091287,0.8499672825091287,0.9053299088996238
cb_rnn,8,25,15,full,0.001,0.8570307529892824,0.8570307529892824,0.9170360766094798
cb_rnn,8,25,16,full,0.001,0.8623490209180565,0.8623490209180565,0.9236841438374432
cb_rnn,8,25,17,full,0.001,0.8798343473319465,0.8798343473319465,0.9414851063843876
cb_rnn,8,25,18,full,0.001,0.8861592535636549,0.8861592535636549,0.9489086267317142
cb_rnn,8,25,19,full,0.001,0.9063397699422765,0.9063397699422765,0.9730137968301005
cb_rnn,8,25,20,full,0.001,0.9281922758153932,0.9281922758153932,1.0089384479772783
cb_rnn,8,25,21,full,0.001,0.927890043666683,0.927890043666683,1.0324403147253705
cb_rnn,8,25,22,full,0.001,0.9901091687302289,0.9901091687302289,1.1222088190101545
cb_rnn,8,25,23,full,0.001,0.9280816215436262,0.9280816215436262,1.1631672524085488
cb_rnn,8,25,1,full,0.01,0.9120359312677618,0.9120359312677618,0.9778668992434053
cb_rnn,8,25,2,full,0.01,0.8798062539999059,0.8798062539999059,0.936383204762276
cb_rnn,8,25,3,full,0.01,0.8454405571642483,0.8454405571642483,0.8930425520510532
cb_rnn,8,25,4,full,0.01,0.8260870519117528,0.8260870519117528,0.8716395087547406
cb_rnn,8,25,5,full,0.01,0.8103175702687206,0.8103175702687206,0.8568242447109173
cb_rnn,8,25,6,full,0.01,0.8177906207391065,0.8177906207391065,0.8672993265230211
cb_rnn,8,25,7,full,0.01,0.8430324359561878,0.8430324359561878,0.8935358397131281
cb_rnn,8,25,8,full,0.01,0.8556251369355259,0.8556251369355259,0.906413911826252
cb_rnn,8,25,9,full,0.01,0.8466841996631679,0.8466841996631679,0.8960448227956561
cb_rnn,8,25,10,full,0.01,0.8632308754675115,0.8632308754675115,0.9113035095408407
cb_rnn,8,25,11,full,0.01,0.8706627651223019,0.8706627651223019,0.9215095827590816
cb_rnn,8,25,12,full,0.01,0.838677000568061,0.838677000568061,0.8929624335621477
cb_rnn,8,25,13,full,0.01,0.8215271168573687,0.8215271168573687,0.878706660864196
cb_rnn,8,25,14,full,0.01,0.8497007853782441,0.8497007853782441,0.9050047170592807
cb_rnn,8,25,15,full,0.01,0.8567988501987096,0.8567988501987096,0.9166918109569591
cb_rnn,8,25,16,full,0.01,0.8620643363855794,0.8620643363855794,0.923348142742433
cb_rnn,8,25,17,full,0.01,0.8795070117446859,0.8795070117446859,0.9411309783001355
cb_rnn,8,25,18,full,0.01,0.885812211938783,0.885812211938783,0.948545232284848
cb_rnn,8,25,19,full,0.01,0.906001966419671,0.906001966419671,0.9726235347230187
cb_rnn,8,25,20,full,0.01,0.9278196562851317,0.9278196562851317,1.0086298749678213
cb_rnn,8,25,21,full,0.01,0.927512845143674,0.927512845143674,1.0321160871711803
cb_rnn,8,25,22,full,0.01,0.9897920254158186,0.9897920254158186,1.1218600217025134
cb_rnn,8,25,23,full,0.01,0.9275205015416185,0.9275205015416185,1.161945203978352
cb_rnn,8,25,1,full,0.1,0.9069765683752906,0.9069765683752906,0.9732819375452987
cb_rnn,8,25,2,full,0.1,0.8743702191523751,0.8743702191523751,0.9313473719652088
cb_rnn,8,25,3,full,0.1,0.8406603727200853,0.8406603727200853,0.8883864776042725
cb_rnn,8,25,4,full,0.1,0.8212197647403937,0.8212197647403937,0.8669204668021416
cb_rnn,8,25,5,full,0.1,0.8051213640586153,0.8051213640586153,0.8518348122768329
cb_rnn,8,25,6,full,0.1,0.8123739459233174,0.8123739459233174,0.8619526523441124
cb_rnn,8,25,7,full,0.1,0.8374361994538081,0.8374361994538081,0.8880001748753942
cb_rnn,8,25,8,full,0.1,0.8498547004614554,0.8498547004614554,0.9007198688940907
cb_rnn,8,25,9,full,0.1,0.8407266953221817,0.8407266953221817,0.8900469172646825
cb_rnn,8,25,10,full,0.1,0.856991708063161,0.856991708063161,0.905159540244693
cb_rnn,8,25,11,full,0.1,0.8643541255986528,0.8643541255986528,0.9152586206848288
cb_rnn,8,25,12,full,0.1,0.832187029035971,0.832187029035971,0.8865412078440251
cb_rnn,8,25,13,full,0.1,0.8146073054558637,0.8146073054558637,0.8717625755858704
cb_rnn,8,25,14,full,0.1,0.842480141332108,0.842480141332108,0.8979605370922147
cb_rnn,8,25,15,full,0.1,0.8495463650321162,0.8495463650321162,0.9095288958589718
cb_rnn,8,25,16,full,0.1,0.8548501934430822,0.8548501934430822,0.9162452628585579
cb_rnn,8,25,17,full,0.1,0.872226106295129,0.872226106295129,0.9339669969937876
cb_rnn,8,25,18,full,0.1,0.8786347607744054,0.8786347607744054,0.9414007935662415
cb_rnn,8,25,19,full,0.1,0.8987926302220273,0.8987926302220273,0.9649358014118521
cb_rnn,8,25,20,full,0.1,0.9203932985588881,0.9203932985588881,1.0005195959853939
cb_rnn,8,25,21,full,0.1,0.9205748904658657,0.9205748904658657,1.0241723791163198
cb_rnn,8,25,22,full,0.1,0.9829651419260399,0.9829651419260399,1.113575218073716
cb_rnn,8,25,23,full,0.1,0.92001649706036,0.92001649706036,1.151322831555513
cb_rnn,8,25,1,full,0.3,0.8960612283393347,0.8960612283393347,0.9643129103226835
cb_rnn,8,25,2,full,0.3,0.8627274995442133,0.8627274995442133,0.9206759852482523
cb_rnn,8,25,3,full,0.3,0.8306481591763716,0.8306481591763716,0.8787726034259453
cb_rnn,8,25,4,full,0.3,0.8113509927655503,0.8113509927655503,0.8574022256090679
cb_rnn,8,25,5,full,0.3,0.7947228301955072,0.7947228301955072,0.8417448731517319
cb_rnn,8,25,6,full,0.3,0.801552433009839,0.801552433009839,0.851448768943579
cb_rnn,8,25,7,full,0.3,0.8263260345562007,0.8263260345562007,0.8772685275963374
cb_rnn,8,25,8,full,0.3,0.8386119306023991,0.8386119306023991,0.8899954592154001
cb_rnn,8,25,9,full,0.3,0.8291434482138644,0.8291434482138644,0.8787472685617421
cb_rnn,8,25,10,full,0.3,0.8451309395553398,0.8451309395553398,0.8936146672776001
cb_rnn,8,25,11,full,0.3,0.8526931372256571,0.8526931372256571,0.9040409710752336
cb_rnn,8,25,12,full,0.3,0.8203487838827531,0.8203487838827531,0.8753108943454333
cb_rnn,8,25,13,full,0.3,0.8022625646815078,0.8022625646815078,0.860033242473141
cb_rnn,8,25,14,full,0.3,0.8297076452798375,0.8297076452798375,0.8856747125245781
cb_rnn,8,25,15,full,0.3,0.8365361645869313,0.8365361645869313,0.8969719843129677
cb_rnn,8,25,16,full,0.3,0.8415462341119084,0.8415462341119084,0.9033386637915546
cb_rnn,8,25,17,full,0.3,0.8585449999889623,0.8585449999889623,0.9211398619564584
cb_rnn,8,25,18,full,0.3,0.864593154662275,0.864593154662275,0.9281753884351696
cb_rnn,8,25,19,full,0.3,0.8845982957924093,0.8845982957924093,0.9506233056212365
cb_rnn,8,25,20,full,0.3,0.9055013765039042,0.9055013765039042,0.9858093697506466
cb_rnn,8,25,21,full,0.3,0.9060432200221615,0.9060432200221615,1.0076550285151096
cb_rnn,8,25,22,full,0.3,0.9671293311253116,0.9671293311253116,1.0954080275899563
cb_rnn,8,25,23,full,0.3,0.9043160055366417,0.9043160055366417,1.1291342634848718
cb_rnn,8,25,1,clamped,0.001,0.8656929261678011,0.8656929261678011,0.9287483914948375
cb_rnn,8,25,2,clamped,0.001,0.7998918334169698,0.7998918334169698,0.8528839874584546
cb_rnn,8,25,3,clamped,0.001,0.7641384521402964,0.7641384521402964,0.8082075153920352
cb_rnn,8,25,4,clamped,0.001,0.7392639460147431,0.7392639460147431,0.7803530410583794
cb_rnn,8,25,5,clamped,0.001,0.7141217941076269,0.7141217941076269,0.7605731342548058
cb_rnn,8,25,6,clamped,0.001,0.7121917042368121,0.7121917042368121,0.7622325403171477
cb_rnn,8,25,7,clamped,0.001,0.7135032704654545,0.7135032704654545,0.7663551881404572
cb_rnn,8,25,8,clamped,0.001,0.713686477514553,0.713686477514553,0.7640713512031334
cb_rnn,8,25,9,clamped,0.001,0.7062315429836411,0.7062315429836411,0.7571781000611904
cb_rnn,8,25,10,clamped,0.001,0.7082444532537964,0.7082444532537964,0.7601484626246424
cb_rnn,8,25,11,clamped,0.001,0.7017111998172466,0.7017111998172466,0.7603813290329535
cb_rnn,8,25,12,clamped,0.001,0.6791457920578675,0.6791457920578675,0.7433681997734192
cb_rnn,8,25,13,clamped,0.001,0.6684319370448604,0.6684319370448604,0.7301768850889168
cb_rnn,8,25,14,clamped,0.001,0.673506107172239,0.673506107172239,0.7372411562708896
cb_rnn,8,25,15,clamped,0.001,0.679399460057105,0.679399460057105,0.7465569358901505
cb_rnn,8,25,16,clamped,0.001,0.6757040780908552,0.6757040780908552,0.7427080824164318
cb_rnn,8,25,17,clamped,0.001,0.6680636862661316,0.6680636862661316,0.734155177177211
cb_rnn,8,25,18,clamped,0.001,0.6760979975527226,0.6760979975527226,0.740435629877808
cb_rnn,8,25,19,clamped,0.001,0.6907996262498948,0.6907996262498948,0.7529608617752783
cb_rnn,8,25,20,clamped,0.001,0.6822865210411346,0.6822865210411346,0.7506829224074956
cb_rnn,8,25,21,clamped,0.001,0.6727652350167235,0.6727652350167235,0.741881460328284
cb_rnn,8,25,22,clamped,0.001,0.6447879297595547,0.6447879297595547,0.728169579687906
cb_rnn,8,25,23,clamped,0.001,0.5791101581494393,0.5791101581494393,0.7037247196728162
cb_rnn,8,25,1,clamped,0.01,0.8656606297163292,0.8656606297163292,0.9287137426280538
cb_rnn,8,25,2,clamped,0.01,0.7997899943611654,0.7997899943611654,0.8528033748734258
cb_rnn,8,25,3,clamped,0.01,0.7640294290219292,0.7640294290219292,0.8081232690213224
cb_rnn,8,25,4,clamped,0.01,0.7391359951454508,0.7391359951454508,0.7802527440010794
cb_rnn,8,25,5,clamped,0.01,0.7140051735429722,0.7140051735429722,0.7604727597707879
cb_rnn,8,25,6,clamped,0.01,0.712078331040114,0.712078331040114,0.7621257122811949
cb_rnn,8,25,7,clamped,0.01,0.7134034278004604,0.7134034278004604,0.7662596360156287
cb_rnn,8,25,8,clamped,0.01,0.7135969974696567,0.7135969974696567,0.7639841110019743
cb_rnn,8,25,9,clamped,0.01,0.7061476799093975,0.7061476799093975,0.7570960113420241
cb_rnn,8,25,10,clamped,0.01,0.7081613012944543,0.7081613012944543,0.7600641560430397
cb_rnn,8,25,11,clamped,0.01,0.7016287325979502,0.7016287325979502,0.7602966527696049
cb_rnn,8,25,12,clamped,0.01,0.6790624814569972,0.6790624814569972,0.7432783932469651
cb_rnn,8,25,13,clamped,0.01,0.6683486958853682,0.6683486958853682,0.730087031082181
cb_rnn,8,25,14,clamped,0.01,0.6734211245886004,0.6734211245886004,0.7371465761467193
cb_rnn,8,25,15,clamped,0.01,0.6793129267399373,0.6793129267399373,0.7464578806014543
cb_rnn,8,25,16,clamped,0.01,0.675616330275411,0.675616330275411,0.742606984167982
cb_rnn,8,25,17,clamped,0.01,0.6679737192064003,0.6679737192064003,0.7340516864348954
cb_rnn,8,25,18,clamped,0.01,0.6760030859565133,0.6760030859565133,0.740328204653437
cb_rnn,8,25,19,clamped,0.01,0.6907015784893222,0.6907015784893222,0.7528499292020274
cb_rnn,8,25,20,clamped,0.01,0.6821939042809672,0.6821939042809672,0.7505690178826703
cb_rnn,8,25,21,clamped,0.01,0.6726743173188154,0.6726743173188154,0.741770935884672
cb_rnn,8,25,22,clamped,0.01,0.6447099364711468,0.6447099364711468,0.7280649393762139
cb_rnn,8,25,23,clamped,0.01,0.5790150310741645,0.5790150310741645,0.7035795557705717
cb_rnn,8,25,1,clamped,0.1,0.8607698465028053,0.8607698465028053,0.924282091369254
cb_rnn,8,25,2,clamped,0.1,0.7957313954881093,0.7957313954881093,0.8490649140816597
cb_rnn,8,25,3,clamped,0.1,0.7603007080583646,0.7603007080583646,0.8044969448942836
cb_rnn,8,25,4,clamped,0.1,0.7354611901925343,0.7354611901925343,0.7766322762699402
cb_rnn,8,25,5,clamped,0.1,0.7101941263469144,0.7101941263469144,0.7566839319916021
cb_rnn,8,25,6,clamped,0.1,0.7081565715990931,0.7081565715990931,0.7581347459888893
cb_rnn,8,25,7,clamped,0.1,0.709310625648437,0.709310625648437,0.762079167544286
cb_rnn,8,25,8,clamped,0.1,0.7094791496881416,0.7094791496881416,0.7597325443240079
cb_rnn,8,25,9,clamped,0.1,0.7019740848388367,0.7019740848388367,0.7527465465313425
cb_rnn,8,25,10,clamped,0.1,0.7039268619596565,0.7039268619596565,0.7556561814513576
cb_rnn,8,25,11,clamped,0.1,0.6973807525839366,0.6973807525839366,0.7558265551011834
cb_rnn,8,25,12,clamped,0.1,0.674846615695957,0.674846615695957,0.7387235857363676
cb_rnn,8,25,13,clamped,0.1,0.6639847344411831,0.6639847344411831,0.7253997265839207
cb_rnn,8,25,14,clamped,0.1,0.6689435541883306,0.6689435541883306,0.7323356453047647
cb_rnn,8,25,15,clamped,0.1,0.6747476200049267,0.6747476200049267,0.7415035721839772
cb_rnn,8,25,16,clamped,0.1,0.6711008166169888,0.6711008166169888,0.7376520574958536
cb_rnn,8,25,17,clamped,0.1,0.6634317504675777,0.6634317504675777,0.729099097082949
cb_rnn,8,25,18,clamped,0.1,0.6713574592432434,0.6713574592432434,0.735264160506221
cb_rnn,8,25,19,clamped,0.1,0.6860165337217863,0.6860165337217863,0.7477428899409404
cb_rnn,8,25,20,clamped,0.1,0.6776364604517333,0.6776364604517333,0.7455121668849956
cb_rnn,8,25,21,clamped,0.1,0.6681710138124626,0.6681710138124626,0.7367934185980236
cb_rnn,8,25,22,clamped,0.1,0.6405013445925974,0.6405013445925974,0.7232026605392937
cb_rnn,8,25,23,clamped,0.1,0.575097240705807,0.575097240705807,0.6986089134267224
cb_rnn,8,25,1,clamped,0.3,0.84980761923208,0.84980761923208,0.9151270495402435
cb_rnn,8,25,2,clamped,0.3,0.7870042569928959,0.7870042569928959,0.8412313049287939
cb_rnn,8,25,3,clamped,0.3,0.7523870675076447,0.7523870675076447,0.7969276409544033
cb_rnn,8,25,4,clamped,0.3,0.7278029119543435,0.7278029119543435,0.7692750793513818
cb_rnn,8,25,5,clamped,0.3,0.7024514731923968,0.7024514731923968,0.7490944041441078
cb_rnn,8,25,6,clamped,0.3,0.7003006092278514,0.7003006092278514,0.7502767533513179
cb_rnn,8,25,7,clamped,0.3,0.7011274946846376,0.7011274946846376,0.7539495662649762
cb_rnn,8,25,8,clamped,0.3,0.7012780173454884,0.7012780173454884,0.7514939759419011
cb_rnn,8,25,9,clamped,0.3,0.69374193348959,0.69374193348959,0.7443539961366803
cb_rnn,8,25,10,clamped,0.3,0.6956212168728497,0.6956212168728497,0.7471794757768884
cb_rnn,8,25,11,clamped,0.3,0.6890747026616639,0.6890747026616639,0.7473158487031961
cb_rnn,8,25,12,clamped,0.3,0.6666223440249902,0.6666223440249902,0.730107963714992
cb_rnn,8,25,13,clamped,0.3,0.6556514241895796,0.6556514241895796,0.7166700290671468
cb_rnn,8,25,14,clamped,0.3,0.6604110500317413,0.6604110500317413,0.7233420140736387
cb_rnn,8,25,15,clamped,0.3,0.6660847713977116,0.6660847713977116,0.7323269641456138
cb_rnn,8,25,16,clamped,0.3,0.6624566140053387,0.6624566140053387,0.7284469421230519
cb_rnn,8,25,17,clamped,0.3,0.6548331941394108,0.6548331941394108,0.7199581406438147
cb_rnn,8,25,18,clamped,0.3,0.6625454112802798,0.6625454112802798,0.7258888811217356
cb_rnn,8,25,19,clamped,0.3,0.6769838628788996,0.6769838628788996,0.7381008358123448
cb_rnn,8,25,20,clamped,0.3,0.6684092050027146,0.6684092050027146,0.7356829682486647
cb_rnn,8,25,21,clamped,0.3,0.6591462007067401,0.6591462007067401,0.7270527260231519
cb_rnn,8,25,22,clamped,0.3,0.6318291726542129,0.6318291726542129,0.7136757157922302
cb_rnn,8,25,23,clamped,0.3,0.5672518785358873,0.5672518785358873,0.6890418257053097
cb_rnn,8,30,1,full,0.001,0.9293385146465483,0.9293385146465483,0.9844646344845659
cb_rnn,8,30,2,full,0.001,0.8961815853589981,0.8961815853589981,0.9439495835437417
cb_rnn,8,30,3,full,0.001,0.877574013274652,0.877574013274652,0.9165051335065535
cb_rnn,8,30,4,full,0.001,0.8703345299927905,0.8703345299927905,0.9074223230460023
cb_rnn,8,30,5,full,0.001,0.8309687644344868,0.8309687644344868,0.8671947014638854
cb_rnn,8,30,6,full,0.001,0.8255850178136577,0.8255850178136577,0.8609477556796867
cb_rnn,8,30,7,full,0.001,0.8303032328105958,0.8303032328105958,0.8662648376023632
cb_rnn,8,30,8,full,0.001,0.8158681335530859,0.8158681335530859,0.8513783329447435
cb_rnn,8,30,9,full,0.001,0.8074198177046039,0.8074198177046039,0.842055524772924
cb_rnn,8,30,10,full,0.001,0.798716483295917,0.798716483295917,0.8335106232356841
cb_rnn,8,30,11,full,0.001,0.7794994372791487,0.7794994372791487,0.8159465359559417
cb_rnn,8,30,12,full,0.001,0.7710780598206899,0.7710780598206899,0.8072944608120449
cb_rnn,8,30,13,full,0.001,0.764035397108231,0.764035397108231,0.800086289915265
cb_rnn,8,30,14,full,0.001,0.7435990308888119,0.7435990308888119,0.7780776823954767
cb_rnn,8,30,15,full,0.001,0.7243067292993906,0.7243067292993906,0.7599534465877156
cb_rnn,8,30,16,full,0.001,0.7010399069525073,0.7010399069525073,0.740757164211918
cb_rnn,8,30,17,full,0.001,0.6786371288612842,0.6786371288612842,0.7205106087606034
cb_rnn,8,30,18,full,0.001,0.6810363463594805,0.6810363463594805,0.7238907188854667
cb_rnn,8,30,19,full,0.001,0.6850949373195843,0.6850949373195843,0.7293873478764505
cb_rnn,8,30,20,full,0.001,0.6764747288928206,0.6764747288928206,0.7228622589100285
cb_rnn,8,30,21,full,0.001,0.6829012331461519,0.6829012331461519,0.7296391919793502
cb_rnn,8,30,22,full,0.001,0.685988292778478,0.685988292778478,0.734497944882583
cb_rnn,8,30,23,full,0.001,0.6895945701194284,0.6895945701194284,0.740286283826909
cb_rnn,8,30,24,full,0.001,0.6837551187726247,0.6837551187726247,0.7420285678697923
cb_rnn,8,30,25,full,0.001,0.6960000889213968,0.6960000889213968,0.7603338896668272
cb_rnn,8,30,26,full,0.001,0.6969718181945812,0.6969718181945812,0.7795074227177814
cb_rnn,8,30,27,full,0.001,0.748609211934032,0.748609211934032,0.850789198125175
cb_rnn,8,30,28,full,0.001,0.6919414786547693,0.6919414786547693,0.8810954509750631
cb_rnn,8,30,1,full,0.01,0.9293536561367561,0.9293536561367561,0.9844783958848022
cb_rnn,8,30,2,full,0.01,0.896061699984517,0.896061699984517,0.9438379710687819
cb_rnn,8,30,3,full,0.01,0.8774858715319676,0.8774858715319676,0.9164204249397355
cb_rnn,8,30,4,full,0.01,0.8702138540744675,0.8702138540744675,0.9073298599337809
cb_rnn,8,30,5,full,0.01,0.8309118257207033,0.8309118257207033,0.8671587274412564
cb_rnn,8,30,6,full,0.01,0.8255540645430741,0.8255540645430741,0.8609252661488891
cb_rnn,8,30,7,full,0.01,0.8302072954685367,0.8302072954685367,0.8661962513889705
cb_rnn,8,30,8,full,0.01,0.815750940326691,0.815750940326691,0.8512877080255008
cb_rnn,8,30,9,full,0.01,0.8073208615256078,0.8073208615256078,0.841962558205338
cb_rnn,8,30,10,full,0.01,0.7986307475396616,0.7986307475396616,0.8334193078360721
cb_rnn,8,30,11,full,0.01,0.7794055400727291,0.7794055400727291,0.8158341462262391
cb_rnn,8,30,12,full,0.01,0.7710033632578569,0.7710033632578569,0.807205331357226
cb_rnn,8,30,13,full,0.01,0.7639509304580252,0.7639509304580252,0.8000094859418521
cb_rnn,8,30,14,full,0.01,0.743506603308245,0.743506603308245,0.7779805975052791
cb_rnn,8,30,15,full,0.01,0.7241986496748384,0.7241986496748384,0.7598394235722086
cb_rnn,8,30,16,full,0.01,0.7009191910165694,0.7009191910165694,0.7406255540387117
cb_rnn,8,30,17,full,0.01,0.6784545263763855,0.6784545263763855,0.7203571684836695
cb_rnn,8,30,18,full,0.01,0.6808834642581134,0.6808834642581134,0.7237748516045674
cb_rnn,8,30,19,full,0.01,0.6850154825358574,0.6850154825358574,0.7293440070402366
cb_rnn,8,30,20,full,0.01,0.6764415353744393,0.6764415353744393,0.7228362309216891
cb_rnn,8,30,21,full,0.01,0.6828666923728934,0.6828666923728934,0.7296222057736099
cb_rnn,8,30,22,full,0.01,0.6859916175423764,0.6859916175423764,0.7345285385486358
cb_rnn,8,30,23,full,0.01,0.6896370443055154,0.6896370443055154,0.7403479827244485
cb_rnn,8,30,24,full,0.01,0.6838002875228477,0.6838002875228477,0.742045642190155
cb_rnn,8,30,25,full,0.01,0.6960551404500965,0.6960551404500965,0.7603971888301488
cb_rnn,8,30,26,full,0.01,0.696970077731676,0.696970077731676,0.7794568131061917
cb_rnn,8,30,27,full,0.01,0.748505745257538,0.748505745257538,0.8505779560853102
cb_rnn,8,30,28,full,0.01,0.6916498244750855,0.6916498244750855,0.8806718066531143
cb_rnn,8,30,1,full,0.1,0.9267088201097825,0.9267088201097825,0.9819085119221607
cb_rnn,8,30,2,full,0.1,0.8925327878740192,0.8925327878740192,0.9405343090776668
cb_rnn,8,30,3,full,0.1,0.8739562583492098,0.8739562583492098,0.9128878405009142
cb_rnn,8,30,4,full,0.1,0.86631977355126,0.86631977355126,0.9035124623882447
cb_rnn,8,30,5,full,0.1,0.8272249113073626,0.8272249113073626,0.8635282080451829
cb_rnn,8,30,6,full,0.1,0.8215725762344797,0.8215725762344797,0.8568570122413891
cb_rnn,8,30,7,full,0.1,0.8259978268150954,0.8259978268150954,0.8618462320690894
cb_rnn,8,30,8,full,0.1,0.8115366414137793,0.8115366414137793,0.8469216805169477
cb_rnn,8,30,9,full,0.1,0.8032027097004029,0.8032027097004029,0.8376325092608236
cb_rnn,8,30,10,full,0.1,0.7945486068179393,0.7945486068179393,0.8291376396850455
cb_rnn,8,30,11,full,0.1,0.7755306095794414,0.7755306095794414,0.8116936797028311
cb_rnn,8,30,12,full,0.1,0.7671740016046997,0.7671740016046997,0.8030942822669658
cb_rnn,8,30,13,full,0.1,0.7600394630365844,0.7600394630365844,0.795880671133417
cb_rnn,8,30,14,full,0.1,0.7397870554244259,0.7397870554244259,0.7739998096426297
cb_rnn,8,30,15,full,0.1,0.7204559728014626,0.7204559728014626,0.7558186420604951
cb_rnn,8,30,16,full,0.1,0.6971180645288055,0.6971180645288055,0.736545524980323
cb_rnn,8,30,17,full,0.1,0.6745447025048599,0.6745447025048599,0.7161139456558687
cb_rnn,8,30,18,full,0.1,0.676749018326064,0.676749018326064,0.7193446834368357
cb_rnn,8,30,19,full,0.1,0.6808221729541226,0.6808221729541226,0.7248538376782006
cb_rnn,8,30,20,full,0.1,0.6723000817915079,0.6723000817915079,0.7183114451098861
cb_rnn,8,30,21,full,0.1,0.6788448973763247,0.6788448973763247,0.7252706039837635
cb_rnn,8,30,22,full,0.1,0.6820789832271001,0.6820789832271001,0.7303515058142609
cb_rnn,8,30,23,full,0.1,0.6859528375395514,0.6859528375395514,0.7363344401046468
cb_rnn,8,30,24,full,0.1,0.6801068283543361,0.6801068283543361,0.7380146817394534
cb_rnn,8,30,25,full,0.1,0.6921908559984207,0.6921908559984207,0.7558992567571234
cb_rnn,8,30,26,full,0.1,0.6932377869813912,0.6932377869813912,0.7744610390908062
cb_rnn,8,30,27,full,0.1,0.7450117560496532,0.7450117560496532,0.8447544225158437
cb_rnn,8,30,28,full,0.1,0.6883411484647151,0.6883411484647151,0.8743940809842288
cb_rnn,8,30,1,full,0.3,0.9193586155418032,0.9193586155418032,0.9750775919153521
cb_rnn,8,30,2,full,0.3,0.8844205086721231,0.8844205086721231,0.932817363580613
cb_rnn,8,30,3,full,0.3,0.8662987950043503,0.8662987950043503,0.9054692535937394
cb_rnn,8,30,4,full,0.3,0.8585474061296972,0.8585474061296972,0.8958267137605752
cb_rnn,8,30,5,full,0.3,0.8193692252311946,0.8193692252311946,0.855840923254062
cb_rnn,8,30,6,full,0.3,0.8132065747529786,0.8132065747529786,0.8485612925252299
cb_rnn,8,30,7,full,0.3,0.8173076761119998,0.8173076761119998,0.8531955784818752
cb_rnn,8,30,8,full,0.3,0.8028316169193899,0.8028316169193899,0.8382374879630917
cb_rnn,8,30,9,full,0.3,0.7944525926821323,0.7944525926821323,0.8288917890941647
cb_rnn,8,30,10,full,0.3,0.7858073571733069,0.7858073571733069,0.8203941970937475
cb_rnn,8,30,11,full,0.3,0.7662775269717648,0.7662775269717648,0.8025244506719951
cb_rnn,8,30,12,full,0.3,0.7577877807966518,0.7577877807966518,0.7937913841846628
cb_rnn,8,30,13,full,0.3,0.7507711094102301,0.7507711094102301,0.7867030349058421
cb_rnn,8,30,14,full,0.3,0.7309301082440207,0.7309301082440207,0.7650885905932029
cb_rnn,8,30,15,full,0.3,0.7116076436831823,0.7116076436831823,0.7469009086791325
cb_rnn,8,30,16,full,0.3,0.6884983975854035,0.6884983975854035,0.7278073799545335
cb_rnn,8,30,17,full,0.3,0.6657940954852521,0.6657940954852521,0.7072542509271674
cb_rnn,8,30,18,full,0.3,0.6676263733837888,0.6676263733837888,0.7100594612277278
cb_rnn,8,30,19,full,0.3,0.6716093683796265,0.6716093683796265,0.7154550123648006
cb_rnn,8,30,20,full,0.3,0.6630389889998058,0.6630389889998058,0.7087940490547406
cb_rnn,8,30,21,full,0.3,0.6694966064383341,0.6694966064383341,0.7157589830924589
cb_rnn,8,30,22,full,0.3,0.6728187939074968,0.6728187939074968,0.7209899213540951
cb_rnn,8,30,23,full,0.3,0.6767140103406464,0.6767140103406464,0.7269826308776597
cb_rnn,8,30,24,full,0.3,0.6706009512709273,0.6706009512709273,0.7283321056553966
cb_rnn,8,30,25,full,0.3,0.6824386219975525,0.6824386219975525,0.745561433066938
cb_rnn,8,30,26,full,0.3,0.684012262999175,0.684012262999175,0.7631820351393439
cb_rnn,8,30,27,full,0.3,0.736296326693881,0.736296326693881,0.8324839021507735
cb_rnn,8,30,28,full,0.3,0.6812522233664611,0.6812522233664611,0.8604887675290347
cb_rnn,8,30,1,clamped,0.001,0.9043876781495737,0.9043876781495737,0.9537361547816618
cb_rnn,8,30,2,clamped,0.001,0.8431958461217127,0.8431958461217127,0.8847536256199775
cb_rnn,8,30,3,clamped,0.001,0.8254797611790257,0.8254797611790257,0.8584787142391763
cb_rnn,8,30,4,clamped,0.001,0.8085605978380577,0.8085605978380577,0.8407699829618149
cb_rnn,8,30,5,clamped,0.001,0.7832751136865226,0.7832751136865226,0.8142440768224717
cb_rnn,8,30,6,clamped,0.001,0.7790015781594921,0.7790015781594921,0.809034395669362
cb_rnn,8,30,7,clamped,0.001,0.7740668524294756,0.7740668524294756,0.8057717876555157
cb_rnn,8,30,8,clamped,0.001,0.7638762090842504,0.7638762090842504,0.7929573078422953
cb_rnn,8,30,9,clamped,0.001,0.7484827126517127,0.7484827126517127,0.7781249746632616
cb_rnn,8,30,10,clamped,0.001,0.7301628684651361,0.7301628684651361,0.7600250706971262
cb_rnn,8,30,11,clamped,0.001,0.7120157497059738,0.7120157497059738,0.7394983109067419
cb_rnn,8,30,12,clamped,0.001,0.6929374883659871,0.6929374883659871,0.7200851283122414
cb_rnn,8,30,13,clamped,0.001,0.6728520721806006,0.6728520721806006,0.701947902231947
cb_rnn,8,30,14,clamped,0.001,0.6563874364488749,0.6563874364488749,0.6851019117108059
cb_rnn,8,30,15,clamped,0.001,0.6356089091122827,0.6356089091122827,0.6632743990949536
cb_rnn,8,30,16,clamped,0.001,0.6080785008556833,0.6080785008556833,0.6379605659478411
cb_rnn,8,30,17,clamped,0.001,0.5841132843579647,0.5841132843579647,0.6146773589688199
cb_rnn,8,30,18,clamped,0.001,0.5734766867744991,0.5734766867744991,0.6040948782842492
cb_rnn,8,30,19,clamped,0.001,0.5647325172902867,0.5647325172902867,0.594445594447299
cb_rnn,8,30,20,clamped,0.001,0.5533045145370658,0.5533045145370658,0.585177703733119
cb_rnn,8,30,21,clamped,0.001,0.5456006594289398,0.5456006594289398,0.5783799103102045
cb_rnn,8,30,22,clamped,0.001,0.5349837284079084,0.5349837284079084,0.5686360408160432
cb_rnn,8,30,23,clamped,0.001,0.5294592889010352,0.5294592889010352,0.5666367430225827
cb_rnn,8,30,24,clamped,0.001,0.5219043662846444,0.5219043662846444,0.5654731979463655
cb_rnn,8,30,25,clamped,0.001,0.5187374846129703,0.5187374846129703,0.5601899940126832
cb_rnn,8,30,26,clamped,0.001,0.5167949315424354,0.5167949315424354,0.5599746977428323
cb_rnn,8,30,27,clamped,0.001,0.5247996306713606,0.5247996306713606,0.5715538473863756
cb_rnn,8,30,28,clamped,0.001,0.47232646302308867,0.47232646302308867,0.5655166863513089
cb_rnn,8,30,1,clamped,0.01,0.9044013681605807,0.9044013681605807,0.9537509197557779
cb_rnn,8,30,2,clamped,0.01,0.84312655366293,0.84312655366293,0.8847103010640462
cb_rnn,8,30,3,clamped,0.01,0.825422580467897,0.825422580467897,0.8584277972399756
cb_rnn,8,30,4,clamped,0.01,0.8084775310387144,0.8084775310387144,0.8407149997733011
cb_rnn,8,30,5,clamped,0.01,0.7832230573374016,0.7832230573374016,0.8142384565109502
cb_rnn,8,30,6,clamped,0.01,0.7789850531967677,0.7789850531967677,0.8090481434975061
cb_rnn,8,30,7,clamped,0.01,0.7739941885544475,0.7739941885544475,0.8057340590619396
cb_rnn,8,30,8,clamped,0.01,0.7637969055873006,0.7637969055873006,0.7929170526961153
cb_rnn,8,30,9,clamped,0.01,0.7484193221088891,0.7484193221088891,0.7780875696261651
cb_rnn,8,30,10,clamped,0.01,0.7301178683630336,0.7301178683630336,0.7599945507893495
cb_rnn,8,30,11,clamped,0.01,0.7119780092200226,0.7119780092200226,0.7394696160084716
cb_rnn,8,30,12,clamped,0.01,0.6929059821411152,0.6929059821411152,0.7200642929434883
cb_rnn,8,30,13,clamped,0.01,0.6728198765473754,0.6728198765473754,0.701934900884307
cb_rnn,8,30,14,clamped,0.01,0.6563693781459339,0.6563693781459339,0.6850883719115706
cb_rnn,8,30,15,clamped,0.01,0.6355987295910088,0.6355987295910088,0.6632656696893995
cb_rnn,8,30,16,clamped,0.01,0.6080700596224751,0.6080700596224751,0.6379524969748457
cb_rnn,8,30,17,clamped,0.01,0.5840759611806899,0.5840759611806899,0.6146539576596296
cb_rnn,8,30,18,clamped,0.01,0.5734442873710227,0.5734442873710227,0.6040722752189485
cb_rnn,8,30,19,clamped,0.01,0.5647162301786361,0.5647162301786361,0.5944407091145048
cb_rnn,8,30,20,clamped,0.01,0.5532920175811489,0.5532920175811489,0.5851807802520772
cb_rnn,8,30,21,clamped,0.01,0.5456004564705343,0.5456004564705343,0.5783975959862429
cb_rnn,8,30,22,clamped,0.01,0.5349907728199963,0.5349907728199963,0.5686618066547716
cb_rnn,8,30,23,clamped,0.01,0.529472871182308,0.529472871182308,0.5666643594320092
cb_rnn,8,30,24,clamped,0.01,0.5219236316917983,0.5219236316917983,0.5655022618230893
cb_rnn,8,30,25,clamped,0.01,0.5187635297134199,0.5187635297134199,0.5602328917968988
cb_rnn,8,30,26,clamped,0.01,0.5168084081802038,0.5168084081802038,0.5600019300399862
cb_rnn,8,30,27,clamped,0.01,0.5248103339232925,0.5248103339232925,0.5715624644895766
cb_rnn,8,30,28,clamped,0.01,0.4723526837295285,0.4723526837295285,0.5655292743978073
cb_rnn,8,30,1,clamped,0.1,0.9020978611062473,0.9020978611062473,0.9517649784107773
cb_rnn,8,30,2,clamped,0.1,0.839876565342176,0.839876565342176,0.8819004547087953
cb_rnn,8,30,3,clamped,0.1,0.8220777380368458,0.8220777380368458,0.8553286607980355
cb_rnn,8,30,4,clamped,0.1,0.8046435206102324,0.8046435206102324,0.8371541654043373
cb_rnn,8,30,5,clamped,0.1,0.7794357373974292,0.7794357373974292,0.8106530130750814
cb_rnn,8,30,6,clamped,0.1,0.7749866894365263,0.7749866894365263,0.805162667500309
cb_rnn,8,30,7,clamped,0.1,0.7698626204433705,0.7698626204433705,0.8017020602233482
cb_rnn,8,30,8,clamped,0.1,0.7596475726962286,0.7596475726962286,0.7888738269184414
cb_rnn,8,30,9,clamped,0.1,0.7444039418746683,0.7444039418746683,0.7741179169266832
cb_rnn,8,30,10,clamped,0.1,0.7261184376488852,0.7261184376488852,0.7560352288665737
cb_rnn,8,30,11,clamped,0.1,0.7080928640624657,0.7080928640624657,0.7356047491430173
cb_rnn,8,30,12,clamped,0.1,0.6891338973154801,0.6891338973154801,0.7163105615164035
cb_rnn,8,30,13,clamped,0.1,0.6691253065580449,0.6691253065580449,0.6982681109164621
cb_rnn,8,30,14,clamped,0.1,0.6527910273739225,0.6527910273739225,0.681519430592237
cb_rnn,8,30,15,clamped,0.1,0.6320425217853589,0.6320425217853589,0.6597488144728098
cb_rnn,8,30,16,clamped,0.1,0.6045781638464288,0.6045781638464288,0.6344847443364932
cb_rnn,8,30,17,clamped,0.1,0.5805770545428567,0.5805770545428567,0.6111975127273425
cb_rnn,8,30,18,clamped,0.1,0.5698665610235201,0.5698665610235201,0.6005444435643461
cb_rnn,8,30,19,clamped,0.1,0.5611776239721501,0.5611776239721501,0.5909570464712661
cb_rnn,8,30,20,clamped,0.1,0.5497387360516054,0.5497387360516054,0.5816711785018707
cb_rnn,8,30,21,clamped,0.1,0.5420137719229134,0.5420137719229134,0.5748644089303121
cb_rnn,8,30,22,clamped,0.1,0.5314342819133637,0.5314342819133637,0.5651890104874406
cb_rnn,8,30,23,clamped,0.1,0.5259747720461212,0.5259747720461212,0.5631884205215862
cb_rnn,8,30,24,clamped,0.1,0.5185396186080347,0.5185396186080347,0.5620461369135954
cb_rnn,8,30,25,clamped,0.1,0.5153831938475952,0.5153831938475952,0.556759895710834
cb_rnn,8,30,26,clamped,0.1,0.5134506326452948,0.5134506326452948,0.5565265088401878
cb_rnn,8,30,27,clamped,0.1,0.5215766957638643,0.5215766957638643,0.5681381970350436
cb_rnn,8,30,28,clamped,0.1,0.4695797629426124,0.4695797629426124,0.5621211210022867
cb_rnn,8,30,1,clamped,0.3,0.8952569691742616,0.8952569691742616,0.9458534977863118
cb_rnn,8,30,2,clamped,0.3,0.8318846377827183,0.8318846377827183,0.8746977950470014
cb_rnn,8,30,3,clamped,0.3,0.8141962578845598,0.8141962578845598,0.8480973332981054
cb_rnn,8,30,4,clamped,0.3,0.7963288636336263,0.7963288636336263,0.8293741481434781
cb_rnn,8,30,5,clamped,0.3,0.7707162851633313,0.7707162851633313,0.8023763276525709
cb_rnn,8,30,6,clamped,0.3,0.7658448130121345,0.7658448130121345,0.7963898839538848
cb_rnn,8,30,7,clamped,0.3,0.7604586575051536,0.7604586575051536,0.7926600724092623
cb_rnn,8,30,8,clamped,0.3,0.7503442551477423,0.7503442551477423,0.7799067614117867
cb_rnn,8,30,9,clamped,0.3,0.7350889185359083,0.7350889185359083,0.7650802246834245
cb_rnn,8,30,10,clamped,0.3,0.7169452380226824,0.7169452380226824,0.7470750306733005
cb_rnn,8,30,11,clamped,0.3,0.6987283976286287,0.6987283976286287,0.7264960819432451
cb_rnn,8,30,12,clamped,0.3,0.6798532214208182,0.6798532214208182,0.7072763514415885
cb_rnn,8,30,13,clamped,0.3,0.6599913234176734,0.6599913234176734,0.6893865259676576
cb_rnn,8,30,14,clamped,0.3,0.6438607538644322,0.6438607538644322,0.6727549136837598
cb_rnn,8,30,15,clamped,0.3,0.6232195652647606,0.6232195652647606,0.6511356402088403
cb_rnn,8,30,16,clamped,0.3,0.5959062704303242,0.5959062704303242,0.6260062832597414
cb_rnn,8,30,17,clamped,0.3,0.5718534740969905,0.5718534740969905,0.6027351675907933
cb_rnn,8,30,18,clamped,0.3,0.5610496905237992,0.5610496905237992,0.5919632028205397
cb_rnn,8,30,19,clamped,0.3,0.5523541559383083,0.5523541559383083,0.5824013445061067
cb_rnn,8,30,20,clamped,0.3,0.5408779144950008,0.5408779144950008,0.5730408556172426
cb_rnn,8,30,21,clamped,0.3,0.5331851316391127,0.5331851316391127,0.5662415930047118
cb_rnn,8,30,22,clamped,0.3,0.5226719237310586,0.5226719237310586,0.5566514394429611
cb_rnn,8,30,23,clamped,0.3,0.5174152464535611,0.5174152464535611,0.5547155912705766
cb_rnn,8,30,24,clamped,0.3,0.510086941650175,0.510086941650175,0.5535894129471128
cb_rnn,8,30,25,clamped,0.3,0.5069416510213625,0.5069416510213625,0.5483310101960571
cb_rnn,8,30,26,clamped,0.3,0.5051434633111369,0.5051434633111369,0.5481902759261896
cb_rnn,8,30,27,clamped,0.3,0.5134055797094688,0.5134055797094688,0.5598101607152655
cb_rnn,8,30,28,clamped,0.3,0.46217850531676574,0.46217850531676574,0.5535555719025439
