arch,seed,N,lag,mode,norm_mean,log_norm_mean,proj_mean,absproj_mean
rnn_only,1,7,1,full,1.431786444142853,0.3585453085115204,1.3613503461534906,1.3613503461534906
rnn_only,1,7,2,full,1.5405906147817994,0.4311152969072196,1.4275192576254674,1.4275192576254674
rnn_only,1,7,3,full,1.5262786049881847,0.41980041647312055,1.3875176246651777,1.3875176246651777
rnn_only,1,7,4,full,1.602537463934249,0.46705904354020367,1.444143944003473,1.444143944003473
rnn_only,1,7,5,full,1.7406925785636505,0.549022498462424,1.5787971580002838,1.5787971580002838
rnn_only,1,11,1,full,1.4382308872081162,0.36285656743317884,1.346531154073044,1.346531154073044
rnn_only,1,11,2,full,1.5744918390195102,0.45191914551490747,1.388373568140315,1.388373568140315
rnn_only,1,11,3,full,1.5063360836589075,0.4050287671020458,1.2823165234028875,1.2823165234028875
rnn_only,1,11,4,full,1.398989007993963,0.32855565742670845,1.1823560102917836,1.1823560102917836
rnn_only,1,11,5,full,1.3672860018471882,0.30294621972036984,1.1747597215503587,1.1747597215503587
rnn_only,1,11,6,full,1.364241273339227,0.2985520899584877,1.1402033258176272,1.1402033258176272
rnn_only,1,11,7,full,1.366305849284654,0.2968745081799703,1.1318123665145396,1.1318123665145396
rnn_only,1,11,8,full,1.4743506565411786,0.36863413987128646,1.2858264978360383,1.2858264978360383
rnn_only,1,11,9,full,1.666045712574012,0.48771161333950563,1.419622608562575,1.419622608562575
rnn_only,1,16,1,full,1.3402970769617126,0.29251338262008486,1.2678511176222182,1.2678511176222182
rnn_only,1,16,2,full,1.390488025242648,0.32786387419843205,1.2178809996038766,1.2178809996038766
rnn_only,1,16,3,full,1.2860068381613075,0.24695457960755327,1.0673222615996312,1.0673222615996312
rnn_only,1,16,4,full,1.1640776372022954,0.14507177506670754,0.9765456020088142,0.9765456020088142
rnn_only,1,16,5,full,1.0769039511422482,0.06510776080606231,0.9203608778284799,0.9203608778284799
rnn_only,1,16,6,full,1.0488180369324112,0.035684786122930724,0.8955819041635429,0.8955819041635429
rnn_only,1,16,7,full,1.056005649304414,0.040359921462973986,0.902004927128549,0.902004927128549
rnn_only,1,16,8,full,1.0825534958503085,0.06361683491759706,0.9240536557486854,0.9240536557486854
rnn_only,1,16,9,full,1.118487586788884,0.09560704449393989,0.9464564631524657,0.9464564631524657
rnn_only,1,16,10,full,1.1554643655098937,0.12729274643388,0.943589838335888,0.943589838335888
rnn_only,1,16,11,full,1.1727052061968672,0.14161499828887297,0.9294106629171112,0.9294106629171112
rnn_only,1,16,12,full,1.1935989478560913,0.15730559082397066,0.9472104050209417,0.9472104050209417
rnn_only,1,16,13,full,1.3436717512679097,0.27344860691247164,1.1080472951167062,1.1080472951167062
rnn_only,1,16,14,full,1.4803995184204313,0.36328328540092003,1.1529992335956902,1.1529992335956902
rnn_only,1,21,1,full,1.186554819111934,0.1706516762034007,1.1113741206025667,1.1113741206025667
rnn_only,1,21,2,full,1.192961394633591,0.17440208492037648,1.01684085460842,1.01684085460842
rnn_only,1,21,3,full,1.1574359874929598,0.14234036762273417,0.9324407606271886,0.9324407606271886
rnn_only,1,21,4,full,1.0818962531804408,0.07250776708350035,0.8839371513813328,0.8839371513813328
rnn_only,1,21,5,full,1.0309084822185455,0.021565034754620255,0.8601979437792494,0.8601979437792494
rnn_only,1,21,6,full,1.0133852964192016,0.001787563823933384,0.8415884599200147,0.8415884599200147
rnn_only,1,21,7,full,1.0133813080616436,-0.0005134379780738062,0.831237581763447,0.831237581763447
rnn_only,1,21,8,full,1.0274792905705694,0.011757056327887816,0.8418079186172918,0.8418079186172918
rnn_only,1,21,9,full,1.040170406006264,0.022370609344754478,0.8478929303829564,0.8478929303829564
rnn_only,1,21,10,full,1.0646604479760367,0.043757378679956195,0.8652957662596901,0.8652957662596901
rnn_only,1,21,11,full,1.102734910751356,0.07716391872279832,0.8891865384001596,0.8891865384001596
rnn_only,1,21,12,full,1.1209309604795887,0.09208003132262615,0.8935706399391591,0.8935706399391591
rnn_only,1,21,13,full,1.123957887845779,0.09387975669389105,0.8867235528025923,0.8867235528025923
rnn_only,1,21,14,full,1.1339830130308322,0.10204798898880252,0.8972968702829357,0.8972968702829357
rnn_only,1,21,15,full,1.1652765479391523,0.12989291351117432,0.9170550782662836,0.9170550782662836
rnn_only,1,21,16,full,1.2070025456909232,0.16583064994219465,0.9371236549288283,0.9371236549288283
rnn_only,1,21,17,full,1.253740502605455,0.20341367198895594,0.95524026954898,0.95524026954898
rnn_only,1,21,18,full,1.3668179774565172,0.28512067511899636,1.0720320099972476,1.0720320099972476
rnn_only,1,21,19,full,1.4201895327314027,0.31183976019641535,0.9987257383798891,0.9987257383798891
rnn_only,1,25,1,full,1.146526175934937,0.13579886674964675,1.0510050230230659,1.0510050230230659
rnn_only,1,25,2,full,1.193182084187552,0.1728071593684513,0.9964543320688801,0.9964543320688801
rnn_only,1,25,3,full,1.2208429657033775,0.193726503586989,0.9878938021868429,0.9878938021868429
rnn_only,1,25,4,full,1.1878047123392375,0.1655067445022731,0.9655089635309265,0.9655089635309265
rnn_only,1,25,5,full,1.1680345951854894,0.14791701510204763,0.9602564162700998,0.9602564162700998
rnn_only,1,25,6,full,1.1688201617346312,0.14723503313623226,0.9574848750563392,0.9574848750563392
rnn_only,1,25,7,full,1.1744437895729685,0.14988497408590368,0.956138281671584,0.956138281671584
rnn_only,1,25,8,full,1.180226724215603,0.15251648155716102,0.9680827257639437,0.9680827257639437
rnn_only,1,25,9,full,1.1791620267456495,0.14934885441598691,0.9609987446253325,0.9609987446253325
rnn_only,1,25,10,full,1.1639884397355542,0.13455619872229285,0.9430248751354127,0.9430248751354127
rnn_only,1,25,11,full,1.149704896230233,0.12113323364543843,0.929140846491628,0.929140846491628
rnn_only,1,25,12,full,1.1402767965683913,0.11135741739577298,0.9213855713896514,0.9213855713896514
rnn_only,1,25,13,full,1.1572202142371102,0.12527036439484562,0.9320413980380216,0.9320413980380216
rnn_only,1,25,14,full,1.1646453011935007,0.13053314137542452,0.9394344623055692,0.9394344623055692
rnn_only,1,25,15,full,1.1804235109204873,0.14299279313086188,0.9576282296466861,0.9576282296466861
rnn_only,1,25,16,full,1.196495437939797,0.15540229344504836,0.9753299656493413,0.9753299656493413
rnn_only,1,25,17,full,1.2030778164695248,0.15916736140104315,0.9821238247245363,0.9821238247245363
rnn_only,1,25,18,full,1.2228120616689582,0.174672741253527,0.9987771780961099,0.9987771780961099
rnn_only,1,25,19,full,1.243617024827981,0.1919720449342463,1.0043279380897367,1.0043279380897367
rnn_only,1,25,20,full,1.2619616036094445,0.20716573264401922,1.0003395741359897,1.0003395741359897
rnn_only,1,25,21,full,1.2798676755097556,0.2247081774055336,0.9932774528028682,0.9932774528028682
rnn_only,1,25,22,full,1.3661305103425643,0.2910163013910185,1.0767494028596833,1.0767494028596833
rnn_only,1,25,23,full,1.606739746530987,0.44639626197490034,1.1998836394825698,1.1998836394825698
rnn_only,1,30,1,full,1.1734703446080088,0.15884929405025594,1.034530410014841,1.034530410014841
rnn_only,1,30,2,full,1.2331654940995926,0.205944416523497,0.9672445065896434,0.9672445065896434
rnn_only,1,30,3,full,1.2195489040552432,0.19303864649927507,0.9239959408563089,0.9239959408563089
rnn_only,1,30,4,full,1.1531611347663906,0.13505618347989157,0.8730919756426807,0.8730919756426807
rnn_only,1,30,5,full,1.1261629615076614,0.10851224037462177,0.8590906029910651,0.8590906029910651
rnn_only,1,30,6,full,1.1143899856289408,0.09530535779370691,0.848031484366586,0.848031484366586
rnn_only,1,30,7,full,1.101985141612668,0.08090835240011565,0.8314294298197815,0.8314294298197815
rnn_only,1,30,8,full,1.0921314090770216,0.06860565432107013,0.8225593677610028,0.8225593677610028
rnn_only,1,30,9,full,1.0914309696923092,0.06543343973485335,0.8245744427207984,0.8245744427207984
rnn_only,1,30,10,full,1.0838045710563335,0.056552295757636775,0.8199580526075416,0.8199580526075416
rnn_only,1,30,11,full,1.0595680462559,0.031894364684551965,0.8031827842869006,0.8031827842869006
rnn_only,1,30,12,full,1.0370449082862172,0.0073755647614320834,0.7843088836758816,0.7843088836758816
rnn_only,1,30,13,full,1.014004929902038,-0.017343427838684335,0.7618032256728429,0.7618032256728429
rnn_only,1,30,14,full,0.975910494073106,-0.05881909385040697,0.734654806131783,0.734654806131783
rnn_only,1,30,15,full,0.9524656107308833,-0.08667307114602091,0.7225543171581154,0.7225543171581154
rnn_only,1,30,16,full,0.9553617284091238,-0.08505895889719445,0.72437420591812,0.72437420591812
rnn_only,1,30,17,full,0.9491282352450657,-0.0928792661202692,0.718804422684621,0.718804422684621
rnn_only,1,30,18,full,0.939670048750322,-0.10498066007664084,0.7156304252208754,0.7156304252208754
rnn_only,1,30,19,full,0.9353711704748069,-0.11026610910749408,0.7132299428502545,0.7132299428502545
rnn_only,1,30,20,full,0.9260237520978835,-0.12125179727745027,0.7014666909330203,0.7014666909330203
rnn_only,1,30,21,full,0.9041549216114388,-0.145910762382556,0.6829065449857573,0.6829065449857573
rnn_only,1,30,22,full,0.9013150376893164,-0.14978453602116076,0.6822364174761799,0.6822364174761799
rnn_only,1,30,23,full,0.9222479533162493,-0.12504746523653174,0.6923193714389377,0.6923193714389377
rnn_only,1,30,24,full,0.9387135971202536,-0.10632962190051246,0.6923821622426021,0.6923821622426021
rnn_only,1,30,25,full,0.958510834065534,-0.08432170043303261,0.6955288527335346,0.6955288527335346
rnn_only,1,30,26,full,0.9818079828629003,-0.05589246772566052,0.7068408719525556,0.7068408719525556
rnn_only,1,30,27,full,1.028393433702469,-0.0049003858058914666,0.7364637895792954,0.7364637895792954
rnn_only,1,30,28,full,1.0761833970666013,0.03129201207141872,0.7146907543983387,0.7146907543983387
rnn_only,2,7,1,full,1.4214931409977707,0.3513495912262836,1.349749521199799,1.349749521199799
rnn_only,2,7,2,full,1.561179910595854,0.44417622316386873,1.4451732895539553,1.4451732895539553
rnn_only,2,7,3,full,1.540033783782285,0.42925857479076107,1.3681803569932431,1.3681803569932431
rnn_only,2,7,4,full,1.6061483501630676,0.4695246385284844,1.4298149925115942,1.4298149925115942
rnn_only,2,7,5,full,1.8315565867226895,0.5995585246695222,1.648657427183441,1.648657427183441
rnn_only,2,11,1,full,1.4314301801845173,0.35811528236267876,1.3477705523267471,1.3477705523267471
rnn_only,2,11,2,full,1.5732965569675919,0.45190167950582183,1.422601533114394,1.422601533114394
rnn_only,2,11,3,full,1.4816399882105988,0.3911713290156468,1.2798452679922039,1.2798452679922039
rnn_only,2,11,4,full,1.3605776316480864,0.30487146527708486,1.152383267282029,1.152383267282029
rnn_only,2,11,5,full,1.3230255955390022,0.27468510910695326,1.1154840297811754,1.1154840297811754
rnn_only,2,11,6,full,1.3244813200475714,0.2734275812951131,1.0780477338800867,1.0780477338800867
rnn_only,2,11,7,full,1.3384558506119353,0.28057933672287383,1.0954061037914054,1.0954061037914054
rnn_only,2,11,8,full,1.4322478002309937,0.3462290580448737,1.2116561411880147,1.2116561411880147
rnn_only,2,11,9,full,1.6782655070068742,0.5042670178708233,1.4403966194047526,1.4403966194047526
rnn_only,2,16,1,full,1.4382904929494142,0.3629700442037755,1.3334187398417143,1.3334187398417143
rnn_only,2,16,2,full,1.4840578132777589,0.3936194184051698,1.3001075147142758,1.3001075147142758
rnn_only,2,16,3,full,1.389270059276761,0.32652681234517744,1.1602961507449463,1.1602961507449463
rnn_only,2,16,4,full,1.3172071486952273,0.2721436253837747,1.0913823137396037,1.0913823137396037
rnn_only,2,16,5,full,1.2486859307803686,0.21752254634691712,1.026194678260972,1.026194678260972
rnn_only,2,16,6,full,1.1972477715683447,0.17432424408096775,0.984146241386661,0.984146241386661
rnn_only,2,16,7,full,1.1658072038213345,0.14561892173875818,0.9737748102007964,0.9737748102007964
rnn_only,2,16,8,full,1.169277292385157,0.14613870105592167,0.9884504771687079,0.9884504771687079
rnn_only,2,16,9,full,1.2234659795620444,0.18989531083340244,1.01134547298723,1.01134547298723
rnn_only,2,16,10,full,1.2824442240251246,0.23569508257458788,1.017179325662218,1.017179325662218
rnn_only,2,16,11,full,1.2957547811748196,0.24510358944821664,1.012551279401725,1.012551279401725
rnn_only,2,16,12,full,1.3296520954974187,0.2686162641245916,1.0488985892831444,1.0488985892831444
rnn_only,2,16,13,full,1.4892667859907684,0.3794463552880113,1.2049430075273118,1.2049430075273118
rnn_only,2,16,14,full,1.7196141301397239,0.519628379033713,1.3736850160135279,1.3736850160135279
rnn_only,2,21,1,full,1.2542805250426279,0.22602128025762797,1.1457778827574425,1.1457778827574425
rnn_only,2,21,2,full,1.299223758474685,0.25975451262982424,1.1034771731940891,1.1034771731940891
rnn_only,2,21,3,full,1.2508897988226462,0.22056913177185566,1.0175912385515682,1.0175912385515682
rnn_only,2,21,4,full,1.206612365755325,0.1836627275399113,0.9826651442066685,0.9826651442066685
rnn_only,2,21,5,full,1.1743538810634666,0.15463725645681228,0.9648307433436829,0.9648307433436829
rnn_only,2,21,6,full,1.1858680950972311,0.16240645060323144,0.9585848483424693,0.9585848483424693
rnn_only,2,21,7,full,1.1956594069597621,0.16898227897071444,0.9573800919313828,0.9573800919313828
rnn_only,2,21,8,full,1.1973439256682519,0.1690629453923645,0.9664271439481045,0.9664271439481045
rnn_only,2,21,9,full,1.1889459669520275,0.16141888105526536,0.9684083375576366,0.9684083375576366
rnn_only,2,21,10,full,1.1949461962787828,0.16477131256409316,0.9622920050509726,0.9622920050509726
rnn_only,2,21,11,full,1.233356791986132,0.19408701227718456,0.9807100919699143,0.9807100919699143
rnn_only,2,21,12,full,1.2534615108069431,0.20911179352990236,0.9838038042237818,0.9838038042237818
rnn_only,2,21,13,full,1.2787608852794032,0.22819972941208147,0.99196247346793,0.99196247346793
rnn_only,2,21,14,full,1.3055142258231713,0.2473523472355207,1.0031674717690842,1.0031674717690842
rnn_only,2,21,15,full,1.3284861476963012,0.26449217473577924,1.018459210627126,1.018459210627126
rnn_only,2,21,16,full,1.3747904699326305,0.3005949473865428,1.0450902176584804,1.0450902176584804
rnn_only,2,21,17,full,1.4507640772467756,0.35468805822390315,1.0744170358740837,1.0744170358740837
rnn_only,2,21,18,full,1.5725329275386073,0.43258247892317137,1.1935283211998846,1.1935283211998846
rnn_only,2,21,19,full,1.6606937554966141,0.4760668615325626,1.1939325038943953,1.1939325038943953
rnn_only,2,25,1,full,1.2223423447792805,0.19916099843674967,1.0455479615377865,1.0455479615377865
rnn_only,2,25,2,full,1.2870727224807768,0.2469351892318577,1.0113655606868985,1.0113655606868985
rnn_only,2,25,3,full,1.273755444139356,0.23509490109151202,0.9695846769183972,0.9695846769183972
rnn_only,2,25,4,full,1.2153105019639234,0.18778930272786998,0.9403878933114997,0.9403878933114997
rnn_only,2,25,5,full,1.1596092451668376,0.13941462691663725,0.9068397305441791,0.9068397305441791
rnn_only,2,25,6,full,1.1313498601287675,0.11248294533905255,0.8808332786419995,0.8808332786419995
rnn_only,2,25,7,full,1.1248527831097193,0.10463072689281804,0.879428982349859,0.879428982349859
rnn_only,2,25,8,full,1.119638983145018,0.09843829161778861,0.8760796390473715,0.8760796390473715
rnn_only,2,25,9,full,1.1045537362455957,0.08320420696479958,0.8603337856036919,0.8603337856036919
rnn_only,2,25,10,full,1.0847379002910198,0.06361348917754094,0.8445220364017688,0.8445220364017688
rnn_only,2,25,11,full,1.0684890100987907,0.04692171923350689,0.840441277012018,0.840441277012018
rnn_only,2,25,12,full,1.0497358114090942,0.02697338757050903,0.8273462635810009,0.8273462635810009
rnn_only,2,25,13,full,1.0442842461331612,0.019858379036054828,0.8151701489781982,0.8151701489781982
rnn_only,2,25,14,full,1.0617260582715509,0.034572165355502435,0.8235142305296281,0.8235142305296281
rnn_only,2,25,15,full,1.083852827842897,0.053415903800460476,0.8347532739875086,0.8347532739875086
rnn_only,2,25,16,full,1.1050119841203474,0.07011285855681165,0.8470991683324178,0.8470991683324178
rnn_only,2,25,17,full,1.1277662218182598,0.0889751169044248,0.8635503985222641,0.8635503985222641
rnn_only,2,25,18,full,1.1454475660714252,0.10297413921912618,0.8724611121979033,0.8724611121979033
rnn_only,2,25,19,full,1.1724964809244638,0.1257598710348246,0.8778598881527355,0.8778598881527355
rnn_only,2,25,20,full,1.2330426374713959,0.1759814574975694,0.9116326460685924,0.9116326460685924
rnn_only,2,25,21,full,1.3367226658801918,0.25878678842227465,0.9640715461402487,0.9640715461402487
rnn_only,2,25,22,full,1.4396640349421133,0.33210830462935115,1.0433447423570286,1.0433447423570286
rnn_only,2,25,23,full,1.5769890991891167,0.4128699976506602,1.0712538935136484,1.0712538935136484
rnn_only,2,30,1,full,1.2536201148411243,0.22306123899933955,1.017288479669604,1.017288479669604
rnn_only,2,30,2,full,1.3195055770281106,0.26861872554765626,0.9736058200366544,0.9736058200366544
rnn_only,2,30,3,full,1.2845872943505587,0.23906289087823124,0.9126695465657277,0.9126695465657277
rnn_only,2,30,4,full,1.2184498662947507,0.1864043153149374,0.8704830895882124,0.8704830895882124
rnn_only,2,30,5,full,1.175040086613976,0.14853215783431886,0.846857507143066,0.846857507143066
rnn_only,2,30,6,full,1.1493860795530448,0.12376674448059999,0.8277442095330203,0.8277442095330203
rnn_only,2,30,7,full,1.1295139323465442,0.10347039620877632,0.8150042549438667,0.8150042549438667
rnn_only,2,30,8,full,1.1098740991921836,0.08317944834892263,0.8048080146167,0.8048080146167
rnn_only,2,30,9,full,1.0873917309307481,0.05999129908090558,0.7869978612025571,0.7869978612025571
rnn_only,2,30,10,full,1.0643566150235675,0.035555956587324355,0.7735764794451692,0.7735764794451692
rnn_only,2,30,11,full,1.0428380950013194,0.013499789202625557,0.7573267388131918,0.7573267388131918
rnn_only,2,30,12,full,1.0173420078520548,-0.013632080597521861,0.7391168448189303,0.7391168448189303
rnn_only,2,30,13,full,0.9818336313736302,-0.05158911916577558,0.7163549781526563,0.7163549781526563
rnn_only,2,30,14,full,0.9423122310909868,-0.09527245572470333,0.6942637460827794,0.6942637460827794
rnn_only,2,30,15,full,0.9191978548660279,-0.1223680057699288,0.6790536896823884,0.6790536896823884
rnn_only,2,30,16,full,0.9052540538994943,-0.13883181833333158,0.6654876549452508,0.6654876549452508
rnn_only,2,30,17,full,0.8818820321411079,-0.16637682835970902,0.6514231857374893,0.6514231857374893
rnn_only,2,30,18,full,0.8629464677790578,-0.19033710932304845,0.6378348213767646,0.6378348213767646
rnn_only,2,30,19,full,0.860653644908697,-0.19458287537038316,0.6355466476385971,0.6355466476385971
rnn_only,2,30,20,full,0.8530745945622901,-0.20492996122376025,0.6247063623014988,0.6247063623014988
rnn_only,2,30,21,full,0.8409046746569906,-0.22083297276079322,0.6125521434005126,0.6125521434005126
rnn_only,2,30,22,full,0.8358197239938968,-0.2276192876886175,0.6068909149160262,0.6068909149160262
rnn_only,2,30,23,full,0.8398610155908378,-0.22382558039258893,0.6013960680511232,0.6013960680511232
rnn_only,2,30,24,full,0.8452254080833737,-0.21796146881929795,0.5887223330954099,0.5887223330954099
rnn_only,2,30,25,full,0.8675675782081718,-0.1905624417558287,0.5907210279690048,0.5907210279690048
rnn_only,2,30,26,full,0.9047249103424578,-0.14797360122988829,0.6006204069617798,0.6006204069617798
rnn_only,2,30,27,full,0.9251044578368661,-0.12517388759902698,0.6056179161525583,0.6056179161525583
rnn_only,2,30,28,full,0.9200568094004664,-0.13417157355000764,0.5510442349779454,0.5510442349779454
rnn_only,3,7,1,full,1.3995700000688078,0.33558622247267905,1.3376871002813848,1.3376871002813848
rnn_only,3,7,2,full,1.4804688209976873,0.39060250001152474,1.391337505112245,1.391337505112245
rnn_only,3,7,3,full,1.485225932371716,0.3921070607070868,1.3662683992692068,1.3662683992692068
rnn_only,3,7,4,full,1.6220829765015774,0.47907098085033206,1.5047187672423732,1.5047187672423732
rnn_only,3,7,5,full,1.8266616357028753,0.5970502633679731,1.673070836595343,1.673070836595343
rnn_only,3,11,1,full,1.3346622236554968,0.2882179318946579,1.2686283567235086,1.2686283567235086
rnn_only,3,11,2,full,1.403756777587735,0.33811027254479736,1.3023352584569379,1.3023352584569379
rnn_only,3,11,3,full,1.3798674763291037,0.3197753357358507,1.2547754658218957,1.2547754658218957
rnn_only,3,11,4,full,1.3502373283789433,0.2964675959606664,1.2117436648390942,1.2117436648390942
rnn_only,3,11,5,full,1.327576867137485,0.27824238733437207,1.175642108852827,1.175642108852827
rnn_only,3,11,6,full,1.3047323609116388,0.2601010189911823,1.1449914656897744,1.1449914656897744
rnn_only,3,11,7,full,1.3667956390131049,0.3046247577724895,1.225830831174238,1.225830831174238
rnn_only,3,11,8,full,1.5753437065035274,0.44414569009479704,1.4271759652780416,1.4271759652780416
rnn_only,3,11,9,full,1.8952257000481754,0.6250405539745854,1.6556908462652722,1.6556908462652722
rnn_only,3,16,1,full,1.3671106203994041,0.31196163346397615,1.2795983353844884,1.2795983353844884
rnn_only,3,16,2,full,1.4352809508734516,0.35847704624146426,1.277059422075133,1.277059422075133
rnn_only,3,16,3,full,1.3395622427816116,0.28579947864783617,1.1407931543398335,1.1407931543398335
rnn_only,3,16,4,full,1.2911344694212161,0.24796595872078236,1.0833742063744363,1.0833742063744363
rnn_only,3,16,5,full,1.2767161300080963,0.23681967537120321,1.075659485966808,1.075659485966808
rnn_only,3,16,6,full,1.286169146796277,0.24269997682653627,1.0922104786914135,1.0922104786914135
rnn_only,3,16,7,full,1.2925856090342729,0.2450868791473982,1.100203740830961,1.100203740830961
rnn_only,3,16,8,full,1.2837702856687403,0.23643138131782174,1.0865969006643001,1.0865969006643001
rnn_only,3,16,9,full,1.277662586826628,0.23082564305774947,1.073744715686146,1.073744715686146
rnn_only,3,16,10,full,1.2911413651815176,0.24069109671703642,1.064342926643982,1.064342926643982
rnn_only,3,16,11,full,1.3071485131249203,0.251216494313931,1.0703104951866536,1.0703104951866536
rnn_only,3,16,12,full,1.3775182621183684,0.30194122589931777,1.1361290063631224,1.1361290063631224
rnn_only,3,16,13,full,1.591670148284949,0.44182359861190623,1.3480648839854432,1.3480648839854432
rnn_only,3,16,14,full,1.7924225851392726,0.5523262215208096,1.387082730621629,1.387082730621629
rnn_only,3,21,1,full,1.1841000821006693,0.1685211755485791,1.0965420935296408,1.0965420935296408
rnn_only,3,21,2,full,1.220855775173745,0.19752742021964342,1.0362609071105116,1.0362609071105116
rnn_only,3,21,3,full,1.1698413940200145,0.15309038903029348,0.9509140986319682,0.9509140986319682
rnn_only,3,21,4,full,1.1224553560881998,0.11051002133900567,0.9109481785932704,0.9109481785932704
rnn_only,3,21,5,full,1.123554301027396,0.10934710131236103,0.9145459277645295,0.9145459277645295
rnn_only,3,21,6,full,1.1444036359662295,0.12515287455883822,0.9234641484958472,0.9234641484958472
rnn_only,3,21,7,full,1.1510947320479827,0.12890636516358533,0.9239668767540525,0.9239668767540525
rnn_only,3,21,8,full,1.1550195351454835,0.1305237463098931,0.9253294222816404,0.9253294222816404
rnn_only,3,21,9,full,1.1729544194585058,0.14522100190779447,0.9351772857901337,0.9351772857901337
rnn_only,3,21,10,full,1.189018105281262,0.15831556430983917,0.9338878193600173,0.9338878193600173
rnn_only,3,21,11,full,1.2033493889172955,0.17022048026238143,0.9449870801673586,0.9449870801673586
rnn_only,3,21,12,full,1.2109974985234213,0.17574768035298596,0.9566406359892095,0.9566406359892095
rnn_only,3,21,13,full,1.240655832649416,0.1990468967739371,0.9752470024910342,0.9752470024910342
rnn_only,3,21,14,full,1.2735102115855579,0.2244814423873202,0.997681745598501,0.997681745598501
rnn_only,3,21,15,full,1.2841060248714882,0.23208573611044309,1.000594563269391,1.000594563269391
rnn_only,3,21,16,full,1.3128312663329524,0.2547046660372548,1.0214675853243813,1.0214675853243813
rnn_only,3,21,17,full,1.357227290990972,0.28802825388313197,1.0441619275911407,1.0441619275911407
rnn_only,3,21,18,full,1.45351736232852,0.353775746694276,1.139672539657637,1.139672539657637
rnn_only,3,21,19,full,1.568675772328207,0.4199537484429422,1.1182839490231773,1.1182839490231773
rnn_only,3,25,1,full,1.1560966427505934,0.14439283431888386,1.051375129576052,1.051375129576052
rnn_only,3,25,2,full,1.2057700436005132,0.18393317613865268,0.9863995001342437,0.9863995001342437
rnn_only,3,25,3,full,1.171423821435167,0.15405402218388337,0.9238424567966864,0.9238424567966864
rnn_only,3,25,4,full,1.117534879651118,0.10541751519032028,0.882782082093887,0.882782082093887
rnn_only,3,25,5,full,1.0951307195515136,0.0824419355420558,0.8627016472425367,0.8627016472425367
rnn_only,3,25,6,full,1.088263779043205,0.07385186793414873,0.8511160087791787,0.8511160087791787
rnn_only,3,25,7,full,1.0910907760678468,0.07438375801281455,0.8516698268984468,0.8516698268984468
rnn_only,3,25,8,full,1.096469861546617,0.07758583303188527,0.8583164324608947,0.8583164324608947
rnn_only,3,25,9,full,1.0933008956407013,0.07307706412638475,0.8600825070782636,0.8600825070782636
rnn_only,3,25,10,full,1.0882415223594113,0.06688102502931889,0.8579088325130757,0.8579088325130757
rnn_only,3,25,11,full,1.0946946353448213,0.0712918093287179,0.859196581368953,0.859196581368953
rnn_only,3,25,12,full,1.0964048224928318,0.07185153804293994,0.8555705530100303,0.8555705530100303
rnn_only,3,25,13,full,1.0970089362663051,0.07162704694699418,0.8540515858817501,0.8540515858817501
rnn_only,3,25,14,full,1.105480728368897,0.07863124642086419,0.8643989949010548,0.8643989949010548
rnn_only,3,25,15,full,1.1164573213893083,0.08772791841859671,0.8737840075240457,0.8737840075240457
rnn_only,3,25,16,full,1.1300756570183839,0.09847946335538292,0.8793592709139427,0.8793592709139427
rnn_only,3,25,17,full,1.154471091128194,0.11887955033179864,0.891827766868379,0.891827766868379
rnn_only,3,25,18,full,1.1654247454189688,0.12697279952640175,0.8983152397552249,0.8983152397552249
rnn_only,3,25,19,full,1.1751795589918468,0.13428045955384088,0.9018893163556292,0.9018893163556292
rnn_only,3,25,20,full,1.2127477193519027,0.16620250832863992,0.9240455365851787,0.9240455365851787
rnn_only,3,25,21,full,1.2656451089307486,0.21011687774625243,0.9388583223075506,0.9388583223075506
rnn_only,3,25,22,full,1.3387174739484684,0.26284960611416003,0.9876147059216522,0.9876147059216522
rnn_only,3,25,23,full,1.4167349482298506,0.30755517604613214,0.9530780907030949,0.9530780907030949
rnn_only,3,30,1,full,1.2491610376304547,0.2205321372562504,1.0647993331253045,1.0647993331253045
rnn_only,3,30,2,full,1.3445407153853068,0.29115951974733656,1.0267658406538245,1.0267658406538245
rnn_only,3,30,3,full,1.3373470060422215,0.2848960350641138,0.9819664085051988,0.9819664085051988
rnn_only,3,30,4,full,1.3098820195992438,0.26205987737407643,0.9629971180703281,0.9629971180703281
rnn_only,3,30,5,full,1.3039686413104854,0.25476484411373784,0.9602236201185388,0.9602236201185388
rnn_only,3,30,6,full,1.3064166833439104,0.2544175409156387,0.9605718648685817,0.9605718648685817
rnn_only,3,30,7,full,1.3063181579727852,0.252044523062008,0.9583698460468292,0.9583698460468292
rnn_only,3,30,8,full,1.3005765993295977,0.24505059857198414,0.9541840273775137,0.9541840273775137
rnn_only,3,30,9,full,1.289422511080279,0.23353802857069378,0.94341439822893,0.94341439822893
rnn_only,3,30,10,full,1.2766634604447897,0.2206534596916015,0.9368507751643954,0.9368507751643954
rnn_only,3,30,11,full,1.257590741754659,0.2026905129010138,0.9231702811728495,0.9231702811728495
rnn_only,3,30,12,full,1.2412283264465236,0.18621553220258774,0.9104890013693584,0.9104890013693584
rnn_only,3,30,13,full,1.2314164588416068,0.17625925111636764,0.9030570496755144,0.9030570496755144
rnn_only,3,30,14,full,1.2261976872812632,0.16936156801936947,0.8987840040482828,0.8987840040482828
rnn_only,3,30,15,full,1.216498177824358,0.1596437166076517,0.8876540232832314,0.8876540232832314
rnn_only,3,30,16,full,1.2112501248294731,0.15370691884191937,0.8828003199903641,0.8828003199903641
rnn_only,3,30,17,full,1.1992694402428046,0.14254093599506057,0.8827957508975408,0.8827957508975408
rnn_only,3,30,18,full,1.1741351961719921,0.11931779547978213,0.8673703702712268,0.8673703702712268
rnn_only,3,30,19,full,1.147424888372941,0.09448030587635776,0.8477667545132062,0.8477667545132062
rnn_only,3,30,20,full,1.1196110155277943,0.06839848466620896,0.828351479474873,0.828351479474873
rnn_only,3,30,21,full,1.10193110473078,0.05113139470819867,0.8146459019638881,0.8146459019638881
rnn_only,3,30,22,full,1.0947398794959233,0.043571482161726724,0.8100581571903331,0.8100581571903331
rnn_only,3,30,23,full,1.104240567374803,0.05098475854384529,0.8105833292083169,0.8105833292083169
rnn_only,3,30,24,full,1.1171278133307732,0.06266474176904685,0.8118056658401069,0.8118056658401069
rnn_only,3,30,25,full,1.1292333283156002,0.07568079423776053,0.8048410998275297,0.8048410998275297
rnn_only,3,30,26,full,1.1408305233050684,0.08873128399419444,0.8072512252689568,0.8072512252689568
rnn_only,3,30,27,full,1.139408153580069,0.08688380380831992,0.7969027911491096,0.7969027911491096
rnn_only,3,30,28,full,1.1882055929317048,0.12422614918170938,0.7414683099272195,0.7414683099272195
rnn_only,4,7,1,full,1.4098155072836713,0.3429488530827888,1.3339002909746098,1.3339002909746098
rnn_only,4,7,2,full,1.500271001664698,0.40440467027583044,1.3651666176839292,1.3651666176839292
rnn_only,4,7,3,full,1.4464085683900312,0.36563342081434463,1.2498721044040055,1.2498721044040055
rnn_only,4,7,4,full,1.5257926538117865,0.41251630234464426,1.3624681201273194,1.3624681201273194
rnn_only,4,7,5,full,1.7747714035394828,0.5632491080095641,1.617935610688888,1.617935610688888
rnn_only,4,11,1,full,1.3615267226573624,0.30794548974077096,1.2953506633026735,1.2953506633026735
rnn_only,4,11,2,full,1.4244986268080864,0.3521593388845968,1.3181458220757185,1.3181458220757185
rnn_only,4,11,3,full,1.3538362060745466,0.30023365340990854,1.2304620395230663,1.2304620395230663
rnn_only,4,11,4,full,1.2982762884488444,0.25739315286132425,1.1460717960896387,1.1460717960896387
rnn_only,4,11,5,full,1.2701384419748274,0.23385329921694187,1.0854481982161088,1.0854481982161088
rnn_only,4,11,6,full,1.2628193566052475,0.2260278692878404,1.0392242447533833,1.0392242447533833
rnn_only,4,11,7,full,1.3134026347142336,0.26204210024160823,1.0987583954193076,1.0987583954193076
rnn_only,4,11,8,full,1.5088807992633895,0.39716402591745914,1.3229346434933356,1.3229346434933356
rnn_only,4,11,9,full,1.8342375750372333,0.5907040217349181,1.601359721832713,1.601359721832713
rnn_only,4,16,1,full,1.2963384197732788,0.2581479969382111,1.228778130481557,1.228778130481557
rnn_only,4,16,2,full,1.3222243316586202,0.27484060482983574,1.1946410864908645,1.1946410864908645
rnn_only,4,16,3,full,1.2424431047217763,0.20935680549207608,1.0795853454133673,1.0795853454133673
rnn_only,4,16,4,full,1.2049296563345324,0.17872516286003431,1.0304720939409022,1.0304720939409022
rnn_only,4,16,5,full,1.178947051926417,0.15653571390398685,1.0031151829451763,1.0031151829451763
rnn_only,4,16,6,full,1.1719192779146166,0.1491449729579311,0.9942495740327867,0.9942495740327867
rnn_only,4,16,7,full,1.1444479279125592,0.12340776676049342,0.959486118294498,0.959486118294498
rnn_only,4,16,8,full,1.1395102838328888,0.11782192175531436,0.943764116136179,0.943764116136179
rnn_only,4,16,9,full,1.1860085510551277,0.1566436311958652,0.9655200162903168,0.9655200162903168
rnn_only,4,16,10,full,1.2315741617710805,0.19241356094864442,0.9608375960492925,0.9608375960492925
rnn_only,4,16,11,full,1.2351484198931182,0.1941520825531477,0.9469239802382865,0.9469239802382865
rnn_only,4,16,12,full,1.255762225354884,0.21103039166732818,0.9795779860786962,0.9795779860786962
rnn_only,4,16,13,full,1.4337562518700682,0.34206427491657126,1.1667826092394709,1.1667826092394709
rnn_only,4,16,14,full,1.6347255187548033,0.468359193353774,1.2972046377067912,1.2972046377067912
rnn_only,4,21,1,full,1.1795989515307734,0.1638186161770861,1.111086589405637,1.111086589405637
rnn_only,4,21,2,full,1.1680939878037182,0.1503576659326475,1.0236709597139808,1.0236709597139808
rnn_only,4,21,3,full,1.0914679993359513,0.08010892072279344,0.9270923253394974,0.9270923253394974
rnn_only,4,21,4,full,1.0674534901385242,0.05676444827656449,0.9071796485527548,0.9071796485527548
rnn_only,4,21,5,full,1.0625237462841777,0.05091581929518871,0.8875580864320805,0.8875580864320805
rnn_only,4,21,6,full,1.0628830238818592,0.04929970416014351,0.8860413977145616,0.8860413977145616
rnn_only,4,21,7,full,1.0618185487570693,0.046902809269063275,0.8850518621811521,0.8850518621811521
rnn_only,4,21,8,full,1.0514235338511693,0.03594970011070359,0.8688117569884811,0.8688117569884811
rnn_only,4,21,9,full,1.0375154704834135,0.021666862385474734,0.8547554184476452,0.8547554184476452
rnn_only,4,21,10,full,1.0377230688615375,0.021243753655155736,0.8509719811362231,0.8509719811362231
rnn_only,4,21,11,full,1.0393140646561567,0.021707701331450925,0.8437191810417697,0.8437191810417697
rnn_only,4,21,12,full,1.0666056386203038,0.04618249620211682,0.862035835352619,0.862035835352619
rnn_only,4,21,13,full,1.1154436093906916,0.09071890207465713,0.8795525739697008,0.8795525739697008
rnn_only,4,21,14,full,1.158314943516578,0.12801269098553458,0.8974938478643883,0.8974938478643883
rnn_only,4,21,15,full,1.1771517189167882,0.14421775868928755,0.9068749344481768,0.9068749344481768
rnn_only,4,21,16,full,1.205451608490074,0.16906971623469208,0.9325901435519891,0.9325901435519891
rnn_only,4,21,17,full,1.252465906857006,0.2062459469138217,0.9571702842861884,0.9571702842861884
rnn_only,4,21,18,full,1.3724393054600292,0.29324026405934656,1.0727044988895709,1.0727044988895709
rnn_only,4,21,19,full,1.5028472255240728,0.3729188808569973,1.0983923063925798,1.0983923063925798
rnn_only,4,25,1,full,1.1170496765164473,0.10960042196004263,1.033869212290607,1.033869212290607
rnn_only,4,25,2,full,1.1118478345068854,0.10224558767770432,0.9325393948032468,0.9325393948032468
rnn_only,4,25,3,full,1.0692786561570538,0.06104801285674272,0.8599185239818767,0.8599185239818767
rnn_only,4,25,4,full,1.0517200363789305,0.042636082960038166,0.8571780505152047,0.8571780505152047
rnn_only,4,25,5,full,1.0591375699681271,0.048278146404123715,0.8587864382780728,0.8587864382780728
rnn_only,4,25,6,full,1.0600978970043529,0.04738038127293138,0.8437939613699692,0.8437939613699692
rnn_only,4,25,7,full,1.0572832363713935,0.04280479930596601,0.844345403462673,0.844345403462673
rnn_only,4,25,8,full,1.0514496919320238,0.035986181804915536,0.849382988180689,0.849382988180689
rnn_only,4,25,9,full,1.0344877842490878,0.018082337979074332,0.8246675681553358,0.8246675681553358
rnn_only,4,25,10,full,1.025862128567686,0.008488713700176096,0.8061123022533476,0.8061123022533476
rnn_only,4,25,11,full,1.0114642971175152,-0.006897517260851437,0.7974615860305203,0.7974615860305203
rnn_only,4,25,12,full,0.9892628719008997,-0.030720954701092602,0.7837448954640451,0.7837448954640451
rnn_only,4,25,13,full,0.9802388945395849,-0.04107258346818636,0.7711230309283712,0.7711230309283712
rnn_only,4,25,14,full,0.9850913524364537,-0.0372130337300538,0.7731707449689493,0.7731707449689493
rnn_only,4,25,15,full,1.0070767900848376,-0.015779273514929592,0.7934397858907691,0.7934397858907691
rnn_only,4,25,16,full,1.0382133763355235,0.013993510570440786,0.8113416560952532,0.8113416560952532
rnn_only,4,25,17,full,1.0682492508243753,0.04278864105176652,0.8236876865085031,0.8236876865085031
rnn_only,4,25,18,full,1.075397721421285,0.048708568178479905,0.8304339834399267,0.8304339834399267
rnn_only,4,25,19,full,1.0827020587964156,0.05406520502964716,0.8472296530806527,0.8472296530806527
rnn_only,4,25,20,full,1.1235330482955184,0.09160538751261257,0.8723446698692489,0.8723446698692489
rnn_only,4,25,21,full,1.1839178015519674,0.1447334690220885,0.8908979928381945,0.8908979928381945
rnn_only,4,25,22,full,1.240080939960091,0.19074244058052187,0.9386485817603563,0.9386485817603563
rnn_only,4,25,23,full,1.354739046370146,0.2652868747182563,0.9395508461927324,0.9395508461927324
rnn_only,4,30,1,full,1.1344285759301447,0.12458006986740236,0.986392151726209,0.986392151726209
rnn_only,4,30,2,full,1.194982496555553,0.17309336849774387,0.9240063499121951,0.9240063499121951
rnn_only,4,30,3,full,1.2007012428991286,0.17381475011463576,0.9179713441359603,0.9179713441359603
rnn_only,4,30,4,full,1.2361360096363927,0.19972829662489427,0.9499814925831784,0.9499814925831784
rnn_only,4,30,5,full,1.2583718077477326,0.21569450399235807,0.9620369179564363,0.9620369179564363
rnn_only,4,30,6,full,1.2681171454705584,0.22147671674957609,0.9648672137101635,0.9648672137101635
rnn_only,4,30,7,full,1.2703860869819663,0.22077955983994318,0.9625354975448575,0.9625354975448575
rnn_only,4,30,8,full,1.2594884095946748,0.20888475729602007,0.9550917989027166,0.9550917989027166
rnn_only,4,30,9,full,1.252492329477773,0.20029990851608762,0.9470581679367599,0.9470581679367599
rnn_only,4,30,10,full,1.2472985403758576,0.19290461579207824,0.9404173134652347,0.9404173134652347
rnn_only,4,30,11,full,1.234627410554094,0.17992750815069325,0.9272257300667102,0.9272257300667102
rnn_only,4,30,12,full,1.2160152885954811,0.16244562742808744,0.9115526609687795,0.9115526609687795
rnn_only,4,30,13,full,1.193193225405758,0.14162255093647524,0.8987292547213835,0.8987292547213835
rnn_only,4,30,14,full,1.1776382115344697,0.12686008469312596,0.8917345462392214,0.8917345462392214
rnn_only,4,30,15,full,1.1704541444159882,0.119450017543399,0.8837705342671562,0.8837705342671562
rnn_only,4,30,16,full,1.1570062845655475,0.10687748389646627,0.8721049889106658,0.8721049889106658
rnn_only,4,30,17,full,1.127596705645844,0.08036712274023858,0.8588876775724217,0.8588876775724217
rnn_only,4,30,18,full,1.1107237078935936,0.06417563603334944,0.8542918767461306,0.8542918767461306
rnn_only,4,30,19,full,1.111218983903663,0.06375101352259098,0.8498259462034203,0.8498259462034203
rnn_only,4,30,20,full,1.0946180117309672,0.048352611718545824,0.8318930087476821,0.8318930087476821
rnn_only,4,30,21,full,1.0873254192964417,0.04185016365954311,0.8304363361149535,0.8304363361149535
rnn_only,4,30,22,full,1.0900199912345587,0.04517564957457549,0.833908511692637,0.833908511692637
rnn_only,4,30,23,full,1.0793981611308507,0.03630609721418349,0.8185419755000408,0.8185419755000408
rnn_only,4,30,24,full,1.0733589751011783,0.03096455827185936,0.8125634963033274,0.8125634963033274
rnn_only,4,30,25,full,1.0858737808225638,0.04345910318537295,0.8202468319745774,0.8202468319745774
rnn_only,4,30,26,full,1.0998600837698267,0.05965993961262671,0.8284010429163706,0.8284010429163706
rnn_only,4,30,27,full,1.1174919813958861,0.07816659802732272,0.821311154076208,0.821311154076208
rnn_only,4,30,28,full,1.2178246345777515,0.14296859615199697,0.8098161075573955,0.8098161075573955
rnn_only,5,7,1,full,1.4350989240913792,0.36063760417240653,1.3361676256414348,1.3361676256414348
rnn_only,5,7,2,full,1.6137104062304142,0.4766856929725505,1.4618324913636958,1.4618324913636958
rnn_only,5,7,3,full,1.6923908527843168,0.522446790057646,1.4703638813152735,1.4703638813152735
rnn_only,5,7,4,full,1.7794560914748947,0.5713945784083679,1.5680280128326731,1.5680280128326731
rnn_only,5,7,5,full,1.8359982626674078,0.6020789924993868,1.6241063043203599,1.6241063043203599
rnn_only,5,11,1,full,1.3481633503454629,0.298193776392576,1.2788404293511468,1.2788404293511468
rnn_only,5,11,2,full,1.4204118858375798,0.34910673768677936,1.2940477841883828,1.2940477841883828
rnn_only,5,11,3,full,1.372472154664031,0.31285933400780835,1.221017405086004,1.221017405086004
rnn_only,5,11,4,full,1.3036062275991602,0.2598178654041974,1.142929748017569,1.142929748017569
rnn_only,5,11,5,full,1.2588388818798808,0.2215639925288005,1.0670299874717786,1.0670299874717786
rnn_only,5,11,6,full,1.2319511979899098,0.19624136802146286,1.011393027272427,1.011393027272427
rnn_only,5,11,7,full,1.2668519442509805,0.22024086035102036,1.0520644349988306,1.0520644349988306
rnn_only,5,11,8,full,1.3947873985651764,0.3142320672449689,1.2053850006183437,1.2053850006183437
rnn_only,5,11,9,full,1.6250522308514692,0.4651421925330177,1.3999797234833045,1.3999797234833045
rnn_only,5,16,1,full,1.2593481511776745,0.2301701704649724,1.2074508798962067,1.2074508798962067
rnn_only,5,16,2,full,1.2835765981786402,0.24837431552182698,1.1850575984972396,1.1850575984972396
rnn_only,5,16,3,full,1.1725852540538941,0.1563825556875421,1.055105984153197,1.055105984153197
rnn_only,5,16,4,full,1.0915569147440212,0.08323531480872748,0.967937131877185,0.967937131877185
rnn_only,5,16,5,full,1.074880286756954,0.06696973238166823,0.9461751458384676,0.9461751458384676
rnn_only,5,16,6,full,1.1140124914479488,0.10195617693612134,0.982525470067682,0.982525470067682
rnn_only,5,16,7,full,1.1168242375011088,0.10350092997637145,0.9788484871536314,0.9788484871536314
rnn_only,5,16,8,full,1.140575712926874,0.12311657353428447,0.9918452334872763,0.9918452334872763
rnn_only,5,16,9,full,1.181263580193937,0.15535336426741708,1.0075505008221954,1.0075505008221954
rnn_only,5,16,10,full,1.2110261690333632,0.17898569309139367,1.0049167706119766,1.0049167706119766
rnn_only,5,16,11,full,1.2510174300089707,0.20991235530042235,1.0355486231369961,1.0355486231369961
rnn_only,5,16,12,full,1.2908493256632054,0.23816717819532257,1.0554487891276634,1.0554487891276634
rnn_only,5,16,13,full,1.378435609201421,0.2994783887939697,1.1256504127172966,1.1256504127172966
rnn_only,5,16,14,full,1.5857275158613302,0.4360417494627784,1.3376676156366059,1.3376676156366059
rnn_only,5,21,1,full,1.2133094185852082,0.19308696179764628,1.1705789295464122,1.1705789295464122
rnn_only,5,21,2,full,1.1743208477086462,0.15982509589743404,1.0611155071722143,1.0611155071722143
rnn_only,5,21,3,full,1.1285670258449334,0.11924103517630757,0.9750537639007588,0.9750537639007588
rnn_only,5,21,4,full,1.1304772120069897,0.1199714004824749,0.9737041180947386,0.9737041180947386
rnn_only,5,21,5,full,1.1415992381914872,0.12863391417081013,0.9793983137684885,0.9793983137684885
rnn_only,5,21,6,full,1.1342086612577194,0.12091440121092434,0.9552045685746839,0.9552045685746839
rnn_only,5,21,7,full,1.1339770897277677,0.11975669510058629,0.9378447864657189,0.9378447864657189
rnn_only,5,21,8,full,1.1550806593445504,0.13707725696825612,0.9568284210858888,0.9568284210858888
rnn_only,5,21,9,full,1.1656805720123349,0.14532657657908432,0.9690889246943389,0.9690889246943389
rnn_only,5,21,10,full,1.1751557475497798,0.1521607748071362,0.9635532806247189,0.9635532806247189
rnn_only,5,21,11,full,1.1766431746417059,0.152271560290767,0.9570788783006696,0.9570788783006696
rnn_only,5,21,12,full,1.1924707177591634,0.16480278530425427,0.975633715571028,0.975633715571028
rnn_only,5,21,13,full,1.219751475836853,0.1870004795059217,0.9912207267611353,0.9912207267611353
rnn_only,5,21,14,full,1.2414916292102305,0.20455456409707676,0.9936595602448832,0.9936595602448832
rnn_only,5,21,15,full,1.2554432589538225,0.21560687937842898,0.9943068091314489,0.9943068091314489
rnn_only,5,21,16,full,1.2743177783117057,0.2303159834980147,0.9930878238096,0.9930878238096
rnn_only,5,21,17,full,1.2862778314460246,0.23771629942250408,0.9744688670611219,0.9744688670611219
rnn_only,5,21,18,full,1.4182263128901005,0.32723763558969876,1.0983670030409654,1.0983670030409654
rnn_only,5,21,19,full,1.5440281606807507,0.41010204218613344,1.143885856274931,1.143885856274931
rnn_only,5,25,1,full,1.0921493683023762,0.08783840188977593,1.028011857089871,1.028011857089871
rnn_only,5,25,2,full,1.0827816498433338,0.07807582793821259,0.9350785737632469,0.9350785737632469
rnn_only,5,25,3,full,1.0912699330292415,0.0842395828687563,0.8949097441532737,0.8949097441532737
rnn_only,5,25,4,full,1.1168296656612517,0.10590394070025405,0.9150417172129522,0.9150417172129522
rnn_only,5,25,5,full,1.1052072991629651,0.0940740899460023,0.9057086895551376,0.9057086895551376
rnn_only,5,25,6,full,1.0886093203994491,0.07781017863788887,0.8840760894769809,0.8840760894769809
rnn_only,5,25,7,full,1.0995098822888034,0.08671407139429106,0.8860935513358925,0.8860935513358925
rnn_only,5,25,8,full,1.1099567033490016,0.09518813313648872,0.8943504084716146,0.8943504084716146
rnn_only,5,25,9,full,1.1073483515033429,0.09176663411024699,0.8926092049928545,0.8926092049928545
rnn_only,5,25,10,full,1.1078241929176769,0.09097551940313398,0.8922602545501326,0.8922602545501326
rnn_only,5,25,11,full,1.1137563688691214,0.09526323958074516,0.8889684138750217,0.8889684138750217
rnn_only,5,25,12,full,1.0941759111601326,0.07576619185874638,0.8687806093099091,0.8687806093099091
rnn_only,5,25,13,full,1.0933731720248554,0.0740314367299689,0.865945363129538,0.865945363129538
rnn_only,5,25,14,full,1.0966374302065107,0.07571830530415634,0.8684652439934233,0.8684652439934233
rnn_only,5,25,15,full,1.0995357141726831,0.07710621679940285,0.8762920359532745,0.8762920359532745
rnn_only,5,25,16,full,1.1105511948126114,0.0860435892203208,0.8873003588546304,0.8873003588546304
rnn_only,5,25,17,full,1.131497055954545,0.10447244124766783,0.8948745272519472,0.8948745272519472
rnn_only,5,25,18,full,1.1583260125821544,0.12831066800907726,0.9124383954045138,0.9124383954045138
rnn_only,5,25,19,full,1.1708390848738095,0.13904029763477016,0.9199383928300546,0.9199383928300546
rnn_only,5,25,20,full,1.1858160682386263,0.15337239265363378,0.9072001825417098,0.9072001825417098
rnn_only,5,25,21,full,1.1956420273756647,0.16241187913271288,0.8838323592471888,0.8838323592471888
rnn_only,5,25,22,full,1.258529094829122,0.20905711154138212,0.9391405949034706,0.9391405949034706
rnn_only,5,25,23,full,1.3660875973513655,0.2853892086397047,0.9627707264366772,0.9627707264366772
rnn_only,5,30,1,full,1.1439970233149483,0.1337862546337678,1.0076449982195124,1.0076449982195124
rnn_only,5,30,2,full,1.1958338357321994,0.17630610314275486,0.9613971419815,0.9613971419815
rnn_only,5,30,3,full,1.2136948147622533,0.18929183081003526,0.9520698832256493,0.9520698832256493
rnn_only,5,30,4,full,1.2119729711640086,0.18577382859292826,0.9534700225389467,0.9534700225389467
rnn_only,5,30,5,full,1.1922030665280396,0.16773427284934134,0.9428799190333589,0.9428799190333589
rnn_only,5,30,6,full,1.1594072267065108,0.13829663135464448,0.9167926043965322,0.9167926043965322
rnn_only,5,30,7,full,1.1434701359924861,0.12235818455537985,0.9058616608524357,0.9058616608524357
rnn_only,5,30,8,full,1.1390084055250003,0.11653657858127459,0.9026321484279529,0.9026321484279529
rnn_only,5,30,9,full,1.136508247229012,0.1120046843431857,0.8957196614663951,0.8957196614663951
rnn_only,5,30,10,full,1.124742705730621,0.0992383225002211,0.886569733876882,0.886569733876882
rnn_only,5,30,11,full,1.0980627315578946,0.0719987333789884,0.8638478832206111,0.8638478832206111
rnn_only,5,30,12,full,1.0800203554569299,0.052903065362249965,0.847492525088899,0.847492525088899
rnn_only,5,30,13,full,1.0676682222282428,0.03867365364572582,0.8346352568216631,0.8346352568216631
rnn_only,5,30,14,full,1.0486113265420909,0.017797674507375315,0.8215413899422903,0.8215413899422903
rnn_only,5,30,15,full,1.0248169308124826,-0.007472915597156092,0.806668621543698,0.806668621543698
rnn_only,5,30,16,full,1.0153935107729632,-0.018688965323756947,0.7979537886835122,0.7979537886835122
rnn_only,5,30,17,full,1.0193976620507157,-0.015921230195790465,0.8019918167744182,0.8019918167744182
rnn_only,5,30,18,full,1.0180827264177883,-0.018117853654940397,0.8026062195577353,0.8026062195577353
rnn_only,5,30,19,full,1.0141410492324403,-0.022886181265801032,0.8014849856604604,0.8014849856604604
rnn_only,5,30,20,full,1.0084955387537238,-0.03005082760466795,0.7974075850975233,0.7974075850975233
rnn_only,5,30,21,full,1.0131164793970289,-0.026357957150438236,0.7952044780322416,0.7952044780322416
rnn_only,5,30,22,full,1.0150183863362445,-0.02451905023797029,0.793627596647463,0.793627596647463
rnn_only,5,30,23,full,1.0090308600555182,-0.029956823271361024,0.7850044094836319,0.7850044094836319
rnn_only,5,30,24,full,1.0063234679144797,-0.03226894807594155,0.761838838932991,0.761838838932991
rnn_only,5,30,25,full,1.0182712320031415,-0.018616273537769585,0.7449120924187487,0.7449120924187487
rnn_only,5,30,26,full,1.0095337917786984,-0.02699782789231934,0.7232188215468744,0.7232188215468744
rnn_only,5,30,27,full,1.010251134533144,-0.030305218977742136,0.7159238494403783,0.7159238494403783
rnn_only,5,30,28,full,1.067571096883574,0.017277898943922607,0.688060051661623,0.688060051661623
rnn_only,6,7,1,full,1.3644768374694345,0.3102777895705431,1.2795656756950025,1.2795656756950025
rnn_only,6,7,2,full,1.4023846364054133,0.336881638737744,1.2676378652573281,1.2676378652573281
rnn_only,6,7,3,full,1.3316470503991655,0.28207949510875424,1.1801109658856783,1.1801109658856783
rnn_only,6,7,4,full,1.438153041472137,0.3553902675157965,1.3033033120024453,1.3033033120024453
rnn_only,6,7,5,full,1.6678244450715405,0.5018823577985978,1.5155057508337397,1.5155057508337397
rnn_only,6,11,1,full,1.3966753558907588,0.3335654679910925,1.3258514857392993,1.3258514857392993
rnn_only,6,11,2,full,1.5128606565433176,0.4126351424223697,1.3916456589405943,1.3916456589405943
rnn_only,6,11,3,full,1.4560019009861922,0.3732935481360134,1.2819162091345473,1.2819162091345473
rnn_only,6,11,4,full,1.3544949747549784,0.29997970807097785,1.1537194469597614,1.1537194469597614
rnn_only,6,11,5,full,1.2774672960479294,0.24014847960582275,1.0837307893625525,1.0837307893625525
rnn_only,6,11,6,full,1.2388822661160563,0.20792371953683733,1.0491236539762534,1.0491236539762534
rnn_only,6,11,7,full,1.290380473517888,0.24656276679560798,1.1084783263231135,1.1084783263231135
rnn_only,6,11,8,full,1.4196801448535834,0.33992929714561676,1.2391377576639686,1.2391377576639686
rnn_only,6,11,9,full,1.6814294125631868,0.5087200565799365,1.468785678695431,1.468785678695431
rnn_only,6,16,1,full,1.3399073907871717,0.29214314253486384,1.2712472166399036,1.2712472166399036
rnn_only,6,16,2,full,1.341650713344701,0.29244748484603633,1.202718631125609,1.202718631125609
rnn_only,6,16,3,full,1.2254773133191919,0.20043437425757413,1.042509284192413,1.042509284192413
rnn_only,6,16,4,full,1.1952913481790701,0.17419013925238558,0.9970530349383784,0.9970530349383784
rnn_only,6,16,5,full,1.1924412080507598,0.17030570534048606,0.9867117630166938,0.9867117630166938
rnn_only,6,16,6,full,1.211794095114532,0.18456019417311356,1.0158045992277946,1.0158045992277946
rnn_only,6,16,7,full,1.2183190991862736,0.18828500164776138,1.0187389507579439,1.0187389507579439
rnn_only,6,16,8,full,1.2259155397192452,0.19309565778495213,1.0244025982172964,1.0244025982172964
rnn_only,6,16,9,full,1.2402520308499692,0.20376234390505935,1.0241252547709334,1.0241252547709334
rnn_only,6,16,10,full,1.2749983318125575,0.2291623335602424,1.0166353729416153,1.0166353729416153
rnn_only,6,16,11,full,1.301434477039611,0.24946987341844662,1.025428685496193,1.025428685496193
rnn_only,6,16,12,full,1.3368717215265782,0.2744608279480018,1.0521429399774045,1.0521429399774045
rnn_only,6,16,13,full,1.5109787386582196,0.3934897669654472,1.2106441222079847,1.2106441222079847
rnn_only,6,16,14,full,1.7445115726666627,0.5358926125973951,1.4037896426285963,1.4037896426285963
rnn_only,6,21,1,full,1.2053604743965494,0.18605787985556027,1.125701059365659,1.125701059365659
rnn_only,6,21,2,full,1.2139446618442915,0.19198498875810532,1.051674930849487,1.051674930849487
rnn_only,6,21,3,full,1.131835656442341,0.12016034339509939,0.9247914165989327,0.9247914165989327
rnn_only,6,21,4,full,1.0771441292062076,0.06780831959314929,0.8735550920187096,0.8735550920187096
rnn_only,6,21,5,full,1.0548170093220848,0.0439722700337773,0.8470001475250195,0.8470001475250195
rnn_only,6,21,6,full,1.0360484749429277,0.024171227149844925,0.8308867658581067,0.8308867658581067
rnn_only,6,21,7,full,1.0452815911576412,0.03179740393970554,0.8505829273632466,0.8505829273632466
rnn_only,6,21,8,full,1.0605177910872556,0.04606326172568576,0.8618655442827186,0.8618655442827186
rnn_only,6,21,9,full,1.0570499025785496,0.0417200915389663,0.8567608367557664,0.8567608367557664
rnn_only,6,21,10,full,1.0597780780062998,0.042598959346367704,0.8514887494990558,0.8514887494990558
rnn_only,6,21,11,full,1.0916837262513872,0.07054378670690753,0.8697965033548144,0.8697965033548144
rnn_only,6,21,12,full,1.107196066696311,0.0833583015779153,0.8718990293769191,0.8718990293769191
rnn_only,6,21,13,full,1.113688946781668,0.0883771080723264,0.8714263300432339,0.8714263300432339
rnn_only,6,21,14,full,1.125245712193369,0.09759583747523011,0.8804658573636859,0.8804658573636859
rnn_only,6,21,15,full,1.1457889385328746,0.1148998657967267,0.8933280466640381,0.8933280466640381
rnn_only,6,21,16,full,1.170863602138199,0.1364960423060556,0.9071835730260633,0.9071835730260633
rnn_only,6,21,17,full,1.1974333038988845,0.1579986596357183,0.910293324418981,0.910293324418981
rnn_only,6,21,18,full,1.2674870605374302,0.21127979166110714,0.9845775924464188,0.9845775924464188
rnn_only,6,21,19,full,1.3342817611905513,0.2523883344890811,0.9778906660543961,0.9778906660543961
rnn_only,6,25,1,full,1.1678974874881236,0.15474928754477393,1.0661730314353648,1.0661730314353648
rnn_only,6,25,2,full,1.2214381031414427,0.1980834204704466,1.002933237314703,1.002933237314703
rnn_only,6,25,3,full,1.2068760784683024,0.18376170123045207,0.9551720255764533,0.9551720255764533
rnn_only,6,25,4,full,1.1744933245815612,0.15383534196345888,0.9283439297534481,0.9283439297534481
rnn_only,6,25,5,full,1.1752519027356914,0.15187540158481555,0.9304660853164504,0.9304660853164504
rnn_only,6,25,6,full,1.1757317074907419,0.15124234505867593,0.926048129661067,0.926048129661067
rnn_only,6,25,7,full,1.1833756260746067,0.15734684263631,0.941393590255907,0.941393590255907
rnn_only,6,25,8,full,1.2094913151266335,0.17798425939693907,0.9734809500527973,0.9734809500527973
rnn_only,6,25,9,full,1.2145287265520541,0.18070424557515286,0.9831534540614142,0.9831534540614142
rnn_only,6,25,10,full,1.191851259562935,0.16008904144846686,0.9671827889259063,0.9671827889259063
rnn_only,6,25,11,full,1.189132229686481,0.15625188848738236,0.9653832844702074,0.9653832844702074
rnn_only,6,25,12,full,1.212159098510885,0.17419159499534587,0.9842087704790661,0.9842087704790661
rnn_only,6,25,13,full,1.2387118066619047,0.1942649251887511,1.002860851938885,1.002860851938885
rnn_only,6,25,14,full,1.2701565686025797,0.2179906942277159,1.0279741145135146,1.0279741145135146
rnn_only,6,25,15,full,1.312280617273275,0.24993786919385616,1.0593825469307347,1.0593825469307347
rnn_only,6,25,16,full,1.3460656521612804,0.27479267185126344,1.08592524910283,1.08592524910283
rnn_only,6,25,17,full,1.3639793036988326,0.2868108675414915,1.1010759082805492,1.1010759082805492
rnn_only,6,25,18,full,1.3666526225278757,0.2878085152036993,1.1073588008209936,1.1073588008209936
rnn_only,6,25,19,full,1.3783784184851897,0.2960831920941523,1.1143601933172338,1.1143601933172338
rnn_only,6,25,20,full,1.4033837480648135,0.3139475168403516,1.1271121454359045,1.1271121454359045
rnn_only,6,25,21,full,1.4613978060786983,0.3565286259072487,1.1394971490951193,1.1394971490951193
rnn_only,6,25,22,full,1.5595365420912484,0.42074153072078874,1.2038611677353337,1.2038611677353337
rnn_only,6,25,23,full,1.6318815194877065,0.4560449380452362,1.1441526616141098,1.1441526616141098
rnn_only,6,30,1,full,1.187104574812848,0.17062799890090696,1.0263311831527377,1.0263311831527377
rnn_only,6,30,2,full,1.249877045802657,0.21982016475218957,0.9516687671878138,0.9516687671878138
rnn_only,6,30,3,full,1.2424931471254734,0.2105132373507951,0.9155959592628843,0.9155959592628843
rnn_only,6,30,4,full,1.2281776766997026,0.19557682252964484,0.9132598568506002,0.9132598568506002
rnn_only,6,30,5,full,1.2338332753666332,0.19723527393484536,0.9111587805807821,0.9111587805807821
rnn_only,6,30,6,full,1.2281772170946708,0.19066943568632538,0.8998828512654631,0.8998828512654631
rnn_only,6,30,7,full,1.2156080554293816,0.17834883291157477,0.8926200879055555,0.8926200879055555
rnn_only,6,30,8,full,1.2128541051883481,0.1731321285404222,0.8941368057928207,0.8941368057928207
rnn_only,6,30,9,full,1.2019057583440358,0.16070814521857318,0.8826661848363568,0.8826661848363568
rnn_only,6,30,10,full,1.1696700074220907,0.13040213494188213,0.8612940050638215,0.8612940050638215
rnn_only,6,30,11,full,1.1231438329077559,0.08682427902944143,0.8280050360754073,0.8280050360754073
rnn_only,6,30,12,full,1.0838340849024823,0.04791100070959349,0.7968362425559036,0.7968362425559036
rnn_only,6,30,13,full,1.0535451303174357,0.016473310100161776,0.77684984646023,0.77684984646023
rnn_only,6,30,14,full,1.022065355958201,-0.016175529275302247,0.7595885315822738,0.7595885315822738
rnn_only,6,30,15,full,0.9954014764051257,-0.04485750642166557,0.7419494393662411,0.7419494393662411
rnn_only,6,30,16,full,0.9783603788136892,-0.06363588651134035,0.728984716665157,0.728984716665157
rnn_only,6,30,17,full,0.9619031715913567,-0.08193094876933896,0.7227873984100759,0.7227873984100759
rnn_only,6,30,18,full,0.9471349242906133,-0.09932270437506864,0.7155152183601807,0.7155152183601807
rnn_only,6,30,19,full,0.9387151283537201,-0.11003272142207879,0.7089442450958514,0.7089442450958514
rnn_only,6,30,20,full,0.9336641867190234,-0.11597730545511067,0.7035142219412371,0.7035142219412371
rnn_only,6,30,21,full,0.9271187509029342,-0.12540148748946206,0.6978740688555443,0.6978740688555443
rnn_only,6,30,22,full,0.9312534655950382,-0.12294391041787944,0.7012502258827049,0.7012502258827049
rnn_only,6,30,23,full,0.9456717732757998,-0.10888557931426152,0.7057175059856197,0.7057175059856197
rnn_only,6,30,24,full,0.9678033192486402,-0.08662035829762858,0.715046580691939,0.715046580691939
rnn_only,6,30,25,full,0.9871198226177265,-0.0686555951077236,0.7205881222082287,0.7205881222082287
rnn_only,6,30,26,full,1.0408520914532402,-0.009733147264859045,0.7423477343326341,0.7423477343326341
rnn_only,6,30,27,full,1.0945979443084046,0.04709244279539897,0.7627237937014872,0.7627237937014872
rnn_only,6,30,28,full,1.1413761445161947,0.07601864328467038,0.7177779279116606,0.7177779279116606
rnn_only,7,7,1,full,1.4321190716801242,0.35854577582530706,1.3568677754232898,1.3568677754232898
rnn_only,7,7,2,full,1.6021557715544363,0.46942186804305297,1.4534593490745378,1.4534593490745378
rnn_only,7,7,3,full,1.6139655943021987,0.474178670568114,1.3800323150626053,1.3800323150626053
rnn_only,7,7,4,full,1.6844065736889857,0.5166397064582171,1.4833812448244967,1.4833812448244967
rnn_only,7,7,5,full,1.836206987785277,0.6023092036697602,1.640646379772356,1.640646379772356
rnn_only,7,11,1,full,1.3808600624250944,0.322008190212251,1.2911035671373763,1.2911035671373763
rnn_only,7,11,2,full,1.4967385498947778,0.40185427000659424,1.355140706690998,1.355140706690998
rnn_only,7,11,3,full,1.5068683582771742,0.40800287110145134,1.3267537426888554,1.3267537426888554
rnn_only,7,11,4,full,1.4767083377858723,0.3863576875958913,1.283675800961962,1.283675800961962
rnn_only,7,11,5,full,1.4400081662823783,0.35946861609371006,1.224099121057962,1.224099121057962
rnn_only,7,11,6,full,1.382272878563572,0.31621374376926725,1.1532987311904332,1.1532987311904332
rnn_only,7,11,7,full,1.3902127063888607,0.31901568735682456,1.183145626871425,1.183145626871425
rnn_only,7,11,8,full,1.5173742748732817,0.40472107919832184,1.3394650206241465,1.3394650206241465
rnn_only,7,11,9,full,1.7618073819698936,0.5527868407671815,1.5492174266405303,1.5492174266405303
rnn_only,7,16,1,full,1.3279431125091334,0.28303613701653557,1.2428422136740145,1.2428422136740145
rnn_only,7,16,2,full,1.3159923656352204,0.2729189108766946,1.1744847757645356,1.1744847757645356
rnn_only,7,16,3,full,1.206809321907779,0.18479128232780684,1.0578132783650005,1.0578132783650005
rnn_only,7,16,4,full,1.1635925941084908,0.14751980384996205,1.017120081902367,1.017120081902367
rnn_only,7,16,5,full,1.1422375339853752,0.12823310645305325,0.9932268860643315,0.9932268860643315
rnn_only,7,16,6,full,1.1471219188883675,0.13183839711640172,0.9867982289796926,0.9867982289796926
rnn_only,7,16,7,full,1.153138253156157,0.13579003753200353,0.9886601029938134,0.9886601029938134
rnn_only,7,16,8,full,1.1882911139913732,0.16428427983678037,0.9995317840348898,0.9995317840348898
rnn_only,7,16,9,full,1.238148137186141,0.20384696669218275,1.0181957454976898,1.0181957454976898
rnn_only,7,16,10,full,1.2518477716907592,0.21345569158328714,1.0138976292070265,1.0138976292070265
rnn_only,7,16,11,full,1.27630536316659,0.2313261480578394,1.039678195302457,1.039678195302457
rnn_only,7,16,12,full,1.3207119510433891,0.2644455013515731,1.0860274987096505,1.0860274987096505
rnn_only,7,16,13,full,1.4989201906884062,0.3881990537010316,1.262654944071146,1.262654944071146
rnn_only,7,16,14,full,1.7616992912219387,0.5475866250729753,1.4462237283177573,1.4462237283177573
rnn_only,7,21,1,full,1.2514775642215867,0.22382987078584546,1.1746614849252666,1.1746614849252666
rnn_only,7,21,2,full,1.2156814332169552,0.19217331669931675,1.0544955108136054,1.0544955108136054
rnn_only,7,21,3,full,1.1143873543119533,0.10409933001579731,0.9397274917975711,0.9397274917975711
rnn_only,7,21,4,full,1.0775619198272406,0.07042655001352317,0.9168534210623613,0.9168534210623613
rnn_only,7,21,5,full,1.0776639598322564,0.06922603402718777,0.916805143130146,0.916805143130146
rnn_only,7,21,6,full,1.0775569588418357,0.06758495196251571,0.9118453679994121,0.9118453679994121
rnn_only,7,21,7,full,1.059641690632397,0.04950925345275576,0.8959567110140013,0.8959567110140013
rnn_only,7,21,8,full,1.0608656257847076,0.0494102940860531,0.899944478947686,0.899944478947686
rnn_only,7,21,9,full,1.0709256268100886,0.057330786754406865,0.906353456869892,0.906353456869892
rnn_only,7,21,10,full,1.1082644599412492,0.09031521095521741,0.9204352085397463,0.9204352085397463
rnn_only,7,21,11,full,1.1578056719924024,0.13348772164297648,0.9445744002658705,0.9445744002658705
rnn_only,7,21,12,full,1.1881523307648214,0.1580671444241884,0.9607904723646659,0.9607904723646659
rnn_only,7,21,13,full,1.2137986432707808,0.1777882131859911,0.9762981898950391,0.9762981898950391
rnn_only,7,21,14,full,1.228979024319805,0.1893670228699167,0.9942871074851107,0.9942871074851107
rnn_only,7,21,15,full,1.2448743994242832,0.20240188718675983,1.003501065270747,1.003501065270747
rnn_only,7,21,16,full,1.2734446185600983,0.22559586153361896,1.0152541363583356,1.0152541363583356
rnn_only,7,21,17,full,1.3142840600100767,0.2562927010020802,1.034962914996625,1.034962914996625
rnn_only,7,21,18,full,1.4461624727525533,0.34800258456610383,1.167116539502605,1.167116539502605
rnn_only,7,21,19,full,1.5853304518331148,0.43011852236853537,1.1924345516703372,1.1924345516703372
rnn_only,7,25,1,full,1.1321818079956354,0.12286974839266264,1.0254677757802984,1.0254677757802984
rnn_only,7,25,2,full,1.1484187048216767,0.13368241748078852,0.9512864038238796,0.9512864038238796
rnn_only,7,25,3,full,1.1273032573871886,0.11418434976880165,0.9068022140542826,0.9068022140542826
rnn_only,7,25,4,full,1.0844628427850478,0.07603781866362098,0.8776484259937151,0.8776484259937151
rnn_only,7,25,5,full,1.066215476327893,0.0568767340175281,0.8561729013529479,0.8561729013529479
rnn_only,7,25,6,full,1.072311880829447,0.060246376055987844,0.8434638724635863,0.8434638724635863
rnn_only,7,25,7,full,1.0821379472075594,0.06670544867413561,0.8451625409944935,0.8451625409944935
rnn_only,7,25,8,full,1.0722681103863518,0.054749133345967024,0.8494360657841709,0.8494360657841709
rnn_only,7,25,9,full,1.0650317500490545,0.04501559891286961,0.8467158707807103,0.8467158707807103
rnn_only,7,25,10,full,1.0691568361574757,0.04629390003481429,0.8444555254544361,0.8444555254544361
rnn_only,7,25,11,full,1.0843612271779963,0.05761463491723773,0.856003374220331,0.856003374220331
rnn_only,7,25,12,full,1.0934696781499968,0.06333561613823373,0.8619549420186268,0.8619549420186268
rnn_only,7,25,13,full,1.1042053905880307,0.07054504196671638,0.8599082337704728,0.8599082337704728
rnn_only,7,25,14,full,1.1239502607712832,0.0867457802724036,0.8626854667532962,0.8626854667532962
rnn_only,7,25,15,full,1.1381817249424184,0.09735977411098817,0.8707413360238467,0.8707413360238467
rnn_only,7,25,16,full,1.1518056348269217,0.10814205224570618,0.8787042208755221,0.8787042208755221
rnn_only,7,25,17,full,1.169709105110444,0.12221965257899373,0.8898562046013556,0.8898562046013556
rnn_only,7,25,18,full,1.1808915579559303,0.1305112791078512,0.8988105055347316,0.8988105055347316
rnn_only,7,25,19,full,1.1780193043081173,0.12679171184482205,0.8940719952516665,0.8940719952516665
rnn_only,7,25,20,full,1.1949686711473693,0.14075196050154093,0.8981598513263735,0.8981598513263735
rnn_only,7,25,21,full,1.2104055142288348,0.1552228372514779,0.8851676379211911,0.8851676379211911
rnn_only,7,25,22,full,1.2767692942678865,0.20697669124013668,0.9356612478217832,0.9356612478217832
rnn_only,7,25,23,full,1.3674063832253784,0.2641512987927238,0.9300461252440319,0.9300461252440319
rnn_only,7,30,1,full,1.1652276615878132,0.15053401041679149,0.991716684130842,0.991716684130842
rnn_only,7,30,2,full,1.2343147795839915,0.20396199209520224,0.9428340416963072,0.9428340416963072
rnn_only,7,30,3,full,1.226186944440887,0.19588903954331086,0.9238615281706388,0.9238615281706388
rnn_only,7,30,4,full,1.1920067380851482,0.1670302640639364,0.9036229763147033,0.9036229763147033
rnn_only,7,30,5,full,1.1714468786898338,0.14763097012976045,0.8887323368138234,0.8887323368138234
rnn_only,7,30,6,full,1.160452746893023,0.13582983202478413,0.8715684559447977,0.8715684559447977
rnn_only,7,30,7,full,1.1499914117419743,0.12475797535330378,0.8615829721490694,0.8615829721490694
rnn_only,7,30,8,full,1.1273473491914727,0.10256929816787329,0.8482341764607797,0.8482341764607797
rnn_only,7,30,9,full,1.104623444415904,0.07927273610160993,0.8295610655708381,0.8295610655708381
rnn_only,7,30,10,full,1.0857409868064753,0.058993389757757475,0.8162043967417789,0.8162043967417789
rnn_only,7,30,11,full,1.0704719140493137,0.04240968546995234,0.8073791167158122,0.8073791167158122
rnn_only,7,30,12,full,1.059837196017097,0.03108339410624393,0.8028310039610674,0.8028310039610674
rnn_only,7,30,13,full,1.0479028997690218,0.01827470458539516,0.7959566170664834,0.7959566170664834
rnn_only,7,30,14,full,1.035609154728144,0.004510312393358081,0.7889743035927577,0.7889743035927577
rnn_only,7,30,15,full,1.0282240147818384,-0.004653601762513818,0.7814889155068693,0.7814889155068693
rnn_only,7,30,16,full,1.0237173673045827,-0.010895600959291808,0.772947595048727,0.772947595048727
rnn_only,7,30,17,full,1.0165988085336335,-0.019572623072265614,0.7657689773914794,0.7657689773914794
rnn_only,7,30,18,full,1.0044377219505278,-0.033237999118406095,0.753704069414821,0.753704069414821
rnn_only,7,30,19,full,0.9965099038325301,-0.04370993855349476,0.7468857928901527,0.7468857928901527
rnn_only,7,30,20,full,0.9872268283090969,-0.05574252087650168,0.7357111749519889,0.7357111749519889
rnn_only,7,30,21,full,0.9835397521168704,-0.06131658465067992,0.7326077462827119,0.7326077462827119
rnn_only,7,30,22,full,0.981990895944176,-0.06490958876763234,0.7359335136711649,0.7359335136711649
rnn_only,7,30,23,full,0.968045710861164,-0.08066137378403843,0.7233572426777684,0.7233572426777684
rnn_only,7,30,24,full,0.9518546161400634,-0.09876523172031668,0.7004713746301502,0.7004713746301502
rnn_only,7,30,25,full,0.9495987199424301,-0.10143222361417953,0.6853971940277063,0.6853971940277063
rnn_only,7,30,26,full,0.945614165403492,-0.10389210949556323,0.6788497347460288,0.6788497347460288
rnn_only,7,30,27,full,0.9486042640712655,-0.09745581578404498,0.6720742508123931,0.6720742508123931
rnn_only,7,30,28,full,0.9863789317752703,-0.07181574362379559,0.6369543728818094,0.6369543728818094
rnn_only,8,7,1,full,1.4371440764345642,0.3620522009752376,1.3605898134550347,1.3605898134550347
rnn_only,8,7,2,full,1.5423745739411727,0.43182434835431416,1.426645314599937,1.426645314599937
rnn_only,8,7,3,full,1.552010055364028,0.43689482620990344,1.4241002893768928,1.4241002893768928
rnn_only,8,7,4,full,1.7688187547846668,0.5657026740256266,1.6252303830618193,1.6252303830618193
rnn_only,8,7,5,full,1.9870591628869663,0.6800403330450875,1.7973114579976124,1.7973114579976124
rnn_only,8,11,1,full,1.4341433377210018,0.3599683871777487,1.340618303846739,1.340618303846739
rnn_only,8,11,2,full,1.5418871338427746,0.43143239699542957,1.3981478959241256,1.3981478959241256
rnn_only,8,11,3,full,1.5289097274474635,0.4217590744561296,1.3575892392957458,1.3575892392957458
rnn_only,8,11,4,full,1.4171673833370213,0.3444280653397953,1.22449315443905,1.22449315443905
rnn_only,8,11,5,full,1.3119492813819518,0.2662215447415864,1.1177270216379565,1.1177270216379565
rnn_only,8,11,6,full,1.267258917040124,0.23077116542451032,1.0737519511510811,1.0737519511510811
rnn_only,8,11,7,full,1.3408840106449147,0.2862048945307428,1.149411613492727,1.149411613492727
rnn_only,8,11,8,full,1.571943055504949,0.44295959988839767,1.3829294076489473,1.3829294076489473
rnn_only,8,11,9,full,1.7808281925452705,0.5673618953969828,1.543257451270656,1.543257451270656
rnn_only,8,16,1,full,1.3324272058557083,0.28623592620581206,1.2407924431334532,1.2407924431334532
rnn_only,8,16,2,full,1.3489661936149644,0.2958810151137271,1.1656331530365085,1.1656331530365085
rnn_only,8,16,3,full,1.251544355558852,0.21765506345531666,1.0381466527754706,1.0381466527754706
rnn_only,8,16,4,full,1.1982423667592288,0.17328975939792945,0.9978595260983929,0.9978595260983929
rnn_only,8,16,5,full,1.1903377731622375,0.16602849611652626,1.0026879035998233,1.0026879035998233
rnn_only,8,16,6,full,1.216963220102903,0.1871656359199137,1.0147369759646154,1.0147369759646154
rnn_only,8,16,7,full,1.214738991207022,0.18388655325394906,0.9938771035786406,0.9938771035786406
rnn_only,8,16,8,full,1.2079400346362228,0.1770241917576024,0.9839316633331915,0.9839316633331915
rnn_only,8,16,9,full,1.2175983281342297,0.18417419653095768,0.9808287101316502,0.9808287101316502
rnn_only,8,16,10,full,1.2511312230612504,0.21044790950268188,0.981701252310746,0.981701252310746
rnn_only,8,16,11,full,1.2833172304658589,0.23332301339932907,0.974394870110393,0.974394870110393
rnn_only,8,16,12,full,1.3214629029797296,0.2576792196331198,0.9996446702055666,0.9996446702055666
rnn_only,8,16,13,full,1.4727411850088552,0.3624074058399478,1.1754793436388034,1.1754793436388034
rnn_only,8,16,14,full,1.6573557661724876,0.47583741651273886,1.2908203381801426,1.2908203381801426
rnn_only,8,21,1,full,1.2046447358400534,0.18521097989577506,1.1294301268763047,1.1294301268763047
rnn_only,8,21,2,full,1.1983112259992725,0.1774178632101106,1.0271566338043445,1.0271566338043445
rnn_only,8,21,3,full,1.1747864699575712,0.15548682584001672,0.9800869797390896,0.9800869797390896
rnn_only,8,21,4,full,1.1611256476503469,0.1439158152194481,0.9713399487348151,0.9713399487348151
rnn_only,8,21,5,full,1.1297317071135324,0.11628391529694355,0.9393097418675789,0.9393097418675789
rnn_only,8,21,6,full,1.1235570952595288,0.11018053793578735,0.9274692322547602,0.9274692322547602
rnn_only,8,21,7,full,1.141581652133795,0.1253481214993833,0.9402436135866796,0.9402436135866796
rnn_only,8,21,8,full,1.167251844677047,0.1467244509981933,0.9555258176881258,0.9555258176881258
rnn_only,8,21,9,full,1.1765226288424688,0.1536322546002496,0.9480575023759119,0.9480575023759119
rnn_only,8,21,10,full,1.1794511573192596,0.155234723282521,0.9417110958772699,0.9417110958772699
rnn_only,8,21,11,full,1.190471304712296,0.16319872009433833,0.9552502043606016,0.9552502043606016
rnn_only,8,21,12,full,1.207417140300056,0.1764449344104641,0.9678381080522998,0.9678381080522998
rnn_only,8,21,13,full,1.2368236294417394,0.19974675870092445,0.9685274598513236,0.9685274598513236
rnn_only,8,21,14,full,1.2659935409812357,0.22234014382278874,0.9785986837675874,0.9785986837675874
rnn_only,8,21,15,full,1.2818085467129365,0.23414306527909728,0.9903121254557825,0.9903121254557825
rnn_only,8,21,16,full,1.3261884160133133,0.2654119781791864,1.0089117144926694,1.0089117144926694
rnn_only,8,21,17,full,1.3779382347998312,0.3023469080096044,1.0431792682443153,1.0431792682443153
rnn_only,8,21,18,full,1.4972713905625947,0.3826112774191027,1.1921206174860552,1.1921206174860552
rnn_only,8,21,19,full,1.6218942572025228,0.44965227437930033,1.1822832375255192,1.1822832375255192
rnn_only,8,25,1,full,1.1457199056814633,0.1315568692923577,0.998239955662469,0.998239955662469
rnn_only,8,25,2,full,1.1442501162890335,0.12343969024863374,0.8690665896960559,0.8690665896960559
rnn_only,8,25,3,full,1.1389379552212955,0.11479568310635646,0.8717996268836415,0.8717996268836415
rnn_only,8,25,4,full,1.1291465288704714,0.10466086833979577,0.8888075441673462,0.8888075441673462
rnn_only,8,25,5,full,1.0972703840316136,0.07566091131748709,0.865332861747581,0.865332861747581
rnn_only,8,25,6,full,1.060310931132773,0.03967843671381559,0.8245408089015334,0.8245408089015334
rnn_only,8,25,7,full,1.049887623965208,0.028336675842756412,0.8195275859020491,0.8195275859020491
rnn_only,8,25,8,full,1.0362013910001702,0.014142702844795407,0.8140899570794711,0.8140899570794711
rnn_only,8,25,9,full,1.0281706091538274,0.00469441968779301,0.8052758391447778,0.8052758391447778
rnn_only,8,25,10,full,1.0341549561945214,0.008784738448348348,0.8040430618230853,0.8040430618230853
rnn_only,8,25,11,full,1.026371896534047,0.00037472037258549744,0.7965338461418349,0.7965338461418349
rnn_only,8,25,12,full,0.9992400684542416,-0.02826151293098199,0.7799823827892195,0.7799823827892195
rnn_only,8,25,13,full,0.99461227146376,-0.03411692132835126,0.7780952392267486,0.7780952392267486
rnn_only,8,25,14,full,1.0034908646458183,-0.025418533031528516,0.781863962404842,0.781863962404842
rnn_only,8,25,15,full,1.0106622294739727,-0.01865857171032924,0.7821075591674812,0.7821075591674812
rnn_only,8,25,16,full,1.0186537512350224,-0.011635648086061968,0.7836760018603394,0.7836760018603394
rnn_only,8,25,17,full,1.0339367786525187,0.002444439504690263,0.7916805902151014,0.7916805902151014
rnn_only,8,25,18,full,1.0246123382871004,-0.007937866970874313,0.7802154234479112,0.7802154234479112
rnn_only,8,25,19,full,1.0364502653236172,0.0020909523239512496,0.7911463942752104,0.7911463942752104
rnn_only,8,25,20,full,1.097723769696369,0.05593241696879839,0.8128891584005495,0.8128891584005495
rnn_only,8,25,21,full,1.1398269967255379,0.09109117565497142,0.8270988838156631,0.8270988838156631
rnn_only,8,25,22,full,1.189866354047585,0.13588961709600894,0.8852545922007294,0.8852545922007294
rnn_only,8,25,23,full,1.3824698973163612,0.2789905683151174,1.008352001317785,1.008352001317785
rnn_only,8,30,1,full,1.1450074262372396,0.12524111188045053,0.9342352163695398,0.9342352163695398
rnn_only,8,30,2,full,1.1972806317927496,0.16098585966352874,0.8373920577081848,0.8373920577081848
rnn_only,8,30,3,full,1.246459471355426,0.19499197015334852,0.8756613565516567,0.8756613565516567
rnn_only,8,30,4,full,1.2748196573218917,0.2148481318487046,0.9122639316007253,0.9122639316007253
rnn_only,8,30,5,full,1.2374229119920819,0.18630565949325767,0.8841027858166848,0.8841027858166848
rnn_only,8,30,6,full,1.197526948052353,0.15087494746336116,0.8479240357908362,0.8479240357908362
rnn_only,8,30,7,full,1.1806981962795544,0.13287277020331176,0.8401550279805798,0.8401550279805798
rnn_only,8,30,8,full,1.1661138876003123,0.11683438105209316,0.8314128031227788,0.8314128031227788
rnn_only,8,30,9,full,1.1517215732426758,0.10036809284337395,0.8193761267957798,0.8193761267957798
rnn_only,8,30,10,full,1.13167232996248,0.07739231497304513,0.8070723612977135,0.8070723612977135
rnn_only,8,30,11,full,1.114475617673008,0.05643977520771738,0.7904984199550653,0.7904984199550653
rnn_only,8,30,12,full,1.1040116909285516,0.04283464724202726,0.7827000654579245,0.7827000654579245
rnn_only,8,30,13,full,1.0783372386714187,0.013316107331765092,0.7661717384203971,0.7661717384203971
rnn_only,8,30,14,full,1.0511237771648965,-0.020315957360986507,0.7536994692545211,0.7536994692545211
rnn_only,8,30,15,full,1.0400383842289735,-0.035283250563235675,0.7489184342465371,0.7489184342465371
rnn_only,8,30,16,full,1.0281192786534472,-0.050359387608169666,0.7424686155177047,0.7424686155177047
rnn_only,8,30,17,full,1.0093112634484018,-0.0739071403138176,0.739098878120787,0.739098878120787
rnn_only,8,30,18,full,0.9968450596913461,-0.09088267993246282,0.7318113627481434,0.7318113627481434
rnn_only,8,30,19,full,0.9920805022200996,-0.09842118586263844,0.7243341718135701,0.7243341718135701
rnn_only,8,30,20,full,0.9699830869070032,-0.1270676570305654,0.7062621390246798,0.7062948604985051
rnn_only,8,30,21,full,0.9532218635230548,-0.14959831281954064,0.6950843241377911,0.69511682818196
rnn_only,8,30,22,full,0.9493094142633672,-0.15688468442579762,0.6938745879054693,0.6939079264843246
rnn_only,8,30,23,full,0.9455697667000129,-0.1622266346038404,0.6902527430045844,0.6903595265619911
rnn_only,8,30,24,full,0.9582570049783394,-0.15157958954255887,0.6945698970113736,0.6947231868586052
rnn_only,8,30,25,full,1.0206202914434284,-0.08667044424928758,0.7145054618624813,0.7146281664208636
rnn_only,8,30,26,full,1.0657127744885426,-0.043097884477056626,0.7178130678504304,0.7179099391555579
rnn_only,8,30,27,full,1.1168896606456968,0.007705671713810933,0.7239471353867614,0.7240039922337689
rnn_only,8,30,28,full,1.2098840103144137,0.06050167423792221,0.7538418910531934,0.7538418910531934
cb_rnn,1,7,1,full,1.1364371994363984,0.12672718757414975,1.0709263244422909,1.0709263244422909
cb_rnn,1,7,2,full,1.2068458309651162,0.1841149528870067,1.1116078072214677,1.1116078072214677
cb_rnn,1,7,3,full,1.209466405295873,0.18545545379467282,1.0999833043095273,1.0999833043095273
cb_rnn,1,7,4,full,1.3088226451748044,0.2616551580841144,1.1900108119890564,1.1900108119890564
cb_rnn,1,7,5,full,1.318822654453836,0.26497560391871755,1.1675384060918326,1.1675384060918326
cb_rnn,1,7,1,det,0.7193299955237478,-0.33044586005545046,0.6360113239220806,0.6360113239220806
cb_rnn,1,7,2,det,0.5308269396482763,-0.6363572370658943,0.44158642934540715,0.44158642934540715
cb_rnn,1,7,3,det,0.4128212906279325,-0.8908920733424358,0.3128587770722107,0.3128587770722107
cb_rnn,1,7,4,det,0.3187797642017782,-1.1519075454377523,0.20551844702724492,0.20551844702724492
cb_rnn,1,7,5,det,0.23720207543678623,-1.4501563377563746,0.13902073383587354,0.13902073383587354
cb_rnn,1,11,1,full,0.9847948636698344,-0.015807302399199107,0.9598774425736363,0.9598774425736363
cb_rnn,1,11,2,full,0.9463262219769317,-0.05682497094564566,0.9096498402695389,0.9096498402695389
cb_rnn,1,11,3,full,0.8900189646873023,-0.11981854672492971,0.8519749277795947,0.8519749277795947
cb_rnn,1,11,4,full,0.881391532417543,-0.1308802755527932,0.8359124213305356,0.8359124213305356
cb_rnn,1,11,5,full,0.8835291357249255,-0.12925484232755322,0.8295401443727031,0.8295401443727031
cb_rnn,1,11,6,full,0.9138603528661995,-0.0966920191506114,0.8581667719837012,0.8581667719837012
cb_rnn,1,11,7,full,0.8922611695968818,-0.12065384865654517,0.8328597791439409,0.8328597791439409
cb_rnn,1,11,8,full,0.9623028035878397,-0.04680820195563992,0.8919230927951909,0.8919230927951909
cb_rnn,1,11,9,full,1.0014349637980744,-0.01238590941835404,0.9044239924579611,0.9044239924579611
cb_rnn,1,11,1,det,0.783779746302193,-0.2441489936064542,0.7125828788711627,0.7125828788711627
cb_rnn,1,11,2,det,0.6439500492485146,-0.4429639629756297,0.5500860250774589,0.5500860250774589
cb_rnn,1,11,3,det,0.5554485638299461,-0.5954048806879245,0.46450854664853397,0.46450854664853397
cb_rnn,1,11,4,det,0.48953871102245605,-0.7266871269599826,0.39707897912820406,0.39707897912820406
cb_rnn,1,11,5,det,0.42507975617109095,-0.8727981248494845,0.3274325998409132,0.3274325998409132
cb_rnn,1,11,6,det,0.3589207864928141,-1.046574368178445,0.24314612312701206,0.24314612312701206
cb_rnn,1,11,7,det,0.2950304991634418,-1.2464588068110234,0.1944507779006736,0.1944507779006736
cb_rnn,1,11,8,det,0.23598195544141287,-1.473132687116177,0.14001960213911252,0.14001960213911252
cb_rnn,1,11,9,det,0.18450144191062948,-1.723142524194074,0.11091550269639813,0.11091550269639813
cb_rnn,1,16,1,full,0.9735601262001297,-0.02732436984842126,0.9574747142047715,0.9574747142047715
cb_rnn,1,16,2,full,1.0043648865406483,0.0028018334058392425,0.976279779630701,0.976279779630701
cb_rnn,1,16,3,full,0.9983667304057162,-0.004896210992390859,0.9665503111770719,0.9665503111770719
cb_rnn,1,16,4,full,1.0058465025325236,0.001025018807678662,0.9707092195623491,0.9707092195623491
cb_rnn,1,16,5,full,0.9881826222624321,-0.017659041038460277,0.9537032811754227,0.9537032811754227
cb_rnn,1,16,6,full,0.9680067266548034,-0.03911339837915291,0.9317806878557598,0.9317806878557598
cb_rnn,1,16,7,full,1.004730638022665,-0.002447343429667757,0.9602293626893255,0.9602293626893255
cb_rnn,1,16,8,full,1.0163658045237431,0.00844929359196099,0.9652272637777388,0.9652272637777388
cb_rnn,1,16,9,full,1.0093509920149353,0.0001240315689758839,0.9554111439701051,0.9554111439701051
cb_rnn,1,16,10,full,1.0460271605034,0.034340761931952804,0.98334396479575,0.98334396479575
cb_rnn,1,16,11,full,1.102218495908031,0.08633001582044886,1.0311446508198006,1.0311446508198006
cb_rnn,1,16,12,full,1.1190657505271542,0.10165330577050627,1.0410318419545606,1.0410318419545606
cb_rnn,1,16,13,full,1.1979887998586898,0.1689132177033238,1.1146872811339281,1.1146872811339281
cb_rnn,1,16,14,full,1.2426186147077067,0.1998311641346926,1.0834747558182687,1.0834747558182687
cb_rnn,1,16,1,det,0.8732633526653824,-0.13601145310549168,0.8328867546381313,0.8328867546381313
cb_rnn,1,16,2,det,0.812968796103336,-0.2091838290174853,0.7561049546912604,0.7561049546912604
cb_rnn,1,16,3,det,0.7484892893317627,-0.29468251730605166,0.6776364459800274,0.6776364459800274
cb_rnn,1,16,4,det,0.7006089290122028,-0.364794996401531,0.6179395792858611,0.6179395792858611
cb_rnn,1,16,5,det,0.6695235975980272,-0.4145021946581322,0.5866436704353257,0.5866436704353257
cb_rnn,1,16,6,det,0.6429426733804907,-0.4593685761738777,0.5528327403405522,0.5528327403405522
cb_rnn,1,16,7,det,0.6159176611555677,-0.5070690178619146,0.5067155776014192,0.5067155776014192
cb_rnn,1,16,8,det,0.5876414247001424,-0.5588881619523107,0.4737029158488044,0.4737029158488044
cb_rnn,1,16,9,det,0.5562501529634889,-0.6180614463574288,0.45049774811693216,0.45049774811693216
cb_rnn,1,16,10,det,0.5192481533814002,-0.6898268956357732,0.4138893185041258,0.4138893185041258
cb_rnn,1,16,11,det,0.47556550695712774,-0.7798638216338318,0.37100172220625427,0.37100172220625427
cb_rnn,1,16,12,det,0.42747941958400815,-0.888158343265292,0.3413257683025571,0.3413257683025571
cb_rnn,1,16,13,det,0.3781743255651731,-1.0134099250703221,0.2828404058609273,0.2828404058609273
cb_rnn,1,16,14,det,0.3299027173557385,-1.1531257802640928,0.22569947786800415,0.22569947786800415
cb_rnn,1,21,1,full,0.9367155289488363,-0.06616219566282082,0.9138632117424933,0.9138632117424933
cb_rnn,1,21,2,full,0.9483916423675045,-0.0562686935281694,0.9148702540623032,0.9148702540623032
cb_rnn,1,21,3,full,0.9380521223208039,-0.06982698300049642,0.9010042195680754,0.9010042195680754
cb_rnn,1,21,4,full,0.9535731215912263,-0.05614262755097599,0.9141144904214898,0.9141144904214898
cb_rnn,1,21,5,full,0.9712683370364128,-0.04029107186767855,0.9291010036619545,0.9291010036619545
cb_rnn,1,21,6,full,0.9660172863300205,-0.04822102716711863,0.9151046901718507,0.9151046901718507
cb_rnn,1,21,7,full,0.9729883816704847,-0.043600333929036186,0.9214167328648665,0.9214167328648665
cb_rnn,1,21,8,full,0.9763186451920947,-0.04195216803071741,0.9232081146780882,0.9232081146780882
cb_rnn,1,21,9,full,0.9632809307801092,-0.05495826961687851,0.8983508551448499,0.8983508551448499
cb_rnn,1,21,10,full,0.9825592168558714,-0.034708284799337505,0.9112479707185293,0.9112479707185293
cb_rnn,1,21,11,full,1.0036153250662871,-0.014784149473186738,0.9318760496426122,0.9318760496426122
cb_rnn,1,21,12,full,1.0185668571940016,-0.001565130455718401,0.9439242378114749,0.9439242378114749
cb_rnn,1,21,13,full,1.022911253346488,0.0005209217951365089,0.946889132018182,0.946889132018182
cb_rnn,1,21,14,full,1.0358019487842494,0.011717119585648497,0.9594290935268932,0.9594290935268932
cb_rnn,1,21,15,full,1.0434896013838781,0.019153084701749076,0.9601730867650557,0.9601730867650557
cb_rnn,1,21,16,full,1.0719329272420857,0.04557251656956951,0.9876915396937687,0.9876915396937687
cb_rnn,1,21,17,full,1.127253367620467,0.09564159122264276,1.0357397390280143,1.0357397390280143
cb_rnn,1,21,18,full,1.175188262373922,0.13709035316024262,1.0799656710510317,1.0799656710510317
cb_rnn,1,21,19,full,1.158644573081836,0.11888522994765177,0.999907093519947,0.999907093519947
cb_rnn,1,21,1,det,0.8941459977790218,-0.1127508380466741,0.8604839919611318,0.8604839919611318
cb_rnn,1,21,2,det,0.8756914515153178,-0.13653422781987945,0.8375199331145953,0.8375199331145953
cb_rnn,1,21,3,det,0.83945581098785,-0.1823107764649316,0.8034884035755572,0.8034884035755572
cb_rnn,1,21,4,det,0.8135373206662122,-0.2170634203511222,0.7698213715047757,0.7698213715047757
cb_rnn,1,21,5,det,0.799965920707008,-0.23807389085922112,0.7483781618456705,0.7483781618456705
cb_rnn,1,21,6,det,0.7861634296504914,-0.26088146474366947,0.7260661779134513,0.7260661779134513
cb_rnn,1,21,7,det,0.7791070085192643,-0.2737468290127121,0.7145630112844019,0.7145630112844019
cb_rnn,1,21,8,det,0.7688825064763274,-0.28990423799527787,0.6878523718232066,0.6878523718232066
cb_rnn,1,21,9,det,0.7643883824803851,-0.2976172797097011,0.6763112357337349,0.6763112357337349
cb_rnn,1,21,10,det,0.766371007362787,-0.29723719512839253,0.6703851494630964,0.6703851494630964
cb_rnn,1,21,11,det,0.7680857655999375,-0.2991692834306554,0.6693892302576707,0.6693892302576707
cb_rnn,1,21,12,det,0.7717233838255496,-0.299850338604584,0.667380938870357,0.667380938870357
cb_rnn,1,21,13,det,0.7694364225367405,-0.3085949515767744,0.664155881815797,0.664155881815797
cb_rnn,1,21,14,det,0.7572549594593001,-0.3292446622967553,0.6483845249735765,0.6483845249735765
cb_rnn,1,21,15,det,0.7364085283433235,-0.3602705175458625,0.624678873143614,0.624678873143614
cb_rnn,1,21,16,det,0.7104660098280191,-0.39780939652204106,0.6008407280484511,0.6008407280484511
cb_rnn,1,21,17,det,0.6743705121997918,-0.4507235720222415,0.5750927827390896,0.5750927827390896
cb_rnn,1,21,18,det,0.6159297841084885,-0.5429374266249498,0.5223567285096697,0.5223567285096697
cb_rnn,1,21,19,det,0.5301145121842643,-0.6968131150100103,0.3983934489850286,0.3983934489850286
cb_rnn,1,25,1,full,0.9813646841309918,-0.02054504127461527,0.9455757036251852,0.9455757036251852
cb_rnn,1,25,2,full,1.0317268937575301,0.027478560388306678,0.9823480277564766,0.9823480277564766
cb_rnn,1,25,3,full,0.9989316274608985,-0.006267587821041931,0.9390880631664242,0.9390880631664242
cb_rnn,1,25,4,full,0.9897310259533191,-0.01818143595258818,0.9188899757944283,0.9188899757944283
cb_rnn,1,25,5,full,0.9989542921450295,-0.010977012685807135,0.9338837417238365,0.9338837417238365
cb_rnn,1,25,6,full,1.0105597706721436,-0.000158636607993058,0.9474235885905946,0.9474235885905946
cb_rnn,1,25,7,full,1.0324580164213777,0.019400374612834056,0.9622863914473467,0.9622863914473467
cb_rnn,1,25,8,full,1.0618386787622696,0.04526220135478459,1.0007628707410592,1.0007628707410592
cb_rnn,1,25,9,full,1.0553967416610404,0.03836845797072299,1.004169353315938,1.004169353315938
cb_rnn,1,25,10,full,1.0453076652452875,0.028655403943211505,0.9940755284301566,0.9940755284301566
cb_rnn,1,25,11,full,1.0332440239546046,0.016911487411808923,0.9767328779028849,0.9767328779028849
cb_rnn,1,25,12,full,1.0001355888065762,-0.015509925328961215,0.9419608416981071,0.9419608416981071
cb_rnn,1,25,13,full,0.9908672646180386,-0.025080018573228637,0.9329141185179318,0.9329141185179318
cb_rnn,1,25,14,full,1.023412686735203,0.005936752578659537,0.969822783816783,0.969822783816783
cb_rnn,1,25,15,full,1.0518976911352715,0.03237509445961478,0.9980887564438625,0.9980887564438625
cb_rnn,1,25,16,full,1.0689266328025928,0.04852344267815445,1.01753117958524,1.01753117958524
cb_rnn,1,25,17,full,1.0816352451781222,0.06031153335931451,1.0333810623814035,1.0333810623814035
cb_rnn,1,25,18,full,1.0814052134941303,0.06074398767848436,1.0296336055794044,1.0296336055794044
cb_rnn,1,25,19,full,1.0679642643863143,0.047932530390771264,1.013733271173432,1.013733271173432
cb_rnn,1,25,20,full,1.1062153030861726,0.08352032614644306,1.0476169139173208,1.0476169139173208
cb_rnn,1,25,21,full,1.1493081733118773,0.12208011191422631,1.0804033681456509,1.0804033681456509
cb_rnn,1,25,22,full,1.1831648386743734,0.15253738897985114,1.094005659666397,1.094005659666397
cb_rnn,1,25,23,full,1.2341921555062032,0.19208714880201105,1.036787883148702,1.036787883148702
cb_rnn,1,25,1,det,0.9703771163985155,-0.03132093528976214,0.9227936636902415,0.9227936636902415
cb_rnn,1,25,2,det,0.9877573702807076,-0.015511712498314926,0.9331647516636383,0.9331647516636383
cb_rnn,1,25,3,det,0.9748521293096812,-0.031129002495906936,0.914583303900697,0.914583303900697
cb_rnn,1,25,4,det,0.9464964798625102,-0.06282123442699437,0.8767246092736118,0.8767246092736118
cb_rnn,1,25,5,det,0.9345831793419896,-0.07665526224245728,0.8649187902379052,0.8649187902379052
cb_rnn,1,25,6,det,0.9324292668163452,-0.0798903372820152,0.8670678835125493,0.8670678835125493
cb_rnn,1,25,7,det,0.9320205904973311,-0.0824618747956326,0.8553765950105914,0.8553765950105914
cb_rnn,1,25,8,det,0.939414434555648,-0.07650242016982922,0.8740896786129584,0.8740896786129584
cb_rnn,1,25,9,det,0.9377754350254939,-0.07937042258465651,0.879085908581797,0.879085908581797
cb_rnn,1,25,10,det,0.9324656069204122,-0.0855903527523182,0.8661909478947198,0.8661909478947198
cb_rnn,1,25,11,det,0.9242262339108893,-0.0947203435428117,0.8534679889231664,0.8534679889231664
cb_rnn,1,25,12,det,0.9181021536817652,-0.10113252137502052,0.8409371043030456,0.8409371043030456
cb_rnn,1,25,13,det,0.9196711348291621,-0.0999560294097814,0.8414371918677142,0.8414371918677142
cb_rnn,1,25,14,det,0.9268786792471969,-0.09392934643416465,0.8564696452113241,0.8564696452113241
cb_rnn,1,25,15,det,0.9401697649233055,-0.08137659710243546,0.8742194688249096,0.8742194688249096
cb_rnn,1,25,16,det,0.9465163889397387,-0.07507872315216044,0.879777845690786,0.879777845690786
cb_rnn,1,25,17,det,0.9451562984772662,-0.07631534913335294,0.8759242678348529,0.8759242678348529
cb_rnn,1,25,18,det,0.9405173274820189,-0.08118330898292017,0.8725744437188623,0.8725744437188623
cb_rnn,1,25,19,det,0.9418192363317984,-0.0798022526836472,0.8689614405237884,0.8689614405237884
cb_rnn,1,25,20,det,0.9549767443288035,-0.06539689325469622,0.8740464156084367,0.8740464156084367
cb_rnn,1,25,21,det,0.951747108157009,-0.0689229566801646,0.8735917567807687,0.8735917567807687
cb_rnn,1,25,22,det,0.9128658198788726,-0.11125445732872959,0.8357721010120222,0.8357721010120222
cb_rnn,1,25,23,det,0.8031473093857288,-0.241699712411347,0.6414855992999027,0.6414855992999027
cb_rnn,1,30,1,full,1.0121816956585472,0.011262934611138968,0.9262274779997501,0.9262274779997501
cb_rnn,1,30,2,full,1.1060739049183992,0.09863427981799106,0.971925269787155,0.971925269787155
cb_rnn,1,30,3,full,1.1211836541927493,0.1104228831566933,0.9599874238721395,0.9599874238721395
cb_rnn,1,30,4,full,1.104399849845671,0.09276864214561661,0.9214071970421706,0.9214071970421706
cb_rnn,1,30,5,full,1.1021557279541092,0.08776478009606004,0.9170606405097819,0.9170606405097819
cb_rnn,1,30,6,full,1.0794869850039512,0.06445199828284547,0.8995168866013555,0.8995168866013555
cb_rnn,1,30,7,full,1.0767568254066198,0.05935104292101326,0.8941200166799073,0.8941200166799073
cb_rnn,1,30,8,full,1.092739178585517,0.07180434086695929,0.9016929558200815,0.9016929558200815
cb_rnn,1,30,9,full,1.1027537836435435,0.07926788673269883,0.9021507096971818,0.9021507096971818
cb_rnn,1,30,10,full,1.071750021767399,0.04732285763882017,0.8766356337047346,0.8766356337047346
cb_rnn,1,30,11,full,1.045188123087093,0.019485597919008488,0.8538803763449392,0.8538803763449392
cb_rnn,1,30,12,full,1.0432906385542808,0.01673047326896399,0.8490139838459585,0.8490139838459585
cb_rnn,1,30,13,full,1.041138308175986,0.013765968005542894,0.8441431133682351,0.8441431133682351
cb_rnn,1,30,14,full,1.0144091136478965,-0.013040734097171252,0.8273854796972248,0.8273854796972248
cb_rnn,1,30,15,full,1.0008636848681383,-0.027633406645907042,0.8184191493382422,0.8184191493382422
cb_rnn,1,30,16,full,1.0091512096014892,-0.020445629023718288,0.8193355395664488,0.8193355395664488
cb_rnn,1,30,17,full,0.9757132146749659,-0.055746731675064,0.798798291255967,0.798798291255967
cb_rnn,1,30,18,full,0.9592148510512631,-0.07282639861105741,0.7943454563650041,0.7943454563650041
cb_rnn,1,30,19,full,0.9821638195661295,-0.04797858511863049,0.8096011252419546,0.8096011252419546
cb_rnn,1,30,20,full,0.9820288428101083,-0.04774943175379254,0.8082305968120522,0.8082305968120522
cb_rnn,1,30,21,full,0.9510376550405923,-0.08104447348074909,0.7868910624281512,0.7868910624281512
cb_rnn,1,30,22,full,0.9566068084789376,-0.07362715143804832,0.7909352417355132,0.7909352417355132
cb_rnn,1,30,23,full,0.9753267809160489,-0.05289309038400586,0.7971283068184049,0.7971283068184049
cb_rnn,1,30,24,full,0.9667484180070959,-0.06255815396623825,0.7844005298673267,0.7844005298673267
cb_rnn,1,30,25,full,0.9761817657827054,-0.05188112090189571,0.792245413429743,0.792245413429743
cb_rnn,1,30,26,full,1.0041717911962122,-0.021128970061768712,0.7995262037384467,0.7995262037384467
cb_rnn,1,30,27,full,1.0143581539123543,-0.010085557397112213,0.8076620881034127,0.8076620881034127
cb_rnn,1,30,28,full,0.9671776868701494,-0.060596359893908026,0.7271577384991714,0.7271577384991714
cb_rnn,1,30,1,det,1.0184907061272819,0.017584679561032504,0.927680914609976,0.927680914609976
cb_rnn,1,30,2,det,1.0851903254912312,0.0795586988967219,0.9512916856254107,0.9512916856254107
cb_rnn,1,30,3,det,1.1100082528038824,0.100425872748028,0.9491717736423626,0.9491717736423626
cb_rnn,1,30,4,det,1.0852697523459423,0.0754523277262878,0.9096712010821356,0.9096712010821356
cb_rnn,1,30,5,det,1.0701045722809641,0.058375622925909615,0.8976207592801906,0.8976207592801906
cb_rnn,1,30,6,det,1.060660400213997,0.04722052437989701,0.8893902430952326,0.8893902430952326
cb_rnn,1,30,7,det,1.05595609161747,0.040300329138829444,0.8820531491279272,0.8820531491279272
cb_rnn,1,30,8,det,1.0626405330974267,0.044158791007158464,0.8841625866581758,0.8841625866581758
cb_rnn,1,30,9,det,1.067939542954331,0.04699545949293115,0.8792758881454262,0.8792758881454262
cb_rnn,1,30,10,det,1.0423342593329568,0.018871420371588107,0.8578323097844762,0.8578323097844762
cb_rnn,1,30,11,det,1.020508253078137,-0.005341225329496574,0.8376712728031412,0.8376712728031412
cb_rnn,1,30,12,det,1.018423375010736,-0.008341111529764696,0.8313907414437107,0.8313907414437107
cb_rnn,1,30,13,det,1.0163315431821571,-0.011565742351149485,0.8258111369464913,0.8258111369464913
cb_rnn,1,30,14,det,1.0015814283351347,-0.026915870258873698,0.8157356272010492,0.8157356272010492
cb_rnn,1,30,15,det,0.9922986883469163,-0.037377050137669135,0.8100567802361776,0.8100567802361776
cb_rnn,1,30,16,det,0.9884607721052209,-0.04314967474915178,0.8014463011560193,0.8014463011560193
cb_rnn,1,30,17,det,0.9666166806627844,-0.06732066235585281,0.7903312109080005,0.7903312109080005
cb_rnn,1,30,18,det,0.9585849787193803,-0.07578354689272261,0.7897825904343451,0.7897825904343451
cb_rnn,1,30,19,det,0.962408181814082,-0.07094389744206772,0.7904706249576857,0.7904706249576857
cb_rnn,1,30,20,det,0.9561190264451245,-0.07751667783850213,0.785858853134415,0.785858853134415
cb_rnn,1,30,21,det,0.940261858757659,-0.09498021380392258,0.7715601375876822,0.7715601375876822
cb_rnn,1,30,22,det,0.9349776696118377,-0.09961697985261761,0.7682973931444393,0.7682973931444393
cb_rnn,1,30,23,det,0.9386223204595254,-0.09519464496973273,0.7655251592601293,0.7655251592601293
cb_rnn,1,30,24,det,0.9414778379220317,-0.09287838263250506,0.7599569666123338,0.7599569666123338
cb_rnn,1,30,25,det,0.9491388212480605,-0.08337705369639979,0.769736021514593,0.769736021514593
cb_rnn,1,30,26,det,0.9331461981688753,-0.10024266090778619,0.7589956006576289,0.7589956006576289
cb_rnn,1,30,27,det,0.8852520833932622,-0.15475460959874693,0.7306017300991811,0.7306017300991811
cb_rnn,1,30,28,det,0.777147423458987,-0.29062472426109737,0.5794187951357759,0.5794187951357759
cb_rnn,2,7,1,full,1.0279749416637594,0.02645675484431346,0.9843258363303082,0.9843258363303082
cb_rnn,2,7,2,full,1.0317973350535885,0.028632500528175422,0.9818740954566463,0.9818740954566463
cb_rnn,2,7,3,full,1.0725702515839788,0.0640576511340579,1.0062782415031108,1.0062782415031108
cb_rnn,2,7,4,full,1.2196867745777915,0.18572144117182612,1.1294028741817583,1.1294028741817583
cb_rnn,2,7,5,full,1.3546468044274085,0.28950588373254743,1.2514850421407202,1.2514850421407202
cb_rnn,2,7,1,det,0.7190977730647312,-0.3307095195224349,0.644871070152514,0.644871070152514
cb_rnn,2,7,2,det,0.5497772576675752,-0.6016728367238466,0.4728428439298977,0.4728428439298977
cb_rnn,2,7,3,det,0.43109596552394946,-0.8474662384979454,0.3297850743620474,0.3297850743620474
cb_rnn,2,7,4,det,0.3318431908404603,-1.1109435969328254,0.24462817359198707,0.24462817359198707
cb_rnn,2,7,5,det,0.2448403602530578,-1.416727759262169,0.1737325934909033,0.1737325934909033
cb_rnn,2,11,1,full,0.9542125949179148,-0.047961603264852555,0.9237353761201405,0.9237353761201405
cb_rnn,2,11,2,full,0.9576737020318504,-0.04550591443388037,0.9217993116556731,0.9217993116556731
cb_rnn,2,11,3,full,0.9461010620355081,-0.05996929996745861,0.8988261211241364,0.8988261211241364
cb_rnn,2,11,4,full,0.935897892178602,-0.07401323619899514,0.881830196379091,0.881830196379091
cb_rnn,2,11,5,full,0.9548880902642471,-0.05451093551915607,0.8960866437868721,0.8960866437868721
cb_rnn,2,11,6,full,0.941115282758729,-0.0693175915560417,0.8702743520562048,0.8702743520562048
cb_rnn,2,11,7,full,0.9553237576223359,-0.05693253160315335,0.87810033879789,0.87810033879789
cb_rnn,2,11,8,full,1.039215673683429,0.02172085182529302,0.9542943076112351,0.9542943076112351
cb_rnn,2,11,9,full,1.1420466282484136,0.11710837885344227,1.0392706528826996,1.0392706528826996
cb_rnn,2,11,1,det,0.725898493052077,-0.3214199319475417,0.6239745679484072,0.6239745679484072
cb_rnn,2,11,2,det,0.6678936772341364,-0.4075893737733429,0.5602058549346502,0.5602058549346502
cb_rnn,2,11,3,det,0.6153814230189959,-0.4940868300247519,0.5073690700541889,0.5073690700541889
cb_rnn,2,11,4,det,0.5668879251784555,-0.5808413937027035,0.4495308573778898,0.4495308573778898
cb_rnn,2,11,5,det,0.5087577658180378,-0.6935755540484412,0.3670871670796011,0.3670871670796011
cb_rnn,2,11,6,det,0.4416541028611395,-0.8394596263680557,0.3056717572096799,0.3056717572096799
cb_rnn,2,11,7,det,0.37187508226188265,-1.0163946669670891,0.25682083457032356,0.25682083457032356
cb_rnn,2,11,8,det,0.3048603650981868,-1.2211351674002793,0.20781170157515194,0.20781170157515194
cb_rnn,2,11,9,det,0.2430859977662166,-1.453501608175599,0.15402643155574025,0.15402643155574025
cb_rnn,2,16,1,full,0.9344514673493357,-0.06952024275750883,0.8972506252172974,0.8972506252172974
cb_rnn,2,16,2,full,0.9388038940975708,-0.06927190037635028,0.8877887112089811,0.8877887112089811
cb_rnn,2,16,3,full,0.9207067035858971,-0.09401547688638243,0.8645884839666864,0.8645884839666864
cb_rnn,2,16,4,full,0.9078645266039089,-0.11087383211983744,0.844029758879129,0.844029758879129
cb_rnn,2,16,5,full,0.9164532320707937,-0.10475948933956468,0.8523643428030413,0.8523643428030413
cb_rnn,2,16,6,full,0.9000849989098612,-0.12606743260197217,0.834502175326727,0.834502175326727
cb_rnn,2,16,7,full,0.8599199689289043,-0.1737402921000277,0.7877265201466729,0.7877265201466729
cb_rnn,2,16,8,full,0.836744379790795,-0.20378678365933958,0.7659662541163534,0.7659662541163534
cb_rnn,2,16,9,full,0.8418505005825784,-0.1987453263783806,0.766816329363982,0.766816329363982
cb_rnn,2,16,10,full,0.8501802750347096,-0.1904307287508618,0.7605505738815721,0.7605505738815721
cb_rnn,2,16,11,full,0.8737122707565164,-0.1634414719995736,0.7799798721491039,0.7799798721491039
cb_rnn,2,16,12,full,0.8605072225059688,-0.17831862292930079,0.7684062885054643,0.7684062885054643
cb_rnn,2,16,13,full,0.8813778421601373,-0.15837453677745528,0.779734555491562,0.779734555491562
cb_rnn,2,16,14,full,0.938021992859059,-0.10086933110751227,0.8062329263927001,0.8062329263927001
cb_rnn,2,16,1,det,0.8074380271680381,-0.21506086683000758,0.7468144289072124,0.7468144289072124
cb_rnn,2,16,2,det,0.7570998843668164,-0.2850489319617254,0.6821941829927248,0.6821941829927248
cb_rnn,2,16,3,det,0.7329427371320754,-0.3252163618918193,0.6541718961009245,0.6541718961009245
cb_rnn,2,16,4,det,0.7040247171442149,-0.37321249241798743,0.6189084024031376,0.6189084024031376
cb_rnn,2,16,5,det,0.675063259215732,-0.42355338019274735,0.5883042849138052,0.5883042849138052
cb_rnn,2,16,6,det,0.6439574666469465,-0.48031793063420414,0.5457035281377383,0.5457035281377383
cb_rnn,2,16,7,det,0.6123668319528801,-0.5412326238120893,0.5054423125556768,0.5054423125556768
cb_rnn,2,16,8,det,0.5783877858328933,-0.6085777019507146,0.4732693487320473,0.4732693487320473
cb_rnn,2,16,9,det,0.5422498703721912,-0.6827005027324312,0.4251552840029623,0.4251552840029623
cb_rnn,2,16,10,det,0.4996553335159635,-0.7724305378239901,0.3891833653950836,0.3891833653950836
cb_rnn,2,16,11,det,0.44776067549696175,-0.8891411827873075,0.34562125736525046,0.34562125736525046
cb_rnn,2,16,12,det,0.3892915966714253,-1.0346459197568465,0.2973530958297882,0.2973530958297882
cb_rnn,2,16,13,det,0.328466628585805,-1.2064604466709357,0.2441602931083791,0.2441602931083791
cb_rnn,2,16,14,det,0.2645153882320769,-1.4274870115407992,0.1754435754882608,0.1754435754882608
cb_rnn,2,21,1,full,0.9510554872973997,-0.05120237216422388,0.9140688703446653,0.9140688703446653
cb_rnn,2,21,2,full,0.9633727568537791,-0.04040137075214839,0.8953739807460064,0.8953739807460064
cb_rnn,2,21,3,full,0.9605554580135339,-0.04556304944531514,0.8591120271655404,0.8591120271655404
cb_rnn,2,21,4,full,0.9534844564502485,-0.05575063840688829,0.8498295264723738,0.8498295264723738
cb_rnn,2,21,5,full,0.9502961090607831,-0.06038761976843944,0.8553264200832484,0.8553264200832484
cb_rnn,2,21,6,full,0.9637323981157353,-0.04664460139246054,0.8532804050083964,0.8532804050083964
cb_rnn,2,21,7,full,0.9893150924999033,-0.021835504080326907,0.8735643241243968,0.8735643241243968
cb_rnn,2,21,8,full,1.0000985185231253,-0.012701932455920663,0.898110682857978,0.898110682857978
cb_rnn,2,21,9,full,1.0078470141758709,-0.0057960741692098215,0.9090336986242439,0.9090336986242439
cb_rnn,2,21,10,full,1.0283856875693407,0.013564468470389474,0.9201204469655466,0.9201204469655466
cb_rnn,2,21,11,full,1.0635726140630826,0.04639635766441637,0.9510673298683037,0.9510673298683037
cb_rnn,2,21,12,full,1.079207940444229,0.05982856333620438,0.9703675254107983,0.9703675254107983
cb_rnn,2,21,13,full,1.0891871622279923,0.06688701026673627,0.9737595889130131,0.9737595889130131
cb_rnn,2,21,14,full,1.1286749843297101,0.10163840370264585,1.0051465950105771,1.0051465950105771
cb_rnn,2,21,15,full,1.1541603957698778,0.1228326606942971,1.0203550675442483,1.0203550675442483
cb_rnn,2,21,16,full,1.1648906349814752,0.13328277167232372,1.0336215576132308,1.0336215576132308
cb_rnn,2,21,17,full,1.1883141609880647,0.15378270673193287,1.0567556871543085,1.0567556871543085
cb_rnn,2,21,18,full,1.2288769054265067,0.1849483461894063,1.0900239672109477,1.0900239672109477
cb_rnn,2,21,19,full,1.1928719904769183,0.15377385982225017,1.011718860079229,1.011718860079229
cb_rnn,2,21,1,det,0.8816707555866375,-0.12674226904716546,0.8391279728596444,0.8391279728596444
cb_rnn,2,21,2,det,0.8569496250753411,-0.15755095653638745,0.7949536236528889,0.7949536236528889
cb_rnn,2,21,3,det,0.8469867165139315,-0.17245815061297493,0.7539509272660825,0.7539509272660825
cb_rnn,2,21,4,det,0.8364759795040495,-0.18712614280101064,0.7385525843733813,0.7385525843733813
cb_rnn,2,21,5,det,0.8272151502055063,-0.19925541800213387,0.7324114847240818,0.7324114847240818
cb_rnn,2,21,6,det,0.8250548466240337,-0.20298842000136796,0.7257236463760155,0.7257236463760155
cb_rnn,2,21,7,det,0.8343863769420098,-0.19313065154195058,0.7333539476948658,0.7333539476948658
cb_rnn,2,21,8,det,0.8355196188313547,-0.1934981321339711,0.7353947617951839,0.7353947617951839
cb_rnn,2,21,9,det,0.8333349913915602,-0.19762730791059313,0.7309284947113596,0.7309284947113596
cb_rnn,2,21,10,det,0.8352589578040283,-0.19679287422709604,0.7316486449417638,0.7316486449417638
cb_rnn,2,21,11,det,0.8441696262852114,-0.18787350927557162,0.7399390279309925,0.7399390279309925
cb_rnn,2,21,12,det,0.8514589246185031,-0.18128956008448305,0.7462020294470071,0.7462020294470071
cb_rnn,2,21,13,det,0.8587600600706158,-0.1755502291805649,0.7478650663183797,0.7478650663183797
cb_rnn,2,21,14,det,0.8661147109675942,-0.16917296802765142,0.746421189438932,0.746421189438932
cb_rnn,2,21,15,det,0.8636127490616547,-0.17394378297577,0.7410407621747576,0.7410407621747576
cb_rnn,2,21,16,det,0.8458504597840142,-0.19584894360804755,0.7290496314497732,0.7290496314497732
cb_rnn,2,21,17,det,0.8152648876778668,-0.23351607539086683,0.6962627908823668,0.6962627908823668
cb_rnn,2,21,18,det,0.7645965858805652,-0.29745248799520907,0.6674010445352643,0.6674010445352643
cb_rnn,2,21,19,det,0.6643261139456202,-0.4386750841934328,0.5304319073954775,0.5304319073954775
cb_rnn,2,25,1,full,1.0075639483354348,0.006791602668156838,0.9579937198779913,0.9579937198779913
cb_rnn,2,25,2,full,1.0385375085410047,0.03646476342989858,0.925228133043851,0.925228133043851
cb_rnn,2,25,3,full,1.0476501541269967,0.04418507042736225,0.9177396808783811,0.9177396808783811
cb_rnn,2,25,4,full,1.064204804882047,0.05905591540736564,0.9203602416516968,0.9203602416516968
cb_rnn,2,25,5,full,1.079893994572425,0.0730802980756653,0.9209691455342411,0.9209691455342411
cb_rnn,2,25,6,full,1.0708965288234655,0.06406291625479058,0.9210824248551022,0.9210824248551022
cb_rnn,2,25,7,full,1.073338942545229,0.06566107906546118,0.9322224161075452,0.9322224161075452
cb_rnn,2,25,8,full,1.0915007901880593,0.0815077893795137,0.9423140715307423,0.9423140715307423
cb_rnn,2,25,9,full,1.0966554832156343,0.08517012455030995,0.9502747845157665,0.9502747845157665
cb_rnn,2,25,10,full,1.0819386647750733,0.07087912726247954,0.9492051507486697,0.9492051507486697
cb_rnn,2,25,11,full,1.0708653027403654,0.059713294022048516,0.9376148314244638,0.9376148314244638
cb_rnn,2,25,12,full,1.0739287230962054,0.061980132725654745,0.9389318513740645,0.9389318513740645
cb_rnn,2,25,13,full,1.0704836003200386,0.05796750169934309,0.9406367460211078,0.9406367460211078
cb_rnn,2,25,14,full,1.0772490502775338,0.06425050122012169,0.9544487447874189,0.9544487447874189
cb_rnn,2,25,15,full,1.0931422738788823,0.07878485526985368,0.9719583419786458,0.9719583419786458
cb_rnn,2,25,16,full,1.1060770894964969,0.09006728092054951,0.992816671103854,0.992816671103854
cb_rnn,2,25,17,full,1.1057884897938965,0.08919654294362069,0.9987287081275371,0.9987287081275371
cb_rnn,2,25,18,full,1.1171919261164849,0.09913492857290919,1.00975951975165,1.00975951975165
cb_rnn,2,25,19,full,1.1377827156293623,0.11755515847220802,1.030793768282448,1.030793768282448
cb_rnn,2,25,20,full,1.1417980840586393,0.12174966963264883,1.0380091923698738,1.0380091923698738
cb_rnn,2,25,21,full,1.1526709466518585,0.13092498856199053,1.0357648453105026,1.0357648453105026
cb_rnn,2,25,22,full,1.1727001902124847,0.1468478224864545,1.0345514419598516,1.0345514419598516
cb_rnn,2,25,23,full,1.1124585112864098,0.09161663090079479,0.9124535078332023,0.9124535078332023
cb_rnn,2,25,1,det,0.9983246524714886,-0.002482716169651041,0.9502068209231618,0.9502068209231618
cb_rnn,2,25,2,det,1.0343259802335116,0.03220219059250473,0.9164634300114574,0.9164634300114574
cb_rnn,2,25,3,det,1.052153003367817,0.048453748437176994,0.9068611399573893,0.9068611399573893
cb_rnn,2,25,4,det,1.0608313358706465,0.055961977902843914,0.9084843202188073,0.9084843202188073
cb_rnn,2,25,5,det,1.0632746696028312,0.05755577233378398,0.9002800817792234,0.9002800817792234
cb_rnn,2,25,6,det,1.0624555588798605,0.05636402300753036,0.9024051965217142,0.9024051965217142
cb_rnn,2,25,7,det,1.0645892285393947,0.05762362611550323,0.9094090294088879,0.9094090294088879
cb_rnn,2,25,8,det,1.068809804801972,0.06057588248930163,0.9122775659201635,0.9122775659201635
cb_rnn,2,25,9,det,1.066472289600569,0.05748981419111903,0.910587825613832,0.910587825613832
cb_rnn,2,25,10,det,1.0583152832936211,0.04898533103060676,0.9079605056422864,0.9079605056422864
cb_rnn,2,25,11,det,1.0524004513833565,0.04249353234072896,0.903377763692492,0.903377763692492
cb_rnn,2,25,12,det,1.0481961284941173,0.03793989396283269,0.8987475994153116,0.8987475994153116
cb_rnn,2,25,13,det,1.0419390377507265,0.03120223955915936,0.8950111809306747,0.8950111809306747
cb_rnn,2,25,14,det,1.0434260408491651,0.03259062362691781,0.9060642937483591,0.9060642937483591
cb_rnn,2,25,15,det,1.0472761132974204,0.036222766459370094,0.9149421625822396,0.9149421625822396
cb_rnn,2,25,16,det,1.052762213658137,0.04124068482716913,0.9241528645903692,0.9241528645903692
cb_rnn,2,25,17,det,1.0631156662646877,0.050751026297109696,0.9347840241137766,0.9347840241137766
cb_rnn,2,25,18,det,1.0728545632487358,0.059545359539937066,0.9459525736010155,0.9459525736010155
cb_rnn,2,25,19,det,1.077310747692688,0.06396913686770071,0.9554685827988461,0.9554685827988461
cb_rnn,2,25,20,det,1.0709935703063775,0.05874599520817614,0.9537818724718226,0.9537818724718226
cb_rnn,2,25,21,det,1.0395002690685367,0.02890354238597291,0.9153030579628696,0.9153030579628696
cb_rnn,2,25,22,det,0.9755169972445535,-0.034501936628731036,0.8683983747911497,0.8683983747911497
cb_rnn,2,25,23,det,0.8356864180536758,-0.19085303016323696,0.6907124419330042,0.6907124419330042
cb_rnn,2,30,1,full,1.0747162749348733,0.07107594400274003,0.9874556734821028,0.9874556734821028
cb_rnn,2,30,2,full,1.123291173627945,0.11319870296307571,0.9867730236664085,0.9867730236664085
cb_rnn,2,30,3,full,1.1374596104468866,0.12321167579552472,0.9793189966345939,0.9793189966345939
cb_rnn,2,30,4,full,1.1359209657983325,0.11909995140671242,0.9686138006451038,0.9686138006451038
cb_rnn,2,30,5,full,1.1255443961808211,0.10759287380945913,0.9594970919607695,0.9594970919607695
cb_rnn,2,30,6,full,1.1142761514280588,0.09575413253503595,0.9520942834527649,0.9520942834527649
cb_rnn,2,30,7,full,1.1190177373712595,0.09838778038175386,0.9560018902643033,0.9560018902643033
cb_rnn,2,30,8,full,1.1108810070066233,0.08840566220324558,0.9452990003494914,0.9452990003494914
cb_rnn,2,30,9,full,1.0795221564230397,0.05712694753441735,0.918729532415804,0.918729532415804
cb_rnn,2,30,10,full,1.0609818537145912,0.037767257777209615,0.8979538555534328,0.8979538555534328
cb_rnn,2,30,11,full,1.0626944859850815,0.03735830663565992,0.8949239501827104,0.8949239501827104
cb_rnn,2,30,12,full,1.0372209967948507,0.012090577083516942,0.8784652672608706,0.8784652672608706
cb_rnn,2,30,13,full,0.9940269461205067,-0.03207678181604738,0.8501448322742008,0.8501448322742008
cb_rnn,2,30,14,full,0.9794829967140798,-0.048046169505158866,0.8388603120216052,0.8388603120216052
cb_rnn,2,30,15,full,0.966593841788575,-0.06215560594070749,0.8260863777887482,0.8260863777887482
cb_rnn,2,30,16,full,0.9286474282125131,-0.10201701694911679,0.7987181057040711,0.7987181057040711
cb_rnn,2,30,17,full,0.9235609187838847,-0.10704704080235516,0.7988489586241776,0.7988489586241776
cb_rnn,2,30,18,full,0.945416168698449,-0.08254822244680785,0.8172716478500668,0.8172716478500668
cb_rnn,2,30,19,full,0.9381558025115897,-0.08918114953319947,0.8111124823349507,0.8111124823349507
cb_rnn,2,30,20,full,0.9124473145657951,-0.11768470333687907,0.7893624012061926,0.7893624012061926
cb_rnn,2,30,21,full,0.9212510646605049,-0.10794540969580853,0.7927586240737803,0.7927586240737803
cb_rnn,2,30,22,full,0.9387924187036158,-0.08887944816159672,0.805812247167576,0.805812247167576
cb_rnn,2,30,23,full,0.9484723038427911,-0.07768021266232716,0.811750517662843,0.811750517662843
cb_rnn,2,30,24,full,0.94456007624148,-0.08151230674416782,0.7965493056785063,0.7965493056785063
cb_rnn,2,30,25,full,0.9341558295505898,-0.09120412730336355,0.77410593044596,0.77410593044596
cb_rnn,2,30,26,full,0.9178555523639415,-0.10738507897751445,0.7613233194525882,0.7613233194525882
cb_rnn,2,30,27,full,0.9427802100095941,-0.07823227373811936,0.7882921298674992,0.7882921298674992
cb_rnn,2,30,28,full,0.8915982933017688,-0.13545485286793663,0.6971472400132653,0.6971472400132653
cb_rnn,2,30,1,det,1.080920049850313,0.0768930383761739,0.9950718521554275,0.9950718521554275
cb_rnn,2,30,2,det,1.1381119665959374,0.12632345415775928,1.0018417589771642,1.0018417589771642
cb_rnn,2,30,3,det,1.1557404541291456,0.13920557909875655,1.0000770589584265,1.0000770589584265
cb_rnn,2,30,4,det,1.1583166450587625,0.13896326740602027,0.9947097298379766,0.9947097298379766
cb_rnn,2,30,5,det,1.1488212288281494,0.12870026538829127,0.9846854317735444,0.9846854317735444
cb_rnn,2,30,6,det,1.140684590889219,0.11969093657571618,0.9772070197262611,0.9772070197262611
cb_rnn,2,30,7,det,1.1422583442898753,0.11921939891443156,0.97655420764471,0.97655420764471
cb_rnn,2,30,8,det,1.128627500179975,0.10455851776062931,0.961209849556319,0.961209849556319
cb_rnn,2,30,9,det,1.1034389045654838,0.07903602194971984,0.9386472639974328,0.9386472639974328
cb_rnn,2,30,10,det,1.0908826058009415,0.06495677996678847,0.9201234362886944,0.9201234362886944
cb_rnn,2,30,11,det,1.0857258738358257,0.058365187489153786,0.9122787992805524,0.9122787992805524
cb_rnn,2,30,12,det,1.0609970166176006,0.03412496222386441,0.8962117338447796,0.8962117338447796
cb_rnn,2,30,13,det,1.0274119547496334,3.127072249439408e-06,0.8729669435904674,0.8729669435904674
cb_rnn,2,30,14,det,1.0156720082357689,-0.012835152255515472,0.864677319357557,0.864677319357557
cb_rnn,2,30,15,det,1.0024121732824542,-0.02731627914735208,0.8502852617994636,0.8502852617994636
cb_rnn,2,30,16,det,0.978772562670373,-0.05141490036557009,0.8338237259820891,0.8338237259820891
cb_rnn,2,30,17,det,0.9709812882661153,-0.06002510594122011,0.8315235644269696,0.8315235644269696
cb_rnn,2,30,18,det,0.9825962431180355,-0.04698323568667765,0.8428482993091653,0.8428482993091653
cb_rnn,2,30,19,det,0.9803794932240102,-0.048112526033660286,0.8402921681787875,0.8402921681787875
cb_rnn,2,30,20,det,0.9648826547469155,-0.06450032433756292,0.8235041578127142,0.8235041578127142
cb_rnn,2,30,21,det,0.9641693493627757,-0.06463020520679962,0.820777111573059,0.820777111573059
cb_rnn,2,30,22,det,0.9774969587437634,-0.05056804315284682,0.8311811161021819,0.8311811161021819
cb_rnn,2,30,23,det,0.9843211251678201,-0.04236345573691393,0.8357894100657262,0.8357894100657262
cb_rnn,2,30,24,det,0.9718824594701247,-0.05462820100145205,0.8139427037869752,0.8139427037869752
cb_rnn,2,30,25,det,0.9676659121735031,-0.05771605917082499,0.80117393643766,0.80117393643766
cb_rnn,2,30,26,det,0.9547358704538284,-0.06962470647207714,0.7949580786070481,0.7949580786070481
cb_rnn,2,30,27,det,0.9102646994633322,-0.11576655954651613,0.7725079126881509,0.7725079126881509
cb_rnn,2,30,28,det,0.7737748459686373,-0.2787597244190792,0.5947038640297075,0.5947038640297075
cb_rnn,3,7,1,full,1.1097198977432456,0.10117981128602418,1.0705652594378559,1.0705652594378559
cb_rnn,3,7,2,full,1.061649123891034,0.054097109288821735,1.0038850263243022,1.0038850263243022
cb_rnn,3,7,3,full,0.9597674394134679,-0.04859826849656558,0.9003562489435366,0.9003562489435366
cb_rnn,3,7,4,full,1.0872584364447262,0.07147631148843639,1.0188714331312103,1.0188714331312103
cb_rnn,3,7,5,full,1.1039751385538938,0.08140883274539278,1.0183755431498107,1.0183755431498107
cb_rnn,3,7,1,det,0.7190441876571274,-0.3308486494050613,0.587693218967014,0.587693218967014
cb_rnn,3,7,2,det,0.5745659758637407,-0.5582018438869591,0.41735833900941344,0.41735833900941344
cb_rnn,3,7,3,det,0.4729290620901075,-0.7567400263526741,0.34130192989995156,0.34130192989995156
cb_rnn,3,7,4,det,0.37050924133286717,-1.0050957626117925,0.21911728007387293,0.21911728007387293
cb_rnn,3,7,5,det,0.26981898468205295,-1.3258363274275575,0.1655267385540029,0.1655267385540029
cb_rnn,3,11,1,full,0.9665241742946014,-0.03576792869460744,0.941217110619789,0.941217110619789
cb_rnn,3,11,2,full,0.9111706138806612,-0.09633666591577345,0.875477903747007,0.875477903747007
cb_rnn,3,11,3,full,0.8968308173624527,-0.11422993748893376,0.850346770245318,0.850346770245318
cb_rnn,3,11,4,full,0.9014603835489452,-0.11116304212133868,0.8474496047958333,0.8474496047958333
cb_rnn,3,11,5,full,0.8597083268292429,-0.16096567184400482,0.8060778347330041,0.8060778347330041
cb_rnn,3,11,6,full,0.8215309189552362,-0.20817957674582221,0.7647608143891993,0.7647608143891993
cb_rnn,3,11,7,full,0.864182103052116,-0.15801636386806972,0.8001209401306487,0.8001209401306487
cb_rnn,3,11,8,full,0.9305770777772737,-0.08778794431933112,0.8598558899427686,0.8598558899427686
cb_rnn,3,11,9,full,1.0005223382189339,-0.019771705014656783,0.8826033134559554,0.8826033134559554
cb_rnn,3,11,1,det,0.7387974710655776,-0.30402746852891105,0.6398703225498061,0.6398703225498061
cb_rnn,3,11,2,det,0.635948809212991,-0.4574052307591235,0.5056259376092729,0.5056259376092729
cb_rnn,3,11,3,det,0.5637558013963216,-0.5827292973602554,0.40683318459813844,0.40683318459813844
cb_rnn,3,11,4,det,0.49768476229594927,-0.712684652390531,0.3495127617049082,0.3495127617049082
cb_rnn,3,11,5,det,0.4302150645791385,-0.8632936385080145,0.2961102307815161,0.2961102307815161
cb_rnn,3,11,6,det,0.36287553947528417,-1.038435952844103,0.2528292561519765,0.2528292561519765
cb_rnn,3,11,7,det,0.2981266800181622,-1.2408103304296088,0.20071323020610568,0.20071323020610568
cb_rnn,3,11,8,det,0.23966819631995262,-1.4666829294562955,0.1491522116186596,0.1491522116186596
cb_rnn,3,11,9,det,0.1904641313127279,-1.7047026512811563,0.11339687804573112,0.11339687804573112
cb_rnn,3,16,1,full,0.9258193716601222,-0.07877668877472743,0.8966921892218678,0.8966921892218678
cb_rnn,3,16,2,full,0.911749564033163,-0.095712296252695,0.8798692074540821,0.8798692074540821
cb_rnn,3,16,3,full,0.9002250596254942,-0.11028440746779035,0.8591324531195506,0.8591324531195506
cb_rnn,3,16,4,full,0.8957140352286588,-0.11722256754284134,0.848469633679807,0.848469633679807
cb_rnn,3,16,5,full,0.8951752103780584,-0.11951887503016842,0.8522445894313375,0.8522445894313375
cb_rnn,3,16,6,full,0.8951333641616966,-0.12125824642900797,0.853743574790635,0.853743574790635
cb_rnn,3,16,7,full,0.8683551615033596,-0.15289003981755925,0.8227087016064694,0.8227087016064694
cb_rnn,3,16,8,full,0.8604413161346162,-0.16310753937234296,0.8175024874169053,0.8175024874169053
cb_rnn,3,16,9,full,0.8621307512156312,-0.16126381395807304,0.8189757945996842,0.8189757945996842
cb_rnn,3,16,10,full,0.8351121428561072,-0.1935502290161846,0.7866882480735673,0.7866882480735673
cb_rnn,3,16,11,full,0.8635581424922245,-0.16026165426631073,0.8109971680253775,0.8109971680253775
cb_rnn,3,16,12,full,0.9047742761641782,-0.11274189529922213,0.8440261536676994,0.8440261536676994
cb_rnn,3,16,13,full,0.9513371770684242,-0.06441238349530537,0.8753847338504201,0.8753847338504201
cb_rnn,3,16,14,full,1.010399832199344,-0.006272216491809705,0.8834529353917163,0.8834529353917163
cb_rnn,3,16,1,det,0.8417058642232036,-0.1742362488485863,0.7708579360224125,0.7708579360224125
cb_rnn,3,16,2,det,0.7609622164377483,-0.2781107721405427,0.6899079827215422,0.6899079827215422
cb_rnn,3,16,3,det,0.6716310083053527,-0.40617306036875317,0.5860433940848577,0.5860433940848577
cb_rnn,3,16,4,det,0.6000688357528885,-0.5221273185440618,0.5060378392753137,0.5060378392753137
cb_rnn,3,16,5,det,0.5467881204900833,-0.6190972479898205,0.4600446508979212,0.4600446508979212
cb_rnn,3,16,6,det,0.5052679430374654,-0.702675741950629,0.4190302195410167,0.4190302195410167
cb_rnn,3,16,7,det,0.4683358707989167,-0.783006871048457,0.3814256579131935,0.3814256579131935
cb_rnn,3,16,8,det,0.42967409542635837,-0.8734208734479845,0.3359793753364473,0.3359793753364473
cb_rnn,3,16,9,det,0.38830566276698597,-0.9779946208405779,0.29267542092902094,0.29267542092902094
cb_rnn,3,16,10,det,0.34856366232760494,-1.088209551988274,0.26363294272000193,0.26363294272000193
cb_rnn,3,16,11,det,0.310137476586138,-1.2059367426031442,0.23241270304535971,0.23241270304535971
cb_rnn,3,16,12,det,0.27281538319579496,-1.3348406068845784,0.20536492424419794,0.20536492424419794
cb_rnn,3,16,13,det,0.2333873911823724,-1.4933963339359513,0.17045886877853766,0.17045886877853766
cb_rnn,3,16,14,det,0.19215728292214668,-1.6917459031303879,0.12763314845217433,0.12763314845217433
cb_rnn,3,21,1,full,0.9317841438228234,-0.07152054038791064,0.8895892755973351,0.8895892755973351
cb_rnn,3,21,2,full,0.9414607470464116,-0.06303781254445223,0.8590010412178137,0.8590010412178137
cb_rnn,3,21,3,full,0.9154271405020911,-0.09310484179972538,0.8135358253370316,0.8135358253370316
cb_rnn,3,21,4,full,0.907632070205296,-0.1031255939801819,0.8048381293014051,0.8048381293014051
cb_rnn,3,21,5,full,0.9059881029888784,-0.10587065671380858,0.7922965943519846,0.7922965943519846
cb_rnn,3,21,6,full,0.9227367037320289,-0.08863251828338614,0.7906876359450179,0.7906876359450179
cb_rnn,3,21,7,full,0.9239669748035297,-0.08894135197500293,0.7974944004559542,0.7974944004559542
cb_rnn,3,21,8,full,0.9159314587590911,-0.09980101192688418,0.7896601687226719,0.7896601687226719
cb_rnn,3,21,9,full,0.9247149675690538,-0.09207066076796466,0.7801059536779262,0.7801059536779262
cb_rnn,3,21,10,full,0.9295865072667238,-0.0878534763791104,0.7831007292497885,0.7831007292497885
cb_rnn,3,21,11,full,0.9188965269704351,-0.1013463055498334,0.7849512806236335,0.7849512806236335
cb_rnn,3,21,12,full,0.9191402691941954,-0.10356909258141411,0.7849562108657722,0.7849562108657722
cb_rnn,3,21,13,full,0.9352128835527298,-0.08838872137353346,0.7951035181580843,0.7951035181580843
cb_rnn,3,21,14,full,0.9230525372565317,-0.10274482168352086,0.7857170499389342,0.7857170499389342
cb_rnn,3,21,15,full,0.8964138463442077,-0.13299918608005384,0.7624117835490662,0.7624117835490662
cb_rnn,3,21,16,full,0.9108450088248414,-0.11711655441271554,0.7754311071842778,0.7754311071842778
cb_rnn,3,21,17,full,0.9628654224570541,-0.06040540658407645,0.8208833485838101,0.8208833485838101
cb_rnn,3,21,18,full,1.0169951063891207,-0.004919400593469891,0.8541285965232048,0.8541285965232048
cb_rnn,3,21,19,full,1.026250584854007,0.0013030793553251516,0.8129816427555651,0.8129816427555651
cb_rnn,3,21,1,det,0.8952983151249203,-0.11146860816071809,0.8421944604369483,0.8421944604369483
cb_rnn,3,21,2,det,0.89250357888529,-0.11650498962856597,0.8061257983230241,0.8061257983230241
cb_rnn,3,21,3,det,0.8402660168256593,-0.17866984717941115,0.7347049675081905,0.7347049675081905
cb_rnn,3,21,4,det,0.8016390439067755,-0.22726374358550205,0.691973492931361,0.691973492931361
cb_rnn,3,21,5,det,0.7868676465452,-0.2471863537349661,0.6701610495880229,0.6701610495880229
cb_rnn,3,21,6,det,0.7762784793202745,-0.26170634936204973,0.6462188835786229,0.6462188835786229
cb_rnn,3,21,7,det,0.7604390205028162,-0.2834222705340603,0.6376592397308088,0.6376592397308088
cb_rnn,3,21,8,det,0.7450223272667993,-0.3056453434178727,0.6162909165960377,0.6162909165960377
cb_rnn,3,21,9,det,0.7417858931911302,-0.3121067985131803,0.5976600287752738,0.5976600287752738
cb_rnn,3,21,10,det,0.7361763664334622,-0.32134153557347744,0.5906233097559508,0.5906233097559508
cb_rnn,3,21,11,det,0.7309160760948611,-0.33000597644687985,0.5949820429045576,0.5949820429045576
cb_rnn,3,21,12,det,0.7234575182230913,-0.34222252593122177,0.5891576180481208,0.5891576180481208
cb_rnn,3,21,13,det,0.7125724831611349,-0.359783312940387,0.5707858283154301,0.5707858283154301
cb_rnn,3,21,14,det,0.6932093446479224,-0.3889573631357425,0.5548988366010776,0.5548988366010776
cb_rnn,3,21,15,det,0.6692507420863294,-0.42578758902401215,0.5417185357899895,0.5417185357899895
cb_rnn,3,21,16,det,0.6570735342304473,-0.4454680006641051,0.5302947754657186,0.5302947754657186
cb_rnn,3,21,17,det,0.6598294123522586,-0.4421529059055475,0.5337743646986106,0.5337743646986106
cb_rnn,3,21,18,det,0.6473360345391554,-0.4615551510324125,0.5237547142102682,0.5237547142102682
cb_rnn,3,21,19,det,0.5849161828746878,-0.5648619380728549,0.4387859650048218,0.4387859650048218
cb_rnn,3,25,1,full,0.957635996227481,-0.04390364131446665,0.8976225564500819,0.8976225564500819
cb_rnn,3,25,2,full,1.008280081440735,0.006666836067489936,0.88631477239124,0.88631477239124
cb_rnn,3,25,3,full,0.9917488913901135,-0.011044092273039369,0.8398205763837779,0.8398205763837779
cb_rnn,3,25,4,full,0.9726728559944666,-0.032016714992236406,0.8217632750569941,0.8217632750569941
cb_rnn,3,25,5,full,0.9779082923382274,-0.02852136858270408,0.8255573604042743,0.8255573604042743
cb_rnn,3,25,6,full,0.9792813928779354,-0.028969845936306287,0.8104405510933983,0.8104405510933983
cb_rnn,3,25,7,full,0.9749525031996886,-0.0347816780208533,0.8049087419809184,0.8049087419809184
cb_rnn,3,25,8,full,0.9676897510510603,-0.04249051798854741,0.8075416068743912,0.8075416068743912
cb_rnn,3,25,9,full,0.9494150732696964,-0.061821308027913593,0.7941379705722309,0.7941379705722309
cb_rnn,3,25,10,full,0.9527223454703344,-0.059395671201868706,0.7941051826973967,0.7941051826973967
cb_rnn,3,25,11,full,0.9611309706749944,-0.05081437517060362,0.7921259013070094,0.7921259013070094
cb_rnn,3,25,12,full,0.9465053679201989,-0.06728353783873436,0.7772570885353002,0.7772570885353002
cb_rnn,3,25,13,full,0.9303241700183731,-0.08571450445157444,0.7714650902154011,0.7714650902154011
cb_rnn,3,25,14,full,0.9196773017338016,-0.09701213897886449,0.7737146263710182,0.7737146263710182
cb_rnn,3,25,15,full,0.926787108708347,-0.08950761676005681,0.779770360001772,0.779770360001772
cb_rnn,3,25,16,full,0.9347268148234769,-0.08095737394552094,0.794498259425947,0.794498259425947
cb_rnn,3,25,17,full,0.9451993044884774,-0.0701417549290122,0.8084524906592936,0.8084524906592936
cb_rnn,3,25,18,full,0.9497055390629535,-0.0658822264953958,0.812780507907592,0.812780507907592
cb_rnn,3,25,19,full,0.9411637121426268,-0.07563137872412526,0.8059686199225565,0.8059686199225565
cb_rnn,3,25,20,full,0.9653749016690437,-0.04952948808716727,0.8301585435091788,0.8301585435091788
cb_rnn,3,25,21,full,1.0195404153397463,0.005684020709898532,0.8644065498253752,0.8644065498253752
cb_rnn,3,25,22,full,1.0771984441342912,0.06096191391797298,0.9068282356656107,0.9068282356656107
cb_rnn,3,25,23,full,1.0496247983049605,0.030528265678399648,0.8294374914557058,0.8294374914557058
cb_rnn,3,25,1,det,0.9596042465226837,-0.041842275354306895,0.8901983223459455,0.8901983223459455
cb_rnn,3,25,2,det,0.9893068684949249,-0.01256165706201658,0.8622119222072604,0.8622119222072604
cb_rnn,3,25,3,det,0.9718971134695169,-0.031742898211740214,0.8143517922310539,0.8143517922310539
cb_rnn,3,25,4,det,0.9466386846048933,-0.059878897624792246,0.7884310631842011,0.7884310631842011
cb_rnn,3,25,5,det,0.9432766831548576,-0.06582992992123282,0.7801016044988093,0.7801016044988093
cb_rnn,3,25,6,det,0.9461716345443729,-0.06494653306027821,0.7650873536342907,0.7650873536342907
cb_rnn,3,25,7,det,0.9314963213476859,-0.08201116835565303,0.7462583471730643,0.7462583471730643
cb_rnn,3,25,8,det,0.9161023181282952,-0.09918015939468741,0.7410837904609504,0.7410837904609504
cb_rnn,3,25,9,det,0.9007355046299654,-0.11665554509296648,0.728246996613257,0.728246996613257
cb_rnn,3,25,10,det,0.9010358294755592,-0.11768702918008048,0.7248630991214348,0.7248630991214348
cb_rnn,3,25,11,det,0.895568187245611,-0.12427728383613605,0.7125967441953935,0.7125967441953935
cb_rnn,3,25,12,det,0.8770050086022441,-0.14613539729589148,0.6939623507790302,0.6939623507790302
cb_rnn,3,25,13,det,0.8584595922144385,-0.16846286641324335,0.683928921748028,0.683928921748028
cb_rnn,3,25,14,det,0.8443412287268809,-0.18550575547140485,0.6817611886047279,0.6817611886047279
cb_rnn,3,25,15,det,0.8422197150346638,-0.18879367555110124,0.6795085315385524,0.6795085315385524
cb_rnn,3,25,16,det,0.8448627029056339,-0.18558400206942277,0.6867891598255895,0.6867891598255895
cb_rnn,3,25,17,det,0.8488674170708359,-0.18088661357500865,0.6941620382785574,0.6941620382785574
cb_rnn,3,25,18,det,0.8449763095667738,-0.18574829939314913,0.6948413796466246,0.6948413796466246
cb_rnn,3,25,19,det,0.8358315084654793,-0.1966018954403671,0.6918656939824813,0.6918656939824813
cb_rnn,3,25,20,det,0.8474520319503194,-0.18133588013143728,0.7022332686343247,0.7022332686343247
cb_rnn,3,25,21,det,0.8646701903073742,-0.16015969364590144,0.7150382178295184,0.7150382178295184
cb_rnn,3,25,22,det,0.8561055811460676,-0.16997073748155664,0.7094786907628183,0.7094786907628183
cb_rnn,3,25,23,det,0.7791336654495584,-0.2651618151858551,0.5937391289645022,0.5937391289645022
cb_rnn,3,30,1,full,1.0972761048067108,0.09193981268528975,0.9815755689379496,0.9815755689379496
cb_rnn,3,30,2,full,1.1580606004401521,0.14398014760426747,0.9606371022241715,0.9606371022241715
cb_rnn,3,30,3,full,1.185603785115933,0.16449918597334334,0.94344021972916,0.94344021972916
cb_rnn,3,30,4,full,1.1883060529077842,0.16421746658397357,0.9346840524478328,0.9346840524478328
cb_rnn,3,30,5,full,1.1625875994565043,0.13839112914526597,0.9143144677198742,0.9143144677198742
cb_rnn,3,30,6,full,1.1717907686155689,0.14237808666173893,0.9169248864353494,0.9169248864353494
cb_rnn,3,30,7,full,1.180769609935441,0.14688370848774557,0.918120558604842,0.918120558604842
cb_rnn,3,30,8,full,1.1591314724324082,0.12282395953800626,0.9003182507221976,0.9003182507221976
cb_rnn,3,30,9,full,1.154037055132823,0.11218083872484907,0.8922463992674896,0.8922463992674896
cb_rnn,3,30,10,full,1.152285518725665,0.10535562723239268,0.8874263899653421,0.8874263899653421
cb_rnn,3,30,11,full,1.133966387247124,0.08206943854473542,0.8713575456834728,0.8713575456834728
cb_rnn,3,30,12,full,1.1122664914146463,0.056199180564340506,0.856616171675523,0.856616171675523
cb_rnn,3,30,13,full,1.1043906801119543,0.04414970842913854,0.849833845298588,0.849833845298588
cb_rnn,3,30,14,full,1.0747247439680088,0.01046951199791179,0.8253872568360268,0.8253872568360268
cb_rnn,3,30,15,full,1.047962257993063,-0.021256623373770888,0.8089876926249888,0.8089876926249888
cb_rnn,3,30,16,full,1.0421782347409754,-0.03178219767837777,0.8030322275003239,0.8030322275003239
cb_rnn,3,30,17,full,1.0354705193768328,-0.040300939899790285,0.8030503087319025,0.8030503087319025
cb_rnn,3,30,18,full,1.0190991647139303,-0.057650521304976866,0.7973787384881906,0.7973787384881906
cb_rnn,3,30,19,full,1.0075454646570696,-0.06886634106220078,0.7897384710759932,0.7897384710759932
cb_rnn,3,30,20,full,0.9934938521158255,-0.08067284634539247,0.7850258048446227,0.7850258048446227
cb_rnn,3,30,21,full,0.9719421313246908,-0.10318122064388022,0.773902241195684,0.773902241195684
cb_rnn,3,30,22,full,0.9572978591048744,-0.1123138705158497,0.7678331812425785,0.7678331812425785
cb_rnn,3,30,23,full,0.9585623708403437,-0.10455643517481182,0.7714924381833008,0.7714924381833008
cb_rnn,3,30,24,full,0.9425396139705782,-0.11867180381188669,0.7517260248218031,0.7517260248218031
cb_rnn,3,30,25,full,0.9480370549092549,-0.10737562799903616,0.7510353950523134,0.7510353950523134
cb_rnn,3,30,26,full,0.9911860125174586,-0.05454714846027878,0.777253609089035,0.777253609089035
cb_rnn,3,30,27,full,1.0170292059936727,-0.022510391324334442,0.8010170407941329,0.8010170407941329
cb_rnn,3,30,28,full,0.9834267910111472,-0.05870057546778601,0.7137741447856052,0.7137741447856052
cb_rnn,3,30,1,det,1.1034649019050544,0.09768245905862644,0.9874908202444019,0.9874908202444019
cb_rnn,3,30,2,det,1.164469682320986,0.1495218000103284,0.966113880404931,0.966113880404931
cb_rnn,3,30,3,det,1.173645944775386,0.1540834334689007,0.9277817848492828,0.9277817848492828
cb_rnn,3,30,4,det,1.1641807719563453,0.14279258081669227,0.9078498805137446,0.9078498805137446
cb_rnn,3,30,5,det,1.146676409932649,0.12351028995669766,0.8941608836463668,0.8941608836463668
cb_rnn,3,30,6,det,1.1550701737003206,0.12660692684675712,0.8953905306702895,0.8953905306702895
cb_rnn,3,30,7,det,1.1607776035961535,0.12783527994321642,0.8938963162596674,0.8938963162596674
cb_rnn,3,30,8,det,1.1497353191881037,0.1125274499138653,0.8842475457863334,0.8842475457863334
cb_rnn,3,30,9,det,1.1424353720065918,0.09928529057690727,0.873672352575991,0.873672352575991
cb_rnn,3,30,10,det,1.1380655802029096,0.08897471375633151,0.8670300096167626,0.8670300096167626
cb_rnn,3,30,11,det,1.133189906188298,0.0774014594639921,0.8610839833260686,0.8610839833260686
cb_rnn,3,30,12,det,1.1204876014057228,0.0588181854179489,0.8521424661365862,0.8521424661365862
cb_rnn,3,30,13,det,1.108339019757653,0.04141451822232897,0.8424011558132508,0.8424011558132508
cb_rnn,3,30,14,det,1.0918229742079861,0.019822981382183483,0.8261826866676111,0.8261826866676111
cb_rnn,3,30,15,det,1.07605122025444,-0.001382751217412102,0.8157843612003963,0.8157843612003963
cb_rnn,3,30,16,det,1.0605714264313337,-0.023117764276541525,0.8023731737367112,0.8023731737367112
cb_rnn,3,30,17,det,1.046985113538044,-0.03914785125780618,0.7967775066080838,0.7967775066080838
cb_rnn,3,30,18,det,1.0404506719112645,-0.047493679161030665,0.7951837288591783,0.7951837288591783
cb_rnn,3,30,19,det,1.0286825792809957,-0.05943470387107193,0.7898733465287923,0.7898733465287923
cb_rnn,3,30,20,det,1.0084261770438032,-0.0799874435336657,0.7763855847462309,0.7763855847462309
cb_rnn,3,30,21,det,0.9946371187379913,-0.09289443287425324,0.7711201729301054,0.7711201729301054
cb_rnn,3,30,22,det,0.9832638173512528,-0.10055582453111586,0.7640498445040242,0.7640498445040242
cb_rnn,3,30,23,det,0.9694071273085365,-0.11167561321602436,0.7544111202306845,0.7544111202306845
cb_rnn,3,30,24,det,0.9479391324638099,-0.13252559930800756,0.733333977532707,0.733333977532707
cb_rnn,3,30,25,det,0.9434007998759909,-0.13205149639223063,0.7252476772515913,0.7252476772515913
cb_rnn,3,30,26,det,0.9598993188000208,-0.10799755698513074,0.741094565029883,0.741094565029883
cb_rnn,3,30,27,det,0.9531564014191978,-0.10991143185617594,0.7379136517923628,0.7379136517923628
cb_rnn,3,30,28,det,0.8869974665843436,-0.18259842101236778,0.6391864070699752,0.6391864070699752
cb_rnn,4,7,1,full,1.187207533761642,0.16996452312575933,1.1261989181475256,1.1261989181475256
cb_rnn,4,7,2,full,1.3226165453955145,0.2764479896738314,1.2314048706310972,1.2314048706310972
cb_rnn,4,7,3,full,1.3279956906154595,0.2780825933013954,1.231506995785073,1.231506995785073
cb_rnn,4,7,4,full,1.4104970897929945,0.33448219090245185,1.2754373918733044,1.2754373918733044
cb_rnn,4,7,5,full,1.4708001714239232,0.3744048503292395,1.3316513285537521,1.3316513285537521
cb_rnn,4,7,1,det,0.7618599411268225,-0.2728201456184785,0.6314529363152667,0.6314529363152667
cb_rnn,4,7,2,det,0.643188501422203,-0.4441922314588218,0.49303422239435674,0.49303422239435674
cb_rnn,4,7,3,det,0.5198611126872382,-0.659897786004914,0.3409027157081864,0.3409027157081864
cb_rnn,4,7,4,det,0.4011784492373598,-0.9222488125680206,0.22075818020074395,0.22075818020074395
cb_rnn,4,7,5,det,0.2987887405177798,-1.220114692781059,0.19024084067626681,0.19024084067626681
cb_rnn,4,11,1,full,1.029098107416115,0.028034246096884922,1.0000494492349632,1.0000494492349632
cb_rnn,4,11,2,full,1.0298823333318432,0.027746799221238093,0.9902217406633185,0.9902217406633185
cb_rnn,4,11,3,full,1.0225256355442665,0.018349477112835903,0.9713180096685436,0.9713180096685436
cb_rnn,4,11,4,full,0.9913740769459272,-0.015338637896776324,0.9311924757132787,0.9311924757132787
cb_rnn,4,11,5,full,1.0314754051608834,0.02195320176001319,0.9648904186955729,0.9648904186955729
cb_rnn,4,11,6,full,1.0830556777924532,0.07047257936651728,1.0054626844787986,1.0054626844787986
cb_rnn,4,11,7,full,1.0296237443832479,0.018437220589762778,0.9329106349912804,0.9329106349912804
cb_rnn,4,11,8,full,1.164854505394753,0.13562671814922347,1.0541312698129541,1.0541312698129541
cb_rnn,4,11,9,full,1.193979775146698,0.15897088207825572,1.07042740852514,1.07042740852514
cb_rnn,4,11,1,det,0.7911240036245994,-0.2348665620051408,0.7160871621305291,0.7160871621305291
cb_rnn,4,11,2,det,0.6811329302687347,-0.3864318523786088,0.5905611321097508,0.5905611321097508
cb_rnn,4,11,3,det,0.5998628517602698,-0.5174028309108158,0.46843969650593975,0.46843969650593975
cb_rnn,4,11,4,det,0.5294237822299397,-0.6469062921062994,0.4038361730027132,0.4038361730027132
cb_rnn,4,11,5,det,0.45457054044288747,-0.8040502294917214,0.30806101874735503,0.30806101874735503
cb_rnn,4,11,6,det,0.38272902659487773,-0.9808960203505679,0.22897828785579638,0.22897828785579638
cb_rnn,4,11,7,det,0.31627676759966683,-1.1770202622881638,0.19986453320544428,0.19986453320544428
cb_rnn,4,11,8,det,0.25754525337150463,-1.3881225342344072,0.15351159237722867,0.15351159237722867
cb_rnn,4,11,9,det,0.20531454438807037,-1.6194085498529756,0.13855492652590512,0.13855492652590512
cb_rnn,4,16,1,full,0.9874456676667208,-0.01292993685252173,0.9740120532937999,0.9740120532937999
cb_rnn,4,16,2,full,0.995607030434818,-0.005780905554603666,0.9661678208575819,0.9661678208575819
cb_rnn,4,16,3,full,1.0081147434756814,0.0047459772013173675,0.9658107777470126,0.9658107777470126
cb_rnn,4,16,4,full,1.0122178544525768,0.006044376057303019,0.966267852303516,0.966267852303516
cb_rnn,4,16,5,full,1.0406614010732367,0.030600543567730967,0.9914024660488496,0.9914024660488496
cb_rnn,4,16,6,full,1.0644478642396704,0.051364156116710066,1.017072615695278,1.017072615695278
cb_rnn,4,16,7,full,1.0618586872869762,0.0465310944062877,1.0138281979169883,1.0138281979169883
cb_rnn,4,16,8,full,1.059193021734937,0.042948297099324184,1.0106073859702738,1.0106073859702738
cb_rnn,4,16,9,full,1.0642710740021517,0.0479193594952616,1.0140230136657302,1.0140230136657302
cb_rnn,4,16,10,full,1.075274370386731,0.05886072896755426,1.0181231234224852,1.0181231234224852
cb_rnn,4,16,11,full,1.1142922087794984,0.09229430036435704,1.04300817742138,1.04300817742138
cb_rnn,4,16,12,full,1.1508994494869262,0.1240905960095604,1.082936492276417,1.082936492276417
cb_rnn,4,16,13,full,1.2799366590697914,0.2315931724362957,1.1991356312471464,1.1991356312471464
cb_rnn,4,16,14,full,1.3270148345292794,0.26755910837832264,1.185459417000535,1.185459417000535
cb_rnn,4,16,1,det,0.8918184217807685,-0.11471583663472512,0.8447405221900408,0.8447405221900408
cb_rnn,4,16,2,det,0.8525647040252764,-0.16071644841016886,0.7695733544187618,0.7695733544187618
cb_rnn,4,16,3,det,0.8169619639359154,-0.2059445130016444,0.7379264122203092,0.7379264122203092
cb_rnn,4,16,4,det,0.7722276722384,-0.2660775129642413,0.6972668353063973,0.6972668353063973
cb_rnn,4,16,5,det,0.7255053887864689,-0.33314614260473163,0.6366630030873668,0.6366630030873668
cb_rnn,4,16,6,det,0.6917236497837722,-0.38551449066758847,0.5986531098168848,0.5986531098168848
cb_rnn,4,16,7,det,0.6612420938099335,-0.4346659311234441,0.5736828892077641,0.5736828892077641
cb_rnn,4,16,8,det,0.630610166243714,-0.48585388698212245,0.5374426304412571,0.5374426304412571
cb_rnn,4,16,9,det,0.6063961665390638,-0.528416091450616,0.5124311470269087,0.5124311470269087
cb_rnn,4,16,10,det,0.5870883374091849,-0.5635786061004193,0.4925428651970185,0.4925428651970185
cb_rnn,4,16,11,det,0.5638572381226785,-0.6063618587387755,0.4718929020817176,0.4718929020817176
cb_rnn,4,16,12,det,0.5329266596909935,-0.6643248574593884,0.4436539898963254,0.4436539898963254
cb_rnn,4,16,13,det,0.493267520541807,-0.7433320582351086,0.3896254808027088,0.3896254808027088
cb_rnn,4,16,14,det,0.44177476131485366,-0.8569981391462836,0.35961996444983446,0.35961996444983446
cb_rnn,4,21,1,full,0.9266170506064089,-0.07732920841157118,0.8807176171730062,0.8807176171730062
cb_rnn,4,21,2,full,0.9350876708609956,-0.06982318332511303,0.8697132643397578,0.8697132643397578
cb_rnn,4,21,3,full,0.9244624970527369,-0.08370064895097115,0.8433644536480134,0.8433644536480134
cb_rnn,4,21,4,full,0.9276078418275686,-0.08225060202684753,0.8429423705534147,0.8429423705534147
cb_rnn,4,21,5,full,0.9374822028708147,-0.07288390511887535,0.8475744897882818,0.8475744897882818
cb_rnn,4,21,6,full,0.9274011707871054,-0.08410692246760576,0.8365021101395556,0.8365021101395556
cb_rnn,4,21,7,full,0.936018651720285,-0.07521735062234106,0.8481961867760202,0.8481961867760202
cb_rnn,4,21,8,full,0.9463177246635049,-0.06504459925960848,0.8586558250516358,0.8586558250516358
cb_rnn,4,21,9,full,0.9435196365385035,-0.06875709368985194,0.8526838718151134,0.8526838718151134
cb_rnn,4,21,10,full,0.9750970330575679,-0.03691820023235169,0.8822732566001625,0.8822732566001625
cb_rnn,4,21,11,full,1.010566729450714,-0.0014228107321577828,0.8997413798975098,0.8997413798975098
cb_rnn,4,21,12,full,1.0214456009290294,0.009037429448583845,0.9070150343224539,0.9070150343224539
cb_rnn,4,21,13,full,1.014808033981988,0.0019825927235301403,0.9128182336645855,0.9128182336645855
cb_rnn,4,21,14,full,1.0256544036180995,0.012006713140540049,0.9209447314516455,0.9209447314516455
cb_rnn,4,21,15,full,1.057458364365135,0.04237080774745993,0.9274361564443538,0.9274361564443538
cb_rnn,4,21,16,full,1.0704920457738694,0.054241559327908286,0.9481839747275633,0.9481839747275633
cb_rnn,4,21,17,full,1.0699023584396912,0.052762303462448645,0.9613298565044299,0.9613298565044299
cb_rnn,4,21,18,full,1.1357013001611618,0.11188664076466741,1.0067369658897454,1.0067369658897454
cb_rnn,4,21,19,full,1.1600139226261323,0.13225914541052516,0.9697314811872539,0.9697314811872539
cb_rnn,4,21,1,det,0.891290068650254,-0.11604871223421802,0.8257312678855262,0.8257312678855262
cb_rnn,4,21,2,det,0.8522456771849629,-0.1631872415957703,0.7938065280419587,0.7938065280419587
cb_rnn,4,21,3,det,0.8351255949015244,-0.18606084690386315,0.7581152048220556,0.7581152048220556
cb_rnn,4,21,4,det,0.8287830698557871,-0.19636041323374595,0.7463165647199832,0.7463165647199832
cb_rnn,4,21,5,det,0.8153828932916363,-0.21502484430083557,0.7270731862191598,0.7270731862191598
cb_rnn,4,21,6,det,0.8088645409208304,-0.22425580802263503,0.7186249680800338,0.7186249680800338
cb_rnn,4,21,7,det,0.8060841061246264,-0.22860008870326903,0.7124143013549663,0.7124143013549663
cb_rnn,4,21,8,det,0.7986119933712847,-0.23902018306445477,0.7006327152621059,0.7006327152621059
cb_rnn,4,21,9,det,0.7954465884817797,-0.24432629603988798,0.6919828890592574,0.6919828890592574
cb_rnn,4,21,10,det,0.8054364025095861,-0.23338309103671978,0.7020043433603929,0.7020043433603929
cb_rnn,4,21,11,det,0.808667787253956,-0.22983572566940438,0.6986733425455264,0.6986733425455264
cb_rnn,4,21,12,det,0.8065459157953876,-0.23305385412333965,0.693385356615934,0.693385356615934
cb_rnn,4,21,13,det,0.8068142740292257,-0.2329332464920022,0.6957493827719633,0.6957493827719633
cb_rnn,4,21,14,det,0.8156049001602486,-0.22304583054955196,0.6955523817939668,0.6955523817939668
cb_rnn,4,21,15,det,0.8233593868504928,-0.21465018440817474,0.6938343984965047,0.6938343984965047
cb_rnn,4,21,16,det,0.8167444898628459,-0.22409912372497112,0.6946000618741116,0.6946000618741116
cb_rnn,4,21,17,det,0.7987956078050341,-0.24828521624600303,0.6796717744677268,0.6796717744677268
cb_rnn,4,21,18,det,0.7814287759064635,-0.27038806676581534,0.6440511572130734,0.6440511572130734
cb_rnn,4,21,19,det,0.7341680236541495,-0.3310950030886236,0.5952407334194014,0.5952407334194014
cb_rnn,4,25,1,full,0.9842185436389805,-0.016660326732524357,0.9178616158290009,0.9178616158290009
cb_rnn,4,25,2,full,0.9826549239942208,-0.02038848872140137,0.8786141316342687,0.8786141316342687
cb_rnn,4,25,3,full,0.9356814103915351,-0.07182695345574962,0.8159251213362447,0.8159251213362447
cb_rnn,4,25,4,full,0.9293286524268639,-0.08128696279614928,0.8017330124264272,0.8017330124264272
cb_rnn,4,25,5,full,0.9379682594599092,-0.07386232594168643,0.795491336938297,0.795491336938297
cb_rnn,4,25,6,full,0.9344749970251016,-0.0794465021064263,0.7747755636165918,0.7747755636165918
cb_rnn,4,25,7,full,0.9221248553354847,-0.09378800723057094,0.7620438463519426,0.7620438463519426
cb_rnn,4,25,8,full,0.9052243181366986,-0.11382012315433872,0.749303237200406,0.749303237200406
cb_rnn,4,25,9,full,0.8917485230780284,-0.13047392373115563,0.7391961444084877,0.7391961444084877
cb_rnn,4,25,10,full,0.890604942755381,-0.13256441128756213,0.7383658164305935,0.7383658164305935
cb_rnn,4,25,11,full,0.8893849800479556,-0.13425291103596076,0.7383796992106152,0.7383796992106152
cb_rnn,4,25,12,full,0.8674951573057426,-0.16027270643012664,0.7202312132722674,0.7202312132722674
cb_rnn,4,25,13,full,0.8637395753558463,-0.16581939575307103,0.7131705815993632,0.7131705815993632
cb_rnn,4,25,14,full,0.8860155522759782,-0.14027787555889673,0.7251828061003114,0.7251828061003114
cb_rnn,4,25,15,full,0.8781257047886855,-0.14892055217890837,0.7172278766615772,0.7172278766615772
cb_rnn,4,25,16,full,0.8626374135573756,-0.16594123717964934,0.7228331896832221,0.7228331896832221
cb_rnn,4,25,17,full,0.8646812990871365,-0.16381513346760418,0.7291323266543335,0.7291323266543335
cb_rnn,4,25,18,full,0.8774171015824472,-0.15020814226678947,0.7271930953785709,0.7271930953785709
cb_rnn,4,25,19,full,0.8790349457522155,-0.14841599757239282,0.7335834659017076,0.7335834659017076
cb_rnn,4,25,20,full,0.87993410657573,-0.1454632618389149,0.7494974138068965,0.7494974138068965
cb_rnn,4,25,21,full,0.9361427179408135,-0.08370297821424778,0.7839396336406383,0.7839396336406383
cb_rnn,4,25,22,full,1.0783781908823298,0.05618517385473263,0.8827940297866703,0.8827940297866703
cb_rnn,4,25,23,full,1.0791976608050353,0.055478793256360764,0.8427676451856267,0.8427676451856267
cb_rnn,4,25,1,det,0.9775188034549298,-0.023638675280351466,0.9126341881451994,0.9126341881451994
cb_rnn,4,25,2,det,0.9542460897745721,-0.05001232482727069,0.852061174265737,0.852061174265737
cb_rnn,4,25,3,det,0.9173464303239626,-0.0926790836964058,0.7849923758840055,0.7849923758840055
cb_rnn,4,25,4,det,0.9072365957532501,-0.10665652158225872,0.7712298036890879,0.7712298036890879
cb_rnn,4,25,5,det,0.8993492234689717,-0.11735425447313086,0.752472659397271,0.752472659397271
cb_rnn,4,25,6,det,0.8847219042212633,-0.13594620121025122,0.7235336317086181,0.7235336317086181
cb_rnn,4,25,7,det,0.8627654826773896,-0.16271792736143542,0.70292014990216,0.70292014990216
cb_rnn,4,25,8,det,0.8429948491344634,-0.18787297165805705,0.6903713021684923,0.6903713021684923
cb_rnn,4,25,9,det,0.8332825333997896,-0.20129146414443713,0.675199782042385,0.675199782042385
cb_rnn,4,25,10,det,0.8259212244050596,-0.2115518814498151,0.6714354528342303,0.6714354528342303
cb_rnn,4,25,11,det,0.81115497644567,-0.2306718626921846,0.6619809808377256,0.6619809808377256
cb_rnn,4,25,12,det,0.7918383129595383,-0.25628159902432446,0.6390913814975809,0.6390913814975809
cb_rnn,4,25,13,det,0.7878433769594794,-0.2624992798258266,0.6338183866377354,0.6338183866377354
cb_rnn,4,25,14,det,0.7834172361371513,-0.26835908026907507,0.6249890267818132,0.6249890267818132
cb_rnn,4,25,15,det,0.7646156123836156,-0.292180203497524,0.611504581065054,0.611504581065054
cb_rnn,4,25,16,det,0.7527844107332031,-0.30736541398044004,0.6077309918875726,0.6077309918875726
cb_rnn,4,25,17,det,0.7556691146130387,-0.30433369989051884,0.6125311503251585,0.6125311503251585
cb_rnn,4,25,18,det,0.7624212200110971,-0.29625608960440486,0.6133435480576992,0.6133435480576992
cb_rnn,4,25,19,det,0.7625261359530981,-0.29589585304107857,0.6159706916910472,0.6159706916910472
cb_rnn,4,25,20,det,0.7636405278956966,-0.29346935091811216,0.6194554356872988,0.6194554356872988
cb_rnn,4,25,21,det,0.7795510774855976,-0.27285346613784034,0.6372262380740854,0.6372262380740854
cb_rnn,4,25,22,det,0.7867603924665317,-0.2646354401137879,0.6300082050117167,0.6300082050117167
cb_rnn,4,25,23,det,0.7861183566015895,-0.26391620268097793,0.6262025266164617,0.6262025266164617
cb_rnn,4,30,1,full,1.0695673185806145,0.06489138279768694,0.9409289707003023,0.9409289707003023
cb_rnn,4,30,2,full,1.1300580598334833,0.11815098595855911,0.9355727806373492,0.9355727806373492
cb_rnn,4,30,3,full,1.1243525430616095,0.11042823450661826,0.9082936398429107,0.9082936398429107
cb_rnn,4,30,4,full,1.1261223486882892,0.10916906971161361,0.8924332602763756,0.8924332602763756
cb_rnn,4,30,5,full,1.1342528500719202,0.11380415074735097,0.8925073329807838,0.8925073329807838
cb_rnn,4,30,6,full,1.1382431229105723,0.1142056398648224,0.8962764928028276,0.8962764928028276
cb_rnn,4,30,7,full,1.140099757986504,0.11259896054621088,0.8968910999649935,0.8968910999649935
cb_rnn,4,30,8,full,1.134334542153465,0.10435309364227577,0.8862035329910732,0.8862035329910732
cb_rnn,4,30,9,full,1.1185043256151612,0.08810665693586656,0.8758624411568336,0.8758624411568336
cb_rnn,4,30,10,full,1.0939222637049097,0.06315226575603207,0.8623080922498847,0.8623080922498847
cb_rnn,4,30,11,full,1.0786020357931734,0.045842355448725204,0.8424879713591303,0.8424879713591303
cb_rnn,4,30,12,full,1.0769307064150784,0.042286175434957246,0.8378017198928448,0.8378017198928448
cb_rnn,4,30,13,full,1.061314200717046,0.024241711349746575,0.8316400754983573,0.8316400754983573
cb_rnn,4,30,14,full,1.0332277998806711,-0.005308381028238322,0.8110307712826971,0.8110307712826971
cb_rnn,4,30,15,full,1.0251101588266434,-0.015726539343446054,0.8016040818528666,0.8016040818528666
cb_rnn,4,30,16,full,1.0112400186056416,-0.02944271082191728,0.7931148952549889,0.7931148952549889
cb_rnn,4,30,17,full,0.9845469615768392,-0.05726507978002123,0.7831823839528009,0.7831823839528009
cb_rnn,4,30,18,full,0.9681699488171722,-0.07600275337135294,0.7747536229517167,0.7747536229517167
cb_rnn,4,30,19,full,0.9524466662565374,-0.09322799813734103,0.7658011802207371,0.7658011802207371
cb_rnn,4,30,20,full,0.9271691401311634,-0.12132877308013529,0.7536451639301035,0.7536451639301035
cb_rnn,4,30,21,full,0.9201924691682262,-0.13127832934356687,0.752953627488413,0.752953627488413
cb_rnn,4,30,22,full,0.9360027303978251,-0.1160307702277785,0.7652330075613727,0.7652330075613727
cb_rnn,4,30,23,full,0.9383867390356817,-0.11333559060025217,0.7664356357645312,0.7664356357645312
cb_rnn,4,30,24,full,0.932938417560816,-0.12010340905021039,0.7601306045238703,0.7601306045238703
cb_rnn,4,30,25,full,0.934069783399958,-0.11740232434701735,0.7565884915077454,0.7565884915077454
cb_rnn,4,30,26,full,0.94150628807664,-0.10750935377741415,0.7610499403654667,0.7610499403654667
cb_rnn,4,30,27,full,0.9683100532606865,-0.07462065104452395,0.7734049722598666,0.7734049722598666
cb_rnn,4,30,28,full,0.9468548306825688,-0.09728519145892893,0.7112237324334137,0.7112237324334137
cb_rnn,4,30,1,det,1.0705029280494471,0.06564967407425212,0.9400052268674439,0.9400052268674439
cb_rnn,4,30,2,det,1.1099152531490686,0.09978805684878439,0.915367156268533,0.915367156268533
cb_rnn,4,30,3,det,1.1132472272162204,0.09987358732069698,0.8912715802027065,0.8912715802027065
cb_rnn,4,30,4,det,1.1173130774997264,0.10069932159988812,0.8773398824594918,0.8773398824594918
cb_rnn,4,30,5,det,1.1180159801849847,0.09834938088141984,0.8716311521387851,0.8716311521387851
cb_rnn,4,30,6,det,1.1195037815542124,0.09614474647480675,0.8679730187656101,0.8679730187656101
cb_rnn,4,30,7,det,1.118997147929763,0.09186317147451613,0.8648653072010111,0.8648653072010111
cb_rnn,4,30,8,det,1.1096541744895108,0.07991360856803106,0.855740017699715,0.855740017699715
cb_rnn,4,30,9,det,1.095649299909187,0.06450817087576188,0.8439028984402939,0.8439028984402939
cb_rnn,4,30,10,det,1.08244735032426,0.04940662500112422,0.8325059722288992,0.8325059722288992
cb_rnn,4,30,11,det,1.0721798134947917,0.03666126845967638,0.8188641724389034,0.8188641724389034
cb_rnn,4,30,12,det,1.0601050425739529,0.022584350305057517,0.8083742259788862,0.8083742259788862
cb_rnn,4,30,13,det,1.044934174612968,0.004365794025111648,0.7994547106498686,0.7994547106498686
cb_rnn,4,30,14,det,1.0208296953494964,-0.021972271776168853,0.7786588998527234,0.7786588998527234
cb_rnn,4,30,15,det,1.00334289786886,-0.04229100026296113,0.7654175488143352,0.7654175488143352
cb_rnn,4,30,16,det,0.9845634170202203,-0.061517499587841,0.7522078927824185,0.7522078927824185
cb_rnn,4,30,17,det,0.9667154999612138,-0.08057209233744833,0.7486749742699348,0.7486749742699348
cb_rnn,4,30,18,det,0.9423949120491052,-0.10857618047210646,0.7351503852968183,0.7351503852968183
cb_rnn,4,30,19,det,0.9172236862851748,-0.13783487412910045,0.721195556867481,0.721195556867481
cb_rnn,4,30,20,det,0.9022403216019779,-0.15520648057890735,0.7152901401415048,0.7152901401415048
cb_rnn,4,30,21,det,0.8983153055734572,-0.16149492005072394,0.7153687223102637,0.7153687223102637
cb_rnn,4,30,22,det,0.9024652049709867,-0.1584919839732817,0.7212744961022144,0.7212744961022144
cb_rnn,4,30,23,det,0.8988316509366363,-0.16365685187215157,0.7189284734157966,0.7189284734157966
cb_rnn,4,30,24,det,0.8921134100348243,-0.17210471919939785,0.7128642642180734,0.7128642642180734
cb_rnn,4,30,25,det,0.8858684244414374,-0.1812549969987766,0.7085024273145683,0.7085024273145683
cb_rnn,4,30,26,det,0.8927421074827577,-0.17225142041316027,0.7146458049881187,0.7146458049881187
cb_rnn,4,30,27,det,0.8841562489960441,-0.18113286889061264,0.7039492639135466,0.7039492639135466
cb_rnn,4,30,28,det,0.8485874192035796,-0.22029747193162755,0.6605260641834055,0.6605260641834055
cb_rnn,5,7,1,full,1.0506436975833569,0.0475008928319912,1.0000417875958316,1.0000417875958316
cb_rnn,5,7,2,full,1.0353201838718094,0.02890686846521617,0.9756047841736347,0.9756047841736347
cb_rnn,5,7,3,full,0.9714890343136603,-0.03602249698940957,0.9024836562216161,0.9024836562216161
cb_rnn,5,7,4,full,1.1916930900141292,0.1612170404348135,1.10081838569008,1.10081838569008
cb_rnn,5,7,5,full,1.285621149306958,0.23353147010727093,1.1871606061612554,1.1871606061612554
cb_rnn,5,7,1,det,0.6233984206364385,-0.47371643499530103,0.5194124790809218,0.5194124790809218
cb_rnn,5,7,2,det,0.4401274704264879,-0.8260526302766685,0.28818194300489286,0.28818194300489286
cb_rnn,5,7,3,det,0.3459796910754985,-1.0690080665398276,0.21301985821952873,0.21301985821952873
cb_rnn,5,7,4,det,0.2635085832405332,-1.3419959029487363,0.13225519992134452,0.13225519992134452
cb_rnn,5,7,5,det,0.19316446765273046,-1.6541863364460805,0.1131612782110942,0.1131612782110942
cb_rnn,5,11,1,full,0.9588400103048853,-0.04281752991279475,0.9171529884635268,0.9171529884635268
cb_rnn,5,11,2,full,0.9228737327586038,-0.0827041348962903,0.869379006564289,0.869379006564289
cb_rnn,5,11,3,full,0.9433201355621497,-0.06291151427378104,0.8769158052496262,0.8769158052496262
cb_rnn,5,11,4,full,0.9213436014889408,-0.08710508529961106,0.8487609706767189,0.8487609706767189
cb_rnn,5,11,5,full,0.907557595222982,-0.10254955521869641,0.8252632116348626,0.8252632116348626
cb_rnn,5,11,6,full,0.9168180033656947,-0.0941110663900637,0.830296843511241,0.830296843511241
cb_rnn,5,11,7,full,0.9427518678406632,-0.06771884847572368,0.8674993120996193,0.8674993120996193
cb_rnn,5,11,8,full,0.988448927650568,-0.02518125859752567,0.8987936996295942,0.8987936996295942
cb_rnn,5,11,9,full,1.0225786439325808,0.009360618644022541,0.9197805182464586,0.9197805182464586
cb_rnn,5,11,1,det,0.670025871592921,-0.4010546635531491,0.5724028714144944,0.5724028714144944
cb_rnn,5,11,2,det,0.525192463390808,-0.6467273458372571,0.4057575198683623,0.4057575198683623
cb_rnn,5,11,3,det,0.4470171742761584,-0.811703904389538,0.2943344999697492,0.2943344999697492
cb_rnn,5,11,4,det,0.3817983146443323,-0.973527218451235,0.24908233621875664,0.24908233621875664
cb_rnn,5,11,5,det,0.31392096039302064,-1.1734044341968586,0.19041422804500144,0.19041422804500144
cb_rnn,5,11,6,det,0.25132233575534757,-1.3998587886908167,0.13699902817709192,0.13699902817709192
cb_rnn,5,11,7,det,0.19851188041123635,-1.6405693621535127,0.12160867317493157,0.12160867317493157
cb_rnn,5,11,8,det,0.15222683273350324,-1.9110059099071572,0.08245409473889326,0.08245409473889326
cb_rnn,5,11,9,det,0.11418318063780575,-2.203050282862972,0.06407139858544522,0.06407139858544522
cb_rnn,5,16,1,full,0.9275617609413893,-0.07577224268697849,0.8873179143744683,0.8873179143744683
cb_rnn,5,16,2,full,0.9440472727854926,-0.05976010306088961,0.8831844143933778,0.8831844143933778
cb_rnn,5,16,3,full,0.9582525596792683,-0.04717839991726898,0.8805817996924472,0.8805817996924472
cb_rnn,5,16,4,full,0.9410267524603416,-0.0661182082309342,0.8470280528858367,0.8470280528858367
cb_rnn,5,16,5,full,0.9389547692468829,-0.06972353392348354,0.844407902717976,0.844407902717976
cb_rnn,5,16,6,full,0.9261275149695948,-0.08496155442190617,0.8286072383475889,0.8286072383475889
cb_rnn,5,16,7,full,0.9070197847044881,-0.10705557606726272,0.8104303895210725,0.8104303895210725
cb_rnn,5,16,8,full,0.8964781360471029,-0.12066974243082466,0.8132286017125906,0.8132286017125906
cb_rnn,5,16,9,full,0.9021033503746831,-0.11676356871656171,0.8253993502963284,0.8253993502963284
cb_rnn,5,16,10,full,0.916140565475389,-0.10236690814182009,0.8300273194494863,0.8300273194494863
cb_rnn,5,16,11,full,0.9474703559225531,-0.06958799191861137,0.8600281688586053,0.8600281688586053
cb_rnn,5,16,12,full,0.9826297632351046,-0.03354481369473669,0.8861844678891266,0.8861844678891266
cb_rnn,5,16,13,full,1.046706187054035,0.028645875224565437,0.9253281951646618,0.9253281951646618
cb_rnn,5,16,14,full,1.0068804761132015,-0.010539236033735666,0.8443416389379972,0.8443416389379972
cb_rnn,5,16,1,det,0.8276952628127727,-0.18977364038570485,0.7728871976128894,0.7728871976128894
cb_rnn,5,16,2,det,0.7759722569820352,-0.256975225616762,0.7135668385810798,0.7135668385810798
cb_rnn,5,16,3,det,0.728613339638137,-0.32428243257517186,0.6508128577510313,0.6508128577510313
cb_rnn,5,16,4,det,0.6814793695134042,-0.3959516586004451,0.5880253382355626,0.5880253382355626
cb_rnn,5,16,5,det,0.6365751638848722,-0.46900128446467493,0.5394894715121206,0.5394894715121206
cb_rnn,5,16,6,det,0.5960578520478068,-0.5390179575952292,0.4964387736947408,0.4964387736947408
cb_rnn,5,16,7,det,0.5590716062264649,-0.6069652051785694,0.4458064096756946,0.4458064096756946
cb_rnn,5,16,8,det,0.5275290290108038,-0.6695878475614923,0.42134978688078645,0.42134978688078645
cb_rnn,5,16,9,det,0.497007450389695,-0.7330659232902146,0.39671133861258256,0.39671133861258256
cb_rnn,5,16,10,det,0.4626196862948736,-0.8072954027132768,0.36343443721015256,0.36343443721015256
cb_rnn,5,16,11,det,0.42296926362984877,-0.8997426247190251,0.32751286672638547,0.32751286672638547
cb_rnn,5,16,12,det,0.377854008025892,-1.0152277774570329,0.29095111998104367,0.29095111998104367
cb_rnn,5,16,13,det,0.3264228732393222,-1.1647230595445397,0.23562274778706,0.23562274778706
cb_rnn,5,16,14,det,0.2705374679437049,-1.3573552501937094,0.19090666053718341,0.19090666053718341
cb_rnn,5,21,1,full,0.9223638980905077,-0.08108546334487421,0.8802753313480745,0.8802753313480745
cb_rnn,5,21,2,full,0.9246068511916327,-0.07985338914425033,0.8372053131235707,0.8372053131235707
cb_rnn,5,21,3,full,0.9099957813805575,-0.0968889291554034,0.7983806264255331,0.7983806264255331
cb_rnn,5,21,4,full,0.8866499389722549,-0.12393693496180391,0.766610113480775,0.766610113480775
cb_rnn,5,21,5,full,0.8622807584858986,-0.15282330913903658,0.7420943291935292,0.7420943291935292
cb_rnn,5,21,6,full,0.8760816896801737,-0.1381662047784076,0.7534248012424796,0.7534248012424796
cb_rnn,5,21,7,full,0.8759383573679893,-0.13926296324342807,0.7501450888753589,0.7501450888753589
cb_rnn,5,21,8,full,0.8744803107588002,-0.14095717593496668,0.741935787769985,0.741935787769985
cb_rnn,5,21,9,full,0.872807116951997,-0.1434015739532637,0.7388994448408395,0.7388994448408395
cb_rnn,5,21,10,full,0.892029635304459,-0.12262973706327637,0.7622508686745215,0.7622508686745215
cb_rnn,5,21,11,full,0.9080762551941448,-0.10609649748801453,0.7670241818247565,0.7670241818247565
cb_rnn,5,21,12,full,0.9373714318506893,-0.07484603166892176,0.7836699148269165,0.7836699148269165
cb_rnn,5,21,13,full,0.9420703825737979,-0.07112700807175723,0.7846791231322374,0.7846791231322374
cb_rnn,5,21,14,full,0.9547564640966448,-0.05895718454289914,0.7943007471320283,0.7943007471320283
cb_rnn,5,21,15,full,0.9813358200561114,-0.032665327418285414,0.8164646357154068,0.8164646357154068
cb_rnn,5,21,16,full,1.0057464961333418,-0.008401083993159414,0.8427302303104582,0.8427302303104582
cb_rnn,5,21,17,full,1.058874360552186,0.04270214015597994,0.8772966141904948,0.8772966141904948
cb_rnn,5,21,18,full,1.1632218840604893,0.13729317388712137,0.9483024783252668,0.9483024783252668
cb_rnn,5,21,19,full,1.102670585436547,0.08342575753104367,0.8604104598525386,0.8604104598525386
cb_rnn,5,21,1,det,0.895367533078457,-0.11079914662912341,0.8500931961975122,0.8500931961975122
cb_rnn,5,21,2,det,0.877404691531237,-0.13252555486892625,0.7849471818634974,0.7849471818634974
cb_rnn,5,21,3,det,0.8453755681566294,-0.17152951323945248,0.7309240345043341,0.7309240345043341
cb_rnn,5,21,4,det,0.80693491327698,-0.21929091397376216,0.6849583915674072,0.6849583915674072
cb_rnn,5,21,5,det,0.7807103514587861,-0.2538118971269579,0.6617031672094904,0.6617031672094904
cb_rnn,5,21,6,det,0.7593318533060073,-0.28390395475379604,0.6406874709405059,0.6406874709405059
cb_rnn,5,21,7,det,0.7439265825998798,-0.3062192922596664,0.6250185327037691,0.6250185327037691
cb_rnn,5,21,8,det,0.7361462461120194,-0.3170392011483672,0.6041604464018153,0.6041604464018153
cb_rnn,5,21,9,det,0.72778514602194,-0.329424911811963,0.5849951884773079,0.5849951884773079
cb_rnn,5,21,10,det,0.7265056110964652,-0.3332045916813428,0.5836006145759929,0.5836006145759929
cb_rnn,5,21,11,det,0.7259646411933901,-0.33603622956798096,0.576961355813022,0.576961355813022
cb_rnn,5,21,12,det,0.7230089280331053,-0.3421035921063253,0.5599943419132394,0.5599943419132394
cb_rnn,5,21,13,det,0.7195821152944548,-0.34896720117358554,0.5591195367994212,0.5591195367994212
cb_rnn,5,21,14,det,0.7124321381514218,-0.3606951076160101,0.5466684692888859,0.5466684692888859
cb_rnn,5,21,15,det,0.7087017162030558,-0.3674893525609601,0.5387747824233282,0.5387747824233282
cb_rnn,5,21,16,det,0.70118131818245,-0.3786483934031685,0.5323277867107566,0.5323277867107566
cb_rnn,5,21,17,det,0.6780652814292119,-0.41263736997161915,0.5202098474578483,0.5202098474578483
cb_rnn,5,21,18,det,0.6270435555231477,-0.49175063714354794,0.4680183832720769,0.4680183832720769
cb_rnn,5,21,19,det,0.5423005909995704,-0.6395278242298826,0.3918972530966039,0.3918972530966039
cb_rnn,5,25,1,full,0.9527473027807616,-0.04898518888722673,0.8701726486689594,0.8701726486689594
cb_rnn,5,25,2,full,1.0040323430916474,0.0019866125965074827,0.8665571088538829,0.8665571088538829
cb_rnn,5,25,3,full,0.9919485466770817,-0.011477567613699254,0.8341507128057684,0.8341507128057684
cb_rnn,5,25,4,full,0.9845016125799742,-0.020815083990352836,0.8133985622148876,0.8133985622148876
cb_rnn,5,25,5,full,0.9883519012544666,-0.01864438294855581,0.8142162768518907,0.8142162768518907
cb_rnn,5,25,6,full,0.9867378432282184,-0.021659661025655308,0.8133952915912568,0.8133952915912568
cb_rnn,5,25,7,full,0.9746643593062078,-0.03579483386503029,0.8038231943158166,0.8038231943158166
cb_rnn,5,25,8,full,0.959303716224579,-0.05354991003543284,0.7874351089675483,0.7874351089675483
cb_rnn,5,25,9,full,0.9617685873135082,-0.05250905564443925,0.7855353300862975,0.7855353300862975
cb_rnn,5,25,10,full,0.9640179653128141,-0.05184314154307327,0.7910838015002645,0.7910838015002645
cb_rnn,5,25,11,full,0.9386027928580571,-0.0802208498361825,0.7709361622178202,0.7709361622178202
cb_rnn,5,25,12,full,0.9288390977809212,-0.0924204315386562,0.7627549194312944,0.7627549194312944
cb_rnn,5,25,13,full,0.9422038870428013,-0.07924298532433405,0.7689718085929935,0.7689718085929935
cb_rnn,5,25,14,full,0.9555941360488012,-0.06506962812952721,0.7748324424362265,0.7748324424362265
cb_rnn,5,25,15,full,0.9530917440618951,-0.07001897210670467,0.7671006363098827,0.7671006363098827
cb_rnn,5,25,16,full,0.9526424691393579,-0.07275901827950097,0.7727099233568737,0.7727099233568737
cb_rnn,5,25,17,full,0.9722306894033694,-0.05347011497238151,0.7893528401053813,0.7893528401053813
cb_rnn,5,25,18,full,1.0043169952011708,-0.020881410847660556,0.8131055549338773,0.8131055549338773
cb_rnn,5,25,19,full,1.0016103799899816,-0.02413949934974438,0.8149314150275444,0.8149314150275444
cb_rnn,5,25,20,full,0.9949073759854887,-0.031702534602253675,0.8156585736198763,0.8156585736198763
cb_rnn,5,25,21,full,1.0403556450814784,0.013604329277470977,0.8475078343519131,0.8475078343519131
cb_rnn,5,25,22,full,1.1091034469162122,0.0812949645393638,0.9032652219123748,0.9032652219123748
cb_rnn,5,25,23,full,1.0404816749956718,0.01716887533184309,0.7896222278774339,0.790041820818041
cb_rnn,5,25,1,det,0.9453581272267962,-0.05690156137753799,0.859916462578218,0.859916462578218
cb_rnn,5,25,2,det,0.9644829075211696,-0.038344364790260266,0.8260008128019793,0.8260008128019793
cb_rnn,5,25,3,det,0.971903031170323,-0.0325913001386881,0.8128276218436384,0.8128276218436384
cb_rnn,5,25,4,det,0.9623546678888928,-0.044140705428767704,0.7912453348353181,0.7912453348353181
cb_rnn,5,25,5,det,0.9533882017607606,-0.05550790287140743,0.7780068013876471,0.7780068013876471
cb_rnn,5,25,6,det,0.9497388654400127,-0.061176555344667954,0.7743131796714275,0.7743131796714275
cb_rnn,5,25,7,det,0.9385473315234418,-0.07497964066486645,0.7578593714308773,0.7578593714308773
cb_rnn,5,25,8,det,0.9240318121119497,-0.09265620138316508,0.7402985331817196,0.7402985331817196
cb_rnn,5,25,9,det,0.9166316564100679,-0.10235991384373756,0.7299705162399193,0.7299705162399193
cb_rnn,5,25,10,det,0.9109536690528498,-0.11049986365260009,0.7250757739441419,0.7250757739441419
cb_rnn,5,25,11,det,0.8945212121544888,-0.13106915119866847,0.7113709592371777,0.7113709592371777
cb_rnn,5,25,12,det,0.8881106911078016,-0.14030021374779847,0.6979371244883582,0.6979371244883582
cb_rnn,5,25,13,det,0.8927771115187352,-0.13660905711234714,0.6991144157719752,0.6991144157719752
cb_rnn,5,25,14,det,0.8926129248304631,-0.13802799987793013,0.6977653115181851,0.6977653115181851
cb_rnn,5,25,15,det,0.8857791234518331,-0.14858360754146271,0.6830661381596781,0.6830661381596781
cb_rnn,5,25,16,det,0.8871005668778216,-0.14972847391549998,0.6888764045955746,0.6888764045955746
cb_rnn,5,25,17,det,0.8970986194993579,-0.14004067982528057,0.6976687297704242,0.6976687297704242
cb_rnn,5,25,18,det,0.9066147509110783,-0.1302760992342341,0.7078022998957818,0.7078022998957818
cb_rnn,5,25,19,det,0.9073213248655466,-0.130211862334137,0.7125222587985461,0.7125222587985461
cb_rnn,5,25,20,det,0.9136858224159878,-0.12326791332104847,0.7182277441223832,0.7182277441223832
cb_rnn,5,25,21,det,0.9138119190542142,-0.12236064994887616,0.727800702865603,0.727800702865603
cb_rnn,5,25,22,det,0.8688597868259316,-0.17277596010402957,0.6958610269101978,0.6958610269101978
cb_rnn,5,25,23,det,0.7574187784295535,-0.31351317926974176,0.5928921117367023,0.5928921117367023
cb_rnn,5,30,1,full,1.0528028815109525,0.04983398942306,0.9291721421565695,0.9291721421565695
cb_rnn,5,30,2,full,1.114504991208959,0.1043442666226378,0.9499989629961126,0.9499989629961126
cb_rnn,5,30,3,full,1.1400054901763803,0.12423297208422539,0.9682366728579517,0.9682366728579517
cb_rnn,5,30,4,full,1.1458375604510358,0.12718675635379437,0.968825891299709,0.968825891299709
cb_rnn,5,30,5,full,1.1326513463577932,0.11347712245040104,0.9571516679829304,0.9571516679829304
cb_rnn,5,30,6,full,1.1142497357841907,0.0946510030430743,0.9436203290647269,0.9436203290647269
cb_rnn,5,30,7,full,1.1057085033753564,0.08494266447946747,0.9425906703343496,0.9425906703343496
cb_rnn,5,30,8,full,1.1037817321215404,0.08126360583441548,0.9410245725162485,0.9410245725162485
cb_rnn,5,30,9,full,1.0943769712363074,0.07058273785113456,0.93561363306609,0.93561363306609
cb_rnn,5,30,10,full,1.0809788181266362,0.05539121951774868,0.9260629033416531,0.9260629033416531
cb_rnn,5,30,11,full,1.0752273198750697,0.046899927128938375,0.9217255844555899,0.9217255844555899
cb_rnn,5,30,12,full,1.0716845270559532,0.04067479720412985,0.9164142568603327,0.9164142568603327
cb_rnn,5,30,13,full,1.0502596884200284,0.01789797362637883,0.8966770054156987,0.8966770054156987
cb_rnn,5,30,14,full,1.0227229421803536,-0.010300256362721083,0.8733717937427834,0.8733717937427834
cb_rnn,5,30,15,full,1.0119158137182476,-0.021189404503143203,0.867643050908895,0.867643050908895
cb_rnn,5,30,16,full,1.0120018245382685,-0.021976695236464394,0.8652454152259936,0.8652454152259936
cb_rnn,5,30,17,full,1.0099708947803094,-0.02485575218583845,0.8650187748891236,0.8650187748891236
cb_rnn,5,30,18,full,1.001297089128132,-0.03400434175476168,0.8576912411751683,0.8576912411751683
cb_rnn,5,30,19,full,0.9800359982308944,-0.05734504847814301,0.838022537380638,0.838022537380638
cb_rnn,5,30,20,full,0.9536216246512893,-0.08632051378028961,0.817931220556975,0.817931220556975
cb_rnn,5,30,21,full,0.9373383777108588,-0.1061410641479059,0.8055009468172915,0.8055009468172915
cb_rnn,5,30,22,full,0.9379882234361128,-0.10562694763500857,0.8108583712162083,0.8108583712162083
cb_rnn,5,30,23,full,0.933576666528164,-0.1105441349798573,0.8110628011221221,0.8110628011221221
cb_rnn,5,30,24,full,0.9084738703340791,-0.13967682928172537,0.7817889161641481,0.7817889161641481
cb_rnn,5,30,25,full,0.904163035404006,-0.14443923429361802,0.7735643880878094,0.7735643880878094
cb_rnn,5,30,26,full,0.9386144454813041,-0.10407856197724258,0.7980225453454795,0.7980225453454795
cb_rnn,5,30,27,full,0.9670529862613302,-0.0679532989816689,0.81917792057338,0.81917792057338
cb_rnn,5,30,28,full,0.9190601846950148,-0.12009954488350749,0.6720592474861979,0.6720592474861979
cb_rnn,5,30,1,det,1.0470009882047007,0.04409351451771376,0.9278933773111211,0.9278933773111211
cb_rnn,5,30,2,det,1.10043636827139,0.09094888924144746,0.9387833221685082,0.9387833221685082
cb_rnn,5,30,3,det,1.136404395122023,0.1199016053565155,0.9607115730846133,0.9607115730846133
cb_rnn,5,30,4,det,1.1444733740199284,0.12504962065260422,0.9642397669106714,0.9642397669106714
cb_rnn,5,30,5,det,1.1315609003545215,0.1115851291394923,0.9525279273225167,0.9525279273225167
cb_rnn,5,30,6,det,1.1136715938905377,0.09298229127151267,0.9393210982759317,0.9393210982759317
cb_rnn,5,30,7,det,1.105711657767388,0.0835786751066335,0.9395899971144539,0.9395899971144539
cb_rnn,5,30,8,det,1.1021707905771851,0.0780189897681165,0.9362659369965196,0.9362659369965196
cb_rnn,5,30,9,det,1.0915806245291853,0.06565459287148255,0.9296387381217435,0.9296387381217435
cb_rnn,5,30,10,det,1.078703542597257,0.05070785359177573,0.9186476736042541,0.9186476736042541
cb_rnn,5,30,11,det,1.0731929657227446,0.04179327056970753,0.9155773494728727,0.9155773494728727
cb_rnn,5,30,12,det,1.0696997017600003,0.03510684348662023,0.9096965141902904,0.9096965141902904
cb_rnn,5,30,13,det,1.0522865526378098,0.015621351524008755,0.890950386970905,0.890950386970905
cb_rnn,5,30,14,det,1.0276954362012622,-0.01025895972426211,0.8700257027237297,0.8700257027237297
cb_rnn,5,30,15,det,1.014701598740893,-0.024129485978304284,0.8626068968102725,0.8626068968102725
cb_rnn,5,30,16,det,1.0102017383803108,-0.029806897670945687,0.8566624747767995,0.8566624747767995
cb_rnn,5,30,17,det,1.00229215491252,-0.03908181506428738,0.8519194222780775,0.8519194222780775
cb_rnn,5,30,18,det,0.9886780526318732,-0.05365677599321908,0.8394773836365381,0.8394773836365381
cb_rnn,5,30,19,det,0.9661766229590567,-0.07873726572447878,0.8207183840565828,0.8207183840565828
cb_rnn,5,30,20,det,0.9391928087221528,-0.10972969721122451,0.7972746903234785,0.7972746903234785
cb_rnn,5,30,21,det,0.9239385016947601,-0.12919480412344464,0.7864043860744532,0.7864043860744532
cb_rnn,5,30,22,det,0.9224672671361949,-0.13112456818097334,0.792335896761228,0.792335896761228
cb_rnn,5,30,23,det,0.9089955460804864,-0.14616919198427308,0.7841835861265123,0.7841835861265123
cb_rnn,5,30,24,det,0.8842928501290406,-0.1772103290909043,0.7555526709912765,0.7555526709912765
cb_rnn,5,30,25,det,0.8812881964886379,-0.18278369541385592,0.74911441093011,0.74911441093011
cb_rnn,5,30,26,det,0.8790979843583435,-0.18287296206226558,0.7552264297848494,0.7552264297848494
cb_rnn,5,30,27,det,0.8369616517084337,-0.2279714867567386,0.7201248687335774,0.7201248687335774
cb_rnn,5,30,28,det,0.7203959953573209,-0.38096184695841345,0.576612268799323,0.576612268799323
cb_rnn,6,7,1,full,1.1141198198477624,0.10595957173336458,1.046015616773056,1.046015616773056
cb_rnn,6,7,2,full,1.0425299896093834,0.037012340031725884,0.9325175649853017,0.9325175649853017
cb_rnn,6,7,3,full,1.0469652142719537,0.03904746446095404,0.9297072558552693,0.9297072558552693
cb_rnn,6,7,4,full,1.2108392111304824,0.1771930747647968,1.0950517129635409,1.0950517129635409
cb_rnn,6,7,5,full,1.3404540282242983,0.27660799623797805,1.2008977858256547,1.2008977858256547
cb_rnn,6,7,1,det,0.6856894491657303,-0.3782356263812586,0.5707545928964348,0.5707545928964348
cb_rnn,6,7,2,det,0.5119449448925365,-0.6716421376941011,0.3898100459435466,0.3898100459435466
cb_rnn,6,7,3,det,0.40888200891746873,-0.899270688524215,0.27784554947312584,0.27784554947312584
cb_rnn,6,7,4,det,0.32551743980941455,-1.129685256744347,0.2150779254827005,0.2150779254827005
cb_rnn,6,7,5,det,0.24482117745107626,-1.4162542274264824,0.15565793102767728,0.15565793102767728
cb_rnn,6,11,1,full,1.0117539981939083,0.010552602424655309,0.9767260796687451,0.9767260796687451
cb_rnn,6,11,2,full,1.0165669436553544,0.012932301938147801,0.9673743735314764,0.9673743735314764
cb_rnn,6,11,3,full,1.0032992500377782,-0.0035554949774468676,0.9401968690413531,0.9401968690413531
cb_rnn,6,11,4,full,0.9840622179723078,-0.02594056063820492,0.9193461836720112,0.9193461836720112
cb_rnn,6,11,5,full,0.9604504824278092,-0.052390212946089254,0.8899970848195375,0.8899970848195375
cb_rnn,6,11,6,full,0.9966408995897581,-0.019705523853300252,0.919899934157309,0.919899934157309
cb_rnn,6,11,7,full,0.9934378383783575,-0.0256613885456768,0.9112151432944017,0.9112151432944017
cb_rnn,6,11,8,full,1.0871184584069646,0.056925951730762606,1.0031142774995858,1.0031142774995858
cb_rnn,6,11,9,full,1.1463839586411568,0.1117952919304788,1.0446032013091906,1.0446032013091906
cb_rnn,6,11,1,det,0.7934287950651908,-0.2323594845020106,0.716822623564507,0.716822623564507
cb_rnn,6,11,2,det,0.6663162175604893,-0.4112119581080171,0.5584725491570461,0.5584725491570461
cb_rnn,6,11,3,det,0.5745050792227817,-0.5667540451843243,0.43456151931404596,0.43456151931404596
cb_rnn,6,11,4,det,0.5042428780549555,-0.7054118143087221,0.37408939462329904,0.37408939462329904
cb_rnn,6,11,5,det,0.4373515200207401,-0.854924426639672,0.33398582387464537,0.33398582387464537
cb_rnn,6,11,6,det,0.3678493037869342,-1.0349169071849496,0.2550368413075537,0.2550368413075537
cb_rnn,6,11,7,det,0.3000269634425575,-1.24474709556393,0.21136351955222776,0.21136351955222776
cb_rnn,6,11,8,det,0.23651899229402257,-1.4886534408065546,0.1651717347832437,0.1651717347832437
cb_rnn,6,11,9,det,0.18053107377150968,-1.7640290394507239,0.11404111777060268,0.11404111777060268
cb_rnn,6,16,1,full,0.9866680943479015,-0.014053604521602609,0.9665314646732855,0.9665314646732855
cb_rnn,6,16,2,full,0.9883309920893905,-0.014209665917928521,0.961689818352669,0.961689818352669
cb_rnn,6,16,3,full,1.016312356325228,0.01042869597879064,0.9802529318116744,0.9802529318116744
cb_rnn,6,16,4,full,1.028934553152591,0.020634529102604725,0.9884100458906374,0.9884100458906374
cb_rnn,6,16,5,full,1.0288563851905403,0.019188126353223173,0.9868293530594665,0.9868293530594665
cb_rnn,6,16,6,full,1.0145047369542253,0.0030823843206176232,0.9672159215707932,0.9672159215707932
cb_rnn,6,16,7,full,1.0099186890046497,-0.0030416859193271584,0.962375423527509,0.962375423527509
cb_rnn,6,16,8,full,0.992879814925101,-0.021352208333038854,0.9462994797497206,0.9462994797497206
cb_rnn,6,16,9,full,0.9821898945728929,-0.033155023591055,0.9302288316844163,0.9302288316844163
cb_rnn,6,16,10,full,1.0138985203955597,-0.002424673142761572,0.9560659912347679,0.9560659912347679
cb_rnn,6,16,11,full,1.0610865242984713,0.04134958143928878,1.0005874058559938,1.0005874058559938
cb_rnn,6,16,12,full,1.070296942553384,0.05037843006622837,1.0013022258276734,1.0013022258276734
cb_rnn,6,16,13,full,1.1197549080614513,0.09306010979006954,1.0365151461152333,1.0365151461152333
cb_rnn,6,16,14,full,1.1380782999520784,0.10790114094727715,1.013084263937516,1.013084263937516
cb_rnn,6,16,1,det,0.9206743995076861,-0.08339466979574511,0.875548754863147,0.875548754863147
cb_rnn,6,16,2,det,0.8826743950815101,-0.12829404183424398,0.8311383334449052,0.8311383334449052
cb_rnn,6,16,3,det,0.8236027355825017,-0.20270550048156832,0.7702332585913366,0.7702332585913366
cb_rnn,6,16,4,det,0.7629097967446951,-0.28507842142704476,0.7030377658178127,0.7030377658178127
cb_rnn,6,16,5,det,0.7052693694435099,-0.3689139843232824,0.6380364964250613,0.6380364964250613
cb_rnn,6,16,6,det,0.6559446603284479,-0.4483409905578533,0.5890833917435672,0.5890833917435672
cb_rnn,6,16,7,det,0.6217743629287971,-0.5093805203773383,0.5520909269660486,0.5520909269660486
cb_rnn,6,16,8,det,0.5922192959688761,-0.5643951719831023,0.5077344759356317,0.5077344759356317
cb_rnn,6,16,9,det,0.558772969925313,-0.6278022930012035,0.454974250576712,0.454974250576712
cb_rnn,6,16,10,det,0.5214056088916497,-0.7007327996883295,0.4247877649136849,0.4247877649136849
cb_rnn,6,16,11,det,0.4765396362174861,-0.7940345509394321,0.38697350991173685,0.38697350991173685
cb_rnn,6,16,12,det,0.42583865281149413,-0.9097559771565074,0.34633815060596085,0.34633815060596085
cb_rnn,6,16,13,det,0.3701829216496706,-1.0527191025903853,0.2979664186194793,0.2979664186194793
cb_rnn,6,16,14,det,0.3119019249960835,-1.2266686013069106,0.22789757528383847,0.22789757528383847
cb_rnn,6,21,1,full,1.0115763468761676,0.009854512105755959,0.9799942417193733,0.9799942417193733
cb_rnn,6,21,2,full,1.0276815966226047,0.022783036088472153,0.9682796253556338,0.9682796253556338
cb_rnn,6,21,3,full,0.9976942899145357,-0.011124389359742042,0.9244958836814954,0.9244958836814954
cb_rnn,6,21,4,full,0.9837887671800631,-0.029194926436099607,0.8999735434464956,0.8999735434464956
cb_rnn,6,21,5,full,0.9851153064255431,-0.030097672212930984,0.8834642703901247,0.8834642703901247
cb_rnn,6,21,6,full,0.9670226682783732,-0.049435620438198574,0.8611039334918125,0.8611039334918125
cb_rnn,6,21,7,full,0.9557436634338097,-0.06254166656968675,0.8528332466700407,0.8528332466700407
cb_rnn,6,21,8,full,0.9607563916600521,-0.05892378902776589,0.8568983788605322,0.8568983788605322
cb_rnn,6,21,9,full,0.955997831922435,-0.06616783933461287,0.8488673742720487,0.8488673742720487
cb_rnn,6,21,10,full,0.9605909484303022,-0.06336995434096455,0.8524506515967503,0.8524506515967503
cb_rnn,6,21,11,full,0.9730689557851316,-0.052835551718936793,0.8621851167095332,0.8621851167095332
cb_rnn,6,21,12,full,0.9818256807756912,-0.04613567873569341,0.8692588952843041,0.8692588952843041
cb_rnn,6,21,13,full,0.9743539773307892,-0.05548202098772958,0.8565717886104719,0.8565717886104719
cb_rnn,6,21,14,full,0.9667562296515877,-0.06381001876032485,0.8587013405734824,0.8587013405734824
cb_rnn,6,21,15,full,0.9605933915279239,-0.07036481654065628,0.8651190856551867,0.8651190856551867
cb_rnn,6,21,16,full,0.9706384227072036,-0.06067325419735043,0.8820134211772477,0.8820134211772477
cb_rnn,6,21,17,full,1.0011175985292065,-0.030526415949642345,0.8993963599917706,0.8994775693934356
cb_rnn,6,21,18,full,1.064406797363238,0.028875691792030762,0.9442533073947482,0.9442533073947482
cb_rnn,6,21,19,full,1.0646410173337701,0.029035641636242882,0.9169119820111604,0.9169119820111604
cb_rnn,6,21,1,det,0.9796221353849105,-0.022542598895915943,0.9330388449065661,0.9330388449065661
cb_rnn,6,21,2,det,0.9760812116536991,-0.02987103976492737,0.9123668922225168,0.9123668922225168
cb_rnn,6,21,3,det,0.9418252851374891,-0.07075907926662259,0.866317407262793,0.866317407262793
cb_rnn,6,21,4,det,0.9040796250402108,-0.11698235045433865,0.820292607535591,0.820292607535591
cb_rnn,6,21,5,det,0.8670213590512437,-0.16355669589809352,0.7689350475056849,0.7689350475056849
cb_rnn,6,21,6,det,0.8331067558179246,-0.20673293801456327,0.7254921157422933,0.7254921157422933
cb_rnn,6,21,7,det,0.8090702092137397,-0.23877110569640309,0.7039901614976859,0.7039901614976859
cb_rnn,6,21,8,det,0.7956668875245183,-0.2589116701730382,0.6833201253669698,0.6833201253669698
cb_rnn,6,21,9,det,0.7858670829682202,-0.2760486650065126,0.6715817828125252,0.6715817828125252
cb_rnn,6,21,10,det,0.781730548959477,-0.2863796985141359,0.6621703527084741,0.6621703527084741
cb_rnn,6,21,11,det,0.7792732422805183,-0.29403985704809904,0.6605883628134521,0.6605883628134521
cb_rnn,6,21,12,det,0.7731166070371662,-0.30778168947904255,0.6531018752599392,0.6531018752599392
cb_rnn,6,21,13,det,0.7613968394800412,-0.3275052370185374,0.6463943056591355,0.6463943056591355
cb_rnn,6,21,14,det,0.7429914292358546,-0.35377004084609365,0.6321452307435607,0.6321452307435607
cb_rnn,6,21,15,det,0.7169284601963727,-0.390668271605383,0.6193412395848847,0.6193412395848847
cb_rnn,6,21,16,det,0.6969941018305277,-0.420575867419297,0.6041138153663717,0.6041138153663717
cb_rnn,6,21,17,det,0.6815697788022537,-0.44460651314339517,0.5876098067955586,0.5876098067955586
cb_rnn,6,21,18,det,0.6553302092180993,-0.48489215767737087,0.5678155635218818,0.5678155635218818
cb_rnn,6,21,19,det,0.59720490043752,-0.5769677336198509,0.509000778786195,0.509000778786195
cb_rnn,6,25,1,full,1.000447995025969,-0.001183433813934326,0.9328547624177927,0.9328547624177927
cb_rnn,6,25,2,full,1.0815539971526418,0.07347955296471179,0.9625826151170164,0.9625826151170164
cb_rnn,6,25,3,full,1.078135440628194,0.06742899408371404,0.9346990316743589,0.9346990316743589
cb_rnn,6,25,4,full,1.0649781372853533,0.05256699468184698,0.9040850783189829,0.9040850783189829
cb_rnn,6,25,5,full,1.0755284078031861,0.060425271215670665,0.909143460695507,0.909143460695507
cb_rnn,6,25,6,full,1.0694253881663878,0.0531426871816674,0.8974426048834836,0.8974426048834836
cb_rnn,6,25,7,full,1.0547783955020043,0.03726509790815523,0.8710413477432406,0.8710413477432406
cb_rnn,6,25,8,full,1.0429806702116675,0.02308288173845835,0.8620071433306202,0.8620071433306202
cb_rnn,6,25,9,full,1.0440207841961242,0.020721959347825593,0.8748924716400021,0.8748924716400021
cb_rnn,6,25,10,full,1.0435273192730077,0.018237291471284774,0.8740654965741186,0.8740654965741186
cb_rnn,6,25,11,full,1.037597081874853,0.010023214026828863,0.8623053248564698,0.8623053248564698
cb_rnn,6,25,12,full,1.0224603759662028,-0.007549660720395894,0.8535205209951104,0.8535205209951104
cb_rnn,6,25,13,full,1.0120494676687735,-0.019906181488961852,0.8503263028574561,0.8503263028574561
cb_rnn,6,25,14,full,1.025805354479734,-0.006895358897076703,0.8597514039976741,0.8597514039976741
cb_rnn,6,25,15,full,1.0348451746121041,0.001280918030306927,0.864039630513351,0.864039630513351
cb_rnn,6,25,16,full,1.0578710484024856,0.02226969146610205,0.8884002261257751,0.8884002261257751
cb_rnn,6,25,17,full,1.0809744623510826,0.04335057766666299,0.9040740262253799,0.9040740262253799
cb_rnn,6,25,18,full,1.077859221011767,0.04058784835143115,0.9069398364504682,0.9069398364504682
cb_rnn,6,25,19,full,1.0654074049981133,0.02828447875950627,0.9101329951308869,0.9101329951308869
cb_rnn,6,25,20,full,1.0748379785655056,0.037839633168576726,0.912850750427688,0.912850750427688
cb_rnn,6,25,21,full,1.1223336062512645,0.08218115554591143,0.9285079373200715,0.9285079373200715
cb_rnn,6,25,22,full,1.1909797657385692,0.14499513909567616,0.9814970941773377,0.9814970941773377
cb_rnn,6,25,23,full,1.1882555788327434,0.14538233916345428,0.9346357943030663,0.9346357943030663
cb_rnn,6,25,1,det,0.9762808551177842,-0.02611927091531884,0.8987407253733037,0.8987407253733037
cb_rnn,6,25,2,det,1.0182157718100684,0.01292660853899981,0.8955483430191717,0.8955483430191717
cb_rnn,6,25,3,det,1.0247971185420985,0.016003982119186147,0.8803364072717439,0.8803364072717439
cb_rnn,6,25,4,det,1.0096731489984394,-0.00216505303542383,0.8543387812489069,0.8543387812489069
cb_rnn,6,25,5,det,0.9983831708123025,-0.01605982761914524,0.8374661542128764,0.8374661542128764
cb_rnn,6,25,6,det,0.9839967109969119,-0.032595706605376265,0.8154532350123257,0.8154532350123257
cb_rnn,6,25,7,det,0.9571755562695914,-0.06318700905458915,0.7845421342108078,0.7845421342108078
cb_rnn,6,25,8,det,0.9390761471679003,-0.08594727603991967,0.7715429542922057,0.7715429542922057
cb_rnn,6,25,9,det,0.9366377508274378,-0.09206055802129304,0.7760260221629915,0.7760260221629915
cb_rnn,6,25,10,det,0.9292849127399008,-0.10256254551723146,0.7690612693704745,0.7690612693704745
cb_rnn,6,25,11,det,0.9177961812432505,-0.11866451205604832,0.7586671717284618,0.7586671717284618
cb_rnn,6,25,12,det,0.9080105644410628,-0.13318088813692275,0.7497592744141073,0.7497592744141073
cb_rnn,6,25,13,det,0.9003986978994815,-0.1437296882436207,0.7482912589966907,0.7482912589966907
cb_rnn,6,25,14,det,0.9022393915970822,-0.14397744123676237,0.7511221239283837,0.7511221239283837
cb_rnn,6,25,15,det,0.9088979765479495,-0.13809970579833877,0.7514019011237925,0.7514019011237925
cb_rnn,6,25,16,det,0.9229001881208763,-0.12407195474231317,0.7635499404637831,0.7635499404637831
cb_rnn,6,25,17,det,0.9257864785922059,-0.12195990503575777,0.7666256724546978,0.7666256724546978
cb_rnn,6,25,18,det,0.9082388269911292,-0.14170961204285148,0.7606249074988991,0.7606249074988991
cb_rnn,6,25,19,det,0.88849668006123,-0.1649087277197309,0.7505535030261132,0.7505535030261132
cb_rnn,6,25,20,det,0.889597794794021,-0.16389957428689833,0.7479736338572652,0.7479736338572652
cb_rnn,6,25,21,det,0.9096919567765338,-0.1393929794056752,0.7503240950101097,0.7503240950101097
cb_rnn,6,25,22,det,0.8980135919299331,-0.15061770832630386,0.7453393503969237,0.7453393503969237
cb_rnn,6,25,23,det,0.8330234979540425,-0.2251500565546407,0.6623418916119559,0.6623418916119559
cb_rnn,6,30,1,full,1.0760468452796308,0.07176391461361903,0.9544322151672073,0.9544322151672073
cb_rnn,6,30,2,full,1.127672405242684,0.11544871978016737,0.9495278395324971,0.9495278395324971
cb_rnn,6,30,3,full,1.1436646731854259,0.12478682143828385,0.934368616172049,0.934368616172049
cb_rnn,6,30,4,full,1.1380804955059136,0.11642508985999662,0.9248925786545491,0.9248925786545491
cb_rnn,6,30,5,full,1.1215215766193356,0.09961311795552502,0.9091711227806749,0.9091711227806749
cb_rnn,6,30,6,full,1.1124957426679196,0.08915003941559481,0.8979623923613689,0.8979623923613689
cb_rnn,6,30,7,full,1.1042176521890616,0.07845751650366875,0.8913840645339266,0.8913840645339266
cb_rnn,6,30,8,full,1.088944629048978,0.062233040361575925,0.8818492394696371,0.8818492394696371
cb_rnn,6,30,9,full,1.0931154641679475,0.06295171933418842,0.873496810764202,0.873496810764202
cb_rnn,6,30,10,full,1.0898871490835722,0.0572439981392219,0.8667293436856826,0.8667293436856826
cb_rnn,6,30,11,full,1.0491569326284176,0.01689721693909804,0.8380448349269508,0.8380448349269508
cb_rnn,6,30,12,full,1.0313052087748047,-0.0013536485170141648,0.8257288791990671,0.8257288791990671
cb_rnn,6,30,13,full,1.0362036956127716,0.0019685419769038003,0.8251956281589136,0.8251956281589136
cb_rnn,6,30,14,full,1.003844923259963,-0.032487994970237244,0.804342154858899,0.804342154858899
cb_rnn,6,30,15,full,0.9787340928744159,-0.058944195666540904,0.7888708474170024,0.7888708474170024
cb_rnn,6,30,16,full,0.9940289729534778,-0.0461890948453845,0.7958281781201577,0.7958281781201577
cb_rnn,6,30,17,full,0.9989120535004561,-0.043244850194250374,0.8033494546949855,0.8033494546949855
cb_rnn,6,30,18,full,0.9712585031780252,-0.07328839584536967,0.788147435402074,0.788147435402074
cb_rnn,6,30,19,full,0.9655437508808852,-0.08016660786191249,0.7872765353008866,0.7872765353008866
cb_rnn,6,30,20,full,0.9681914720667362,-0.07859778221485925,0.7926606610261291,0.7926606610261291
cb_rnn,6,30,21,full,0.961936887259433,-0.0844370451156004,0.7890215673745113,0.7890215673745113
cb_rnn,6,30,22,full,0.9659925990610289,-0.07880578686907543,0.7918691090952379,0.7918691090952379
cb_rnn,6,30,23,full,0.9784525541103065,-0.06436315473234708,0.7989108812468227,0.7989108812468227
cb_rnn,6,30,24,full,0.9798651812487844,-0.06110723548402953,0.7963991327805897,0.7963991327805897
cb_rnn,6,30,25,full,0.9803911844697948,-0.05895227613736891,0.793785850390496,0.793785850390496
cb_rnn,6,30,26,full,0.9877764922504518,-0.05045423083187009,0.798606340998226,0.798606340998226
cb_rnn,6,30,27,full,1.0019869471900353,-0.0327203890014762,0.8075046241803507,0.8075046241803507
cb_rnn,6,30,28,full,0.9582536013693244,-0.07315254954422662,0.7104984189342227,0.7104984189342227
cb_rnn,6,30,1,det,1.0654442232276355,0.06171390513547291,0.947026593946711,0.947026593946711
cb_rnn,6,30,2,det,1.11004201705684,0.09955310143144092,0.9340983204860948,0.9340983204860948
cb_rnn,6,30,3,det,1.1324951076839884,0.11423904280929179,0.9215758125039536,0.9215758125039536
cb_rnn,6,30,4,det,1.117088381901297,0.09664685211481278,0.905344244465691,0.905344244465691
cb_rnn,6,30,5,det,1.094497079447469,0.0735363031205474,0.878652881603092,0.878652881603092
cb_rnn,6,30,6,det,1.0847365554136752,0.06141317212881994,0.8648546900304114,0.8648546900304114
cb_rnn,6,30,7,det,1.0713339710162777,0.04541576564888268,0.8565007921065483,0.8565007921065483
cb_rnn,6,30,8,det,1.0571503391048735,0.029206751015123773,0.8438547541935157,0.8438547541935157
cb_rnn,6,30,9,det,1.05510877004614,0.02340747130338398,0.8323328624730947,0.8323328624730947
cb_rnn,6,30,10,det,1.0401788835787986,0.005847166485513901,0.8182201499852952,0.8182201499852952
cb_rnn,6,30,11,det,1.0085488916909875,-0.02788844707780802,0.7936575646911224,0.7936575646911224
cb_rnn,6,30,12,det,0.9952369355605355,-0.04248670211336376,0.7835904877279274,0.7835904877279274
cb_rnn,6,30,13,det,0.9884190605041504,-0.05163052117962001,0.7753041696007086,0.7753041696007086
cb_rnn,6,30,14,det,0.9646983036772132,-0.07879948028117553,0.7609051565872891,0.7609051565872891
cb_rnn,6,30,15,det,0.9427741650621237,-0.1037165408639211,0.7455565758010819,0.7455565758010819
cb_rnn,6,30,16,det,0.9390540355926988,-0.11029179152431477,0.7397988728235028,0.7397988728235028
cb_rnn,6,30,17,det,0.9354558316315114,-0.11571480484910462,0.7416363324451378,0.7416363324451378
cb_rnn,6,30,18,det,0.9196731091987973,-0.13443514182541183,0.7318695138947016,0.7318695138947016
cb_rnn,6,30,19,det,0.9068880401404973,-0.1499047219341836,0.7262435784947097,0.7262435784947097
cb_rnn,6,30,20,det,0.9037213503322135,-0.15424075097463036,0.7265321274961345,0.7265321274961345
cb_rnn,6,30,21,det,0.9054217600795248,-0.15130868164990557,0.7279174346490543,0.7279174346490543
cb_rnn,6,30,22,det,0.9058272207370991,-0.15002685516976796,0.7274087643678754,0.7274087643678754
cb_rnn,6,30,23,det,0.9029316074794315,-0.15243518177102933,0.7253590575588803,0.7253590575588803
cb_rnn,6,30,24,det,0.8954951814420387,-0.15874105823601664,0.7175342717180884,0.7175342717180884
cb_rnn,6,30,25,det,0.8895298129290118,-0.16352476473681254,0.7125817908513881,0.7125817908513881
cb_rnn,6,30,26,det,0.8929982959178153,-0.15595089409526447,0.7173378894268938,0.7173378894268938
cb_rnn,6,30,27,det,0.8716905787826723,-0.1787508534459952,0.7023421696653539,0.7023421696653539
cb_rnn,6,30,28,det,0.7999344286962603,-0.26356645501071907,0.6036118522430662,0.6036118522430662
cb_rnn,7,7,1,full,1.1012197269844193,0.0953111292271568,1.0473705202247103,1.0473705202247103
cb_rnn,7,7,2,full,1.1173482987358203,0.10779245594456979,1.0376328239132024,1.0376328239132024
cb_rnn,7,7,3,full,1.1127087071080206,0.10259685576240263,1.0091280647770717,1.0091280647770717
cb_rnn,7,7,4,full,1.2428902673139457,0.20901242162741884,1.1251485291312724,1.1251485291312724
cb_rnn,7,7,5,full,1.2400684434730787,0.20619508553527702,1.1222859892081,1.1222859892081
cb_rnn,7,7,1,det,0.6972795485339593,-0.3612548146137423,0.5982884923161342,0.5982884923161342
cb_rnn,7,7,2,det,0.5506750036311754,-0.5984270734456929,0.452570629880665,0.452570629880665
cb_rnn,7,7,3,det,0.4286351825939626,-0.8520314051232893,0.32039983310571374,0.32039983310571374
cb_rnn,7,7,4,det,0.3330169472538278,-1.1093016974077232,0.20673642412017676,0.20673642412017676
cb_rnn,7,7,5,det,0.2592098634379799,-1.364768736792729,0.1649815495277317,0.1649815495277317
cb_rnn,7,11,1,full,1.0527197419111018,0.050538830515536357,1.0233693322828625,1.0233693322828625
cb_rnn,7,11,2,full,0.9870664997636288,-0.014641123276466437,0.9505606198071309,0.9505606198071309
cb_rnn,7,11,3,full,1.002872723820433,-0.00023665282804263398,0.9549569205661717,0.9549569205661717
cb_rnn,7,11,4,full,0.9663944682734353,-0.03888136307594531,0.9107988242562614,0.9107988242562614
cb_rnn,7,11,5,full,0.9443088403303046,-0.06424216704795414,0.8850353205521979,0.8850353205521979
cb_rnn,7,11,6,full,0.9655709930710785,-0.04389777379261066,0.8983198093979865,0.8983198093979865
cb_rnn,7,11,7,full,0.9800599832525787,-0.02967743517635196,0.9055207679887729,0.9055207679887729
cb_rnn,7,11,8,full,1.0562126204197289,0.04333026464685808,0.9731120710035956,0.9731120710035956
cb_rnn,7,11,9,full,1.0908025129999444,0.07391998667016159,0.9897441747207264,0.9897441747207264
cb_rnn,7,11,1,det,0.7623511740262239,-0.2718986713854291,0.6765291006006053,0.6765291006006053
cb_rnn,7,11,2,det,0.6492251451619369,-0.43407013218739143,0.561066367722209,0.561066367722209
cb_rnn,7,11,3,det,0.5656344279991016,-0.5747978938456014,0.468797171020479,0.468797171020479
cb_rnn,7,11,4,det,0.4998569580826731,-0.7031000956956852,0.4248789344255356,0.4248789344255356
cb_rnn,7,11,5,det,0.44299611038507314,-0.8298416149370352,0.3633650248085096,0.3633650248085096
cb_rnn,7,11,6,det,0.38963315302887824,-0.9641248700619284,0.2882761034201327,0.2882761034201327
cb_rnn,7,11,7,det,0.3382807979823637,-1.1110823215860446,0.24112617023984212,0.24112617023984212
cb_rnn,7,11,8,det,0.28827639299663566,-1.276069065653831,0.19753784373500188,0.19753784373500188
cb_rnn,7,11,9,det,0.23989894065864759,-1.4649351445308683,0.16261769367109571,0.16261769367109571
cb_rnn,7,16,1,full,0.9595274748871971,-0.04175162127141666,0.9264142619667717,0.9264142619667717
cb_rnn,7,16,2,full,0.9370622734872793,-0.06666691704289104,0.8922650989634509,0.8922650989634509
cb_rnn,7,16,3,full,0.9260264044645683,-0.08134229575593496,0.8761160970209356,0.8761160970209356
cb_rnn,7,16,4,full,0.9271232787350576,-0.08343584298381333,0.8753769274506524,0.8753769274506524
cb_rnn,7,16,5,full,0.9345046639922938,-0.07792141454297642,0.8772385684644025,0.8772385684644025
cb_rnn,7,16,6,full,0.9403047982522454,-0.07369165698252314,0.8715411249344638,0.8715411249344638
cb_rnn,7,16,7,full,0.92446717537993,-0.09385507700180737,0.8524707701370668,0.8524707701370668
cb_rnn,7,16,8,full,0.9190149732667654,-0.10184569837647395,0.844553437593488,0.844553437593488
cb_rnn,7,16,9,full,0.8977358516010674,-0.12644777107899724,0.8172139155715199,0.8172139155715199
cb_rnn,7,16,10,full,0.8983538072374396,-0.1268041492149629,0.8107237328917534,0.8107237328917534
cb_rnn,7,16,11,full,0.93522214729385,-0.08706568331033943,0.8479757402550572,0.8479757402550572
cb_rnn,7,16,12,full,0.9842821441135867,-0.03425894523822072,0.8856738198373676,0.8856738198373676
cb_rnn,7,16,13,full,1.0416922633623924,0.022912513074562085,0.9239948536697926,0.9239948536697926
cb_rnn,7,16,14,full,1.069829369142374,0.04541055961359569,0.8967526739875953,0.8967526739875953
cb_rnn,7,16,1,det,0.8601656172549588,-0.1509793662164021,0.7811214319137529,0.7811214319137529
cb_rnn,7,16,2,det,0.778439595757511,-0.25231095182454444,0.7192877907505587,0.7192877907505587
cb_rnn,7,16,3,det,0.7088035491824641,-0.34895540451776474,0.6318836087414461,0.6318836087414461
cb_rnn,7,16,4,det,0.6589291424952846,-0.42653129318885674,0.5783256712832751,0.5783256712832751
cb_rnn,7,16,5,det,0.6201845263182927,-0.49332913686641233,0.5433766297152163,0.5433766297152163
cb_rnn,7,16,6,det,0.5890576961982918,-0.5513300441799378,0.5001687278267768,0.5001687278267768
cb_rnn,7,16,7,det,0.5621040639299766,-0.6053941146040628,0.4704240716738802,0.4704240716738802
cb_rnn,7,16,8,det,0.535206383781542,-0.6620055593630958,0.43517587079598274,0.43517587079598274
cb_rnn,7,16,9,det,0.5085472755214544,-0.719222817462716,0.40005709080858975,0.40005709080858975
cb_rnn,7,16,10,det,0.48189918568075485,-0.7772805695949815,0.37661133325610646,0.37661133325610646
cb_rnn,7,16,11,det,0.45128931009832196,-0.8461718751723422,0.3531030756199388,0.3531030756199388
cb_rnn,7,16,12,det,0.41279761065949916,-0.9399256856150137,0.31717152464899334,0.31717152464899334
cb_rnn,7,16,13,det,0.3638136542595253,-1.0723138992425845,0.2766512917202263,0.2766512917202263
cb_rnn,7,16,14,det,0.30708473596126873,-1.250883697190741,0.225900937909007,0.225900937909007
cb_rnn,7,21,1,full,0.8970997687890896,-0.10983481560375045,0.8415849909833928,0.8415849909833928
cb_rnn,7,21,2,full,0.9098411102334718,-0.09844074724869983,0.8302787794103262,0.8302787794103262
cb_rnn,7,21,3,full,0.8964267378327764,-0.11465063454900275,0.8019275197305118,0.8019275197305118
cb_rnn,7,21,4,full,0.8981400456571478,-0.11427964758788002,0.8114853363539896,0.8114853363539896
cb_rnn,7,21,5,full,0.907943706681243,-0.10509988247972833,0.8088472774542154,0.8088472774542154
cb_rnn,7,21,6,full,0.8996996475293519,-0.11636666669806855,0.780311232114959,0.780311232114959
cb_rnn,7,21,7,full,0.9144710868390398,-0.102775714389883,0.7915034008440665,0.7915034008440665
cb_rnn,7,21,8,full,0.9255824297854953,-0.0923238179251114,0.7922804957637088,0.7922804957637088
cb_rnn,7,21,9,full,0.9202782048536204,-0.09936612611999224,0.7806281332434435,0.7806281332434435
cb_rnn,7,21,10,full,0.90507095391769,-0.11687486500560591,0.7760010421816668,0.7760010421816668
cb_rnn,7,21,11,full,0.9074954297409094,-0.11553565791232503,0.7786546880220502,0.7786546880220502
cb_rnn,7,21,12,full,0.9060432290865087,-0.11935326508690543,0.7704228569391922,0.7704228569391922
cb_rnn,7,21,13,full,0.9035108355820851,-0.12301590736220128,0.7708320705373692,0.7708320705373692
cb_rnn,7,21,14,full,0.8946125779937886,-0.1329139664646108,0.767075578863596,0.767075578863596
cb_rnn,7,21,15,full,0.8902050549199116,-0.13770332452892164,0.7707553047243847,0.7707553047243847
cb_rnn,7,21,16,full,0.9030357516124911,-0.12345074397723288,0.7788811630489177,0.7788811630489177
cb_rnn,7,21,17,full,0.9649615167842139,-0.05718599417596884,0.8092285378754662,0.8092285378754662
cb_rnn,7,21,18,full,1.0617832364925965,0.036885990028486165,0.8701739444734684,0.8701739444734684
cb_rnn,7,21,19,full,1.0918322062810164,0.05830109800315195,0.9003861680831895,0.9003861680831895
cb_rnn,7,21,1,det,0.8623715775932339,-0.14912762765080279,0.8021969484481332,0.8021969484481332
cb_rnn,7,21,2,det,0.809842656655337,-0.21314257341050405,0.740213388721155,0.740213388721155
cb_rnn,7,21,3,det,0.7849939766983535,-0.24569928150486006,0.7061964127359445,0.7061964127359445
cb_rnn,7,21,4,det,0.7587808431718666,-0.28103779586530697,0.6813103420177771,0.6813103420177771
cb_rnn,7,21,5,det,0.7437318977611657,-0.3028271177351075,0.6568633601278109,0.6568633601278109
cb_rnn,7,21,6,det,0.7305671816903897,-0.3230569207488867,0.630617824065324,0.630617824065324
cb_rnn,7,21,7,det,0.7253953751679977,-0.33300323473543303,0.6169921841959491,0.6169921841959491
cb_rnn,7,21,8,det,0.711960713029489,-0.35409280283113265,0.5960373656584257,0.5960373656584257
cb_rnn,7,21,9,det,0.699926712161651,-0.3730521896479182,0.5738780374280988,0.5738780374280988
cb_rnn,7,21,10,det,0.6867256725120274,-0.3940111150112331,0.563220340941425,0.563220340941425
cb_rnn,7,21,11,det,0.6794730934780641,-0.4071913023426411,0.5556258477507264,0.5556258477507264
cb_rnn,7,21,12,det,0.6703849359964258,-0.4227428075310179,0.5454909194927117,0.5454909194927117
cb_rnn,7,21,13,det,0.6538273217921966,-0.44942360934282244,0.5326329937992231,0.5326329937992231
cb_rnn,7,21,14,det,0.6348468306974271,-0.4792598849667701,0.5239223504106232,0.5239223504106232
cb_rnn,7,21,15,det,0.6219442670864358,-0.49928545277750835,0.5163255400496088,0.5163255400496088
cb_rnn,7,21,16,det,0.6205432272164063,-0.5018092036353579,0.5159809689598496,0.5159809689598496
cb_rnn,7,21,17,det,0.6252606705202075,-0.4948917072953325,0.5079655353721075,0.5079655353721075
cb_rnn,7,21,18,det,0.6120864841974567,-0.516819756505417,0.4946455388264096,0.4946455388264096
cb_rnn,7,21,19,det,0.5525249057069027,-0.6214453008352627,0.4426384224389619,0.4426384224389619
cb_rnn,7,25,1,full,0.947808390074862,-0.055643874639440156,0.8675000373439303,0.8675000373439303
cb_rnn,7,25,2,full,0.9915672258702959,-0.013091053756546917,0.8725409140748892,0.8725409140748892
cb_rnn,7,25,3,full,1.0057815405635018,0.000707484445995772,0.8614980970923382,0.8614980970923382
cb_rnn,7,25,4,full,0.9935716899575818,-0.012965494242628592,0.8438476636725027,0.8438476636725027
cb_rnn,7,25,5,full,0.9937197161947194,-0.01440415094307055,0.8373571591047966,0.8373571591047966
cb_rnn,7,25,6,full,0.988206091242168,-0.021463512549977436,0.8163178200072021,0.8163178200072021
cb_rnn,7,25,7,full,0.9856829745047604,-0.02587005136148995,0.8063860347015741,0.8063860347015741
cb_rnn,7,25,8,full,0.9906581153522223,-0.022946447829341694,0.8083551472605437,0.8083551472605437
cb_rnn,7,25,9,full,0.9763648200266819,-0.03931534642575034,0.796831541754349,0.796831541754349
cb_rnn,7,25,10,full,0.9788051838309064,-0.03896796858523139,0.8005559586030395,0.8005559586030395
cb_rnn,7,25,11,full,0.9855340753213268,-0.03389277012907705,0.8026544463915585,0.8026544463915585
cb_rnn,7,25,12,full,0.9673435308275118,-0.05532649239253669,0.7861097976004305,0.7861097976004305
cb_rnn,7,25,13,full,0.9571908599058457,-0.07031851669514301,0.7754824051992396,0.7754824051992396
cb_rnn,7,25,14,full,0.9916550832277597,-0.03722980819544432,0.7988387946288459,0.7988387946288459
cb_rnn,7,25,15,full,1.0152107303246074,-0.01041979988011095,0.8124844031272163,0.8124844031272163
cb_rnn,7,25,16,full,1.0256433933686016,-0.00027591585627215133,0.82760002754551,0.82760002754551
cb_rnn,7,25,17,full,1.028342246948895,0.0020999056866334975,0.8328785581611036,0.8328785581611036
cb_rnn,7,25,18,full,1.0163452709855754,-0.011744178122354051,0.8259956224937279,0.8259956224937279
cb_rnn,7,25,19,full,0.9771960403836321,-0.05507615388713468,0.8005295533100083,0.8005295533100083
cb_rnn,7,25,20,full,0.9829123400834726,-0.048650904018081455,0.8014562052727014,0.8014562052727014
cb_rnn,7,25,21,full,1.0549960001964704,0.023576637387717134,0.8513612971247054,0.8513612971247054
cb_rnn,7,25,22,full,1.141910522508575,0.10369658613198818,0.9268364970782944,0.9268364970782944
cb_rnn,7,25,23,full,1.1596352816866677,0.11844372326237329,0.9397521791278662,0.9397521791278662
cb_rnn,7,25,1,det,0.9099854912116483,-0.09578205744308771,0.8313514709343981,0.8313514709343981
cb_rnn,7,25,2,det,0.9065743785213214,-0.10062472510960349,0.7935406969696397,0.7935406969696397
cb_rnn,7,25,3,det,0.9159101197869801,-0.09188952783351877,0.773657229534231,0.773657229534231
cb_rnn,7,25,4,det,0.902038888709761,-0.1091147514073621,0.7530966916392932,0.7530966916392932
cb_rnn,7,25,5,det,0.8906864608448004,-0.12354574791168857,0.7386111412427632,0.7386111412427632
cb_rnn,7,25,6,det,0.883638226089476,-0.13282969421551843,0.717804893559306,0.717804893559306
cb_rnn,7,25,7,det,0.879234477200008,-0.13944597198866496,0.7045001069500303,0.7045001069500303
cb_rnn,7,25,8,det,0.8732514586287987,-0.14818088663365148,0.6994677327890215,0.6994677327890215
cb_rnn,7,25,9,det,0.8565679412528715,-0.16935010757173186,0.6865682409861715,0.6865682409861715
cb_rnn,7,25,10,det,0.8526745149508738,-0.17578537315701576,0.6811730463332086,0.6811730463332086
cb_rnn,7,25,11,det,0.8475848268930855,-0.18329438765489875,0.6769226574318243,0.6769226574318243
cb_rnn,7,25,12,det,0.829827958568113,-0.2064590529228211,0.6582622327422885,0.6582622327422885
cb_rnn,7,25,13,det,0.8216164346620358,-0.21788646876618742,0.6516616831473061,0.6516616831473061
cb_rnn,7,25,14,det,0.8321827659924681,-0.20559562986501329,0.661274098457505,0.661274098457505
cb_rnn,7,25,15,det,0.8422444670794227,-0.19361539446954854,0.6650679951813263,0.6650679951813263
cb_rnn,7,25,16,det,0.8435426485130397,-0.19311532711489932,0.6715428967493867,0.6715428967493867
cb_rnn,7,25,17,det,0.8305363828988126,-0.20975450045464125,0.6629737191979189,0.6629737191979189
cb_rnn,7,25,18,det,0.8038475236675805,-0.24361922385270512,0.6541208621333288,0.6541208621333288
cb_rnn,7,25,19,det,0.7721767476902126,-0.2856763227984879,0.6344406344295341,0.6344406344295341
cb_rnn,7,25,20,det,0.769785747511226,-0.2890522433147291,0.6303334492745836,0.6303334492745836
cb_rnn,7,25,21,det,0.7971579986283872,-0.25344287003690763,0.6487085276843122,0.6487085276843122
cb_rnn,7,25,22,det,0.8016627878073577,-0.24724704516305257,0.6551068485990289,0.6551068485990289
cb_rnn,7,25,23,det,0.7398968233792237,-0.3290757632415372,0.5787357169089531,0.5787357169089531
cb_rnn,7,30,1,full,1.0303425902387793,0.027456172667563835,0.9110472008610063,0.9110472008610063
cb_rnn,7,30,2,full,1.1059359101810622,0.09555311998062055,0.9309413192761877,0.9309413192761877
cb_rnn,7,30,3,full,1.1244357586996818,0.1099495809596012,0.9342020447033532,0.9342020447033532
cb_rnn,7,30,4,full,1.1327356079599904,0.11360174367971845,0.9319577894321353,0.9319577894321353
cb_rnn,7,30,5,full,1.136292592218563,0.11247612802485232,0.9316079370895006,0.9316079370895006
cb_rnn,7,30,6,full,1.1371837201784016,0.10862567063193593,0.9373979345403386,0.9373979345403386
cb_rnn,7,30,7,full,1.1450451456683506,0.10893389501093209,0.944179159533664,0.944179159533664
cb_rnn,7,30,8,full,1.1571181033777866,0.11395305552269655,0.9458041042659786,0.9458041042659786
cb_rnn,7,30,9,full,1.1456873016588867,0.09739664119242511,0.934373336509988,0.934373336509988
cb_rnn,7,30,10,full,1.1244138598372335,0.07150318842336552,0.9156287481655739,0.9156287481655739
cb_rnn,7,30,11,full,1.1176304357385942,0.06203291679807546,0.8990923833876521,0.8990923833876521
cb_rnn,7,30,12,full,1.1202849075652452,0.06055302290104017,0.9012167815033896,0.9012167815033896
cb_rnn,7,30,13,full,1.1009710268374446,0.0396458497139656,0.8860797837538791,0.8860797837538791
cb_rnn,7,30,14,full,1.0998929784146132,0.03546407083161173,0.8838467197179253,0.8838467197179253
cb_rnn,7,30,15,full,1.1104485847322039,0.04396986688342043,0.8927772258394264,0.8927772258394264
cb_rnn,7,30,16,full,1.1000652297944349,0.03090215716875905,0.8838858684596971,0.8838858684596971
cb_rnn,7,30,17,full,1.0974089600902905,0.026050945187829386,0.8797248369558859,0.8797248369558859
cb_rnn,7,30,18,full,1.1148544432096537,0.0428337566591903,0.8914252274363478,0.8914252274363478
cb_rnn,7,30,19,full,1.099698308585685,0.03126241511095618,0.8851556561132117,0.8851556561132117
cb_rnn,7,30,20,full,1.0602308449228843,-0.008201707464781842,0.8605044146671837,0.8605044146671837
cb_rnn,7,30,21,full,1.0606593658264871,-0.0077626718255382095,0.8636959057415914,0.8636959057415914
cb_rnn,7,30,22,full,1.0722272093856318,0.0034622753675006782,0.8745744220775076,0.8745744220775076
cb_rnn,7,30,23,full,1.0494305016529268,-0.019952213794469098,0.8596176755908518,0.8596176755908518
cb_rnn,7,30,24,full,1.0245057870938525,-0.047427423338709467,0.8346202608302226,0.8346202608302226
cb_rnn,7,30,25,full,1.0369675089851271,-0.036065717923990326,0.8270030007205158,0.8270030007205158
cb_rnn,7,30,26,full,1.0628553263911207,-0.011107610387247802,0.8403683104423281,0.8403683104423281
cb_rnn,7,30,27,full,1.0716065822607732,0.00046364652527775257,0.8447359341725023,0.8447359341725023
cb_rnn,7,30,28,full,1.0306148608720649,-0.0388791842153699,0.7426871402360383,0.7426871402360383
cb_rnn,7,30,1,det,0.9780249288865818,-0.023504951643643718,0.8615332787151933,0.8615332787151933
cb_rnn,7,30,2,det,1.0084103500191293,0.0051649610786161475,0.8305764170963593,0.8305764170963593
cb_rnn,7,30,3,det,1.0285822059770957,0.02185378312425931,0.8305374665926546,0.8305374665926546
cb_rnn,7,30,4,det,1.0417257783393212,0.029651052913667663,0.83499690607393,0.83499690607393
cb_rnn,7,30,5,det,1.0360246364564856,0.018445845478586992,0.8267376317935536,0.8267376317935536
cb_rnn,7,30,6,det,1.0315160812643178,0.008174038294877147,0.8285911594398826,0.8285911594398826
cb_rnn,7,30,7,det,1.041645416439446,0.01029113444223538,0.8395579976086236,0.8395579976086236
cb_rnn,7,30,8,det,1.0469438056395177,0.008520063413747498,0.8374394094564733,0.8374394094564733
cb_rnn,7,30,9,det,1.03403446522618,-0.012105191358082298,0.8242299367280471,0.8242299367280471
cb_rnn,7,30,10,det,1.017197664525158,-0.03671843118162389,0.809614030932057,0.809614030932057
cb_rnn,7,30,11,det,1.0042151776482053,-0.05440749601773997,0.7903541181591445,0.7903541181591445
cb_rnn,7,30,12,det,0.9957744736235765,-0.06874953186474302,0.7845200168693423,0.7845200168693423
cb_rnn,7,30,13,det,0.9860304514890801,-0.08273721333566422,0.7745456975078218,0.7745456975078218
cb_rnn,7,30,14,det,0.979417159183659,-0.09312037266132597,0.7675240543448274,0.7675240543448274
cb_rnn,7,30,15,det,0.9690041550742202,-0.10687586072998864,0.7614632521803256,0.7614632521803256
cb_rnn,7,30,16,det,0.9540345261316652,-0.1267120552578711,0.7483599842002644,0.7483599842002644
cb_rnn,7,30,17,det,0.9463868600192566,-0.13735444805095468,0.7394995615428402,0.7394995615428402
cb_rnn,7,30,18,det,0.9392301372484438,-0.14499878871489397,0.73497083593296,0.73497083593296
cb_rnn,7,30,19,det,0.9156837359090715,-0.16939715121759444,0.7226955771980687,0.7226955771980687
cb_rnn,7,30,20,det,0.8885900412795348,-0.20191512153613433,0.70333743823971,0.70333743823971
cb_rnn,7,30,21,det,0.8819884560624646,-0.2090482832263552,0.6980196955659999,0.6980196955659999
cb_rnn,7,30,22,det,0.8782051604739455,-0.21364975371267425,0.6996061111865746,0.6996061111865746
cb_rnn,7,30,23,det,0.8556657410475966,-0.24231050440578702,0.6855703941599928,0.6855703941599928
cb_rnn,7,30,24,det,0.8230534821758257,-0.2858246197381894,0.6520348579762578,0.6520348579762578
cb_rnn,7,30,25,det,0.8157700524490459,-0.2948510360215551,0.6371840977800006,0.6371840977800006
cb_rnn,7,30,26,det,0.8264415918439574,-0.28030539394614684,0.6441836738155071,0.6441836738155071
cb_rnn,7,30,27,det,0.8133236561342028,-0.2939596635212487,0.6263816519090951,0.6263816519090951
cb_rnn,7,30,28,det,0.7289063450588592,-0.4132272721464938,0.5030091403904975,0.5030091403904975
cb_rnn,8,7,1,full,0.9571846107335606,-0.04480234891732493,0.9228619654261774,0.9228619654261774
cb_rnn,8,7,2,full,1.0298098148180475,0.0254176165915537,0.9749626607435342,0.9749626607435342
cb_rnn,8,7,3,full,1.0936689898758343,0.08354841144275288,1.023634548208658,1.023634548208658
cb_rnn,8,7,4,full,1.3303642418553552,0.26999007124259666,1.2384280200842914,1.2384280200842914
cb_rnn,8,7,5,full,1.3630808922294606,0.2985715097169435,1.2455516611735862,1.2455516611735862
cb_rnn,8,7,1,det,0.712306019911896,-0.3402969785349045,0.6444669102956562,0.6444669102956562
cb_rnn,8,7,2,det,0.580709367407164,-0.5485514091935675,0.44482076432031836,0.44482076432031836
cb_rnn,8,7,3,det,0.49790657086718776,-0.7069013246107513,0.33092565751455116,0.33092565751455116
cb_rnn,8,7,4,det,0.4194731130912659,-0.8824495511281653,0.2430001247330708,0.2430001247330708
cb_rnn,8,7,5,det,0.34097402997115445,-1.093434905339434,0.20952332304498356,0.20952332304498356
cb_rnn,8,11,1,full,0.933462134646787,-0.0700342854062112,0.8992711193475419,0.8992711193475419
cb_rnn,8,11,2,full,0.9039128428137562,-0.10366314850992428,0.8768154486580684,0.8768154486580684
cb_rnn,8,11,3,full,0.9132464908949465,-0.09578761968573549,0.8850706069627892,0.8850706069627892
cb_rnn,8,11,4,full,0.9095683959686304,-0.10093734394221399,0.8773433918779278,0.8773433918779278
cb_rnn,8,11,5,full,0.9647013349583509,-0.04248498709593951,0.929214852198273,0.929214852198273
cb_rnn,8,11,6,full,0.9750965155764197,-0.0318201028765947,0.9291837826134015,0.9291837826134015
cb_rnn,8,11,7,full,0.9587380043485619,-0.0486206192698736,0.9047279964457731,0.9047279964457731
cb_rnn,8,11,8,full,0.9812271478154879,-0.028532153623641233,0.9218842380692174,0.9218842380692174
cb_rnn,8,11,9,full,1.0061433712792045,-0.005997733976918277,0.8961488756665624,0.8961488756665624
cb_rnn,8,11,1,det,0.7091356623419014,-0.3439468878969268,0.625282194752526,0.625282194752526
cb_rnn,8,11,2,det,0.6705894707348128,-0.4007711209769049,0.5773666538390192,0.5773666538390192
cb_rnn,8,11,3,det,0.6327114309374837,-0.46075588035740944,0.5286478382998197,0.5286478382998197
cb_rnn,8,11,4,det,0.5887719721427483,-0.5352969580734231,0.47051266726143376,0.47051266726143376
cb_rnn,8,11,5,det,0.5366314426017429,-0.6308007944466365,0.3894287669566402,0.3894287669566402
cb_rnn,8,11,6,det,0.4795782238646501,-0.7462595914987519,0.33017150159064373,0.33017150159064373
cb_rnn,8,11,7,det,0.42305112144336154,-0.8744812595284448,0.2852478838167668,0.2852478838167668
cb_rnn,8,11,8,det,0.3681646615030255,-1.0159766987123178,0.23864461390315797,0.23864461390315797
cb_rnn,8,11,9,det,0.3174499815639456,-1.166777503471737,0.20629938626332336,0.20629938626332336
cb_rnn,8,16,1,full,0.9239695225975169,-0.08143968479544833,0.8824173337140042,0.8824173337140042
cb_rnn,8,16,2,full,0.8898285757472804,-0.12136085307729985,0.8533267256458603,0.8533267256458603
cb_rnn,8,16,3,full,0.8825448738987451,-0.13204820964842967,0.8480716790651439,0.8480716790651439
cb_rnn,8,16,4,full,0.9452358667377924,-0.06671753292844872,0.9032354964751546,0.9032354964751546
cb_rnn,8,16,5,full,0.9953997139997326,-0.018276524160981886,0.953261641802383,0.953261641802383
cb_rnn,8,16,6,full,0.9736384305564402,-0.040881402430709736,0.9258764584068885,0.9258764584068885
cb_rnn,8,16,7,full,0.9894949274684074,-0.02627576941370094,0.936583420602858,0.936583420602858
cb_rnn,8,16,8,full,1.0271708346804165,0.00852818170628821,0.9715076882178335,0.9715076882178335
cb_rnn,8,16,9,full,1.0278636950362428,0.007612138016284405,0.9732446708404333,0.9732446708404333
cb_rnn,8,16,10,full,1.0655454874119907,0.04353170324324674,1.001922071505813,1.001922071505813
cb_rnn,8,16,11,full,1.0990196401670347,0.07325243695166728,1.0305466698773478,1.0305466698773478
cb_rnn,8,16,12,full,1.1329321296155106,0.10263368564572645,1.061819236100316,1.061819236100316
cb_rnn,8,16,13,full,1.1843633585717237,0.14592866518213524,1.0961432330846532,1.0961432330846532
cb_rnn,8,16,14,full,1.167642566775564,0.13046680565851387,1.0178826095238265,1.0178826095238265
cb_rnn,8,16,1,det,0.7501630803425823,-0.2890760646305091,0.6692678335602862,0.6692678335602862
cb_rnn,8,16,2,det,0.6876009772038457,-0.3789527136615747,0.6263132762143807,0.6263132762143807
cb_rnn,8,16,3,det,0.6773973306588761,-0.3979323506993193,0.6172243825973898,0.6172243825973898
cb_rnn,8,16,4,det,0.6709753591111669,-0.4131012341547379,0.5864749252961539,0.5864749252961539
cb_rnn,8,16,5,det,0.6608097213653271,-0.43502688521528693,0.5794920285065625,0.5794920285065625
cb_rnn,8,16,6,det,0.6422900724913196,-0.4716698001610984,0.5563672633766781,0.5563672633766781
cb_rnn,8,16,7,det,0.6186458223910953,-0.5182804823228322,0.5177181256585793,0.5177181256585793
cb_rnn,8,16,8,det,0.5911492677837793,-0.5740018665500457,0.49219275110115523,0.49219275110115523
cb_rnn,8,16,9,det,0.5625660238963779,-0.6343343513196352,0.4648136914957609,0.4648136914957609
cb_rnn,8,16,10,det,0.5335073751699988,-0.6978646488929946,0.4222605532662648,0.4222605532662648
cb_rnn,8,16,11,det,0.5031647687360927,-0.766425567519738,0.39244573761968804,0.39244573761968804
cb_rnn,8,16,12,det,0.47166553989408366,-0.8406188142386214,0.33846067531792856,0.33846067531792856
cb_rnn,8,16,13,det,0.4401576742265071,-0.9189724208778356,0.29520324339929266,0.29520324339929266
cb_rnn,8,16,14,det,0.40872477706721694,-1.0034414725426177,0.27371364933098524,0.27371364933098524
cb_rnn,8,21,1,full,0.8792963572851678,-0.1324641237961146,0.8268628603406722,0.8268628603406722
cb_rnn,8,21,2,full,0.8336237634586279,-0.19065453153384976,0.7933188343399794,0.7933188343399794
cb_rnn,8,21,3,full,0.8173389731681042,-0.2137577044789623,0.7813175055590996,0.7813175055590996
cb_rnn,8,21,4,full,0.8054607546847039,-0.23110760268126795,0.7725036931700973,0.7725036931700973
cb_rnn,8,21,5,full,0.7966492012535825,-0.24431623016011808,0.7628254217926578,0.7628254217926578
cb_rnn,8,21,6,full,0.8170280986585695,-0.2186926076699509,0.7751503361085291,0.7751503361085291
cb_rnn,8,21,7,full,0.8275036239596822,-0.20785267880274663,0.7837617515386227,0.7837617515386227
cb_rnn,8,21,8,full,0.839266297648038,-0.19407611738547512,0.7911271337863395,0.7911271337863395
cb_rnn,8,21,9,full,0.8223931568044962,-0.2153458974819601,0.7730002994098477,0.7730002994098477
cb_rnn,8,21,10,full,0.8248097464728578,-0.21290183645740696,0.7778396527791569,0.7778396527791569
cb_rnn,8,21,11,full,0.8437009328596192,-0.1916190510755711,0.7978867894751225,0.7978867894751225
cb_rnn,8,21,12,full,0.8522388676841077,-0.18283484988232448,0.8056696997590226,0.8056696997590226
cb_rnn,8,21,13,full,0.844074564637572,-0.19322298438775976,0.7917257118795509,0.7917257118795509
cb_rnn,8,21,14,full,0.8516820243158569,-0.1857025732551792,0.8012485230781888,0.8012485230781888
cb_rnn,8,21,15,full,0.8921470499049168,-0.14130878791996432,0.8388122302986485,0.8388122302986485
cb_rnn,8,21,16,full,0.9325429009671821,-0.09810849125267775,0.8777048735073564,0.8777048735073564
cb_rnn,8,21,17,full,0.9750593161643915,-0.055611119359814665,0.9109690550373655,0.9109690550373655
cb_rnn,8,21,18,full,1.1056286188659372,0.06816827635484314,1.006795877607197,1.006795877607197
cb_rnn,8,21,19,full,1.1254149771559478,0.08751309748136651,0.9569890800204587,0.9569890800204587
cb_rnn,8,21,1,det,0.7894488055354019,-0.24002956893711763,0.7211192155143158,0.7211192155143158
cb_rnn,8,21,2,det,0.7137040954796205,-0.34439057650842475,0.6802793101059944,0.6802793101059944
cb_rnn,8,21,3,det,0.6796031432291589,-0.39661400031254734,0.6507257630220233,0.6507257630220233
cb_rnn,8,21,4,det,0.6530422638859776,-0.43932608699480347,0.6179444528448885,0.6179444528448885
cb_rnn,8,21,5,det,0.6385660531556038,-0.4642887213978492,0.5973992535676353,0.5973992535676353
cb_rnn,8,21,6,det,0.6357412037561229,-0.4709542973213985,0.5836779500063667,0.5836779500063667
cb_rnn,8,21,7,det,0.6289437895841326,-0.4837999579249844,0.5750544841454912,0.5750544841454912
cb_rnn,8,21,8,det,0.6233390747705632,-0.4947620501447838,0.5589184998126562,0.5589184998126562
cb_rnn,8,21,9,det,0.6167956162424626,-0.5074720885912063,0.544005335319405,0.544005335319405
cb_rnn,8,21,10,det,0.6078643762682499,-0.5247549701874564,0.5410620801345261,0.5410620801345261
cb_rnn,8,21,11,det,0.600855171533845,-0.5390805572890525,0.5355360309965679,0.5355360309965679
cb_rnn,8,21,12,det,0.5924277999559512,-0.5555242395273282,0.5203863360635779,0.5203863360635779
cb_rnn,8,21,13,det,0.5804104767780436,-0.5786680806781153,0.4960118962156216,0.4960118962156216
cb_rnn,8,21,14,det,0.5733726041854689,-0.5938859687905919,0.48584178815546486,0.48584178815546486
cb_rnn,8,21,15,det,0.5731150249956853,-0.5974675064046877,0.4931844532528985,0.4931844532528985
cb_rnn,8,21,16,det,0.5660823743943766,-0.6125141957832779,0.48656867229710743,0.48656867229710743
cb_rnn,8,21,17,det,0.5489047930199265,-0.6448974576808011,0.46320638799944625,0.46320638799944625
cb_rnn,8,21,18,det,0.5232371752205851,-0.6922578067947729,0.42402972805992273,0.42402972805992273
cb_rnn,8,21,19,det,0.47585502774928456,-0.7872967456407141,0.38296701804165767,0.38296701804165767
cb_rnn,8,25,1,full,0.9778992912452573,-0.029518719938700033,0.9120621047093987,0.9120621047093987
cb_rnn,8,25,2,full,0.9366466000799719,-0.08128976804246923,0.8800598966731514,0.8800598966731514
cb_rnn,8,25,3,full,0.8932733760535345,-0.1308758227125179,0.8456623426754746,0.8456623426754746
cb_rnn,8,25,4,full,0.8718867497948736,-0.15732727870420388,0.8263498066441078,0.8263498066441078
cb_rnn,8,25,5,full,0.8571196280504582,-0.17838017191493108,0.8106035389871734,0.8106035389871734
cb_rnn,8,25,6,full,0.8676005486817789,-0.16926409656055796,0.8180857584614847,0.8180857584614847
cb_rnn,8,25,7,full,0.8938203752504934,-0.14086719355942937,0.8433103885799307,0.8433103885799307
cb_rnn,8,25,8,full,0.9066771703458668,-0.1291922596689467,0.855882210784595,0.855882210784595
cb_rnn,8,25,9,full,0.896297225008599,-0.144793601114385,0.8469372482333113,0.8469372482333113
cb_rnn,8,25,10,full,0.9116054607055093,-0.1284562526665965,0.8635223974692184,0.8635223974692184
cb_rnn,8,25,11,full,0.9218272078391812,-0.11509038468806848,0.8709671485835653,0.8709671485835653
cb_rnn,8,25,12,full,0.8932588031882709,-0.14830153240381533,0.8389652762346509,0.8389652762346509
cb_rnn,8,25,13,full,0.8789848017292152,-0.16621378482653368,0.8217875460551289,0.8217875460551289
cb_rnn,8,25,14,full,0.9053147175440327,-0.13938331647308494,0.8499584871752257,0.8499584871752257
cb_rnn,8,25,15,full,0.9170209686773413,-0.1287603198795115,0.8570214149994184,0.8570214149994184
cb_rnn,8,25,16,full,0.9236568107898173,-0.1235799634333372,0.8623296326936668,0.8623296326936668
cb_rnn,8,25,17,full,0.9414662870707802,-0.10652005092906448,0.879817217965119,0.879817217965119
cb_rnn,8,25,18,full,0.9489042801964416,-0.10067625868682725,0.8861646399808687,0.8861646399808687
cb_rnn,8,25,19,full,0.9730146802171916,-0.0773465071338516,0.9063497193449845,0.9063497193449845
cb_rnn,8,25,20,full,1.008927624112566,-0.041066570086705514,0.928196607393451,0.928196607393451
cb_rnn,8,25,21,full,1.0324454251466801,-0.018201216803606198,0.9278996266822548,0.9278996266822548
cb_rnn,8,25,22,full,1.1222349854650486,0.0703452827874637,0.9901170635620398,0.9901170635620398
cb_rnn,8,25,23,full,1.1632194296889464,0.0985409745652372,0.9280971512766696,0.9280971512766696
cb_rnn,8,25,1,det,0.9287483914947742,-0.08152218483667253,0.8656929261677496,0.8656929261677496
cb_rnn,8,25,2,det,0.8528839874583338,-0.1718913930235998,0.7998918334168693,0.7998918334168693
cb_rnn,8,25,3,det,0.8082075153919652,-0.22987814609712823,0.7641384521402501,0.7641384521402501
cb_rnn,8,25,4,det,0.780353041058331,-0.26848188143271456,0.7392639460147247,0.7392639460147247
cb_rnn,8,25,5,det,0.7605731342546971,-0.2979542449554519,0.7141217941075451,0.7141217941075451
cb_rnn,8,25,6,det,0.7622325403170215,-0.2985087046949126,0.7121917042367241,0.7121917042367241
cb_rnn,8,25,7,det,0.7663551881403206,-0.2962300550262795,0.7135032704653623,0.7135032704653623
cb_rnn,8,25,8,det,0.7640713512030063,-0.3023886072235061,0.713686477514481,0.713686477514481
cb_rnn,8,25,9,det,0.757178100061066,-0.31487355759429436,0.7062315429835626,0.7062315429835626
cb_rnn,8,25,10,det,0.7601484626245372,-0.3121266483728564,0.7082444532537411,0.7082444532537411
cb_rnn,8,25,11,det,0.760378037237095,-0.31233477291091655,0.7017082605483513,0.7017082605483513
cb_rnn,8,25,12,det,0.7433812098318057,-0.33791533666588275,0.6791545175243321,0.6791545175243321
cb_rnn,8,25,13,det,0.7301933932159055,-0.35913696837275333,0.6684450792131513,0.6684450792131513
cb_rnn,8,25,14,det,0.7372570065799093,-0.3510508906315459,0.6735194829088887,0.6735194829088887
cb_rnn,8,25,15,det,0.7465717126489455,-0.33991735249307364,0.6794110368591675,0.6794110368591675
cb_rnn,8,25,16,det,0.7427214205516554,-0.3474299353083443,0.6757141259535413,0.6757141259535413
cb_rnn,8,25,17,det,0.7341666666149249,-0.3617712787785043,0.6680729319669374,0.6680729319669374
cb_rnn,8,25,18,det,0.7404458284304012,-0.3550506523116596,0.6761058560622603,0.6761058560622603
cb_rnn,8,25,19,det,0.7529694821151465,-0.3401891102832586,0.6908059222886084,0.6908059222886084
cb_rnn,8,25,20,det,0.7506902451939277,-0.3450311316961728,0.6822917303285356,0.6822917303285356
cb_rnn,8,25,21,det,0.7418877245659077,-0.35603657443167336,0.672769194691206,0.672769194691206
cb_rnn,8,25,22,det,0.7281771548032896,-0.37279955335468873,0.6447928855555481,0.6447928855555481
cb_rnn,8,25,23,det,0.7037327718414271,-0.4031338529479071,0.5791154509987735,0.5791154509987735
cb_rnn,8,30,1,full,0.9844611862532942,-0.019339757071554026,0.9293339405105305,0.9293339405105305
cb_rnn,8,30,2,full,0.9439533720940412,-0.06594575769645544,0.8961861635075304,0.8961861635075304
cb_rnn,8,30,3,full,0.9165042424317362,-0.09855134831200765,0.8775763123142691,0.8775763123142691
cb_rnn,8,30,4,full,0.9074191278094866,-0.11139169532900316,0.8703344846180345,0.8703344846180345
cb_rnn,8,30,5,full,0.867190474291705,-0.15935347861271187,0.8309686447390883,0.8309686447390883
cb_rnn,8,30,6,full,0.8609487867642533,-0.16961224442405254,0.8255898058629584,0.8255898058629584
cb_rnn,8,30,7,full,0.866272617861053,-0.1663443328772296,0.830313815641088,0.830313815641088
cb_rnn,8,30,8,full,0.8513929251692443,-0.18603046798206535,0.8158847701520135,0.8158847701520135
cb_rnn,8,30,9,full,0.842069806776975,-0.19916121801674505,0.807438846546924,0.807438846546924
cb_rnn,8,30,10,full,0.8335257800706157,-0.2125354018217115,0.7987362399534741,0.7987362399534741
cb_rnn,8,30,11,full,0.8159658905435092,-0.23652774882141497,0.7795220394326582,0.7795220394326582
cb_rnn,8,30,12,full,0.8073123653255512,-0.24890046234758958,0.7711010911367138,0.7711010911367138
cb_rnn,8,30,13,full,0.800104465986772,-0.25900882117289964,0.7640607638652473,0.7640607638652473
cb_rnn,8,30,14,full,0.7780968852543729,-0.2877390483589516,0.7436255093820578,0.7436255093820578
cb_rnn,8,30,15,full,0.7599722930189132,-0.3123617148591287,0.7243288302064772,0.7243288302064772
cb_rnn,8,30,16,full,0.7407727285105146,-0.3380946092399039,0.7010569506264549,0.7010569506264549
cb_rnn,8,30,17,full,0.720527208063809,-0.3676078102096417,0.6786550081642704,0.6786550081642704
cb_rnn,8,30,18,full,0.7239121626276663,-0.365289646950789,0.6810600417225864,0.6810600417225864
cb_rnn,8,30,19,full,0.7294031098676019,-0.35799993861280466,0.6851100020872098,0.6851100020872098
cb_rnn,8,30,20,full,0.722874253914292,-0.36836306372633565,0.6764831894254189,0.6764831894254189
cb_rnn,8,30,21,full,0.7296502856506941,-0.36123282185453,0.6829079459119808,0.6829079459119808
cb_rnn,8,30,22,full,0.7345076708670257,-0.35713581264298466,0.6859926282986339,0.6859926282986339
cb_rnn,8,30,23,full,0.7402961042159085,-0.35006194367497645,0.6896022516185236,0.6896022516185236
cb_rnn,8,30,24,full,0.7420377586841174,-0.35025849690833255,0.6837750313487057,0.6837750313487057
cb_rnn,8,30,25,full,0.7603238664900602,-0.3276907521642537,0.6960110217629248,0.6960110217629248
cb_rnn,8,30,26,full,0.7794748921155401,-0.3021070803716088,0.6969746863695994,0.6969746863695994
cb_rnn,8,30,27,full,0.8508089898955027,-0.20907354990202354,0.7485945230279274,0.7485945230279274
cb_rnn,8,30,28,full,0.881074955654677,-0.17636756577798324,0.6919091146243552,0.6919091146243552
cb_rnn,8,30,1,det,0.9537367234802838,-0.05067485184872958,0.9043877688450431,0.9043877688450431
cb_rnn,8,30,2,det,0.8847552057717145,-0.1297383325645712,0.8431971173194535,0.8431971173194535
cb_rnn,8,30,3,det,0.8584805760012566,-0.16430155159825358,0.825481473924228,0.825481473924228
cb_rnn,8,30,4,det,0.840771993948255,-0.1895118379168795,0.8085623824068782,0.8085623824068782
cb_rnn,8,30,5,det,0.814245559192111,-0.22553862340503303,0.7832765009453195,0.7832765009453195
cb_rnn,8,30,6,det,0.8090395165010162,-0.23580215358546203,0.7790057687866442,0.7790057687866442
cb_rnn,8,30,7,det,0.8057826342227468,-0.24320776395639143,0.7740754355125232,0.7740754355125232
cb_rnn,8,30,8,det,0.7929702815703561,-0.2609541859852845,0.7638877922337481,0.7638877922337481
cb_rnn,8,30,9,det,0.7781380781358644,-0.28168161809697445,0.7484947632201051,0.7484947632201051
cb_rnn,8,30,10,det,0.7600378142484051,-0.3082811995056103,0.7301748272434105,0.7301748272434105
cb_rnn,8,30,11,det,0.7395104933761231,-0.33831346850073724,0.7120272146477113,0.7120272146477113
cb_rnn,8,30,12,det,0.7200969506547186,-0.3662608977148098,0.6929486839421499,0.6929486839421499
cb_rnn,8,30,13,det,0.701959729970734,-0.39271879391256415,0.6728634352183557,0.6728634352183557
cb_rnn,8,30,14,det,0.685114632332047,-0.41761257707942995,0.6563992480952365,0.6563992480952365
cb_rnn,8,30,15,det,0.6632874176419793,-0.4505965700299671,0.6356210331855472,0.6356210331855472
cb_rnn,8,30,16,det,0.6379736057575975,-0.4906891825108684,0.608090581905183,0.608090581905183
cb_rnn,8,30,17,det,0.614690425666657,-0.5307678278544223,0.5841255134400933,0.5841255134400933
cb_rnn,8,30,18,det,0.6041084665490613,-0.5501441110322429,0.5734904457726989,0.5734904457726989
cb_rnn,8,30,19,det,0.5944591407474569,-0.5677347157332062,0.5647458890481111,0.5647458890481111
cb_rnn,8,30,20,det,0.585190825439196,-0.585029160104628,0.5533172463090223,0.5533172463090223
cb_rnn,8,30,21,det,0.5783936557706488,-0.5981202480218613,0.545614086488863,0.545614086488863
cb_rnn,8,30,22,det,0.568649695262533,-0.6168073873230602,0.5349980040500069,0.5349980040500069
cb_rnn,8,30,23,det,0.5666524731651507,-0.6219034785229365,0.5294747255747472,0.5294747255747472
cb_rnn,8,30,24,det,0.5654895241847396,-0.6247128344868524,0.5219202745486833,0.5219202745486833
cb_rnn,8,30,25,det,0.5602064925297449,-0.6348183080835004,0.5187523993627075,0.5187523993627075
cb_rnn,8,30,26,det,0.5599892362848838,-0.6332389371308673,0.5168077394480306,0.5168077394480306
cb_rnn,8,30,27,det,0.5715660655607642,-0.6077887814885459,0.5248091421204016,0.5248091421204016
cb_rnn,8,30,28,det,0.5655274137047226,-0.6130878942973617,0.47233287075843616,0.47233287075843616
