arch,seed,N,half_sep,score_G1_wrong_outgoing,score_G1_wrong_outgoing__maintain,score_G1_wrong_outgoing__switch,score_G2_wrong_incoming,score_G2_wrong_incoming__maintain,score_G2_wrong_incoming__switch,score_G3_wrong_parity,score_G3_wrong_parity__maintain,score_G3_wrong_parity__switch,score_H_same_next_diff_cond,score_H_same_next_diff_cond__maintain,score_H_same_next_diff_cond__switch,score_I_diff_next_diff_cond,score_I_diff_next_diff_cond__maintain,score_I_diff_next_diff_cond__switch,score_A_full,score_A_full__maintain,score_A_full__switch,score_B_zero,score_B_zero__maintain,score_B_zero__switch,sem_G1_wrong_outgoing,sem_G1_wrong_outgoing__maintain,sem_G1_wrong_outgoing__switch,sem_G2_wrong_incoming,sem_G2_wrong_incoming__maintain,sem_G2_wrong_incoming__switch,sem_G3_wrong_parity,sem_G3_wrong_parity__maintain,sem_G3_wrong_parity__switch,sem_H_same_next_diff_cond,sem_H_same_next_diff_cond__maintain,sem_H_same_next_diff_cond__switch,sem_I_diff_next_diff_cond,sem_I_diff_next_diff_cond__maintain,sem_I_diff_next_diff_cond__switch,sem_A_full,sem_A_full__maintain,sem_A_full__switch,sem_B_zero,sem_B_zero__maintain,sem_B_zero__switch,normscore_G1_wrong_outgoing,normscore_G1_wrong_outgoing__maintain,normscore_G1_wrong_outgoing__switch,normscore_G2_wrong_incoming,normscore_G2_wrong_incoming__maintain,normscore_G2_wrong_incoming__switch,normscore_G3_wrong_parity,normscore_G3_wrong_parity__maintain,normscore_G3_wrong_parity__switch,normscore_H_same_next_diff_cond,normscore_H_same_next_diff_cond__maintain,normscore_H_same_next_diff_cond__switch,normscore_I_diff_next_diff_cond,normscore_I_diff_next_diff_cond__maintain,normscore_I_diff_next_diff_cond__switch,normscore_A_full,normscore_A_full__maintain,normscore_A_full__switch,normscore_B_zero,normscore_B_zero__maintain,normscore_B_zero__switch
cb_rnn,1,2,0.184530109167099,0.143865157726988,0.07612389458283302,0.21070799563050427,0.1808565121134109,0.11802585641302729,0.2428538699928345,0.14376726338716947,0.07644537676085708,0.21019628679562627,0.16098384526576873,0.09452173458312148,0.2265644955945347,0.16349037487472648,0.0981272232508467,0.22798664119855477,0.18703297367729793,0.12398399496751447,0.24924575903549276,0.15513606646529662,0.08249920188018711,0.22680957740869384,0.008582767229885492,0.011381275101806787,0.011865003140094955,0.008547382125287214,0.011140572173438033,0.012124278472756687,0.008640444314284538,0.011364054609894546,0.012057164536593768,0.008651482981815607,0.011417674746364702,0.012063887999631866,0.008605115924563,0.011284328648434365,0.012086353065397574,0.008564808514413363,0.011120401503102841,0.01218480429041258,0.008596519127852203,0.00999991709404684,0.012918747976375987,0.7796297220889445,0.41252831273133833,1.1418624124895531,0.9800921536855456,0.6396021600255513,1.3160663649362563,0.7790992160362447,0.4142704792508029,1.139089375410739,0.8723987970981568,0.512229332165671,1.2277914786761004,0.8859821067286084,0.5317680875698653,1.2354983272247688,1.0135634478378404,0.671890324712496,1.3507050971816816,0.8407086906604225,0.4470771856829118,1.2291196186488416
cb_rnn,1,3,0.46510395407676697,-0.23114061496647384,-0.11779207361476042,-0.3528128073029783,-0.1209870457125362,-0.24936434802724802,0.01681753150217605,-0.2560824396554381,-0.14233502297394232,-0.37818279838265917,0.1596168111738128,0.21112373548464275,0.10432752093087005,-0.1328456372973354,-0.13748059041003585,-0.1278703204571364,0.38594471166531247,0.35199152271992246,0.42239122334103346,0.028116729118240376,0.01607128553527222,0.04104671931421267,0.027345026026686457,0.03975758485637496,0.03649075758616513,0.020435003070309172,0.02238732087988873,0.03374228291795313,0.027778515395989602,0.039016431621001636,0.03874458423209472,0.026001215347830856,0.034208574020173965,0.03931060495770361,0.024965451291966475,0.03317492383623664,0.03756701946392868,0.029484929640500732,0.03760295634736801,0.045854959421828205,0.018946848311173232,0.02293435529550028,0.030603031351664926,-0.49696549113474814,-0.2532596693325863,-0.758567636784153,-0.2601290413724732,-0.5361475554905508,0.03615865088818458,-0.5505918352463003,-0.3060284087596672,-0.8131145630300077,0.3431852379983583,0.45392805981132567,0.22431011393562664,-0.2856256889086967,-0.2955911021718474,-0.2749284742396126,0.8298031188133288,0.7568018281388876,0.9081651954120269,0.06045256952083365,0.03455417954288043,0.08825278511271864
cb_rnn,1,4,0.7240055799484253,-0.6231812182245392,-0.5750323342126712,-0.6736313356634449,-0.5615212161802893,-0.6053137913019511,-0.515635613571195,-0.6856788567850898,-0.7186750617205051,-0.6511056273490848,0.6306967117072917,0.6037080463610197,0.6589752765002606,-0.6209276055606145,-0.6323415598979122,-0.608968131346902,0.7365670018867863,0.7211846544292935,0.7526845350683502,0.03266814327004568,0.006205746113208302,0.06039528734982014,0.02662813663613164,0.045036406725877894,0.02715641523469994,0.02700239621531153,0.01987504076944812,0.05115009996202749,0.02423724079605463,0.03872564019202435,0.028507476415090664,0.026278091587209312,0.030597138725872122,0.04318633814870601,0.02578000320479976,0.031353514693406345,0.04131876475854461,0.020287103827045756,0.03142111482616415,0.02531877503726554,0.007227528081792666,0.007905340759501663,0.012152432016566832,-0.860740905158399,-0.7942374342662301,-0.9304228507623259,-0.7755758128553227,-0.8360623288912645,-0.7121983971558983,-0.947062945058979,-0.9926374625064355,-0.8993102337629311,0.8711213410153821,0.8338444662319108,0.9101798311377695,-0.8576282044743999,-0.8733932132718607,-0.8411097209917663,1.0173498965840233,0.9961037240633798,1.039611511173668,0.0451213970925097,0.00857140647127384,0.08341826226549581
cb_rnn,1,5,0.8740780353546143,-0.804032489463348,-0.8141721314959117,-0.7942293723467281,-0.8092382875703663,-0.8142096329980821,-0.8044319362910451,-0.8009638242117421,-0.8152954609592015,-0.7871078406319474,0.8622352844179333,0.8347982572308227,0.8887617031991224,-0.7990937612442435,-0.7792085925256138,-0.818318960438301,0.8850663866812223,0.8711206580053514,0.8985492701052243,0.020108128700375295,0.08760975238992207,-0.04515318136022548,0.0202731665337088,0.03457405969501843,0.02173192451159078,0.021114958005684487,0.020246350642614055,0.036625728811572694,0.021059208852611755,0.03506239517476813,0.023788391297302747,0.021961754117288353,0.02871596458413995,0.03305949727456391,0.021155071431225723,0.02791220179010708,0.03165293410128404,0.01606108213124557,0.026415224303145406,0.018577457857226733,0.030836727071169794,0.044938991982707864,0.0421691279498146,-0.9198635098262723,-0.9314638951722444,-0.9086481300545535,-0.9258192688048242,-0.9315067992387619,-0.9203205020072223,-0.9163527646439374,-0.93274905441187,-0.90050065188129,0.986451151433091,0.9550614744507844,1.0167990353842389,-0.9142132955212064,-0.8914634174619068,-0.9362081271225494,1.0125713619175318,0.9966165751458759,1.0279966247414993,0.023004958238330986,0.1002310421338739,-0.0516580665957437
cb_rnn,1,6,0.8054342865943909,-0.7714793516723957,-0.7770375087982047,-0.7655005772505794,-0.7406963508239843,-0.7315339249632067,-0.7505521494526047,-0.7804010533210304,-0.8171233956138892,-0.7408997229627661,0.7761969555318097,0.7511188566272882,0.8031728565155923,-0.7648462363932695,-0.7323015269946612,-0.799853788665286,0.7800806019610415,0.7592992730176629,0.8024345720136488,0.015493614754329125,-0.01814753156610869,0.051680577553070345,0.016676140726572117,0.02634232308574595,0.019877256973015917,0.018560269087734477,0.01792909209921252,0.03334516522409685,0.017569797154413685,0.025649178725049467,0.023735173761795503,0.01908854650140417,0.02380955148391637,0.030189436468395843,0.017240398578396206,0.022591816097139873,0.026187363707642925,0.015919583100146902,0.023417130137461353,0.021346280841631367,0.04038450259678213,0.06071892668672017,0.052499500170389166,-0.9578426999109183,-0.9647435200253816,-0.9504196555715765,-0.9196235660091685,-0.9082478075974935,-0.9318601926249704,-0.9689195832732571,-1.0145128028618242,-0.9198760659860961,0.9636999174864965,0.9325637971078137,0.9971922848127555,-0.9496072480689401,-0.9092008363476105,-0.9930714422989108,0.9685217216906024,0.9427203257365661,0.996275655716836,0.01923634865339618,-0.022531362108809277,0.06416485914895773
cb_rnn,1,7,0.690430223941803,-0.6498121140692901,-0.6710886238175073,-0.6283873359604579,-0.6529238168247199,-0.6336834864387978,-0.6722982261680353,-0.6340253596426919,-0.615644769233919,-0.6525340377895051,0.6781690209302016,0.6344468727398496,0.7221958530800683,-0.6730915597161382,-0.6366195090011948,-0.7098177710632414,0.6886595926351018,0.6428648861943644,0.7347734259499905,-0.027278448739606474,0.01649973291426794,-0.07136170483009326,0.021318182106085035,0.03115757169811773,0.029061729811599192,0.020481166248776505,0.024923481109675603,0.032533902527294316,0.021855843690037572,0.03162949606862842,0.03014039758379547,0.021531793913800158,0.02805775901201273,0.03259508756910336,0.020491774378604926,0.027526257566409935,0.0303051356887817,0.02031774436316898,0.029199860204085666,0.02812169231740684,0.034772991178116455,0.057476509089032325,0.03890896333737118,-0.9411698554553187,-0.9719861624627748,-0.9101388006638383,-0.9456767594805575,-0.9178095982255429,-0.9737381169812518,-0.9183047578985107,-0.891682820197356,-0.9451122143292903,0.9822412133964823,0.9189152657855367,1.0460084568095949,-0.9748871593038397,-0.9220620519284453,-1.0280803858943937,0.9974354666911998,0.9311076831546009,1.0642254647472171,-0.039509349089424856,0.02389775583703114,-0.10335831537425337
cb_rnn,1,8,0.6599165201187134,-0.6315095245825231,-0.5723484752985536,-0.6888502338885242,-0.6182396188766385,-0.5845148960355098,-0.6509266579380402,-0.6533748430794932,-0.585754251051727,-0.7189148015064052,0.6677783942553409,0.6245848961778945,0.7096428616227121,-0.6379203160176985,-0.5732087290712765,-0.7006407772119229,0.652535894271245,0.5959576955640021,0.7073732253259574,0.012310982966381643,0.03135815388941891,-0.006150121159023709,0.012245608555192243,0.018225222194689878,0.01606405090263576,0.012884579921770164,0.014349464632182962,0.021133689474234184,0.013065578354753145,0.017874296092274505,0.018626273890196977,0.012932181108905682,0.01696901907593115,0.019286073578038514,0.012655542666134107,0.01640636289406858,0.01882998747531117,0.01147774322055613,0.015275256307981242,0.016769786409128993,0.024823606678088778,0.03420097562310529,0.03591061012841228,-0.9569536529694996,-0.8673043602478583,-1.0438445059150905,-0.9368451918212661,-0.8857406629710687,-0.9863772736299191,-0.9900871142943302,-0.8876187111460019,-1.0894026434996331,1.0119134373772205,0.946460464522902,1.0753524726052521,-0.9666682020673495,-0.8686079399378593,-1.061711225362086,0.9888158189370064,0.9030804312290809,1.0719131947154572,0.018655364112065267,0.04751836472252255,-0.009319544171916402
cb_rnn,1,9,0.6499595046043396,-0.6109731897789364,-0.546698800201793,-0.6818157651522843,-0.5855682466127392,-0.5504984915540214,-0.624221772261399,-0.6023271254768284,-0.5512892517156356,-0.6585805483815008,0.6476388124121715,0.6121159692399747,0.6867917271494104,-0.5874234980664268,-0.5328570956129901,-0.6475660292377329,0.6481899608980812,0.6025000694238686,0.698548892376958,0.020350481991449162,0.0446989212604548,-0.006486118954681132,0.014345796707388078,0.02120187686945215,0.018599097657685738,0.015796358792021205,0.01901071449082811,0.02566038587805384,0.014791467026559516,0.02113395255983969,0.020328782244996103,0.015408260547353551,0.019391707999989943,0.024228649462793298,0.01491115099230464,0.019570337021106513,0.022465801173081768,0.010682330873150384,0.01490967317353378,0.015013504811913717,0.023163706370558708,0.03680246535104954,0.026893623030150932,-0.9400173171571113,-0.8411274799875321,-1.0490126851323407,-0.9009303540675225,-0.8469735232030114,-0.9604010216627136,-0.926714851017515,-0.8481901530945852,-1.0132639706259996,0.9964294818742887,0.941775548943773,1.0566684882429596,-0.9037847649047284,-0.8198312230811439,-0.9963175007832776,0.9972774554511122,0.9269809352055529,1.0747575617071667,0.031310384489011266,0.06877185569840247,-0.009979266260025741
cb_rnn,1,10,0.6108572483062744,-0.5753380103382522,-0.550552028892823,-0.6014028753472048,-0.5522163537135738,-0.4622725684361132,-0.6468009731208297,-0.5765831199792509,-0.5349109424669818,-0.6204054589847822,0.5814342573396638,0.5257127054566605,0.6400308770102423,-0.5789108858694751,-0.5206141353184445,-0.6402155768666279,0.6201346917066746,0.6005808365766272,0.6406974681087881,-0.0031225095932444413,0.003700466443584344,-0.010297531076690928,0.013576754909724428,0.018917537865422,0.019454108275272174,0.016076593884213397,0.019350242511323595,0.025541112434494823,0.013996716147204694,0.019200491772018755,0.020305183716953445,0.015539785181212632,0.01974784280970696,0.02401945141850266,0.015474939553156812,0.019730976434584543,0.023841708496498457,0.00995471905259552,0.012909909825733416,0.015224325103888887,0.019323971398901164,0.03234228333534127,0.020367899961323165,-0.9418534558335739,-0.9012777214633044,-0.9845227784637348,-0.9040022938987883,-0.756760388319624,-1.058841447677369,-0.9438917547069213,-0.8756725797232182,-1.015630837982167,0.9518332784816881,0.8606146639240274,1.0477585046012923,-0.9477024091547133,-0.8522680818832103,-1.0480608663345738,1.0151875801197805,0.9831770650865801,1.0488497433487967,-0.005111684607004717,0.006057825218321691,-0.016857508207102266
cb_rnn,1,11,0.6827858686447144,-0.6594811627200888,-0.648232287813385,-0.6707205927276266,-0.6056562510359342,-0.48976350907205035,-0.7214516859116873,-0.6449982904504823,-0.6505171899002891,-0.6394840248373254,0.6407372142011843,0.5780692733010324,0.7033525371828643,-0.6413541256400441,-0.5894979810968292,-0.6931667301794444,0.6823202942657225,0.6941483788474017,0.6705021409053546,4.5659389004192646e-05,0.0018112775032259837,-0.0017184762582871016,0.009985448288902764,0.0143564236846986,0.013875472765957655,0.012439131579230017,0.014474412453000433,0.019665337517557207,0.00993285267885303,0.014086903623689508,0.014005574579960777,0.011863093877536129,0.01468885376233428,0.018451898671883078,0.011331384683113592,0.014600244939195237,0.017200310565905864,0.010109034082549526,0.014415794403623223,0.014167787356477246,0.012075530674745597,0.020075240116286155,0.01343280024052753,-0.9658682070106638,-0.9493932396405392,-0.9823293414946672,-0.8870368864518573,-0.7173017655508881,-1.0566294925577797,-0.9446567658624249,-0.9527396798523723,-0.936580638534098,0.9384160446568792,0.8466333294923962,1.0301216962485962,-0.939319565756524,-0.8633716779565817,-1.015203685388708,0.9993181253444569,1.0166413962626981,0.9820093995739219,6.68721939058633e-05,0.0026527753229885266,-0.002516859731877822
cb_rnn,1,12,0.6180527806282043,-0.5897687905324663,-0.5706873355419825,-0.6100626657628443,-0.5386178578211249,-0.44687308291194827,-0.6361920216348633,-0.5818701668129229,-0.5705660404772657,-0.5938925482067247,0.5361351614156001,0.4868813004856383,0.5885185728915867,-0.5644948186848661,-0.5053076610886421,-0.6274426804751494,0.6105648535329232,0.602023464286963,0.6196489557535376,-0.010286432097284056,-0.004944992822135779,-0.015967262110223823,0.008307694904094014,0.012213894478254963,0.011165917062443792,0.010818084791043526,0.012824096918265129,0.01735945341970528,0.008200936936250373,0.011760605470299484,0.011391803344529841,0.010023750676494516,0.012943251081954238,0.015335894683055693,0.00956786621865146,0.01257249139591806,0.014368518316837057,0.005620159677150158,0.007809144622410714,0.00808866724445752,0.008395074507125934,0.015289590607023057,0.005970430946376226,-0.9542369341547344,-0.9233634301619379,-0.987072115657762,-0.8714755029071469,-0.7230338523155503,-1.0293490160957157,-0.9414570810950733,-0.9231671765918245,-0.9609091113595143,0.8674585378786888,0.7877665399235968,0.9522141010245139,-0.9133440320600117,-0.8175801111598183,-1.0151927151551698,0.9878846478327139,0.9740648099261866,1.0025825870789076,-0.016643290702177033,-0.008000923185087145,-0.0258347872717186
cb_rnn,1,13,0.5845149159431458,-0.5279023674907584,-0.4974453264312579,-0.5590691470957183,-0.502436160048844,-0.4147422830103943,-0.5921735620841369,-0.5421802171458885,-0.519061819706481,-0.56583734117203,0.511892145367607,0.4684813677729799,0.556314521629586,-0.5103910346270637,-0.45942461022019093,-0.5625451264719893,0.5878400354514166,0.584482386811535,0.5912759271700392,-0.0013691596752130573,0.0043994067328991275,-0.007272150629816205,0.008175629224835468,0.012899153724327019,0.009920895379765735,0.009732398273827323,0.01195377590047735,0.015167819682179309,0.008413878247469463,0.01324780022797956,0.010269906851730458,0.009215640926604872,0.01238790503344462,0.013601555617520427,0.009111167587345925,0.012809272510046639,0.012856841305258231,0.005903012696504626,0.008151943229379992,0.008546925094742313,0.007968318202407681,0.014240636910636512,0.006894709288029978,-0.9031461013085696,-0.8510395763444352,-0.9564668614035805,-0.8595779959492336,-0.7095495285029393,-1.0131025675001526,-0.9275729367334484,-0.8880215124518205,-0.9680460254106972,0.8757554878503688,0.8014874471031426,0.9517541921611068,-0.8731873570814198,-0.7859929621793911,-0.9624136375789366,1.0056886820465576,0.9999443485004,1.0115668754423215,-0.0023423862041293602,0.007526594468167595,-0.01244134312309585
cb_rnn,1,14,0.5724875926971436,-0.4963682688195324,-0.4629702284563498,-0.5302378901863303,-0.4703133389326703,-0.37412912202957316,-0.5678556789186151,-0.49407172197094545,-0.4699055353991876,-0.5185791355845637,0.48556169555147083,0.4436069197789731,0.5281088736041651,-0.47308071753785247,-0.41346508233327733,-0.5335381267140504,0.5676704459022927,0.567456299797523,0.5678876157543813,0.005474190981326458,0.020249650202791587,-0.009509898022388306,0.008621219875427192,0.014436633202557666,0.009274799426574007,0.00940060987592639,0.01256421219421252,0.013660768031892225,0.008511983462816841,0.014455800291432055,0.008854795249898685,0.009107254065124677,0.013302573242716869,0.012355779917518031,0.008959554846881601,0.013464924105570476,0.011641444166221347,0.005000110665981619,0.007396357967921172,0.006720082407486173,0.006892609720435405,0.012006043269027579,0.006652492661679032,-0.8670376007294892,-0.8086991480027926,-0.9261997935854582,-0.8215258198293822,-0.6535148129009223,-0.991909145564699,-0.8630260782478101,-0.8208134838090304,-0.9058347153715549,0.8481610811229264,0.7748760417479463,0.9224809067321472,-0.826359773683551,-0.7222254029739434,-0.9319645238081201,0.9915855874322865,0.9912115249940758,0.99196493163967,0.009562112875732498,0.03537133461249355,-0.016611535592561247
cb_rnn,1,15,0.5796509981155396,-0.5008920618125913,-0.4969226188950672,-0.5050169405761269,-0.4680042795481923,-0.3806080590754579,-0.5588227700345433,-0.5026946169267437,-0.49066007124840005,-0.5152004125582285,0.4916228497359746,0.4257693523343686,0.5600550450289797,-0.4879259257762909,-0.44087454105551466,-0.5368197533642537,0.5734753719800605,0.5541912443528774,0.593514629421328,0.005552746332284068,0.0014264924092866652,0.009840576522457092,0.007343551166275627,0.010689904059657605,0.010041183878241922,0.008529299667343747,0.00696399032335431,0.015563107008855694,0.007268351576547884,0.010945188950476033,0.009495174407448903,0.008063277402813266,0.008437811871676372,0.013746615158778381,0.007975664363432862,0.009244939754075962,0.01303519249773722,0.007502271221946501,0.01248316474734869,0.00808581988767626,0.006940714546493078,0.006753867793343335,0.01228978312192019,-0.8641269719900498,-0.8572789842691129,-0.87124311390466,-0.807389758785349,-0.656615895276338,-0.9640676404444927,-0.8672366968417494,-0.8464749872656973,-0.8888113955348277,0.848135949621847,0.7345270752893651,0.9661935317108626,-0.84175810507107,-0.7605861845986797,-0.9261085637900541,0.9893459579030206,0.9560774434177937,1.0239172042329945,0.00957946479922607,0.0024609504924932918,0.016976726606956705
cb_rnn,2,2,0.3493013381958008,0.13669876599104924,0.16194724175398068,0.11178515064937683,0.34128551949586505,0.4317183081781672,0.2520521046687659,0.13776089685741508,0.16453258024268252,0.11134427558601061,0.20995934822351656,0.2604980341969959,0.16009093659981807,0.2455111974390231,0.3025264527688744,0.18925211260426267,0.3530990448749272,0.4475482202946178,0.25990251103905215,0.2481054895929246,0.3104802289957641,0.18655800137579914,0.007948324383062163,0.010391497897106543,0.011870560199426393,0.00829073042166883,0.010864024951284947,0.010670873290559211,0.008453264283529981,0.01214884454780483,0.01160258886075286,0.009161207635302045,0.012699267122955358,0.012687384393368549,0.008980285944565637,0.012673260264952161,0.012043038822287213,0.008608942303729966,0.011503204041217678,0.010831097273734836,0.007586595857626164,0.009389079158982194,0.01100542819653678,0.3913491047504169,0.46363189614578915,0.3200249710658586,0.9770518523022592,1.2359480510669203,0.7215892901259889,0.39438983420153184,0.4710333521552495,0.3187628085283676,0.6010837213163607,0.7457687838887517,0.45831755877808616,0.7028636039791003,0.8660901625269276,0.5418018539000771,1.0108722935295416,1.2812668356963028,0.7440638858742759,0.7102906930572626,0.8888606914575418,0.5340889970230349
cb_rnn,2,3,0.4399246275424957,-0.2736618692055345,-0.3304069048651987,-0.21274981148878905,-0.05095046724115188,0.015899932188107455,-0.12270996727644753,-0.26782311634160577,-0.31314554078957924,-0.2191724792991807,0.10610122737319519,0.12299082810490185,0.08797135358559648,-0.14994010850787162,-0.1439632916864255,-0.15635582764449954,0.3791981830882529,0.341960698905845,0.4191701693488506,0.029292878958707056,0.03283154595665769,0.025494353045140177,0.021542164177913287,0.02723851928330427,0.033536411015219494,0.01701081914923195,0.021986164506278754,0.02579834007398614,0.022883611960502218,0.029856726002526784,0.034846135632620824,0.01932625158890416,0.025992878288063098,0.028737936208017133,0.01978115641024535,0.026012972392564504,0.030039083651069297,0.020667377355756383,0.02981201302278252,0.028382873956586632,0.01759683893659182,0.02535150511318312,0.02430232595266962,-0.6220653540909103,-0.75105344001975,-0.48360514090163753,-0.11581635591935617,0.036142400749254615,-0.27893407096103984,-0.6087931876824392,-0.7118163457655712,-0.49820461410292183,0.2411804675857708,0.2795725003893336,0.19996914943594205,-0.34083135864765324,-0.3272453567572072,-0.35541503670284047,0.8619617074100341,0.7773165617394593,0.9528226953112774,0.06658613117965856,0.07462993408680271,0.05795163864218418
cb_rnn,2,4,0.6092628240585327,-0.4701434657415726,-0.5182634262368083,-0.41972365419325586,-0.33116171530763916,-0.2595718712594948,-0.4061731327845551,-0.5156263102554922,-0.554140572223747,-0.47527129311963695,0.3916255703373165,0.44063161723969274,0.3402773226638708,-0.42035570477856127,-0.4061032862451516,-0.4352893050801119,0.6055294173724508,0.6685059973479885,0.5395429273245528,0.01791797837834384,0.055827815124863074,-0.02180372556561933,0.02158988215354731,0.029289108763519516,0.031681596091002955,0.016507859928745112,0.025636673424939038,0.020024443330311545,0.02232790531187385,0.030539292562137166,0.032570058817054416,0.019666330164429258,0.028278502875894805,0.027101100832141803,0.019572928393500513,0.027961827826338034,0.027337242610945178,0.019637317676617038,0.028816969670581356,0.02626336370318375,0.013954111261602137,0.025348511364329543,0.010268194372279113,-0.7716595321043341,-0.8506401601602038,-0.6889040946193238,-0.5435449238501774,-0.426042523865788,-0.6666632473632323,-0.8463117884342723,-0.9095263166270423,-0.7800759776440537,0.6427859289502497,0.7232209152438959,0.5585066234587454,-0.6899414968049603,-0.6665486062975946,-0.7144524298733399,0.993872255882589,1.0972374662461997,0.8855667964942469,0.029409275719442938,0.09163174400330656,-0.03578706053387005
cb_rnn,2,5,0.8185692429542542,-0.6948470884656652,-0.8008005217996551,-0.5924101471470892,-0.6629991711118011,-0.6248700556359185,-0.6998628181086861,-0.6789260105621439,-0.7564550202228685,-0.6039701137761619,0.7171436277336372,0.6783686214001543,0.7546317290950131,-0.6582396218426094,-0.6668890474864574,-0.6498772622735212,0.8248516069458673,0.9147141216628587,0.7379715422122681,0.02143603795080262,0.05072680978632685,-0.006882601486139999,0.018704517233805267,0.028480933008987953,0.023756223579215162,0.01930415545702822,0.026957444129222782,0.027536961720069843,0.01970704236396182,0.02914527319016875,0.026303017431861496,0.020155258881762336,0.030756447532738797,0.02613655677274662,0.019957214551388477,0.028487721958198955,0.02796327060664504,0.01598627457185159,0.025943640385847875,0.01836582742832567,0.011362146434612037,0.019089113585313358,0.012507401478160193,-0.8488556031716145,-0.9782929528472498,-0.7237141539902643,-0.8099487939700818,-0.7633685983371835,-0.8549830379441682,-0.829405717849682,-0.924118547983537,-0.7378363149785667,0.876094031025931,0.8287247868633455,0.921891135771865,-0.8041343203502153,-0.814700837133367,-0.793918496043272,1.00767481070867,1.1174547902161742,0.9015383225845315,0.026187201797906515,0.061970090157860626,-0.008408087092669611
cb_rnn,2,6,0.9156479239463806,-0.8537994573190291,-0.8122553964156402,-0.8984873931015934,-0.8144934165951175,-0.8166173624383345,-0.8122087397151165,-0.8565740228999251,-0.8495562441110411,-0.8641228768404002,0.812449262726457,0.8239017560753591,0.8001300942052055,-0.835686680437195,-0.8075859673146527,-0.865913934012254,0.8688776621614428,0.8850297374491716,0.8515032676627508,-0.006213497215261062,0.008219814280569055,-0.02173905931077562,0.01876003250786694,0.026874762122714748,0.025954909244642343,0.01919559168051848,0.02819443266883968,0.025840288504799667,0.021088634229610655,0.029106383598991415,0.030588176921759472,0.02041782166505201,0.028971385131956455,0.028712700726458193,0.02004756782296051,0.028872527991873405,0.0276375775357325,0.018658255474366208,0.025195196918411676,0.02764661487541237,0.013303604712939652,0.02352427004183145,0.011017088253317243,-0.9324538777297842,-0.8870826604562967,-0.9812585925266707,-0.8895268533834555,-0.8918464631239144,-0.8870317056085835,-0.9354840441380012,-0.9278197677219768,-0.9437283198503734,0.8872943862798877,0.8998019157018324,0.8738403411179037,-0.912672500621682,-0.8819830703421593,-0.9456843742737094,0.9489211294409305,0.9665611795795411,0.9299461565891279,-0.006785902149465167,0.008977046816359514,-0.023741722928919823
cb_rnn,2,7,0.8073264956474304,-0.7131206675840076,-0.7501032230473256,-0.6758803939641509,-0.6908123197451156,-0.662291467847193,-0.7195319232242084,-0.711039018455065,-0.6997011018833178,-0.7224559448983923,0.7583138527309833,0.7956917783419463,0.7206754537708149,-0.7233674410640055,-0.707553343982742,-0.7392917409123859,0.7797111853061425,0.8139032399262524,0.7452808585284012,-0.00614806023077108,0.025597289256158586,-0.03811463166534485,0.021446871631448886,0.028502702248394823,0.0320021140667968,0.022099091787803626,0.03154198704210371,0.030910206190706904,0.02205575360442556,0.030227558912226518,0.032132096004088374,0.021865509608085042,0.03131614109450003,0.03043709090616652,0.021837196258161752,0.031206231166428147,0.03053586220797294,0.02519747976854506,0.03462694951011188,0.0365714300766285,0.02079226825979198,0.036632580677235606,0.019418624346312793,-0.8833113634058609,-0.9291200364305955,-0.8371834661788634,-0.8556789891939852,-0.8203514580753013,-0.8912527051985137,-0.8807329157268048,-0.8666891346383929,-0.8948745628855191,0.9392901841068132,0.9855885848312785,0.8926691464435014,-0.8960035932970409,-0.8764153632977498,-0.9157283266412748,0.9657941235792813,1.008146325327212,0.9231467845369399,-0.007615333156928884,0.031706242015048694,-0.04721092627435578
cb_rnn,2,8,0.7907556295394897,-0.7613543969152184,-0.7482914869169289,-0.774015371221253,-0.7009360780745434,-0.725973249690663,-0.676669280969689,-0.7626732896266427,-0.7301655788289965,-0.7941807631689769,0.7386175964865187,0.7922225032573339,0.6866620714624978,-0.7311057500094952,-0.7249705923599646,-0.7370521335775017,0.7793220069595717,0.7579851111617248,0.8000023828867154,0.007455297719894184,0.024233873519632552,-0.008807014209083003,0.013161315120400389,0.016006936243917476,0.020747810396107225,0.015802144705411657,0.024709738145285397,0.019816998672615257,0.013974042803531771,0.01719426040760782,0.021819023077939752,0.015602718965344847,0.023346703593513738,0.020557975144711187,0.015044586917311786,0.022282176151552816,0.020277593885003414,0.012340742435363873,0.015673403396415524,0.018929336351265768,0.012629234350370775,0.022256759850053542,0.012338712853135286,-0.9628188133906885,-0.9462992850935623,-0.9788300485094419,-0.8864130104046755,-0.9180753478966013,-0.855724898681732,-0.9644867025111142,-0.9233770226260938,-1.0043314691689034,0.9340655556466484,1.0018550278531668,0.8683619133541767,-0.9245659755027824,-0.9168073742101133,-0.932085850601831,0.9855408900641319,0.9585579701824578,1.011693566257139,0.009428067839663571,0.03064647612277584,-0.011137466342429861
cb_rnn,2,9,0.7143766283988953,-0.6096984037204594,-0.6270232266493586,-0.5906031609302128,-0.5636966844968911,-0.6425674798472828,-0.47676609984062013,-0.6221704624088792,-0.6438551600899128,-0.5982698102202946,0.6510896671744477,0.7042610036912343,0.5924847634223691,-0.5892395381928913,-0.6275647231100114,-0.5469979110214669,0.7213140391848154,0.71290830487003,0.730578753648557,0.03930729906682649,0.04322415189385809,0.03499018390710554,0.015369496090977588,0.022027305717229533,0.021288648936363102,0.01992508539855365,0.029165267080829997,0.026359403402677308,0.016110812510456048,0.022443943650037997,0.02308915506056216,0.01798626430223606,0.025707697705560265,0.024795656394055874,0.01754459036355275,0.024766958356643425,0.024675923094127077,0.010647694894728547,0.013497846037344285,0.01671497846825239,0.019866639806739476,0.035036225081688306,0.01590223988365915,-0.8534691358631831,-0.8777208012175336,-0.8267391981368551,-0.7890749250297882,-0.8994799861908199,-0.6673875948450015,-0.8709277958929393,-0.9012825091058208,-0.8374711411838509,0.9114095300593887,0.9858399276998567,0.8293731063826687,-0.8248303692598834,-0.878478799784573,-0.7656996173677072,1.0097111390688531,0.9979446086693007,1.0226800886333234,0.05502321535199776,0.06050611144815125,0.04898002330441253
cb_rnn,2,10,0.5632724761962891,-0.46616081943133186,-0.47784237501703236,-0.4538765300193422,-0.4448048180649559,-0.5152244786383741,-0.3707517106314842,-0.46559281619990656,-0.4502333700112894,-0.48174476452601994,0.45145037665260496,0.5003814906998163,0.3999945613891985,-0.4558150050470126,-0.4899564745191868,-0.4199119364128835,0.5564409897289054,0.5563417267550445,0.5565453743795505,0.005060684650545259,0.006295547703124374,0.0037621063053269277,0.01524563904965579,0.021245549612202125,0.021881310313431514,0.017406298264101883,0.024785092609001427,0.02414089985473779,0.015558505788431903,0.021099989481798857,0.022932718103273058,0.017173521518120998,0.024188677924005777,0.02424873005549927,0.016942434755570692,0.02385457990498797,0.023996342634860456,0.01233875956447272,0.015251688283074152,0.019584921321622487,0.019152097751093698,0.0326753977448156,0.01905741719282722,-0.827593818500168,-0.8483325481192409,-0.8057850315788826,-0.7896796610206646,-0.9146984814838153,-0.6582102380274741,-0.8265854198025058,-0.7993171849113965,-0.8552606152162522,0.8014777851408519,0.8883471354375986,0.7101262324946417,-0.8092264832911351,-0.8698391901337051,-0.745486339486172,0.987871790729922,0.9876955652297319,0.9880571089463384,0.00898443446894379,0.011176735894566421,0.006679016753547017
cb_rnn,2,11,0.5594903826713562,-0.4638156815463695,-0.4341082683960054,-0.4934981514447182,-0.43332742407123165,-0.48088821979130014,-0.385806561848829,-0.4399574076368034,-0.42996466400242656,-0.44994176105822115,0.45038996641326606,0.4919020473409225,0.40891274029747166,-0.45805557400022595,-0.4763588079869622,-0.4397677079681385,0.5497836724067625,0.5516509457859171,0.5479179668474057,0.010100628422625622,0.01277279150711388,0.007430708967931224,0.010621557309584514,0.01345345146705323,0.01639266359448828,0.011901804745915411,0.017435229994706848,0.016089295809658254,0.011302966384382603,0.01407443789537858,0.01768260283265651,0.011662307051073009,0.016554591163802965,0.016343081335539248,0.011276687447313903,0.01533450868235537,0.01652009139493623,0.008060238981482507,0.011318344416450415,0.01147849834117189,0.010853145902321296,0.015647590799690827,0.01504391904327465,-0.8289967011261642,-0.7758994289111846,-0.8820493912486039,-0.7745037939745383,-0.8595111456522982,-0.6895678170672885,-0.7863538342449645,-0.7684933956317658,-0.8041992766880431,0.8050003724153815,0.8791966092290545,0.7308664330297637,-0.818701425774618,-0.8514155430385202,-0.7860147762833976,0.9826508005048312,0.9859882544396764,0.9793161487983107,0.018053265499218984,0.022829331660945813,0.013281209468610314
cb_rnn,2,12,0.5573283433914185,-0.44731902834054804,-0.4424586581541532,-0.45248822252334686,-0.422156682332321,-0.46849549674787283,-0.37287353707207566,-0.4444733196893613,-0.42871972667453745,-0.4612278832817304,0.4584449254233631,0.5073208996973045,0.4064634112163387,-0.43313115554158205,-0.4429475123438171,-0.4226910753558321,0.5489407490590493,0.5463555609710652,0.5516901979103437,0.004751934288002605,0.01543938799120074,-0.006614591592298976,0.009263793367652833,0.011887317889258123,0.014337443543273905,0.010596375929767974,0.016637810682720074,0.012736302711809583,0.009081194032819892,0.011749521928373141,0.013953126195724471,0.010107640037634107,0.014963979692467549,0.013365714957581678,0.009955043800043466,0.014485899422314243,0.013583778181620883,0.005129205331253476,0.006873181515048934,0.007654046813198359,0.012062551466935384,0.019922208608483125,0.013057826818095817,-0.8026130980860423,-0.7938922601024242,-0.8118880510721825,-0.7574649438487919,-0.8406094940318561,-0.6690374560947138,-0.7975071157958359,-0.769240846546077,-0.8275694009658584,0.8225760108191585,0.9102729220807041,0.7293069086401632,-0.7771561605963198,-0.794769398678742,-0.7584237915906082,0.984950353894924,0.980311816991789,0.9898836196867974,0.008526274222994727,0.027702499207648355,-0.011868392610446277
cb_rnn,2,13,0.5369319915771484,-0.4395848911000965,-0.4274522000610238,-0.4520003094886106,-0.41449355394017506,-0.4535307077211466,-0.3745467197772761,-0.42633126921668224,-0.42810126136859306,-0.42452003104704705,0.42987347646715734,0.452207535280302,0.40701896846181174,-0.4281840388918213,-0.43727594368934336,-0.41888026599871353,0.5391666883864833,0.529848691472544,0.5487018220066239,0.002827554829250769,-0.012824195527499265,0.018844036957232062,0.013100791214443084,0.016990628655605383,0.020004180862687605,0.013448457145579336,0.01898111405464809,0.019014010577815807,0.01325172028413205,0.017200702556345548,0.02022570973642112,0.01327651042497324,0.018265387069368554,0.01927981069764942,0.01344908910792476,0.018698209022294625,0.019346216782793302,0.0045127165400221545,0.006045623819322308,0.006708488282871511,0.016661364677958427,0.023905681585302565,0.023189381808950724,-0.8186975222111258,-0.7961011948747067,-0.8418204103669347,-0.7719665813219085,-0.8446706749377618,-0.6975682687058884,-0.7940135359869414,-0.7973100282423418,-0.7906402257762478,0.8006106605875271,0.8422063545739146,0.758045664714932,-0.7974641958548639,-0.8143972617554748,-0.7801365397660929,1.0041619736659215,0.9868078262876487,1.021920523668004,0.0052661321612543464,-0.023884208295784953,0.035095761200372576
cb_rnn,2,14,0.5121371150016785,-0.4139330909206426,-0.4722322053699752,-0.35481079179930736,-0.4060198854240899,-0.4259644107840314,-0.38579374296375585,-0.412310615861877,-0.46178268596403993,-0.3621399991319478,0.4174879314438531,0.4040939586708523,0.43107102738258457,-0.3885221607180039,-0.4150450820254263,-0.36162473522671473,0.5059832818447073,0.5175781048517554,0.49422473970291536,0.007247783619542986,-0.007894408126365837,0.022603783418344115,0.012690739553206676,0.015962851575195947,0.019692327491234216,0.012656353956578392,0.018066106112237447,0.017712599661118846,0.012871999039812121,0.01572590897420617,0.020378571266304334,0.012747195685994441,0.01758175567804,0.01846834682132163,0.012780108201177713,0.01703594421881601,0.019062539469990536,0.004563972192673967,0.006694475178740705,0.0061863540390137625,0.017527194127935963,0.02408687412962575,0.025481534911621598,-0.8082466175475019,-0.9220815901390539,-0.6928042928467399,-0.7927952759736213,-0.831738997831929,-0.7533016679771226,-0.8050785693603278,-0.9016778367303578,-0.707115318386485,0.8151878065749733,0.7890347073742702,0.8417101880639364,-0.7586291821804998,-0.8104178937003346,-0.7061092130093511,0.9879840125296309,1.0106240881410422,0.9650242585939033,0.014152037427553424,-0.015414637789608283,0.04413619469518438
cb_rnn,2,15,0.5831776857376099,-0.4803634047028942,-0.5102366452323368,-0.4493203848086177,-0.4612599699939071,-0.4725057611744667,-0.4495738149883624,-0.49632462986042536,-0.5188388609999876,-0.47292878418774276,0.4826556860665561,0.47034734777765796,0.4954459955072467,-0.4775289193377439,-0.4826408297308684,-0.47221683624200067,0.5765048535589882,0.5628631719744717,0.5906807174865107,0.017173690096337922,0.027911215676657164,0.006015703406657183,0.01873203847555512,0.02351674936343899,0.02934165667825742,0.018413277984226033,0.024225495742005092,0.027855944402656454,0.0187679749486586,0.023311178476296563,0.029619780999891848,0.018387185797612306,0.023824890576907426,0.028155306178626785,0.0185372994993441,0.023979367572506707,0.028424024184594603,0.008992738929520213,0.013830332486259636,0.011380843086737914,0.02516767642540247,0.03232363856429084,0.03880034031151412,-0.8236999056219461,-0.8749248431667677,-0.7704690968076258,-0.7909424199084369,-0.8102260644229484,-0.7709036644976158,-0.8510693087179223,-0.8896754345868947,-0.8109514402794356,0.8276305796167212,0.8065249396206873,0.849562676391846,-0.8188394909756531,-0.8276051048153853,-0.8097306323453295,0.9885578060652616,0.9651658246535202,1.0128657730437867,0.02944846916530498,0.04786056867274463,0.010315386808822172
cb_rnn,3,2,0.25098690390586853,0.08381193606692736,0.008987354375021432,0.15764414930138096,0.2252967113825444,0.21387465181009424,0.23656728475376845,0.0843669136710097,0.010388846519172833,0.15736383934868425,0.14992108572092908,0.096242129492263,0.20288811945319374,0.15859582472607514,0.11457445118976857,0.2020333604170726,0.25569531703504605,0.24283239850273697,0.2683876398308524,0.16855437324465675,0.1097264049314363,0.22660212977653474,0.012826105766966729,0.016417740650090298,0.018915192569185963,0.01176473934476259,0.01614822379327466,0.017080559051898536,0.012860992863467374,0.01663225341833431,0.01884340436240321,0.012972306291301213,0.016921814293804075,0.019246794052313644,0.012682787412227219,0.017090007669846856,0.01845150055196613,0.01202132627284192,0.016936452922393288,0.017037090544310896,0.012622644949435366,0.014151915379992216,0.020393745678573223,0.3339295188818323,0.03580806103888232,0.6280971112361491,0.8976432948351795,0.8521347069578855,0.9425483205390346,0.33614070040344063,0.04139198642439576,0.6269802802448323,0.5973263281384446,0.38345478586547355,0.8083613778083257,0.6318888446289443,0.4564957350632891,0.8049557856327207,1.0187595968391379,0.9675102354894586,1.0693292584361689,0.6715664069383966,0.4371798019094601,0.9028444363038193
cb_rnn,3,3,0.5689411759376526,-0.4556788224377669,-0.5949563116914549,-0.3061736125909355,-0.297303191824661,-0.20150536905142144,-0.40013584391602175,-0.4481105599552393,-0.5721885776165985,-0.31492098160168525,0.314869361766614,0.2556785387277483,0.37840681111934893,-0.3580373274511658,-0.3700812715264993,-0.3451089468778596,0.5228408054060613,0.5295829260253331,0.5156035830566487,0.06153868587377171,0.03007230672318211,0.09531577105269834,0.02323823887689916,0.029983931953529698,0.03453148899903355,0.019665253878909068,0.03185056545425084,0.021202167568426057,0.025314240572248594,0.03337141431054655,0.03738588261961743,0.022278603119397587,0.033299966237628216,0.028969696244952853,0.021923528642307726,0.03221765014495472,0.02948933109962409,0.021987568181268347,0.03274511724011916,0.02902939442398685,0.015316372451006298,0.012487550375600167,0.02870707475993514,-0.8009243164493731,-1.0457255281460824,-0.5381463419066852,-0.5225552383947,-0.3541761039167666,-0.7032991473267364,-0.7876219526855717,-1.005707798655272,-0.5535211633833229,0.5534304337310242,0.44939362721703735,0.6651070921272477,-0.6293046497488896,-0.6504736995289204,-0.6065810693154653,0.9189716398086061,0.9308219345392702,0.9062511290502044,0.10816352986291052,0.05285661856627087,0.16753185581200317
cb_rnn,3,4,0.7356963753700256,-0.6502371366157512,-0.7223193209160839,-0.5747098479187116,-0.610056896565258,-0.5626525248482562,-0.659726918401087,-0.7078383607218038,-0.754583739423961,-0.6588588278904995,0.6341302982151936,0.6327923116976755,0.6355322326177403,-0.6737801239021537,-0.6923266588988012,-0.6543471736299312,0.7274804364829667,0.7417260575059214,0.7125539585728856,-0.017814227729313462,-0.040731731155201005,0.006198597551487824,0.021189399058354,0.0269453773183476,0.03263766110168257,0.02141340122545855,0.03498448825733804,0.023880491972011513,0.02171667075047275,0.02738990349415194,0.03384440561926893,0.022042537028973873,0.031833618404460334,0.030412545061701372,0.02122053331313992,0.0302778398319812,0.029673775548442232,0.017819039080218643,0.02026585950498741,0.02966138367566176,0.013692445735803466,0.017555944053995413,0.0211129050663888,-0.883838983559907,-0.9818171532417654,-0.7811780337094303,-0.8292237354824862,-0.7647890402685003,-0.8967380301000816,-0.9621338155510004,-1.0256727702979858,-0.8955580725256668,0.8619456605263981,0.8601269938014937,0.8638512488227132,-0.9158399394903495,-0.9410494357140047,-0.8894255776383578,0.9888324325603389,1.0081958839784457,0.9685435220671024,-0.02421410289041267,-0.05536486588603157,0.008425483336614482
cb_rnn,3,5,0.8704249858856201,-0.7911554604047201,-0.8336151925596729,-0.7501049257094554,-0.7958463312113714,-0.7927238727794654,-0.7988651582667494,-0.7956741880188182,-0.8106275491416455,-0.781217114494584,0.8285580276472662,0.7820296246697431,0.8735421979141356,-0.7719389483748074,-0.7856625066986724,-0.7586708616836246,0.854104473653932,0.8726278752533357,0.8361958458449847,-0.005886514218126425,0.02628429192882865,-0.03698960241215225,0.018363763686283063,0.024746594797751695,0.02696567943146768,0.018122283718628063,0.027270235567874685,0.023985046765898663,0.019048760684308986,0.025502504932771418,0.028197742336160857,0.018903082393648758,0.029149735903933535,0.02412635430598584,0.01888104517316819,0.026505377548178066,0.026867241237890326,0.01317029453694615,0.018829373945998967,0.018402362706596224,0.013988270801091043,0.021655967922760935,0.01776846817263617,-0.9089300895926756,-0.9577105506817514,-0.8617686048456614,-0.9143192625630248,-0.9107319822315335,-0.9177874845285356,-0.9141214934326062,-0.9313008728912655,-0.8975122809689672,0.9519005555708444,0.8984457447232647,1.0035812529270904,-0.8868529291922757,-0.9026194323905977,-0.8716097009918776,0.9812499497414098,1.002530820465217,0.9606753705423464,-0.006762804737431967,0.03019707884658838,-0.04249602551851946
cb_rnn,3,6,0.6806066036224365,-0.6285391894764163,-0.5334327439941353,-0.7308428794816808,-0.6033404238761351,-0.6420425444691624,-0.5617094941571489,-0.6315851192614192,-0.5717856340746784,-0.6959099708947244,0.6245225825987291,0.6600180518387551,0.586340969740539,-0.6131411396620225,-0.5768817426945696,-0.6521444909945802,0.6551565084761629,0.6322956133752412,0.6797474172603977,-0.004651997031437026,0.018297654350398974,-0.02933837878811467,0.016405492337706842,0.022175094936372836,0.02354160250361519,0.018135443177070727,0.025854506047266516,0.025249491635531782,0.01881354797763572,0.025931234268010767,0.027065253603604476,0.018908647603092698,0.02648558445910334,0.026901296538978166,0.018005483369716472,0.025254830135553723,0.025563659458968328,0.015041570496717997,0.0208989330718243,0.02161719202268229,0.018152586402457916,0.03076004878372313,0.017965923153102567,-0.9234985175446455,-0.7837607527682097,-1.073811032087947,-0.8864745370746292,-0.9433386938239768,-0.8253071468415472,-0.9279738337828239,-0.8401117929673717,-1.0224848939032296,0.9175970072502855,0.9697497031705222,0.8614976208279769,-0.900874508708352,-0.8475993909318461,-0.9581812570192962,0.9626067466715443,0.92901774683045,0.9987376167708836,-0.006835074779876366,0.02688433267178453,-0.043106221173825114
cb_rnn,3,7,0.7683230042457581,-0.7143056527129374,-0.7380082389552495,-0.6904378916536059,-0.6657978966864498,-0.6286752489766035,-0.7031792388054241,-0.7036515646323096,-0.6862035227301417,-0.7212211956766528,0.7223264928098716,0.7571472115814686,0.6872631209457897,-0.7075175859079335,-0.6739696567059594,-0.7412992985886667,0.7580345481854036,0.7837925830333909,0.7320970148367334,-0.003618913078551284,0.020406679401760695,-0.02781193129043338,0.019078051150012904,0.023944377029076577,0.02971063101246785,0.019967499992588986,0.02783946670342045,0.028551878163297364,0.020293247326536847,0.02536779416109756,0.03170434756732959,0.02016556069652365,0.02778987245059545,0.029165174273073143,0.019938486415256217,0.026781265028734656,0.029496503870220226,0.019451843334250495,0.026962542260193456,0.028010357839377983,0.015556322172497184,0.02277209276144404,0.02114002991466602,-0.9296944758463298,-0.960544243601989,-0.8986297271307009,-0.8665598882335245,-0.8182434282229478,-0.9152130483138614,-0.9158277973507579,-0.8931185438131833,-0.9386953035262248,0.9401338874643744,0.9854543042411434,0.8944976489679068,-0.920859562967901,-0.8771957275541649,-0.9648276759803388,0.9866092047179371,1.0201342126971962,0.9528505729896937,-0.00471014541872773,0.026560026563038262,-0.03619822800663843
cb_rnn,3,8,0.7570580244064331,-0.7109224569349963,-0.6797849896513386,-0.7411018483022339,-0.6630788438908186,-0.671739810259727,-0.6546843687947999,-0.7311261883296538,-0.6918103079355898,-0.7692323493269774,0.6968000772046961,0.7534759566713473,0.6418680709524033,-0.6886728044967944,-0.6679264961871626,-0.7087807648584374,0.7410425857589062,0.7354230686260068,0.7464891946723319,0.00275110914662946,0.024174203941798925,-0.01801281350099633,0.01297968952423398,0.018809438810223705,0.01782673844663893,0.016388358698441217,0.025455047863359108,0.02079828031667809,0.0145197646423438,0.020292250598996683,0.020631963392901104,0.016865734296520066,0.025651049179317546,0.021782635110552305,0.015469707061894183,0.02365067960036237,0.02002881661014045,0.01220078313149093,0.017182726837577638,0.017314634922541608,0.012982209276267198,0.02329275762099392,0.011932800855104196,-0.939059403659833,-0.8979298385804972,-0.9789234436598047,-0.8758626452849525,-0.8873029392778718,-0.8647743603379692,-0.9657465673161433,-0.9138141141532706,-1.0160810988432352,0.9204051139290388,0.9952684370027062,0.8478452777191764,-0.9096697773420264,-0.8822659223655234,-0.9362304367807908,0.9788451636054136,0.9714223281664717,0.9860396041077728,0.003633947541585668,0.03193177162444394,-0.02379317426180004
cb_rnn,3,9,0.6591619849205017,-0.5836542872647341,-0.5939964151367644,-0.5722552996101605,-0.506792606349336,-0.5180496549394155,-0.49438520242888345,-0.5818355772595775,-0.5860886362023553,-0.577147899154764,0.6199607332996998,0.6556856140327819,0.5805851348274707,-0.5333030082919221,-0.5170778996119929,-0.5511861572749097,0.6604012613792697,0.6872910498733947,0.6307636112872049,0.03502964318613522,0.05328827852148883,0.01490516190410313,0.014518648642871976,0.02016198384549266,0.020910389276263087,0.02198606315849883,0.03352486962332363,0.027754090106657373,0.015534338551865754,0.021595338462711455,0.02235628130470204,0.01974031058286812,0.029024815209467626,0.02632988748455746,0.019014820260044064,0.027802337627343705,0.025645415993818737,0.010388019696666341,0.015261493707975273,0.0138157502768578,0.018307648927650733,0.03319870121756014,0.011868166976357133,-0.8854489497526558,-0.9011387621335647,-0.8681557988802668,-0.7688438015891613,-0.7859216198608524,-0.7500208048079545,-0.8826898252176205,-0.8891420464319413,-0.8755782529303037,0.9405286522621147,0.9947260749751231,0.8807928067901127,-0.8090621432852217,-0.7844473914471193,-0.8361922712235682,1.001880078777476,1.042673979380479,0.9569174584048232,0.05314269327949786,0.08084246321928845,0.022612289915203115
cb_rnn,3,10,0.5689749121665955,-0.5156520103377675,-0.5016304841091004,-0.5303970059787246,-0.49591214443350623,-0.5063520744312381,-0.48493354482901185,-0.5202430496683824,-0.4899848762890933,-0.5520624555807552,0.5216516309111061,0.5625596236454967,0.4786329063648674,-0.49981862526543125,-0.4967567446145499,-0.5030384899302401,0.5651639283227617,0.5873367088198418,0.5418470977263237,-0.0036514698745247847,0.012082355732324525,-0.02019711449302971,0.015634485213826328,0.02053087594655643,0.02371054648055057,0.022030805046903006,0.032064285300309435,0.0300940080398323,0.016616176582425465,0.022071874934643815,0.024918737693808306,0.020307691270046575,0.028776850449322357,0.02855904870842129,0.019554272998234205,0.027454918247764897,0.02785361573903543,0.010323009450844552,0.014460843782527407,0.014696263442545723,0.01999495116676551,0.033923305329335005,0.020236229509660683,-0.9062825079127302,-0.8816390202494963,-0.9321975268804554,-0.8715887710147464,-0.8899374359110206,-0.8522933691090824,-0.9143514741051634,-0.8611713202314728,-0.9702755671222137,0.9168271214713363,0.9887248305963614,0.8412197025388775,-0.8784545936518985,-0.8730731953065443,-0.8841136562853422,0.9933020177826085,1.032271715783261,0.9523215982634946,-0.006417628961214439,0.02123530488596801,-0.035497372662919816
cb_rnn,3,11,0.569114625453949,-0.5179356272640986,-0.5307924315912508,-0.5050896179027962,-0.47898847244739384,-0.48725767212004223,-0.47072621584751845,-0.512942425635984,-0.5325396000118066,-0.49336170564670706,0.4953071712627725,0.5131559213169482,0.4774734075646456,-0.5154998901400657,-0.5261135732739413,-0.5048951185789307,0.5675256290699519,0.5838033601579045,0.5512615652625096,0.002399900592534996,-0.004219276739769623,0.009013520261252458,0.009636147305935833,0.013041664754405153,0.014178603528446097,0.015631765900675155,0.02277212038384848,0.021419015603714238,0.0098302756686958,0.013260233351922791,0.014492413528803596,0.013921082941922644,0.019513610113132736,0.019845889963505135,0.013230282787358143,0.019151092849939044,0.01825475617739487,0.009573698726160986,0.011768348168532583,0.015086720420411344,0.012104836894681443,0.02281545756325219,0.00811612423006881,-0.9100726006662929,-0.9326634879008234,-0.8875006814311197,-0.841637960130322,-0.8561678971637492,-0.8271202228761,-0.9012989698285127,-0.9357334642156337,-0.8668933876952849,0.8703117950407536,0.9016741063500769,0.8389758164865179,-0.9057927297666652,-0.9244421944951629,-0.8871589236987291,0.997207950186257,1.0258098000771623,0.9686301152826655,0.004216901982831205,-0.007413755596957566,0.015837794107053403
cb_rnn,3,12,0.6203047037124634,-0.5980693904195222,-0.6184987768630686,-0.5763419372601448,-0.5534590500309099,-0.5717513264775159,-0.5340044971117462,-0.5920654509484553,-0.6173720478497774,-0.565150893317655,0.528568534799617,0.536413657780069,0.5202249390407158,-0.5704687839821517,-0.5944821577433899,-0.5449296198453479,0.61002508247767,0.6284418811783452,0.5904380952609778,-0.016875711929240672,-0.028303129132577057,-0.004722205865597286,0.015411606369329449,0.020036156072094392,0.023595943580371436,0.019449993787394086,0.026442856488231744,0.028627685952516375,0.015477207538080212,0.019867463801203744,0.02393157818442639,0.018373767461686032,0.024763725045989272,0.02727303636497157,0.017654971280509996,0.02322030011072525,0.026770161309234722,0.007703925517403766,0.009795499204505093,0.011989628565948447,0.017015964377710444,0.025242761864470973,0.022627787356148274,-0.9641542081498577,-0.9970886455663056,-0.9291271431778517,-0.8922373902994951,-0.9217265693064066,-0.8608744926739733,-0.9544751916356609,-0.9952722333957258,-0.9110859387898912,0.8521111183522962,0.8647583269475233,0.8386603163368261,-0.9196589685165234,-0.9583711911024887,-0.8784870025714735,0.9834281101315677,1.0131180328267408,0.951851713725953,-0.02720551984894065,-0.04562778415702086,-0.007612719744563184
cb_rnn,3,13,0.6041011214256287,-0.5558059143352998,-0.566505118785887,-0.5448573869846481,-0.5420014740312523,-0.5621997919044283,-0.5213324760050034,-0.5665107879477087,-0.5810770763324039,-0.5516050622450318,0.5224450128596009,0.5292092989761346,0.5155230990017499,-0.5291964210463528,-0.5572002905725253,-0.5005399790793477,0.6030346068409521,0.6157359707842369,0.590037263798685,-0.00860004328959843,-0.011118725705707428,-0.0060226681728100945,0.01466699451342833,0.020483129018247503,0.021004550492842042,0.019213196996159098,0.02502539297876769,0.029239885223698213,0.014510180012186532,0.02009611003042928,0.02094763681082387,0.017875925454058934,0.023691383699813186,0.0268395341744808,0.017212941890605113,0.02270537727559115,0.025927901608115318,0.006081065099227852,0.008616036402748252,0.008571987032106923,0.015621069225949582,0.02240472199719153,0.021755537687470135,-0.9200544323169668,-0.9377653818105516,-0.9019307656619305,-0.8972032244405931,-0.9306385503434975,-0.8629887572045917,-0.9377747662689155,-0.9618871008898479,-0.9131005434045372,0.8648303973127444,0.8760276718693129,0.8533721933592144,-0.8760063543624832,-0.9223626158110395,-0.8285698558183682,0.9982345429484394,1.0192597711640576,0.9767193651391441,-0.014236098865870402,-0.01840540484260012,-0.009969635809642425
cb_rnn,3,14,0.6065129041671753,-0.5379555214296244,-0.48799270301527464,-0.5886238158478078,-0.4988746880479045,-0.4629637489293543,-0.5352926903511847,-0.5379861132959981,-0.4929631830701139,-0.58364476820485,0.5051578316533482,0.5620740456353782,0.44743795958180893,-0.5233896205478763,-0.4872210693857315,-0.560068872382003,0.5977530656307823,0.6248190945874824,0.5703048637992525,0.005069248730845612,0.04303908031313411,-0.03343671763929164,0.014533281572784352,0.020892770129873877,0.02013314644578053,0.018048020171966356,0.023562218145054915,0.02736952671088396,0.014293520605480921,0.020519254627157195,0.019841797361037066,0.016949997745877757,0.022312280293416968,0.02549825518522542,0.016260192612774393,0.021634395693380364,0.024286943785673632,0.005960221800279416,0.008430046825676357,0.008382669123151294,0.01455947450253159,0.021345542260283953,0.019744693181476508,-0.8869646758271541,-0.8045875028584182,-0.9705050161398764,-0.8225293882789309,-0.7633205258263491,-0.8825742810636722,-0.8870151147645016,-0.8127826789555606,-0.9622957140644413,0.8328888440502327,0.9267305638075126,0.7377220773170557,-0.8629488621788871,-0.8033152568365421,-0.9234244952315627,0.9855570450748754,1.030182689097842,0.9403012860581402,0.008358022881320851,0.07096152450743422,-0.0551294414505571
cb_rnn,3,15,0.6131157875061035,-0.545441463033468,-0.5417631261517459,-0.5492638366016989,-0.4927832823536442,-0.470600672589121,-0.5158345209880459,-0.5445219421588453,-0.5307058272580605,-0.558879069880023,0.5287359662879789,0.5412527427000086,0.5157290566831142,-0.5050558866467998,-0.4995953043641148,-0.5107302949611121,0.6055228170338326,0.6194623256180289,0.5910374637669462,0.013787607831833058,0.029372022324472006,-0.002407062734918039,0.009093981203178602,0.013135449378810487,0.012551934266927125,0.01362447295041699,0.016276402337266505,0.022029055289291857,0.008876866766353275,0.012768433822086877,0.012304849712523514,0.012247311179315141,0.015222671869655922,0.019321363850965063,0.011557467303169432,0.014766266602577037,0.01788695158141286,0.00524296420149877,0.00795998613666613,0.006758710304312225,0.009666538119917818,0.01558829380676025,0.011220396872029238,-0.8896222771429421,-0.8836228607901452,-0.8958566192462154,-0.8037360844320757,-0.7675559530171717,-0.8413329610810435,-0.8881225263725975,-0.8655882593021262,-0.9115391925451918,0.8623753898731819,0.8827904185954768,0.841160947397689,-0.8237528651825362,-0.8148465828881325,-0.8330079005770632,0.9876157642210521,1.0103512880295262,0.9639899604788149,0.022487771662046466,0.047906158874076635,-0.003925951319421989
cb_rnn,4,2,0.18037863075733185,0.08693661764313844,0.06496243563891259,0.10861936487277243,0.17207841865608944,0.12145391628346457,0.22203150853040363,0.08697100916258164,0.06468690398039036,0.10895956918320542,0.12457860765284864,0.09384008002797922,0.1549094624975474,0.13300157183201833,0.09473121273381416,0.17076436648594923,0.18283031956455578,0.1319220847279955,0.2330633788727797,0.12872916838534684,0.08624031344648972,0.17065451065923237,0.0029085627283318614,0.0038398873431130355,0.004065038966515,0.003783068498325752,0.004255987091518961,0.005052412456652985,0.0034909082077214386,0.00397318301151788,0.005490808034997228,0.003658212054770812,0.00423171974531208,0.005520293270800012,0.0037124106112003783,0.004282597704062916,0.005378279882161017,0.003875456793188309,0.004317141236199661,0.005259222659288473,0.0037901222193087057,0.005108921631211062,0.00467971255806663,0.48196738869859024,0.3601448540005178,0.6021742399126033,0.9539845043373851,0.6733276318460347,1.2309191371405213,0.48215805163520753,0.35861733570544374,0.6040602965314201,0.6906505894284537,0.5202394520569611,0.858801632139847,0.7373466095933995,0.5251797972746481,0.9466995384596474,1.0135919027488476,0.731362047566897,1.2920786564031859,0.7136608579678687,0.47810715207452203,0.9460905094063964
cb_rnn,4,3,0.44004204869270325,-0.2211856272382041,-0.13880765343635854,-0.30961295548770135,-0.12512436386896297,-0.24657717021088485,0.0052472230682620215,-0.23506614801008255,-0.1490024883202624,-0.32744981726675776,0.1759813040611334,0.20703941154138183,0.14264247162553198,-0.13363367640025292,-0.1465904648590016,-0.1197254175147279,0.3778368118839959,0.2952982060746168,0.46643656801199035,0.06203770726763954,0.05150936810033662,0.073339185812239,0.02109397732678313,0.030401369507096602,0.028554014250213897,0.014520621534581574,0.014729416922844067,0.024198478928374685,0.021406701033909802,0.03007994925083949,0.029864474129687426,0.01898827170803003,0.02424056526166692,0.029467931267121824,0.018679394982512865,0.02444073614334219,0.028477038301130464,0.021901775404412637,0.02728143236294964,0.034232876650057226,0.01584145466549517,0.013410051120794452,0.029514918012100627,-0.5026465718340152,-0.3154417943665488,-0.703598568381166,-0.2843463806258699,-0.5603491096894658,0.011924367418638079,-0.5341901954788812,-0.3386096596062256,-0.7441330169231791,0.3999192908585591,0.47049915378874324,0.3241564574324219,-0.3036838792957579,-0.3331283119295057,-0.27207722050748007,0.8586379710904687,0.6710681557635277,1.0599818117329949,0.14098131633543648,0.11705555924340179,0.1666640404709467
cb_rnn,4,4,0.6801983714103699,-0.5268250925222301,-0.41957999630586096,-0.6391958734842346,-0.5003817099342173,-0.5759131723001861,-0.421240287969875,-0.5986640745476289,-0.5105511321310412,-0.6909882973003036,0.5597404356530903,0.5942778939021784,0.5235522900612148,-0.557277978710576,-0.5571665712746612,-0.5573947107665899,0.6939232286661061,0.6488771145803887,0.7411222820279791,0.042702042796988464,0.05966066001800069,0.02493290342938374,0.02157265702664484,0.03200113552636103,0.02796220370492316,0.01906833529537892,0.018892469446591464,0.03332248129871028,0.02064117381325848,0.029375533084853588,0.028436891599074223,0.02017926325718171,0.026492935259496586,0.030533810994193583,0.020348569183882382,0.02503815631993749,0.032374306906968686,0.020129593067575013,0.03249579171608172,0.023062121504099357,0.018423689520836284,0.019569427921721512,0.031651505824893136,-0.7745168390066487,-0.616849457366202,-0.9397197940343228,-0.7356408526775675,-0.8466841387844671,-0.6192903506905589,-0.8801315905921943,-0.750591523870352,-1.0158629105029482,0.822907638682648,0.8736832060770183,0.7697052978466351,-0.8192874345686505,-0.8191236478843574,-0.8194590492930018,1.0201777273110464,0.9539527612142946,1.0895678572285985,0.06277880775934104,0.0877106775399891,0.03665534126123553
cb_rnn,4,5,0.8747779130935669,-0.808787261982471,-0.7854438207237355,-0.8313559569945239,-0.7961390221071917,-0.8322834157676839,-0.761194225927495,-0.8264144171871141,-0.7834378413689226,-0.8679646420041247,0.854950092620847,0.8171689245683044,0.8914773402329733,-0.8046091992875407,-0.8129472551172349,-0.7965478754695102,0.8807926217663926,0.8533602327775599,0.9073145562866205,0.03386158299900903,-0.039548230816179246,0.10483499606708427,0.016358884320375997,0.02380831721560019,0.022447490050029103,0.01725004073916519,0.021622150370674352,0.026655127014127925,0.01682263681525756,0.02435691310347997,0.023133196043988582,0.01713851541667566,0.022183869138088147,0.025929278825854975,0.01663284598667115,0.022677898563052842,0.0242750251335458,0.014731260057801709,0.023234458611674263,0.018242906996368925,0.022319794123297064,0.029834801048148705,0.032868029653177464,-0.9245629660701807,-0.8978779744747898,-0.9503623085938631,-0.9101041649436753,-0.9514225305762404,-0.870157115919406,-0.9447134007585765,-0.8955848446131556,-0.992211427623558,0.977333880775978,0.9341444409341179,1.0190899048655109,-0.9197868250263871,-0.9293184509452531,-0.9105715445564878,1.0068756979146345,0.9755164368059255,1.0371941754656229,0.03870877681314659,-0.045209452849947686,0.11984184156678752
cb_rnn,4,6,0.7707239389419556,-0.7219216571862085,-0.7104963385180213,-0.7342115945644206,-0.7140713413601689,-0.706305230076938,-0.7224251583621308,-0.7299435696073083,-0.7361272135546658,-0.7232919742260967,0.7212816063838545,0.7110010615270741,0.7323401384189859,-0.7292539394499423,-0.7003186085203684,-0.760378971098511,0.7559627111509649,0.752107608358265,0.7601095514523016,0.0015573880842162503,0.013619935891935773,-0.011418001179222589,0.014457484560138944,0.019547298040938525,0.021398643420951075,0.017909223580596465,0.02302992148030412,0.027712024841291,0.014952576098592869,0.01845338149080284,0.023855945526804086,0.01673490433283896,0.021466008250015864,0.025942460894743245,0.016334270133992315,0.020864880280186914,0.025346216796501456,0.013933336920851932,0.019279870195325392,0.020156093923872326,0.023505477799733412,0.02963640529767787,0.036926593874030716,-0.9366799455811085,-0.9218558067540833,-0.9526259111301787,-0.9264943065612327,-0.9164179213721438,-0.9373332290078741,-0.947088227996875,-0.9551113912008703,-0.9384579064963608,0.9358494915494968,0.9225106754866488,0.9501977315306144,-0.946193445672723,-0.9086503910618904,-0.9865775963081593,0.9808475810271902,0.975845656735086,0.9862280293197778,0.002020682121738974,0.01767161392525724,-0.01481464452096446
cb_rnn,4,7,0.5810095071792603,-0.5763787320053476,-0.6139317452069695,-0.5385640253319376,-0.5455941897590593,-0.5091879234671799,-0.5822541582550633,-0.5458872547444318,-0.5458491585800701,-0.5459256163872909,0.579198185545263,0.5500940686111117,0.608505118625297,-0.5703590212279879,-0.5384800400533375,-0.6024601555815557,0.594096439172669,0.59453789311039,0.5936519089008873,0.03423458511113293,-0.0056378882133424485,0.07438491539257329,0.01598264802765753,0.021217758848749893,0.023821380755478842,0.019023957685667184,0.02356714130532718,0.029831274862220702,0.015413486163027467,0.02059460392068947,0.022953571298850742,0.018132810980823696,0.023090567410710056,0.027942135149751773,0.01716967864490566,0.02201790767852607,0.026311149671289454,0.015966926876741786,0.022572651606528576,0.022588457139157574,0.02175626883294242,0.02032995456419572,0.03849510323594805,-0.9920297772812797,-1.056663854241462,-0.9269452886349641,-0.9390452015283904,-0.876384839103982,-1.0021422215306695,-0.9395496080514357,-0.9394840391340755,-0.9396156338950494,0.9968824578399913,0.9467901330595436,1.047323858054449,-0.9816689988379375,-0.9268007380250991,-1.036919616868984,1.0225244713411736,1.0232842763568681,1.0217593715170077,0.058922590229785084,-0.009703607503281314,0.12802701930593904
cb_rnn,4,8,0.700934112071991,-0.6477867835104311,-0.6669027752832656,-0.6292589760998375,-0.6201726402844846,-0.5554288989343603,-0.6829242665161435,-0.6588719097134244,-0.6545987276251984,-0.6630136092758586,0.6428358855531163,0.608673427418216,0.6759471911300197,-0.6178707393086774,-0.5928751176627225,-0.6420972649039876,0.6673843035694316,0.6548255729428254,0.679556611715219,-0.007123815504504212,-0.034402574951279206,0.019315597497754626,0.01681092700696754,0.023865697399392108,0.023657171435351784,0.017269083151018355,0.021836010258440137,0.026360319674531604,0.016277308359025112,0.02301123930681104,0.023020691276843443,0.01738828319004493,0.022691357821557675,0.026172051969360288,0.017097383063064756,0.023311588410550303,0.024920667249651376,0.014529912839873153,0.01907286243802748,0.02182756448618771,0.021443714348129462,0.029714222842389827,0.03084327729744435,-0.9241764273614047,-0.9514485938084433,-0.8977434044973518,-0.8847802234238935,-0.7924124241756317,-0.9743059365414395,-0.9399912179559518,-0.9338948074451346,-0.9459000466048973,0.9171131415659971,0.8683746687958322,0.9643519690201566,-0.8814961758420136,-0.8458357318495436,-0.916059375403946,0.9521355746214366,0.9342184403140735,0.969501412488573,-0.01016331689642827,-0.04908103965661442,0.02755693747113677
cb_rnn,4,9,0.6456558704376221,-0.6148011794236178,-0.57534777621017,-0.6582863172720166,-0.5690440357494582,-0.5260748386087007,-0.6164042457367165,-0.6248714648504069,-0.5864115341054584,-0.667261607496299,0.5940555118011415,0.5716285045807626,0.6187743299783472,-0.5824464860601842,-0.5361362388234167,-0.633489167321147,0.6460006863732511,0.6270340163482736,0.6669055562547959,-0.009044345355101137,-0.022027979567893687,0.0052660835947651065,0.011977026661898146,0.016463096392461598,0.017265336936599165,0.016205644012995152,0.020647585585529014,0.025196637849759458,0.011741917497017904,0.01617902039404974,0.01688313153984149,0.015028593626498606,0.018940991974033407,0.02366763950964913,0.01417326218889769,0.017829915458669555,0.02219162735012301,0.009963821719404584,0.012901549192649046,0.01532971777917247,0.021112708314182653,0.020871590315068626,0.03794635581539985,-0.9522118632746401,-0.8911059320504626,-1.0195621962297559,-0.8813426188842103,-0.8147913814399768,-0.9546947127096065,-0.967808849049684,-0.9082416205834105,-1.0334632395490073,0.9200807101753661,0.8853454769850012,0.9583655292391988,-0.902100503888248,-0.8303746056858841,-0.9811560559215105,1.0005340552938755,0.9711582362339141,1.0329117828709138,-0.01400799678158417,-0.0341172141019383,0.008156177053258702
cb_rnn,4,10,0.6229705810546875,-0.5537078900519246,-0.5320082550790056,-0.5765271622101783,-0.5309756711448828,-0.46526425772903607,-0.600077599749262,-0.5559533395876963,-0.5339502642348966,-0.5790917087547682,0.5542486676154379,0.5210767910798367,0.5891321151762176,-0.5373311713717119,-0.49231745381447894,-0.5846674640363206,0.6224277832305538,0.6262575162087227,0.6184004473223074,0.016637954156020443,0.021429209761043018,0.011599483888330858,0.009558891834225008,0.01280699823429953,0.014211312294867702,0.013965461861633105,0.01771412909552247,0.021504809940079778,0.010084455167877891,0.013790335934113971,0.014712477537325706,0.012294779229660862,0.01612808621695047,0.01859247993839899,0.011874340479082623,0.015546637532175545,0.01791151446079634,0.008654483825428235,0.01192952627901426,0.01256347840452674,0.015442440540774878,0.013096802411381517,0.028530399719038174,-0.8888186808348134,-0.8539861612378502,-0.9254484557426763,-0.8523286448710666,-0.7468478799453819,-0.9632519062671182,-0.8924231039072003,-0.8571034980992525,-0.9295650972384082,0.8896867435972601,0.8364388414580591,0.9456820804905722,-0.8625305716074292,-0.790274001351696,-0.9385153678468736,0.9991286942904836,1.005276228531483,0.9926639654080568,0.02670744760988943,0.03439842973766662,0.018619633480433318
cb_rnn,4,11,0.6429353952407837,-0.5459015069123403,-0.4784057880650047,-0.6133405542912902,-0.5267804330594271,-0.44694815593920334,-0.6065456805599027,-0.5446962717856394,-0.47638352160819436,-0.6129516644902233,0.5694385085869792,0.5440284896735884,0.5948271924718952,-0.5468543549214953,-0.4665011034730603,-0.6271401393242136,0.6369726727444777,0.614070971911194,0.6598551446098074,0.02269860257381704,0.046420806724609444,-0.0010036836893592533,0.012941022261224958,0.015699618809541165,0.02038659021356773,0.01351410451058539,0.01733784200932752,0.02047256387944204,0.013218938014865123,0.015697908291311565,0.02108405152435859,0.013295169137602847,0.016528269313441955,0.020800109196092306,0.013501879723732292,0.016831338383351702,0.02085530444048346,0.010762160269496656,0.014297021185187683,0.016061323280412106,0.016035127486172456,0.01992570342992256,0.02510631111338208,-0.8490767672044195,-0.7440962056317315,-0.9539691838891371,-0.8193364947066637,-0.6951680670369971,-0.9434006667695549,-0.8472021851925681,-0.7409508406825004,-0.9533643178264727,0.885685424697641,0.8461635394483858,0.9251741261641512,-0.8505587948174709,-0.7255800612724899,-0.9754325923980984,0.9907257828073489,0.9551052507868543,1.0263164067405048,0.035304639846926236,0.07220135501674245,-0.001561095713175609
cb_rnn,4,12,0.565166175365448,-0.48239455249080126,-0.44911847653471676,-0.5177849634393448,-0.47615676134074336,-0.39270075034123436,-0.5649154998800073,-0.4829001900274977,-0.4534175722547279,-0.5142561095233591,0.46590965570252146,0.4108551097321384,0.5244623230617591,-0.4840902810195367,-0.41848986762269524,-0.5538588917046573,0.5575059341923367,0.5319241527707167,0.5847131613456156,-0.0004783158851184433,-0.006408226183843906,0.0058283761249868435,0.008347577516160347,0.011301473424847197,0.012280341809874678,0.008728520901247545,0.009595419391672471,0.014532661720165764,0.008383040582820018,0.011128241703098816,0.01257133727008276,0.008718896986524298,0.010539908582843602,0.013931940467809559,0.008526944635087299,0.010603149893273706,0.013297820801977521,0.00596032823330256,0.007895229880840945,0.00893946014761802,0.01501715591521719,0.014654874911153765,0.026782759791711994,-0.853544627257417,-0.7946662346597575,-0.9161641053704859,-0.8425075351207115,-0.6948412121219144,-0.9995564570273892,-0.8544392978140359,-0.8022730163593722,-0.9099201826627904,0.8243763976166032,0.7269633740314893,0.9279789660494651,-0.8565450342220393,-0.740472246684068,-0.9799929929396798,0.9864460374541028,0.941181861116801,1.034586263000485,-0.0008463278695140495,-0.011338658368399729,0.010312676835654747
cb_rnn,4,13,0.5793766975402832,-0.5079678792017244,-0.4617606289514184,-0.555251894148846,-0.4873401189486892,-0.4033759601229783,-0.5732608893782414,-0.5167697766263171,-0.48147224246127773,-0.5528898470484951,0.49122124444786597,0.4315300470909639,0.5523034220876544,-0.49115541892319275,-0.4309028829881313,-0.5528120159793347,0.5815670624921918,0.5498934696677445,0.6139787430926901,0.006163547971156698,0.023651861524817967,-0.01173229467240752,0.007610205160996288,0.011073944542887144,0.010316833901158708,0.008351202931090169,0.008805901992714622,0.0140326260092926,0.007881453177436028,0.011456944821546347,0.010748757777320248,0.00830897590500798,0.009903637761960184,0.013273486032847056,0.008332296841448482,0.010269844472884265,0.013037161245521872,0.005401685029994705,0.006938807661429257,0.008244939858237467,0.014880270312564262,0.01650092231540331,0.024920077140622075,-0.8767488947316631,-0.7969955141651393,-0.958360763396495,-0.8411455293553728,-0.6962239969876113,-0.9894441592352502,-0.891940906184593,-0.8310176168723142,-0.9542838871424467,0.8478443239662949,0.7448177479746849,0.9532717218908403,-0.8477307095856119,-0.7437352672579159,-0.9541495512785937,1.00378055410445,0.9491121614008498,1.0597228809845274,0.01063823933085979,0.04082294235379304,-0.020249855961098247
cb_rnn,4,14,0.5825731754302979,-0.4708762663459936,-0.4040136350265994,-0.5386829993683343,-0.44318533016477873,-0.3593895115710384,-0.5281643474073465,-0.47911794285178483,-0.41629863149347085,-0.5428242641536353,0.4625573225294202,0.4269407320386035,0.4986768199964058,-0.4646091508153503,-0.39686003056911023,-0.5333148900060658,0.5734752770998311,0.5449797958431998,0.6023731151266015,0.000417393863081753,0.012192640214610135,-0.01152411920445409,0.010882060709317135,0.016929655817960427,0.013454355201224096,0.011533185784657365,0.012287040358992711,0.019419040770173614,0.01096533316564985,0.017025265891917024,0.01362355569351382,0.011362143116639732,0.014054624057188861,0.01786766909259163,0.01127046054365722,0.014656882980040553,0.017018555687922595,0.005948195109818176,0.0073830581553648396,0.009307702694513552,0.015058551655526935,0.0178262277275109,0.024350318478441036,-0.8082697353825069,-0.6934985201270012,-0.9246615225125229,-0.7607376186475372,-0.616900205378642,-0.9066060190931996,-0.8224167590584662,-0.7145859937440238,-0.9317700969542523,0.7939900806242375,0.7328533994433545,0.8559900129766104,-0.7975120901716468,-0.6812191966717024,-0.9154470416736076,0.9843832522433824,0.93547011573382,1.033987043227109,0.000716465983476598,0.02092894202621749,-0.019781410628702895
cb_rnn,4,15,0.5872182846069336,-0.46592304986587263,-0.45285045931636025,-0.4795075382342598,-0.43154196577898685,-0.35506973639165684,-0.5110087024355221,-0.4747069539436091,-0.46986354069518443,-0.4797400260563872,0.4599184827714536,0.3846226043049887,0.5381628048391507,-0.45973005745357837,-0.40833083828854155,-0.5131419724253714,0.5784731011648148,0.557847448263635,0.599906415462027,-0.006565497938652652,-0.02916902098743297,0.016923136144832717,0.008705326889543116,0.013712495158703339,0.010577949138268393,0.009699432941944504,0.008388777217114328,0.017582371295770255,0.008619708782491284,0.013455272720066563,0.010650076427191955,0.009335650507777937,0.010777536501619427,0.015201699938188904,0.009210717368378205,0.011731925856394449,0.014191512373432346,0.006783222558064128,0.010493548334921962,0.008483959748203715,0.014500639074625685,0.016584625254660843,0.024016433743437808,-0.7934409777068635,-0.771179084826156,-0.8165746040337075,-0.7348919083264721,-0.6046639651715374,-0.8702193304106259,-0.8083994766296554,-0.8001514138983208,-0.8169705178330932,0.7832155347126313,0.6549908515918293,0.916461252904243,-0.7828946569014076,-0.6953646522806524,-0.8738521702689372,0.9851074401609061,0.949983103194822,1.021607179455569,-0.011180676948857955,-0.04967321650578003,0.028819157353318043
cb_rnn,5,2,0.31348881125450134,0.11399291513595874,0.08548162162669444,0.14212607477905242,0.28452775401071967,0.19476194342257835,0.3731030366069758,0.11423503407445029,0.08590679322319325,0.14218756881362168,0.18214224085605918,0.13037566260324532,0.23322225971559968,0.20433969123323806,0.14159564234777003,0.2662515909292436,0.31670209518242104,0.22155219119202385,0.4105900641066326,0.21916575974800956,0.16061398745965091,0.27694098333227857,0.00407288223085528,0.005848135629339892,0.0052867597342738624,0.004810487050136731,0.005065668614608531,0.004945089131348504,0.0040123825289072445,0.005733005396498681,0.0052317662959247,0.0058908215285367145,0.00712168220654832,0.00858228090569461,0.005415137548649777,0.0062623817947033604,0.007555725693690452,0.00499202000932782,0.005173292721866695,0.005022718395052164,0.004730373297105078,0.006144068528597855,0.005808663913373842,0.36362674214683616,0.2726783813579153,0.4533688912542063,0.9076169349461405,0.621272391327752,1.1901638055722426,0.3643990789250537,0.27403463900168057,0.45356505147543774,0.5810167199498218,0.4158861749531524,0.7439572046680211,0.6518245114252191,0.45167686138826074,0.8493176833449763,1.0102500753218622,0.7067307771062997,1.3097439186539295,0.6991182839060978,0.512343604280214,0.88341584576506
cb_rnn,5,3,0.5942719578742981,-0.4660940473123143,-0.5382396988945468,-0.38865044291410794,-0.2526237707895537,-0.1289316236193271,-0.38539914258999136,-0.44917077892071877,-0.5104734295270812,-0.38336642179034697,0.3056317611578076,0.30369196493380984,0.3077140046207166,-0.35030270126299,-0.3259000635595329,-0.3764973253204807,0.5525913372791061,0.525087652132065,0.5821147314866212,0.01816139497095719,0.03924548730134245,-0.004470989236821366,0.021293281732482152,0.02779576987145265,0.032155534118297066,0.021151802896317573,0.034331503535575604,0.022175723115665593,0.02354027031886666,0.03175700871252106,0.034672885239425875,0.02300281740687166,0.0353331226112307,0.028918193796828535,0.021771878918232644,0.032686061233748315,0.028353783550756614,0.019609179480382283,0.030763786800579885,0.023642177983787534,0.013084095097543486,0.020324078901671483,0.016058764261660034,-0.7843110231543243,-0.9057127662893975,-0.6539942492058767,-0.4250979159326063,-0.21695727336775844,-0.648523184517335,-0.7558337104234161,-0.8589895968725111,-0.6451026616864826,0.5142961183143284,0.5110319625716675,0.5177999744786965,-0.589465305608593,-0.5484022243372757,-0.6335438183339595,0.9298627168202873,0.8835814060792901,0.9795426551318976,0.03056074702888595,0.06603960826575592,-0.007523473348488506
cb_rnn,5,4,0.7163740396499634,-0.6107912849855595,-0.7001196766631645,-0.5171935216468924,-0.5610954291145426,-0.47372075441832606,-0.6526460992925636,-0.6693995539333063,-0.7184475852732073,-0.6180073152131894,0.5837597042302094,0.5730664887645266,0.5949639924938845,-0.6398765198180797,-0.6311829984057368,-0.6489855404155712,0.7188955228942943,0.7485354447051098,0.687838987173403,0.010850736488466095,-0.005261631921064436,0.027733181329334482,0.025163058080008925,0.030805064614846417,0.03977325377299116,0.026574299263767934,0.04520022479884345,0.0262347633883286,0.02644601073378597,0.03141569485648079,0.042893371074619734,0.026959171920218038,0.040701194262263984,0.035051703422528994,0.025899006138441805,0.03662958615240832,0.036598588658194306,0.02236626281931318,0.02564664198824422,0.037043035858344744,0.014601370862600278,0.0171555275230174,0.023872679197202203,-0.8526150463017979,-0.9773102288927987,-0.7219601674840211,-0.7832436661003329,-0.6612757138014057,-0.9110409690606059,-0.9344274315975912,-1.0028945013477277,-0.8626880386608675,0.8148811541460208,0.7999542934924608,0.8305214309337584,-0.8932156728218933,-0.8810802227201688,-0.9059311260534794,1.003519785900621,1.044894710409748,0.9601673833818667,0.015146747212905721,-0.007344810992362856,0.03871326959710258
cb_rnn,5,5,0.859626054763794,-0.7775523705477673,-0.8311257564532223,-0.7257570335251773,-0.8110206886423548,-0.8054752298589073,-0.8163820990101901,-0.7928246068477806,-0.8031122998181563,-0.7828783524608371,0.8426014378951125,0.7864739181890862,0.8968661394867976,-0.7731300495313488,-0.7921127274187643,-0.7547773883703554,0.8583822947539395,0.8719184194482974,0.8452954209513135,0.01609776202952783,0.023997506477049926,0.008460202462659426,0.0209416904954138,0.023259376308482932,0.03439361118467964,0.021413778318885242,0.03650921810629002,0.02297456479134941,0.021415329298653696,0.024068598052498308,0.0351043170697455,0.022003841931503815,0.036373023471950296,0.02505300034617001,0.021876820073721846,0.031330669671562256,0.030542565597448466,0.017266191062474977,0.018298490266606158,0.028978538872081062,0.012561738979875408,0.01993076626473579,0.015457615706238858,-0.9045239685777339,-0.9668457020903084,-0.8442706331471062,-0.9434575466249743,-0.9370065337075363,-0.9496944566605926,-0.9222901079535463,-0.9342577454086518,-0.9107196648151324,0.9801953224028798,0.9149023739225676,1.043321261049069,-0.8993794979187638,-0.9214619810894624,-0.8780299110149137,0.9985531383059391,1.0142996650885379,0.9833292235233398,0.018726470586040038,0.02791621582903732,0.009841724102911354
cb_rnn,5,6,0.70413738489151,-0.6751530066248961,-0.57023734999961,-0.7880082264542579,-0.6575400758495865,-0.711893677062525,-0.5990732291394526,-0.6705260509689752,-0.5878666834640542,-0.7594407219607551,0.6425056449952535,0.6702857908217152,0.6126232178630056,-0.6621588543591012,-0.6501687526159999,-0.6750563151530318,0.6640444975685872,0.6285467811671384,0.7022285276436591,-0.006629329342912469,0.017737898694809958,-0.03284056382673281,0.0172776151207687,0.021394061855107595,0.026688039819822592,0.018243169446987742,0.029327425357964516,0.02065954338192935,0.019021523615094113,0.023405769328351395,0.029958294925658133,0.019184516719298116,0.02880496445395522,0.0249506791435149,0.018200266500882564,0.02541669784284182,0.02605964835178253,0.01746279631146354,0.02146867632219592,0.02784746014555314,0.011551553004562053,0.020227904247353844,0.009953977341880737,-0.9588370410540271,-0.8098381966858205,-1.1191114736446928,-0.9338235548321255,-1.0110153108433664,-0.8507902605281423,-0.9522659432040901,-0.8348749776361183,-1.0785405494096383,0.9124719959219998,0.9519247311730076,0.8700336482736185,-0.940383039683546,-0.923354968173114,-0.9586997220109839,0.9430609875527343,0.8926479329939025,0.9972890840781802,-0.009414823705084034,0.025190962836809078,-0.04663942652582311
cb_rnn,5,7,0.7936436533927917,-0.7247312336177048,-0.7564890488376358,-0.6927521095809102,-0.7133229836989712,-0.6878580453331907,-0.7389653780812379,-0.7074777106431106,-0.7109357832083446,-0.7039955400112199,0.7732574983124828,0.7999638250568127,0.7463650647615722,-0.731336676699963,-0.7318462463849865,-0.7308235560066816,0.7874814532907395,0.7876168178445998,0.7873451454298837,0.022145499321696762,0.01868133194693026,0.025633807235660246,0.025476541258879375,0.036525551313342106,0.035468502120331875,0.023994131513363343,0.0350056529667065,0.03277395589333881,0.02601747162054941,0.03715677603186168,0.03642196316334674,0.024271778839345726,0.03327250126743853,0.03532525147205895,0.025031133749899705,0.03534982052980128,0.035449097337580567,0.02099772513056514,0.028418231096241656,0.03093603789480238,0.0201573583661373,0.023289996879253146,0.0329631555167708,-0.913169569893882,-0.9531847770768132,-0.8728755110929513,-0.898795045672635,-0.866708934661832,-0.9311047532758479,-0.8914299353603781,-0.8957871459931991,-0.8870423608903945,0.9743132135018544,1.007963487941978,0.9404284423757366,-0.921492503056669,-0.922134566636268,-0.9208459651664106,0.9922355580168642,0.9924061188892175,0.9920638085670033,0.02790358018617767,0.023538690024255075,0.03229888770114502
cb_rnn,5,8,0.7099683284759521,-0.6745355986705464,-0.6571115909088436,-0.6914234831165045,-0.6583371145404979,-0.6914428675405984,-0.6262500000942467,-0.685050798612388,-0.6692227182722597,-0.7003918610958971,0.6684173509873088,0.7019955350884369,0.6358723417815999,-0.6649144497544816,-0.642926790069861,-0.6862255660641906,0.711447137226868,0.7012554281497969,0.7213252552554139,0.001728708441886637,0.004400632145438455,-0.0008610022246328175,0.014718917988686556,0.02211569928899628,0.019485073492053778,0.015385759151826293,0.02366791382368272,0.019702060842086297,0.015355840031389251,0.02217097145329306,0.02125613783015301,0.015474575555328893,0.023964103652284758,0.01963272781978166,0.01512391015132416,0.023639793092734108,0.018985241020935337,0.011242920888121757,0.014438310855620699,0.0171465143653,0.008987019515556364,0.010590231308974888,0.014416008486833881,-0.9500925204910659,-0.9255505697267187,-0.9738793343088179,-0.9272767363492285,-0.9739066375325202,-0.8820816013561918,-0.9649033219312007,-0.9426092565408393,-0.9865114160787816,0.9414748858194303,0.9887702126028214,0.8956347998601434,-0.9365410020216182,-0.9055710857553246,-0.9665579977874101,1.0020829221411753,0.9877277619624826,1.015996385083601,0.0024349092382720157,0.006198349938912116,-0.0012127332869637734
cb_rnn,5,9,0.7470971941947937,-0.6337746376747317,-0.6690563932739643,-0.5948874471967456,-0.5895498983219214,-0.5992876706237824,-0.5788170252008921,-0.6441097023004355,-0.68269177972777,-0.6015849308294319,0.7179036397040667,0.7385614693214168,0.6951347910017319,-0.6198235835052199,-0.6210383995257268,-0.6184846257015953,0.7489893111762487,0.7755436437537536,0.719721397167466,0.037595074293979756,0.03275194333631866,0.04293312374366461,0.018843465055619395,0.027957577553072488,0.024786150211440452,0.020071134569483888,0.029585126755005305,0.02676877217486922,0.019067331012713594,0.027778310240622155,0.025748127435692977,0.01887926691847832,0.02800092508671651,0.02491653393846566,0.018957882419154796,0.027946876619031693,0.025287359473336074,0.011734417217961946,0.01622077537250402,0.016908318561476975,0.01377056865169215,0.020864011021470803,0.017580873545631457,-0.8483161797412467,-0.8955413010151373,-0.7962651336656448,-0.7891207501553079,-0.8021548940090487,-0.7747546499953455,-0.862149807689539,-0.9137924556972288,-0.8052298087905523,0.9609240207063136,0.9885748133714026,0.930447599593697,-0.8296424994250625,-0.8312685475884694,-0.8278502857559057,1.0025326249330841,1.0380759689368382,0.9633571143888008,0.05032153056671424,0.04383893232475333,0.05746658410347407
cb_rnn,5,10,0.6341367959976196,-0.5516564428025555,-0.5503232705920378,-0.5530584027684071,-0.5385425022496524,-0.5978612333980049,-0.47616309946956664,-0.548382564844887,-0.5145635688503352,-0.5839465213207303,0.5508126852933518,0.6049496209179269,0.4938824434080493,-0.543056876511274,-0.5548784309066832,-0.5306253647637674,0.6256254176213266,0.631191874625788,0.6197717478475934,0.015581054559457089,0.022942202864214778,0.007840092705805267,0.015996212184205612,0.023673449815730007,0.021383277284632147,0.018047799628890956,0.026259449838894618,0.02447663887330332,0.01650471488351843,0.024339805375630432,0.022099760363349367,0.017872599231246577,0.026164855009205595,0.024076116492795657,0.01760039194459962,0.02580201364262115,0.02381734686600044,0.010833475235816114,0.014412877796644682,0.016253890504391043,0.015046031554660992,0.023232663635794352,0.018863212732029518,-0.8699328698229748,-0.8678305281532718,-0.8721436861242841,-0.8492528830509213,-0.9427953671375492,-0.7508838825863592,-0.864770138408662,-0.8114393804271006,-0.9208526062615081,0.8686023091071653,0.953973377252497,0.7788263455538436,-0.8563718111593582,-0.8750137736980745,-0.8367679783176614,0.9865780089879457,0.995356015625621,0.9773470830888669,0.024570494344118735,0.03617863370965923,0.012363409212788681
cb_rnn,5,11,0.6133409142494202,-0.5532925812905386,-0.5476318020076185,-0.5589486076101648,-0.49905383483072957,-0.540387404638053,-0.45775496995187576,-0.5404890862663958,-0.5433779149104943,-0.5376026831711169,0.5133672825591572,0.5671892350429998,0.45959052063155637,-0.5351620324449641,-0.5622518648988246,-0.5080949454423662,0.6024635649610472,0.6269784812165909,0.57796923217843,0.004667181759080758,0.01035845248779955,-0.0010193104047944424,0.009776004591146458,0.014030340942066117,0.013615666343836479,0.011241722898189076,0.015915961751781768,0.01578996551898991,0.010263947095857,0.014890718552303353,0.014130300610488937,0.010876862880085499,0.015046438972658857,0.01555485976916682,0.010601526988607978,0.014594408432709684,0.015340211378100696,0.008898631052988585,0.012292334112583016,0.012830466414305509,0.007514692778758248,0.011850921579370465,0.009242829110236378,-0.9020963194141938,-0.8928669020519957,-0.9113179874755001,-0.8136646736529062,-0.8810555305924039,-0.7463304001365314,-0.8812213138068944,-0.8859313022928796,-0.8765152799711913,0.8370015282404463,0.9247536270054659,0.749323108819478,-0.8725360073196357,-0.9167036664868247,-0.8284054326689597,0.9822654105805347,1.0222348887059978,0.9423294920504749,0.007609441422625867,0.016888572484155522,-0.0016618985968706
cb_rnn,5,12,0.6589365601539612,-0.5910489972305598,-0.5991892314821249,-0.5823915390687112,-0.5257263907924187,-0.5784097953420289,-0.46969552526489394,-0.5849181410831085,-0.5808547996109354,-0.5892396639908648,0.5508518240241695,0.6100261914458007,0.48791756508584333,-0.5597139540175311,-0.5884259281308707,-0.5291776442568474,0.6491821859305282,0.6608100161039583,0.6368155328185251,0.003216988965332937,0.01204343747902955,-0.0061702849586757515,0.008331364379550996,0.011410600782815621,0.012174092946008191,0.010153456037272062,0.015229106492224188,0.013154338811324663,0.008472028156749245,0.011726699317816862,0.012250125122600614,0.009740839669239502,0.014203231403752679,0.013087738520705997,0.009250613138675515,0.013579904963393776,0.012438742529111273,0.006187911779883485,0.00812874622251142,0.009387807933077953,0.007258876068518782,0.011913715015054558,0.007982572194379338,-0.896974053302583,-0.9093276465675599,-0.883835522698323,-0.7978406763005867,-0.8777928412514898,-0.7128084153581479,-0.887669885772375,-0.8815033718499671,-0.8942282150093301,0.8359709527962182,0.9257737820819466,0.7404621242625252,-0.8494200927123445,-0.8929932920907961,-0.8030782874351433,0.9851967931159354,1.002843150711746,0.9664292002097024,0.004882092085740825,0.018277081903325547,-0.009364004567046724
cb_rnn,5,13,0.6105227470397949,-0.515581414866008,-0.5328464000282975,-0.4979141048215171,-0.46846635207724113,-0.5041266124658655,-0.4319751028447075,-0.5083623002080409,-0.5391753536621385,-0.4768312120736551,0.4843034615090073,0.5033473100273473,0.4648158353656198,-0.48325365561475203,-0.5161297340905017,-0.4496114679141368,0.6094337182402103,0.618797786838126,0.5998514393304891,0.017942155210947656,0.010537594086536676,0.0255192643656134,0.008271735496774388,0.013006427549035048,0.010131408468013416,0.00907181910183279,0.01216246468906387,0.013441486735756398,0.008587800179736513,0.012939223840264896,0.011207252479701333,0.009161268360926468,0.012789462687101665,0.013111871505813283,0.008894924680310378,0.012784745126632286,0.012312869652221147,0.004902032114117655,0.00691290951643111,0.0069454402428458266,0.00694296739886337,0.009399367413642615,0.010235598889993267,-0.844491736574725,-0.8727707568831431,-0.8155537320038007,-0.7673200619447283,-0.8257294505572381,-0.7075495629592826,-0.8326672555165335,-0.8831372070515076,-0.7810212058201567,0.7932603066097381,0.8244529994466173,0.761340732379497,-0.7915407869041328,-0.8453898508991335,-0.7364368814989138,0.9982162355049587,1.0135540237254939,0.9825210317534487,0.029388184630208636,0.01725995327386191,0.041799039412285834
cb_rnn,5,14,0.6203616857528687,-0.49155247035171906,-0.4858502599506577,-0.4973351960786653,-0.46771691710318347,-0.48454256411336183,-0.45065369161782365,-0.4904465632262263,-0.48669297317592203,-0.49425315404375636,0.48828553451009704,0.5100703507343197,0.46619311624135684,-0.46505848041273423,-0.45916555062944114,-0.4710346184834365,0.614097230037526,0.6210501614470851,0.6070461230962131,0.02239669850222024,0.029819985916481453,0.014868594119931133,0.00777609089041838,0.012440225709878905,0.009279205735620195,0.00830003349967359,0.01129802362879873,0.012161406231408088,0.00802789289701185,0.012688070243612714,0.009790866310909913,0.008409336424722665,0.011918128045689508,0.01184507326582011,0.008181409058422608,0.012013039920476669,0.011094259915786457,0.004815327322580997,0.006858186102103752,0.006755857097141174,0.005853412770529076,0.008576274209999577,0.00795554596770459,-0.7923643281663547,-0.7831725767542069,-0.8016858672938532,-0.7539423014746051,-0.7810646196264084,-0.7264370156434016,-0.7905816469484607,-0.7845309991787666,-0.7967177299867134,0.7870981489089152,0.8222144636725917,0.7514859910724283,-0.7496570002519433,-0.7401578162780952,-0.7592903128951147,0.9899019300204845,1.0011097972521965,0.9785358074773818,0.036102646273261846,0.04806870991765397,0.023967621568837964
cb_rnn,5,15,0.6280127763748169,-0.4932180200669909,-0.490207360702068,-0.4963465711348966,-0.45830507473362875,-0.4643845198166241,-0.4519875701270702,-0.508541854913067,-0.5134201094901231,-0.5034725771513979,0.4917835229945173,0.46295712280841267,0.5217387102657361,-0.49382291559310587,-0.49552919744595963,-0.49204981898341,0.6102116609415181,0.5927802455127661,0.6283256574932757,0.009462575565449504,-0.0050025487031736746,0.024494126628732425,0.009879215432616441,0.012932983698467633,0.015006835882816098,0.010529843364103989,0.013515247685504293,0.016240742495778938,0.009772999736853218,0.013020075743376061,0.014631110912145088,0.010412077598784302,0.013422915816530932,0.015980268823265465,0.01020278933449192,0.013469162442141946,0.015393007407150041,0.00825718939749019,0.013670923853373564,0.009020859200884144,0.007481166435891999,0.008240017910423015,0.01261693569054233,-0.7853630349912237,-0.780569088947161,-0.7903447028578636,-0.7297703040042907,-0.7394507520965871,-0.7197107879494962,-0.8097635494752323,-0.8175313127446606,-0.8016916153484597,0.7830788504547973,0.7371778731649656,0.8307772228416366,-0.7863262248320526,-0.7890431788766873,-0.7835028800269819,0.971654851456916,0.943898385212114,1.0004982082056753,0.015067488945164317,-0.007965679825895777,0.03900259286144458
cb_rnn,6,2,0.14653940498828888,0.1078707152910441,0.09457311268034642,0.12099195712441159,0.14543619551988088,0.13583144077390272,0.15491356625066038,0.10779561652479885,0.09461998041238516,0.12079650945269776,0.12536501895651242,0.11492075013016821,0.13567076962866106,0.1275826798172516,0.1159412535708598,0.13906971049008382,0.15196419632104594,0.14235918802679867,0.16144181723738538,0.12455140112169355,0.11154060169894209,0.13738964352292313,0.004109772748476135,0.0055969905315254986,0.005936960330004319,0.004008208766362325,0.0055102015039337066,0.005776805660016407,0.004208529705319076,0.005724111374214446,0.006091435418669506,0.004136720162396436,0.00561602368407272,0.006022383510005623,0.004137150858446065,0.00563526515653221,0.005994572078445163,0.004143780431062982,0.005603056337328257,0.006060446202635822,0.003887179011760751,0.006531090873383274,0.004150931283463541,0.7361208768362674,0.6453766663506277,0.8256615832040605,0.9924715849058062,0.9269277487837355,1.0571461393816957,0.7356083951167514,0.6456964965836117,0.824327828152104,0.8555038077746483,0.7842310410592457,0.9258313123320214,0.8706373540103274,0.7911950616977432,0.949026035019031,1.0370193350600174,0.971473768698431,1.1016955968279485,0.8499515958294456,0.7611645598523904,0.9375610849102535
cb_rnn,6,3,0.3929543197154999,-0.19760847758346547,-0.2712012334338856,-0.11861150208096267,0.054672140789140636,0.06447305714325526,0.04415150271571738,-0.21041795228763174,-0.2806277757049566,-0.13505233190229593,0.09232076180439132,0.07030117526365598,0.11595733742155215,-0.05762430342147127,-0.08986231413345702,-0.023018922592406656,0.3366277264586339,0.3335528590489681,0.33992839406684977,0.05250386352029939,0.022160193509978787,0.08507579439530877,0.016196222652153883,0.021321107682113427,0.02403948180998013,0.010359555000173763,0.011513060614220473,0.01755532911798892,0.01630761797632637,0.02137525876341984,0.024354410646196846,0.013876634689501033,0.018048493172949896,0.021217138886683303,0.013911921283322089,0.018003127719178065,0.0212979312630831,0.016896127782401404,0.022173286057957726,0.025705093739519805,0.01549455257244581,0.01932899697985112,0.024438033618109836,-0.5028790056985113,-0.6901596949748157,-0.3018455228252428,0.13913103392965226,0.16407265147240002,0.11235785051983448,-0.5354768779230497,-0.7141485959694551,-0.34368455855142205,0.23494018814001544,0.17890419251416867,0.2950911380882786,-0.14664377137574525,-0.2286838688998701,-0.058579131052872574,0.8566586739709425,0.8488336743325824,0.8650582956129836,0.13361314760024104,0.05639381576469966,0.2165030135230576
cb_rnn,6,4,0.5969053506851196,-0.4742512268313546,-0.5590581669161717,-0.3853910138748367,-0.25159853328975784,-0.20518005195547614,-0.300235544981928,-0.5147745077041792,-0.5895057472939554,-0.4364715544575387,0.35523919545822985,0.359982109997879,0.35026959750308273,-0.3763190335418554,-0.40079986240649434,-0.3506681650623624,0.595116093333416,0.64933981755585,0.5383007940562332,0.027793214878793035,0.02842080046079661,0.02713563439764959,0.010742950645987303,0.015500522394998878,0.013849980813146727,0.007064535399307855,0.009945099814081305,0.009602195869989647,0.011636555868801723,0.016308798346386825,0.015931032023960526,0.011220683938003682,0.01707050196008809,0.014420867241476277,0.010147809233672422,0.015504587269216118,0.012866642609275518,0.010482630330219924,0.01444442700402806,0.014837184816225504,0.008092973115835667,0.008789209353420363,0.013778366234752001,-0.7945166286196224,-0.936594329862335,-0.6456484490086917,-0.421504905260066,-0.3437396761814471,-0.5029868548461189,-0.8624055842577525,-0.9876033890755527,-0.7312240608273368,0.5951348820219006,0.6030807222362751,0.5868092773855155,-0.6304500924810301,-0.6714630082415275,-0.5874770005996267,0.9970024437716131,1.0878438546589453,0.9018193478051069,0.046562180833012085,0.047613579654086885,0.04546053133298887
cb_rnn,6,5,0.6642143130302429,-0.5808430965251876,-0.5877391577239579,-0.5741759089304169,-0.5036106333997502,-0.5371505370446995,-0.47118388673003014,-0.5801838886263347,-0.5526115610305943,-0.6068411173264013,0.5542957492620956,0.5273864073095037,0.5803119961715277,-0.53210940472686,-0.5621745856381508,-0.5030420581026683,0.6553971956341212,0.6394905835390091,0.6707758826524837,0.021042554817618207,0.009477692953686216,0.03222359009732158,0.010877442869340932,0.013124665063500716,0.017220768052163132,0.010471666315782951,0.016641059166243196,0.012737803513182882,0.011704998994933423,0.014591371096441963,0.018135439933670595,0.012330274991325916,0.017780489980075524,0.017047894491439744,0.011343321574561646,0.015364736741085934,0.016571011476292027,0.009666797873062176,0.010398212874170164,0.0161160164369033,0.00752818039271596,0.009778155247052923,0.011379569707676809,-0.8744814514389134,-0.884863734782537,-0.8644437460417593,-0.7582050303947905,-0.808700635483358,-0.7093853256194078,-0.8734889887865422,-0.8319777972105109,-0.9136224640476405,0.8345134068751353,0.7940003654897012,0.8736818595854393,-0.8011110183689041,-0.8463752957587259,-0.7573490185836509,0.9867254932283879,0.9627774815956005,1.0098786935082833,0.031680369430190376,0.014269028486374517,0.048513844801556356
cb_rnn,6,6,0.604775607585907,-0.5583168102328071,-0.5585066267449902,-0.5581126292278101,-0.5330018181864742,-0.5052920453362728,-0.5628085468199339,-0.5479074409781283,-0.561551544472101,-0.5332308107332603,0.5401545287054937,0.5149019758686598,0.5673180855407908,-0.5272546069431377,-0.5168192863302115,-0.5384796274943394,0.5889778884270022,0.5935278378639189,0.5840836184921565,0.015215899740319906,0.011660809143504106,0.019040024220137983,0.01186713698274328,0.013372775969485096,0.01999574489353175,0.014378983132045171,0.021066657178810743,0.019343864075726473,0.012667586085169486,0.013165621756368335,0.022137174433180175,0.014221042715014313,0.019306500761975143,0.020915844498008384,0.013281820062803864,0.017916446735741994,0.019702206240588223,0.011276524799414163,0.01348703831169989,0.018365835430602318,0.008081401859658742,0.013254343409521245,0.008834924044842218,-0.923180107182976,-0.9234939698947028,-0.92284249269847,-0.8813216199543275,-0.8355033486771327,-0.9306072198687151,-0.9059681543130016,-0.9285287591436695,-0.8817002604681209,0.8931486685807943,0.8513934249497971,0.9380637684865697,-0.871818572590566,-0.8545637089981319,-0.890379209644049,0.9738783790868073,0.9814017470597302,0.9657856751591768,0.02515957910580665,0.01928121603655735,0.031482791272188324
cb_rnn,6,7,0.7963957190513611,-0.7625280842767097,-0.776347832831596,-0.7486120308538451,-0.7098650240610974,-0.7154485968337958,-0.7042425413736068,-0.7339456501488004,-0.7065185419957324,-0.7615638879754091,0.7321662421778051,0.7272201514316265,0.737146800455316,-0.7527531874624805,-0.7453523628851947,-0.7602055857302005,0.7760061452184649,0.7491057183670853,0.8030940314904115,-0.020941801899526682,-0.00568046706976775,-0.03630948749464979,0.016679208706915315,0.019699001221773434,0.026951842660726633,0.01808662838549091,0.02739371049011657,0.023592764916103053,0.016475400262658986,0.019907721702402705,0.026245493524582744,0.017945884598923396,0.025515884909448592,0.025238061092162246,0.01735198417833399,0.023406426987166957,0.025633120524048474,0.01647238802293691,0.019242245307915403,0.026738449326234637,0.015405445262176793,0.027102312361181168,0.014502049701055173,-0.9574738613424576,-0.9748267277935078,-0.9400000689927939,-0.8913471118436749,-0.898358165066499,-0.8842872011071029,-0.9215841228065,-0.8871450776221057,-0.9562631613371272,0.9193497964177106,0.9131392020764073,0.9256036701620893,-0.9451999420076416,-0.93590704351479,-0.9545575993750078,0.9743976852899416,0.9406199712617667,1.0084107840848633,-0.026295723845014923,-0.00713271924230598,-0.04559226854948491
cb_rnn,6,8,0.7510838508605957,-0.7127748131363963,-0.7497051385226389,-0.6769808054543458,-0.6764261024848869,-0.6472886056693458,-0.7046670609368728,-0.722365702843591,-0.7295611215594374,-0.7153916816266939,0.7049949975577571,0.6891401639566272,0.7203619901250061,-0.6861684544548754,-0.6656693559356783,-0.7060368114811743,0.7317445329228778,0.7194506168575724,0.7436601746477123,-0.0009256879307536616,-0.017007493257943075,0.014661292617137615,0.015262106213459834,0.021184698289446687,0.021845626519262168,0.01507944382678984,0.01848939784754116,0.023619342410973007,0.015505069435145197,0.02166623906322304,0.022161142307413183,0.01529610293025931,0.020366522193506764,0.022733806332687102,0.015311909582282889,0.020730782662573777,0.022451908416204192,0.014579735308485265,0.019284320496272458,0.021782302332778745,0.013514593709141631,0.016550793768123857,0.02121546234810002,-0.9489949921299671,-0.9981643696154868,-0.9013385185670785,-0.9005999818926135,-0.861806048589221,-0.9382002557097476,-0.9617643915734585,-0.9713444387381017,-0.9524791150908043,0.9386368735660742,0.9175276011686404,0.9590966298897409,-0.9135710395965245,-0.8862783498446292,-0.940023954279131,0.9742514528630074,0.9578832190749704,0.9901160486883357,-0.0012324694901814273,-0.022643934147240422,0.019520180869737287
cb_rnn,6,9,0.7389675974845886,-0.7238190681204691,-0.7257748989678229,-0.7216633713471085,-0.690700172985089,-0.6545396323457656,-0.7305559513539783,-0.7252295626320928,-0.7295617428947462,-0.7204546778170514,0.6873214218519732,0.6795415593471551,0.6958963068025391,-0.7118093135973645,-0.7044597238252889,-0.7199099563388494,0.7291600684224654,0.7290297186292017,0.7293037386325589,-0.011996162967989221,-0.005763854350376602,-0.01886534983849656,0.01329214777907915,0.01904328426475932,0.018445118879824394,0.014041489782240077,0.017868132258391428,0.021861378953931036,0.013078194910322402,0.01813586487366063,0.01887354251550609,0.01435007126863036,0.018061573405532168,0.0226597961724898,0.013768087708683322,0.01806343827217771,0.02100225876699012,0.011871852986990663,0.015370369079922683,0.018326116556310414,0.011907570913564201,0.018559152116644946,0.014422188030334786,-0.9795004146112978,-0.9821471217930623,-0.9765832410021996,-0.9346826238879761,-0.8857487589087643,-0.9886170298139686,-0.9814091512276595,-0.9872716278469319,-0.9749475894064173,0.9301103650438577,0.9195823492941815,0.9417142364175883,-0.9632483427153374,-0.9533025889406207,-0.97421045089039,0.9867280661621597,0.9865516716981706,0.9869224863377974,-0.01623367926932602,-0.00779987427053161,-0.025529332954128618
cb_rnn,6,10,0.6163527965545654,-0.5777107113961153,-0.5993435287360693,-0.554961704463682,-0.5369389234924923,-0.46715609385484014,-0.6103223413915467,-0.5832625377789408,-0.5906659170080011,-0.575477166009806,0.5731842339663449,0.5189391764350862,0.6302281765299289,-0.5739385624734049,-0.5481043986923922,-0.6011056929359931,0.6268936346413311,0.6346549742080481,0.6187318328365281,-0.0006694775286638095,-0.0008437542884532258,-0.0004862086019073716,0.008743831642088687,0.01259891968089331,0.012042642441216937,0.009823537310536227,0.012390805007040285,0.014949590077839477,0.009448016165695971,0.013403899079250563,0.013300094644385016,0.010003493186717732,0.01329841726409194,0.014759126285649439,0.009657736633431113,0.013602186505413847,0.013645957647034438,0.008081204827870109,0.010921946021646202,0.011949881027242567,0.008706197445010895,0.013797684900828429,0.010416734880724752,-0.937305248918378,-0.9724033574381774,-0.9003961814823233,-0.8711551671283077,-0.7579361957409129,-0.9902159036241432,-0.9463127952682289,-0.9583243887426893,-0.9336814389855037,0.9299612773243922,0.8419515240881118,1.0225120743394487,-0.9311851356588992,-0.8892705634764956,-0.9752623761848666,1.0171019554801881,1.0296943207782823,1.0038598612600795,-0.0010861920841540968,-0.0013689469621454514,-0.0007888478881337042
cb_rnn,6,11,0.5812240242958069,-0.5391412341485331,-0.5160967979971476,-0.5621663214870292,-0.4764992595203956,-0.3758680795155027,-0.5770459465110107,-0.5154207528149103,-0.5072174993664527,-0.5236171185610602,0.5127162915904424,0.4532116608224621,0.5721709604518165,-0.5036236645766494,-0.45704823098998487,-0.5501599920058106,0.5677255874062376,0.5638217562762629,0.5716261407602844,0.00674721660778546,0.009098140253614979,0.004398266869299208,0.009163347911890714,0.012549498004273565,0.013321773436328142,0.009185965738875548,0.011613547521524912,0.01362397090122974,0.009496703950991928,0.01299702907555069,0.013845383045239405,0.009389666090364722,0.012483691548182735,0.013814769816683649,0.009202500590270278,0.012122401660661555,0.013715522906422587,0.009589792891239592,0.0127872509594337,0.014292754544835584,0.0059313854348326785,0.007090183186561841,0.009508502272294292,-0.9275962651436165,-0.8879481515280353,-0.9672110889912586,-0.8198203095574162,-0.6466836603509171,-0.9928115879417438,-0.8867850110624353,-0.8726712561150268,-0.9008869156698376,0.8821319666055333,0.7797538330793525,0.9844241403218684,-0.8664880382169755,-0.7863546788929284,-0.9465541151234542,0.9767758448974583,0.9700592761274311,0.9834867742310703,0.011608633376709058,0.015653413956241754,0.007567248918569759
cb_rnn,6,12,0.6536441445350647,-0.6229915836785765,-0.6399340151644316,-0.6049726437788342,-0.572604146823823,-0.488549431731861,-0.6619996306300606,-0.6199413540830715,-0.622609863568374,-0.6171032896601637,0.5751637992831014,0.48775306382720396,0.6681285422768736,-0.6037375958480959,-0.5657227248164536,-0.6441679010842429,0.6383440639469906,0.6150116783315612,0.6631589705011677,-0.008544293581206593,-0.02297675863505325,0.006805198646488991,0.006309820024459902,0.00849244676199316,0.009358578436544881,0.006284017210976719,0.00806642405352413,0.009238242114583328,0.0062555733222387205,0.008405575271625932,0.0093115901069283,0.006471987018392554,0.00868347229911788,0.009116720804687471,0.006261598211973982,0.008401330772656191,0.009232196931718065,0.005527392690002855,0.0073279496215247755,0.008285381972922244,0.004677059326088794,0.006331779264775425,0.006894055338108404,-0.9531051243818741,-0.9790250865317778,-0.9255382287699518,-0.8760181692304683,-0.7474241692769463,-1.0127829280884006,-0.9484386256133819,-0.9525211367283566,-0.9440967150392017,0.8799341416761467,0.7462058184184323,1.0221594545945356,-0.9236487481694383,-0.8654903888397113,-0.9855024426822301,0.9765926449185023,0.9408967914323128,1.0145565841071993,-0.013071781721970639,-0.03515178530574393,0.010411167457683737
cb_rnn,6,13,0.624511182308197,-0.5934660792948644,-0.5778896221697404,-0.6094055136376963,-0.5422115677710703,-0.41866314631499496,-0.6686390304566184,-0.5968290168263156,-0.5885198212957176,-0.6053318410268262,0.5491025962913012,0.4535991130470492,0.6468315913031498,-0.5596503744733836,-0.49039472235403586,-0.6305198867738308,0.6261825148015282,0.6155507433504825,0.6370620377656174,0.0005695832460469524,0.001699064004391727,-0.0005862177326037288,0.005690426804117222,0.0078091224369071875,0.008273304730918671,0.005938389253456797,0.007567750721676717,0.00826939733844652,0.0059313397353905496,0.008190125908298682,0.008585353290315938,0.006141675885702221,0.00830587870815296,0.008521167347232423,0.006051842515621377,0.008345579253816317,0.008483495062576627,0.004856352084067544,0.0062108694469865935,0.007485688246493606,0.004559548096819545,0.006820050166533045,0.006033205213704761,-0.9502889557580222,-0.9253471171386506,-0.9758120125012494,-0.8682175485906483,-0.6703853480535185,-1.0706598206701834,-0.9556738673924653,-0.9423687484994981,-0.9692890346486931,0.8792518242216493,0.7263266469793931,1.0357406074178792,-0.8961414788521681,-0.785245702953683,-1.0096214521626747,1.0026762250872017,0.9856520760371389,1.0200970868304269,0.0009120465128290727,0.0027206302345331532,-0.0009386825235651739
cb_rnn,6,14,0.6024574041366577,-0.5683844615751947,-0.5457538188468019,-0.5913346494354056,-0.5097113308153065,-0.3820054103689354,-0.6392204614343949,-0.5676350520707343,-0.5452847804379576,-0.5903009099898032,0.5418022183566618,0.45521516556060104,0.6296118820847899,-0.539282267731808,-0.4604613901931498,-0.619216097651244,0.5977387431361673,0.579239918877686,0.6164987711663266,0.0020743202829419166,0.004146950922384006,-2.757594293707618e-05,0.0059804342252023435,0.008483953047354362,0.008398664416962352,0.006145043538196798,0.007909898853956125,0.008487759022370369,0.006159782737529185,0.0088140172257772,0.008573883012052422,0.0063651951917493245,0.008895105363387494,0.008675461918939809,0.006281631283109436,0.008569196839047399,0.008840433903812648,0.005222789137263561,0.007179439941810473,0.007569243481385986,0.004512343991072563,0.007396731963200186,0.0051309864479123415,-0.9434433997698299,-0.9058795113139757,-0.9815376910883992,-0.8460537248201646,-0.6340787045622958,-1.0610218366399198,-0.9421994786240114,-0.9051009692865665,-0.9798218196616321,0.8993203745799806,0.755597262868634,1.045072859527796,-0.8951375881994813,-0.7643053052904327,-1.0278172255822833,0.9921676437735005,0.9614620301791408,1.0233068212511898,0.003443098663405904,0.006883392740980136,-4.577243593942291e-05
cb_rnn,6,15,0.5827942490577698,-0.555867965552693,-0.5552301931612148,-0.5565307118997845,-0.5052549579014006,-0.3768880352600742,-0.6386484854430238,-0.5618171601402437,-0.5634836114006879,-0.5600854538133112,0.5212997751278277,0.4190562659180563,0.6275469459806639,-0.5324829836777066,-0.47378241235773716,-0.5934821578883258,0.5741305750214811,0.5551231055960474,0.5938823408512394,-0.007286016362532795,-0.02121715048513166,0.00719063451474444,0.007587492762130129,0.009842399851992992,0.011609361997473925,0.007533561530542761,0.008846938391259652,0.011592484558977129,0.0077054387985232425,0.010191050180355068,0.011607441083094033,0.0076568627345803865,0.009703319956884737,0.011457215892197102,0.007623265845695205,0.00970947448725206,0.011673595242469251,0.005610310425815447,0.008133158316179672,0.007686077858767298,0.006778416639109179,0.009420633692552489,0.009747759137444112,-0.9537979594880874,-0.9527036240643777,-0.9549351470086627,-0.8669525458054357,-0.6466914110243991,-1.0958386883116231,-0.9640060124967934,-0.966865428599712,-0.9610346270897956,0.8944833892418069,0.719046673153628,1.0767898739482207,-0.9136723372589834,-0.8129497041601267,-1.0183390773808005,0.9851342492649926,0.9525198755710792,1.0190257398925886,-0.012501867295898049,-0.0364059022878733,0.012338204308587241
cb_rnn,7,2,0.23832520842552185,0.08823080886110604,-0.03175927836808466,0.20662951562306608,0.2284973100752872,0.12362671578403121,0.3319770476783302,0.08882832794744915,-0.030361723875807177,0.20643760985262513,0.14349000077838892,0.030517176845140995,0.25496451139687226,0.16272566216352466,0.04946928161887392,0.2744799686956469,0.24357602969607778,0.14015567840467538,0.34562475829130773,0.1672618702969182,0.05547605218586101,0.27756511787599847,0.007750642989293894,0.00850620679298271,0.009581093611541698,0.007151904625035513,0.007845223032717662,0.009207617668837837,0.007849636264091974,0.008485986280374945,0.009961051915894081,0.008037282325190277,0.00911818260679169,0.010375887574548263,0.007967403597475768,0.00913482793705618,0.01012991783510637,0.007399055958756238,0.008454306125749121,0.009533090679228369,0.008139595037674393,0.009232412395878933,0.01065543420988461,0.3702118187328838,-0.13326025634426178,0.8670065453342051,0.95876265706359,0.5187311766168679,1.3929581762311776,0.37271897729278003,-0.12739619143266337,0.8662013188467984,0.6020764724233125,0.12804846388995317,1.069817637342171,0.682788292680241,0.2075704955664956,1.1517034664900907,1.022032169006565,0.5880858316692711,1.4502232498804997,0.7018219826678075,0.23277458793536576,1.164648589671702
cb_rnn,7,3,0.46302568912506104,-0.33784434537713726,-0.35555196673397566,-0.31883638033534745,0.05849053753966776,0.08593789604258249,0.029027606274119978,-0.346152797966109,-0.3516641835751428,-0.3402366885758502,0.043709408883781484,0.060049276858927976,0.026169636996853173,-0.11703441133722663,-0.10894016071524419,-0.12572305617335033,0.41744891586713495,0.4414361628668169,0.39170018636639636,0.030526625644415616,0.02942233000482832,0.03171201426833546,0.016895604935016705,0.02411479811075543,0.023572476266546936,0.010758827695177366,0.016024786581780096,0.014075492839836288,0.01843645357949718,0.02654254761754653,0.02548263048542632,0.01576359913757755,0.023304648449370555,0.02100502725603677,0.015609044393030238,0.02238841967239046,0.021669652799157637,0.015998986733493484,0.02074895019080866,0.024527567996588968,0.01835354755071511,0.020338602173282785,0.03116929015638378,-0.7296449275104628,-0.7678882081161219,-0.6885932850460728,0.12632244584569852,0.18560070868847858,0.06269113562353505,-0.7475887539203354,-0.7594917341187952,-0.7348116887828958,0.09439953313686615,0.12968886666395943,0.05651875827085023,-0.25276008240142417,-0.23527886956142507,-0.27152501281498687,0.9015675062348084,0.9533729407129873,0.8459577849914932,0.06592857882701735,0.06354362337956909,0.06848867139155684
cb_rnn,7,4,0.6599389314651489,-0.47987347253041485,-0.47835967281277764,-0.4814596229698509,-0.15418640412624315,-0.13018551058740468,-0.1793343991945114,-0.5268602196872904,-0.4994329787823453,-0.5555983213707805,0.29909437510587905,0.36494249426351305,0.23009910319438753,-0.33413234929331787,-0.32390451928143177,-0.3448490094160661,0.6474563090642329,0.7085748666995451,0.5834166438948801,0.03626017421283349,0.09065745298407579,-0.020736974499681416,0.014804049843203628,0.018536282001067866,0.023276753014359237,0.011077275305666653,0.01660801200318602,0.014473044211159053,0.016576759492032928,0.023018520264509346,0.023825183744688467,0.016055921103976405,0.023603460443346106,0.021267125505527583,0.014897936397306076,0.020510155164114675,0.02164443601101968,0.012932910312333101,0.01885029759932781,0.01722074933985069,0.014820076805693454,0.018872784531249586,0.022766548119094145,-0.7271483006238688,-0.7248544524426797,-0.7295517812548942,-0.23363738184672572,-0.1972690265421623,-0.2717439306033455,-0.7983469296433129,-0.756786658537541,-0.8418935372357577,0.4532152307515049,0.552994340632843,0.3486672663537792,-0.506307983000035,-0.49080983684705837,-0.5225468493735582,0.9810851856046695,1.0736976300616454,0.8840464110817352,0.05494474182987093,0.13737248806159175,-0.03142256580263067
cb_rnn,7,5,0.6771439909934998,-0.5509569009988735,-0.44507187880130844,-0.653327701680502,-0.3983069268558844,-0.44151206235053825,-0.3565357280370993,-0.5476496072591269,-0.418907582670895,-0.6721188085204767,0.46549054280317015,0.5233163443296703,0.40958392372271546,-0.4577365861399344,-0.45113131014852603,-0.46412263940724113,0.6724910564715164,0.6553431320323873,0.6890698578773122,0.0622263277401862,0.09175457309987119,0.03367809629575773,0.012793815630145495,0.01708438609396453,0.01815461494366826,0.013908010771448352,0.01671428270062726,0.021954762520753617,0.014656337971087997,0.02016068061950559,0.020138326872335962,0.014796204329687356,0.019057652925305268,0.022320989342810602,0.014623012393952332,0.017636712187818777,0.023158348509246213,0.009585493580353202,0.013508948922909473,0.013566280850652269,0.010224463861481852,0.016059495701780252,0.012685856352575605,-0.8136480694313101,-0.6572780453213546,-0.9648283236213103,-0.5882159956429532,-0.6520209412221994,-0.526528674520161,-0.8087638885425539,-0.6186388541324533,-0.9925788568755515,0.6874321399798682,0.7728287502955836,0.6048697605981521,-0.6759811683012165,-0.6662265576434195,-0.6854120328621457,0.9931285892160742,0.967804692574874,1.0176120102111739,0.09189526683813332,0.13550230722013745,0.049735501966643045
cb_rnn,7,6,0.8385504484176636,-0.7998410447067322,-0.7274100905287405,-0.8777532602819773,-0.703882853287117,-0.7205460575382714,-0.6859586497953346,-0.7724693483162102,-0.7100312025590458,-0.8396325429414844,0.6946219322756709,0.6988308297679252,0.6900945236218405,-0.7247470381553285,-0.7358467003433549,-0.7128074015314515,0.8166017611640402,0.7760511294531462,0.8602210893287315,-0.0002587091617493166,0.007725000331549588,-0.008846591265351922,0.016752492994173654,0.024142162373739944,0.022663671442128507,0.019655842531995562,0.022876899916591517,0.03252528478992057,0.018849065661413617,0.026394980416603726,0.026625475625068337,0.020514311089869012,0.026215419906655466,0.03190415614876257,0.01933914560447872,0.0244339407150579,0.03033269080737451,0.012144335453855586,0.015116938615621236,0.019089143536378788,0.01310395726143062,0.01819840358579434,0.018877409685175556,-0.9538377162829313,-0.8674613339022789,-1.0467506897626602,-0.8394043013337324,-0.8592757405328859,-0.818029077546535,-0.9211960351030188,-0.8467364174676285,-1.0012904346135199,0.8283603372777579,0.8333795910390509,0.8229612480966912,-0.8642855531505814,-0.877522278751255,-0.8500471293963434,0.973825442112588,0.9254674312291492,1.0258429781439629,-0.00030851949603926423,0.00921232627819422,-0.010549861707241768
cb_rnn,7,7,0.6758924126625061,-0.6224624357839477,-0.5937529304564308,-0.6513720073506807,-0.561838584728927,-0.5382757767661117,-0.5855655934440965,-0.5928581531221021,-0.5327534868694507,-0.6533816672232041,0.5811995869266361,0.5745587368692339,0.5878867146847867,-0.6241765709904333,-0.5977205035234817,-0.6508170012968758,0.6634222317758637,0.6160627640912689,0.711111730594149,0.008430262859393325,0.012785762645123738,0.004044411158779773,0.024227465168524642,0.034177117043132595,0.034306799230900575,0.023884660943283075,0.029879240845910267,0.037291120521814075,0.02391791824980874,0.03321820320098661,0.034243834798454005,0.02434508542356828,0.030778057904615182,0.03777022041771914,0.02470162368096585,0.03205828756451883,0.03759184584694573,0.020260974090102045,0.0262530158295592,0.030769039961577958,0.019626400056268513,0.028961121427306263,0.026476296137574063,-0.9209489914702775,-0.8784725487855268,-0.9637214372399395,-0.8312544632890713,-0.7963926901408929,-0.8663591756229515,-0.8771487029817191,-0.7882223219089025,-0.9666947800898864,0.8598995580334277,0.8500742516192865,0.8697933334818135,-0.9234850980670853,-0.8843426739603629,-0.9629002916797778,0.9815500504917354,0.9114805145754581,1.0521078758569065,0.012472788126418596,0.018916860739355664,0.005983809084123085
cb_rnn,7,8,0.6827347278594971,-0.6346390533597313,-0.5879909519033878,-0.6798518286174179,-0.604294579624871,-0.5978480282073719,-0.6105427756141394,-0.6484178322490253,-0.5784974267190516,-0.716186840685769,0.6275865702708769,0.6170333393601408,0.6378150863843596,-0.6240747768832888,-0.5488949353417392,-0.6969413925312523,0.6799452955116673,0.6238873749642881,0.734278356965281,0.014477854300316216,0.008674447630027825,0.020102694611518812,0.014772792088776925,0.022202027476153838,0.019393974248064726,0.016520601016698364,0.016976840091768117,0.02806247760315429,0.015517303736332108,0.023127092140279183,0.020379764970734175,0.01642298360855155,0.01970880360455703,0.026089328388999355,0.01645637783285126,0.0211169764698865,0.024755352418373525,0.013610605711456183,0.01792317567857897,0.02015791140539333,0.0052168220640008475,0.009599677354729219,0.004342487378466076,-0.9295543751662452,-0.8612290072702923,-0.9957774240500148,-0.8851088936393336,-0.8756666444692787,-0.8942606120656947,-0.9497361212047002,-0.8473238625677513,-1.0489972334220505,0.9192246192580241,0.9037673259930067,0.9342063034995025,-0.9140809034863097,-0.8039651609090238,-1.0208084693689097,0.9959143247970186,0.9138064163226228,1.075495836087587,0.021205680199844288,0.012705443675355236,0.029444370985118297
cb_rnn,7,9,0.8262863159179688,-0.7549317679820686,-0.7609409926742907,-0.7483084619344369,-0.7274904865626013,-0.6835807424951468,-0.7758873577610366,-0.75022891933784,-0.754774616266422,-0.7452186986355342,0.804491201764904,0.7759385550369984,0.8359616372095299,-0.7513651509200119,-0.731364614435083,-0.7734095378486562,0.8283217244251218,0.82413222058522,0.8329393527450135,0.025913154688573234,0.013934370796412032,0.03911604788358303,0.015109801777427304,0.02277025665400824,0.019465648223566397,0.015589060453189385,0.018875754020540415,0.0251587569427482,0.016080175185118964,0.023889650107524134,0.021196152228582683,0.01555536173047028,0.020028929467799335,0.024052617058955852,0.015187688816145285,0.02145285929811298,0.021414387500130083,0.011466536270112968,0.015479229109259652,0.017026142039307055,0.01145804886220225,0.01564881804496905,0.01679536146493814,-0.9136442821800477,-0.920916851719755,-0.9056285303516108,-0.880433903536682,-0.8272928273484934,-0.9390054546638097,-0.9079527336772699,-0.9134540917912934,-0.9018891929822511,0.9736228063648236,0.9390674153606959,1.0117094052087892,-0.9093278400541794,-0.8851225057776351,-0.936006712140006,1.002463321088516,0.9973930400500998,1.0080517330359677,0.03136098733498306,0.016863852792880326,0.047339580881388274
cb_rnn,7,10,0.635478675365448,-0.5821002480200308,-0.5987225726864814,-0.5646202604101024,-0.5572875429346354,-0.5040305062919577,-0.6132924856448715,-0.5813250393188464,-0.5697538584087775,-0.5934932590473708,0.5787646240772244,0.551880987104307,0.6070353774541499,-0.5886638807411679,-0.5688425148271512,-0.6095079706949742,0.6462405180525101,0.6440409841015935,0.6485535414701817,0.017806607263976943,0.019932637617827577,0.015570880012261779,0.01330961251924931,0.01997262893275967,0.017428442192208595,0.013068809022118636,0.017714491435660354,0.019087714991531397,0.013652153897918433,0.020245175191643892,0.018190087698609043,0.013412201857575549,0.01916007788259837,0.01868874574859936,0.013157966953191406,0.019209897615276188,0.017877278993028475,0.010188955796457608,0.013578660022074912,0.015266014216676923,0.01361858772315586,0.01876854965924501,0.0197756474261248,-0.91600280321803,-0.942159974671331,-0.88849599883962,-0.8769571105028083,-0.7931509361853917,-0.9650874363206322,-0.9147829216842576,-0.8965743155443039,-0.9339310382147247,0.9107538089211117,0.8684492627340075,0.955241144960622,-0.9263314467674969,-0.895140209858378,-0.9591320595367914,1.0169350178129475,1.0134737939573213,1.0205748306144415,0.028020778594555994,0.03136633594567876,0.024502600348166446
cb_rnn,7,11,0.6173064112663269,-0.576907543433421,-0.5710607400085745,-0.5827494377034187,-0.5253264375965055,-0.42692737618789955,-0.6236428801458264,-0.561511077371679,-0.5650300812884038,-0.5579950281181923,0.5704468731846267,0.5058779537615155,0.6349615785695994,-0.5566062124094784,-0.513624051203873,-0.599552284478891,0.6070440309853651,0.6158395891116948,0.598255857878453,0.010275345874566183,0.018555592019267445,0.002002052077593471,0.010410047747105649,0.013885894135851196,0.015510021254190725,0.012541375092733594,0.013973765671249269,0.020431326254607612,0.010620859310221572,0.014413542079494473,0.015601589521097286,0.011981265098143486,0.014452587159375616,0.01892622266265431,0.011130057184194663,0.01339629831856618,0.017687246418619407,0.008594532987537727,0.01126597173067323,0.012976021743021518,0.010784934029688902,0.016636539289457006,0.013727483266008578,-0.934556215364696,-0.9250847384479854,-0.9440197397399147,-0.8509978642840661,-0.6915971847953295,-1.0102647060906123,-0.9096148478675433,-0.9153154267899393,-0.9039190553254345,0.9240903103766998,0.8194924668346958,1.028600330372489,-0.9016692557390913,-0.8320406881085805,-0.9712393610961928,0.9833755488463017,0.9976238345692489,0.9691392264195118,0.01664545465109879,0.030058965338142153,0.0032432063575793934
cb_rnn,7,12,0.5702497959136963,-0.5293683620928217,-0.5521045737686119,-0.5051875098889379,-0.4736004112607284,-0.3751366908559581,-0.5783204369406236,-0.5223586162688921,-0.5412152288725994,-0.5023038697289635,0.5104031281703882,0.45013937656312664,0.5744959898857122,-0.5022814463561387,-0.4590642688424643,-0.5482446084267985,0.5639219563985043,0.567527278783533,0.5600875547407925,0.012747375913125148,0.008067427865541028,0.017724684080122274,0.0071916496752791916,0.009677434562563673,0.010659609847889278,0.008937743624613073,0.0101751266309892,0.014505701012780656,0.007223275741502641,0.009754262124405836,0.010681301568774934,0.008380300387702806,0.010181706424899932,0.013306315424884398,0.007934895219867656,0.009667960666880122,0.0126470527424022,0.004581608689670459,0.006375464887109919,0.00658721856902602,0.00503201936350941,0.00778153667283089,0.006269166782185099,-0.9283096037669398,-0.9681802215886622,-0.8859056390883739,-0.8305139513498482,-0.6578462518428199,-1.0141528170369547,-0.916017191083656,-0.9490844762257643,-0.8808488373487888,0.8950518383835327,0.7893722712199838,1.0074461998977349,-0.8808095153306391,-0.805023118170376,-0.9614113189612993,0.988903390127386,0.995225746419074,0.982179316422865,0.02235402100004326,0.014147182381038471,0.03108231551704894
cb_rnn,7,13,0.5956664681434631,-0.5846652431920932,-0.5807865185921293,-0.5886343534716916,-0.5161490776288357,-0.4028709530461543,-0.6320669153476891,-0.5641852121624833,-0.5757302171357049,-0.5523711746518917,0.53231056468094,0.4646987051896677,0.6014979791552916,-0.5467176942745178,-0.4888675126975568,-0.6059159550574262,0.597114839920803,0.6078167010947029,0.5861635939373796,0.009570858258013433,0.015147281209431072,0.0038644882672010583,0.007447909142084704,0.009710351441815803,0.011328445973645086,0.008967404491503418,0.010567548268300813,0.014099622219170596,0.007497692789468822,0.009798604300481099,0.011377728856330323,0.008595256309297696,0.010623324139402751,0.013396620792298593,0.008360394465526094,0.010300435640322568,0.013096804800838857,0.00439831903243994,0.0059503976512865426,0.006480569181105381,0.006049553894824607,0.009694473908506227,0.0071674915561594455,-0.9815312334339419,-0.9750196622655111,-0.988194543342873,-0.8665068544777039,-0.6763364644341956,-1.061108773367211,-0.9471495246675565,-0.9665311846915031,-0.927316215017925,0.8936386268980576,0.7801323895870994,1.0097898930419966,-0.9178251983505032,-0.8207067861671469,-1.017206754890716,1.0024315147062988,1.0203977118086047,0.9840466524232907,0.016067478647645385,0.025429131937947075,0.006487671329302217
cb_rnn,7,14,0.6349573731422424,-0.5989866653801458,-0.6050790782382481,-0.5928082275295943,-0.540862290043632,-0.4420474517001242,-0.6410723958977893,-0.6018699909694228,-0.5973558552824387,-0.6064478663433638,0.5820744380683199,0.5120010656105055,0.6531372479587207,-0.5584788907633634,-0.4959357993872693,-0.6219050918512734,0.6245742488380113,0.6188501729053356,0.6303791488383192,0.008909710183922476,0.004741203691023076,0.013137076072586466,0.0066611595074184534,0.008525943127169843,0.01025679591865688,0.008968049872841072,0.010688839975788818,0.014096240130675026,0.0067138652442074054,0.00864820059178333,0.01029171718341965,0.008276928219291789,0.010148874190213004,0.012920003027950436,0.00789296440064446,0.009891399972194844,0.012168614991058887,0.005200868868725329,0.007171653262349804,0.00753659071602901,0.0058552425893405495,0.010181354303244527,0.005696731613900627,-0.94334941323055,-0.9529444082897499,-0.9336189366475693,-0.8518088188614019,-0.6961844533162027,-1.0096306035872695,-0.9478903882805887,-0.9407810359399036,-0.9551001248197303,0.9167141963999594,0.8063550204586846,1.0286316461316305,-0.8795533596209673,-0.7810536901603476,-0.9794438464012527,0.983647525419151,0.9746326274515148,0.9927897139279339,0.014031981611349102,0.007466963754684926,0.02068969765257535
cb_rnn,7,15,0.5883552432060242,-0.5507744129038936,-0.5453398767077889,-0.5564217552163411,-0.5032277488651803,-0.409151057346434,-0.6009883049563689,-0.5599632621387335,-0.5662426981808257,-0.5534379353069363,0.5278039717737387,0.45278046611964956,0.605765255427009,-0.5489405292697498,-0.4989063633913793,-0.600933938060636,0.5795657498041276,0.5685646252314465,0.5909976575220923,0.000380089813668998,-0.010119484278653739,0.011290807286993113,0.007931809272947269,0.010049632696177674,0.01234969654064412,0.010535847532851663,0.012023998392527258,0.0172125760291176,0.00810556306480763,0.010247935826075387,0.012639035653640319,0.00972136927038318,0.011368808915829108,0.015734015814818536,0.009319916437213829,0.011119674774047898,0.015002162750710582,0.00485392392127971,0.0068266390275855265,0.0068934047910308984,0.007393260241413142,0.009948609336827445,0.010967876226544743,-0.9361256133329454,-0.9268887853130382,-0.9457241379958248,-0.8553127632942079,-0.695414993018362,-1.021471826581345,-0.9517434723406575,-0.9624163372715023,-0.9406526782886834,0.8970838245575349,0.7695698667566723,1.0295909867754647,-0.9330086467463118,-0.8479679057039989,-1.0213794217011969,0.9850609074986711,0.9663628085189893,1.0044911885235683,0.0006460209508762755,-0.017199616040661683,0.0191904591951421
cb_rnn,8,2,0.1890321522951126,0.06230052677822487,0.010891756603634485,0.1130274830247703,0.17664810317911664,0.15010328104178752,0.20284087197244938,0.06342873061560741,0.013085327742080535,0.11310444910089122,0.1110571913547983,0.06925331360049626,0.15230664102217326,0.1232955703251959,0.08309924573968014,0.16295878715758813,0.18980273301744255,0.16507972036338142,0.2141978542569936,0.12893023473945495,0.09092471231856654,0.16643170513884617,0.007939040547329764,0.010338706110043751,0.011444023382701549,0.007682282754875289,0.010633136649107089,0.010917914854431937,0.00803538706277751,0.010600076608776826,0.011501118777305343,0.00826987120814678,0.010994100034850298,0.01196554568395078,0.008172486722968548,0.011072137910626872,0.011656022261428913,0.007726784911054895,0.01073148301746385,0.010970299111046302,0.008039420148950382,0.009412635182389089,0.012701872124439557,0.32957634995851254,0.05761853986950605,0.5979272925397072,0.9344870755284937,0.794062169950061,1.0730495818286983,0.33554466711347575,0.06922276228253502,0.5983344511906905,0.5875042420371873,0.36635732471785853,0.8057181763681961,0.6522465560922658,0.4396037643900257,0.8620691516180837,1.0040764532010773,0.873289111715042,1.1331292145613032,0.6820545244502748,0.48100130699785393,0.8804412536075708
cb_rnn,8,3,0.3698689639568329,-0.2318368246119159,-0.247622876489906,-0.21489153782279907,-0.09756396986970989,-0.027582893564067856,-0.17268404529930834,-0.22765634740547588,-0.22795021207159913,-0.2273409030446481,0.12385766601073556,0.15173447286893785,0.09393375022558105,-0.1515778107820855,-0.11845533592135493,-0.18713260561099063,0.32826623882477485,0.3213834414179896,0.3356544684385378,0.05589849495639403,0.07141187905485721,0.03924589906668303,0.017193598374940933,0.022763152969412708,0.02593555630198917,0.01389211572728399,0.020801597004195743,0.01753738542457465,0.018734777123897404,0.025388963466412468,0.027680539082111173,0.01656431264816166,0.02356610779486892,0.02315000807671854,0.015971397343879108,0.022623530588132077,0.02239680450535488,0.017170978322730564,0.025853174247793775,0.0222975897202182,0.01249080400046804,0.013177118725165972,0.021668399078360052,-0.6268079974370961,-0.6694881177400055,-0.580993699833325,-0.2637798230648422,-0.07457477174885924,-0.4668789818208758,-0.6155054075638676,-0.6162999177681829,-0.6146525531976802,0.3348690430408508,0.4102384564676442,0.2539649426669494,-0.4098148954173295,-0.32026297814806587,-0.505942979397511,0.8875203675188236,0.8689116220508244,0.9074956299326368,0.15113053649702252,0.19307345577443918,0.10610757563119945
cb_rnn,8,4,0.6990932822227478,-0.5574809409263318,-0.5982278157483067,-0.5147866051753655,-0.4949492095255659,-0.41496874452160115,-0.5787522702833966,-0.6130546083643739,-0.651353852607702,-0.5729248855358866,0.5449372047869425,0.5505903975613284,0.539013822652016,-0.5638600272131512,-0.541674758075622,-0.587105621713871,0.6953743065789315,0.7400547792252742,0.6485583701664034,0.01637355882935293,0.026005981705690684,0.006280762800837264,0.019997792092302895,0.02733463474744211,0.029157408221566292,0.019171466058878893,0.02950223191408754,0.023674607797723464,0.02043472150514697,0.027798843479086444,0.0299483147687332,0.020192009706017526,0.028690070922460644,0.028389069162918203,0.019802278456202443,0.02830033095169238,0.0276250928265022,0.017048602141568548,0.022526735336373078,0.025570608032323798,0.015926489743307844,0.0176595203902068,0.026850273817755517,-0.7974342696497334,-0.8557195884449896,-0.7363632554708803,-0.7079873632198104,-0.5935813647103281,-0.8278612954815839,-0.876928192494117,-0.9317123610982792,-0.8195256628904911,0.7794914050015325,0.7875778691661025,0.771018455417332,-0.8065590695141195,-0.7748247220362097,-0.8398101321288411,0.9946802869682971,1.0585923195718465,0.927713635159431,0.02342113598530607,0.03719958747565902,0.008984155563428893
cb_rnn,8,5,0.7088539600372314,-0.6145503813932464,-0.6566393248736858,-0.5738583292548705,-0.6216240676990433,-0.5932274596237425,-0.6490782198064771,-0.6062830499074779,-0.6322574622039475,-0.5811707032427815,0.6460251784169403,0.6015000038905375,0.6890726054482388,-0.6329320980070579,-0.6038045922099654,-0.6610928900475368,0.7162879223901825,0.7353927969932557,0.6978171201043831,0.030959948164876207,-0.01305392353392359,0.0735130420150867,0.017041534375320997,0.02588324343475294,0.02218895415474482,0.01804018945717827,0.02366274803949661,0.02708059673027955,0.01681610538778626,0.024739526666054383,0.022802474437883826,0.017877476312518195,0.026022872795697392,0.024452284089436446,0.01787994168333098,0.02403228914476668,0.02635340451756081,0.012931152410722584,0.021229229474804153,0.014986039121468196,0.012946890682170809,0.019496334338561464,0.016964939087684053,-0.8669633183130812,-0.92633936169193,-0.8095579084085662,-0.8769423643572415,-0.8368824794215498,-0.9156727004422537,-0.8553003638092589,-0.8919431897802181,-0.8198736778055898,0.9113656900259242,0.848552787740573,0.9720938928126271,-0.8928949172743763,-0.8518039345907745,-0.932622129969922,1.010487297485875,1.0374390755391,0.984430022888962,0.04367606010587863,-0.01841553305738456,0.10370689332288634
cb_rnn,8,6,0.9441062808036804,-0.84999372093201,-0.807232308976814,-0.8959911316297613,-0.8344799204787705,-0.8351866098953851,-0.8337197518630608,-0.8496182515615752,-0.8478366790379911,-0.8515346457896469,0.8645275982885828,0.8466071070139133,0.8838042348489031,-0.8325289639566714,-0.7891601662415156,-0.8791797247421634,0.9072732058056217,0.9064707625875721,0.9081363744563885,0.005644675887500246,0.013759060171580994,-0.003083769909970395,0.024373623564143347,0.03342054112040242,0.035493512867427794,0.02264262351487079,0.031257264039071524,0.0328389297079969,0.025518068823971046,0.03470655887947001,0.037573424269503684,0.02472748320999733,0.034041568002652595,0.03594767739332188,0.02401490457710252,0.03234157456257038,0.03559346009365022,0.01718574263933571,0.02306524317393869,0.02563043328460539,0.030424239995371225,0.03920817405612167,0.04700012149923069,-0.9003157146761527,-0.8550227081315982,-0.9490363000943489,-0.8838834540624078,-0.8846319814591463,-0.8830782813491592,-0.8999180164740868,-0.8980309698991317,-0.901947866573633,0.9157100380188601,0.8967286037894272,0.9361279051088989,-0.8818169954848435,-0.8358806442530334,-0.9312296111341961,0.960986304458536,0.9601363543688421,0.9619005750955579,0.005978856408724615,0.014573634824109474,-0.0032663376705272034
cb_rnn,8,7,0.741245687007904,-0.6365958661521695,-0.6346356372484312,-0.638569755187641,-0.6784816614704646,-0.6270257145469319,-0.7302961864213391,-0.6382404349812228,-0.6088344169310117,-0.6678513730178467,0.6962609877211636,0.7113220912942527,0.6810949287224781,-0.7047975069338767,-0.6590784534966657,-0.7508351600466082,0.7269226456976159,0.7182184391522902,0.7356875087345467,0.026984623529844813,-0.002769541472299701,0.05694613462956525,0.02321687875659682,0.03238551504248682,0.033281245295062364,0.018352029274899644,0.023991203098162165,0.0276340808987244,0.023521176463437793,0.033855687360096476,0.032605959040036665,0.020527806764476172,0.02871503047271373,0.029333364187515733,0.02072967178215975,0.028673047630326864,0.029830770982479764,0.024912093508189743,0.034460777836319324,0.03599108597902482,0.022588621117613162,0.02463844663971838,0.037902119302723615,-0.8588189817627652,-0.8561744754430712,-0.8614819166979272,-0.9153262856870152,-0.8459080781676721,-0.985228243781406,-0.8610376372745319,-0.821366555788836,-0.9009851722897448,0.9393120255871914,0.9596306646525793,0.918851793218212,-0.9508284760196672,-0.8891497988434675,-1.012936969761555,0.9806770662395295,0.9689343921196154,0.9925015708411156,0.03640442568882977,-0.003736334012922451,0.07682491193902626
cb_rnn,8,8,0.6979711651802063,-0.655367266444955,-0.627617216089205,-0.6822634690974513,-0.6885801787332942,-0.6643808707660573,-0.7120348926092315,-0.6696740389452316,-0.633651291462059,-0.7045883941981528,0.6792449021369167,0.6964208065964137,0.6625974870454042,-0.6778521340392116,-0.6476588903596161,-0.7071163548363579,0.6963294860066122,0.6844908035306073,0.7078039013295092,-0.0019197037262428138,-0.010963361887704758,0.006845688030251071,0.013628532025927636,0.01810059289646771,0.020247748332426506,0.014537807102008032,0.020685411238950284,0.02038894058359346,0.014509282057407303,0.020376431773098364,0.020544859198075607,0.01418327751562235,0.01943042134367725,0.02060255248386805,0.014775705642868175,0.020823022580694593,0.02088832552934565,0.010174033818819966,0.012988695938595253,0.015571151190363834,0.017495635159888355,0.025169068656943277,0.02432365493309796,-0.9389603742093678,-0.8992022126403504,-0.977495207730108,-0.9865453088674696,-0.9518743809345241,-1.0201494390178627,-0.9594580297200833,-0.9078473769019658,-1.0094806624514896,0.9731704345716706,0.9977787641364922,0.9493192843780744,-0.9711749823707972,-0.927916399228899,-1.0131025321852523,0.9976479269409786,0.9806863631019506,1.0140875965080367,-0.0027504054923919003,-0.015707471074215756,0.009807981148452759
cb_rnn,8,9,0.7067503333091736,-0.6753941101099675,-0.6597188119930739,-0.6926712635088793,-0.6821925358251772,-0.6978393617203299,-0.664946764218111,-0.6920197067665868,-0.6782829626679223,-0.7071602057366475,0.676151887099776,0.7107859950216598,0.6379785272734662,-0.6870445828794295,-0.6901934246181061,-0.683573961693005,0.7113166258916155,0.7017959225059345,0.7218102478714538,-0.008320604075884653,-0.01632012367643268,0.0004963846809237543,0.01457365778285643,0.02108343833934085,0.019938898499162652,0.01395020714379638,0.01911578134211397,0.020373172245416158,0.01447523949741865,0.02104769958997577,0.01967220572309994,0.014369171377688313,0.019621045766462095,0.02096868199033413,0.014241862919906211,0.019743785368723205,0.020560866819482878,0.012261282607526703,0.01771485229551527,0.016815608657215788,0.018985569079491324,0.020291329049662132,0.03305223590681559,-0.9556332388944356,-0.9334538392137901,-0.9800791465716433,-0.9652525137568583,-0.9873916273274037,-0.9408510090185197,-0.9791572414637365,-0.9597207538509954,-1.0005799394894586,0.9567054378791329,1.0057101659840617,0.9026929273401239,-0.9721178052545415,-0.9765731858752098,-0.967207130263878,1.0064609698322482,0.9929898712887175,1.0213086769860666,-0.011773045846226349,-0.02309178065755975,0.000702347996922142
cb_rnn,8,10,0.6035166382789612,-0.5566095785767643,-0.5447549622954156,-0.5690758581060449,-0.5256414610914841,-0.5421802216583741,-0.508249349242273,-0.5479837702888393,-0.5257759762788626,-0.5713374209922054,0.5567622024922849,0.5702010446584949,0.5426299556934204,-0.5446093197019692,-0.5433268577696007,-0.5459579528888335,0.6081339389576527,0.585561626999874,0.6318709156601816,0.01715411395280661,0.026006464028260977,0.007845008713753862,0.011661463176715176,0.015975040806643175,0.017023467973546313,0.012328411097058683,0.017571579711516492,0.017250007547375008,0.012357987873685082,0.01651473627065943,0.018436134345430226,0.012324728291806622,0.017168949532301487,0.01768884308088018,0.012293564018740762,0.017430978116178487,0.017323809423606652,0.012127483096838566,0.016406603760542374,0.017889341273654904,0.012327373904150573,0.01326689579854555,0.021089682512676317,-0.9222771060033059,-0.90263453854211,-0.9429331720312956,-0.87096432434812,-0.8983683087917854,-0.8421463751051498,-0.9079845285649719,-0.871187209980175,-0.946680480295422,0.9225299969856586,0.9447975556805329,0.8991134979158647,-0.9023932152972999,-0.9002682333978351,-0.9046278399974741,1.0076506601240665,0.9702493516495433,1.0469817658417468,0.028423597403585632,0.043091544422740685,0.01299882756526042
cb_rnn,8,11,0.5982566475868225,-0.5074797793816038,-0.4805617329328,-0.534375224615925,-0.470144402841243,-0.436408348246908,-0.5038521316130806,-0.4926477241267656,-0.4745264560860746,-0.5107537769969774,0.5234066345116788,0.5057772046815948,0.541021262133677,-0.49321709724721263,-0.4673323462427664,-0.5190801146236115,0.5858550212873676,0.581327657182427,0.5903785840790378,0.02614696809833463,0.03799019150999414,0.014313688619010695,0.01686320139794961,0.02218230196603507,0.025378565420502142,0.016641264083808695,0.021576494486539814,0.025300678409135482,0.01733805120897898,0.022059179927735505,0.026741004633983836,0.016681867843759603,0.021172226002974914,0.02577154358804778,0.016857320759496294,0.02188419452754652,0.02562196445300858,0.008920810881379079,0.01129462148649121,0.013808241340573721,0.017458106100649955,0.023102992790719448,0.026173094415340707,-0.848264338438388,-0.8032701932711213,-0.8932207051462363,-0.7858573820076322,-0.7294667765201454,-0.842200640219311,-0.8234722106539898,-0.7931820866515462,-0.8537369021425772,0.8748864498588275,0.8454184449462276,0.904329712533885,-0.8244239311618081,-0.7811569635336888,-0.8676545705215578,0.979270391144872,0.9717027959945256,0.9868316323110452,0.043705269642724746,0.06350149499087811,0.02392566581039688
cb_rnn,8,12,0.5540173649787903,-0.47855333287188473,-0.46190818411878937,-0.4962561009341139,-0.4355341903436527,-0.40519848003326214,-0.467797407188017,-0.4796801662562991,-0.4595076046168538,-0.5011344761709349,0.4737188556468744,0.4503351944945399,0.4985882957441613,-0.46011907073180025,-0.4268822628257995,-0.49546771857007066,0.547000058146475,0.5295534778400914,0.5655551800756514,0.014258176280225781,0.014853589569537218,0.013624930911367834,0.010476468845657769,0.01395400821905299,0.015708549536432987,0.010042448662157952,0.012415712959616996,0.01593365814426438,0.010590050307693426,0.013852731073194102,0.016123385827178167,0.010337617243190558,0.01260411767094435,0.01657261766109323,0.010349447928945916,0.013275859396666301,0.01597819423598815,0.0057580427982693435,0.0070990032167906475,0.009153166176885425,0.009225706268584792,0.011100587819357438,0.014934874691590048,-0.8637876050874423,-0.8337431519614422,-0.8957410585011397,-0.7861381571682802,-0.7313822736382541,-0.8443731853169005,-0.8658215366131402,-0.8294101117831304,-0.9045465139709475,0.8550613854224768,0.8128539337603259,0.8999506644764628,-0.8305138066374782,-0.7705214489840801,-0.8943180302462882,0.9873337781883715,0.9558427430525839,1.0208257282644972,0.025735973602148073,0.026810693145161373,0.024592967247316234
cb_rnn,8,13,0.5347066521644592,-0.4841054003838679,-0.4310538061147574,-0.5383932526754602,-0.42692070236195456,-0.382831322392541,-0.47203749442791987,-0.47321159380003547,-0.4336038271223407,-0.5137423378167242,0.44859370077565186,0.42231437063748295,0.4754854165198774,-0.4534368737077021,-0.401947894120718,-0.5061256978038053,0.5358569648557072,0.5091297989176347,0.5632069522898037,0.01585842327167675,0.029769551375936162,0.0016231250089594176,0.010313800321255189,0.013580145352546362,0.015472668454668112,0.010087732338452008,0.011803361913361756,0.016390946301589878,0.010497040976333645,0.013645030015880747,0.015952157832426102,0.01030306729194938,0.012766332539616955,0.016222739160737666,0.010325522893670443,0.013031133153027782,0.015995750468556686,0.005217584084858544,0.007034289655911308,0.007673433173284985,0.010521037608703553,0.012695669419264467,0.01685717642356971,-0.9053663320331613,-0.8061500719504394,-1.0068946224926842,-0.7984204060933339,-0.7159651387220706,-0.8827971234641303,-0.8849929057072778,-0.8109190812703365,-0.9607928678970556,0.838952908028678,0.7898057167008876,0.889245373318514,-0.8480105341353392,-0.751716651539041,-0.9465483471264852,1.0021512967654163,0.9521665699439289,1.0533008145867964,0.02965817464114733,0.0556745483816797,0.003035542951240851
cb_rnn,8,14,0.586205244064331,-0.5066611535071163,-0.48105699995237167,-0.532626838226527,-0.4764688843129036,-0.4324349507148559,-0.5211245779415843,-0.5048727783461698,-0.4753005960896011,-0.5348625204127152,0.5056353447969087,0.45326589707939086,0.558744250172566,-0.4789757703132013,-0.43584903262551894,-0.522711458406963,0.5782850249383634,0.5414056212991876,0.6156851665008357,0.007502570090993575,0.004129211729080271,0.01092356034102265,0.008867887567559846,0.011706247842886847,0.013319392923434438,0.008848737250654434,0.010735251518502806,0.014039880536269407,0.00899857623193239,0.011541575963515953,0.013805432539024217,0.008864797331408233,0.011327722707243658,0.013564702666531035,0.009072868168012505,0.011307726200915622,0.014160387703376704,0.005209140882974371,0.007126748230403958,0.00751283342387338,0.009895478280550329,0.012205865541491372,0.015620504888385005,-0.86430675712535,-0.8206289602888297,-0.9086012853342468,-0.8128021527228356,-0.7376852307165642,-0.8889797271830534,-0.8612559908978984,-0.81080918484148,-0.9124151068734189,0.8625568432161954,0.773220474686932,0.9531546430711366,-0.8170786173667149,-0.743509269217128,-0.8916867661961752,0.9864889998747632,0.9235768986736885,1.0502894212138256,0.012798537998357161,0.007043969276786485,0.018634361346354454
cb_rnn,8,15,0.6599554419517517,-0.5589804120336767,-0.5452873675829107,-0.5732096500997443,-0.5042509604030814,-0.43577564120805046,-0.5754076430516621,-0.5702427205476737,-0.5498950345243414,-0.5913871833120076,0.5518555877970793,0.48389830889668994,0.622473944676926,-0.5477449045969469,-0.504504553427954,-0.5926784657970312,0.6520979797160874,0.6151489855557526,0.6904938263153977,0.006845565686253647,-0.004523297960444885,0.018659612441976108,0.011693475973003813,0.016562259095746927,0.016497587240149495,0.011279667408337916,0.012377635603064586,0.018940553356709078,0.011622314710631552,0.016460854825754736,0.01639061786041148,0.01153271375042548,0.013970714240371867,0.01837102542132561,0.011566559359171023,0.014617456946764164,0.017989737040916706,0.006771807871503062,0.009974669466317448,0.009045882466684294,0.012266386293165713,0.014992056042574748,0.01956558944580657,-0.8469972008724534,-0.8262487630532727,-0.8685581081118667,-0.764068190591489,-0.6603107020669273,-0.8718886253137819,-0.8640624567944137,-0.833230547956514,-0.8961016846274342,0.8362012837791322,0.7332287577864491,0.9432060183275738,-0.829972555385022,-0.7644524483894437,-0.8980583053368639,0.9880939503848523,0.9321068460872319,1.0462734033578567,0.010372769510027188,-0.006853944483081596,0.02827404890668404
