arch,seed,N,variable,t_before_end,auc_hidden,auc_cb
rnn_only,1,2,incoming_bit,0,1.0,
rnn_only,1,2,incoming_bit,1,1.0,
rnn_only,1,2,incoming_bit,2,1.0,
rnn_only,1,2,incoming_bit,3,1.0,
rnn_only,1,2,incoming_bit,4,0.9999999999999999,
rnn_only,1,2,incoming_bit,5,1.0,
rnn_only,1,2,incoming_bit,6,1.0,
rnn_only,1,2,incoming_bit,7,1.0,
rnn_only,1,2,incoming_bit,8,1.0,
rnn_only,1,2,outgoing_bit,0,1.0,
rnn_only,1,2,outgoing_bit,1,1.0,
rnn_only,1,2,outgoing_bit,2,1.0,
rnn_only,1,2,outgoing_bit,3,1.0,
rnn_only,1,2,outgoing_bit,4,1.0,
rnn_only,1,2,outgoing_bit,5,1.0,
rnn_only,1,2,outgoing_bit,6,1.0,
rnn_only,1,2,outgoing_bit,7,,
rnn_only,1,2,outgoing_bit,8,,
rnn_only,1,2,next_parity,0,,
rnn_only,1,2,next_parity,1,0.4618673050615595,
rnn_only,1,2,next_parity,2,0.47493606138107414,
rnn_only,1,2,next_parity,3,0.5259597497040419,
rnn_only,1,2,next_parity,4,0.530780907404284,
rnn_only,1,2,next_parity,5,0.515051581261627,
rnn_only,1,2,next_parity,6,0.4683673469387755,
rnn_only,1,2,next_parity,7,0.6594202898550725,
rnn_only,1,2,next_parity,8,0.5170454545454545,
rnn_only,1,3,incoming_bit,0,1.0,
rnn_only,1,3,incoming_bit,1,1.0,
rnn_only,1,3,incoming_bit,2,1.0,
rnn_only,1,3,incoming_bit,3,1.0,
rnn_only,1,3,incoming_bit,4,1.0,
rnn_only,1,3,incoming_bit,5,1.0,
rnn_only,1,3,incoming_bit,6,1.0,
rnn_only,1,3,incoming_bit,7,1.0,
rnn_only,1,3,incoming_bit,8,1.0,
rnn_only,1,3,incoming_bit,9,1.0,
rnn_only,1,3,incoming_bit,10,0.9999999999999999,
rnn_only,1,3,incoming_bit,11,1.0,
rnn_only,1,3,outgoing_bit,0,0.9974593495934959,
rnn_only,1,3,outgoing_bit,1,0.9996612466124661,
rnn_only,1,3,outgoing_bit,2,0.9994918699186992,
rnn_only,1,3,outgoing_bit,3,0.9998303071440693,
rnn_only,1,3,outgoing_bit,4,0.9899782135076253,
rnn_only,1,3,outgoing_bit,5,0.9887798036465638,
rnn_only,1,3,outgoing_bit,6,0.9979338842975207,
rnn_only,1,3,outgoing_bit,7,1.0,
rnn_only,1,3,outgoing_bit,8,1.0,
rnn_only,1,3,outgoing_bit,9,,
rnn_only,1,3,outgoing_bit,10,,
rnn_only,1,3,outgoing_bit,11,,
rnn_only,1,3,next_parity,0,,
rnn_only,1,3,next_parity,1,0.5028306742151313,
rnn_only,1,3,next_parity,2,0.5173898071625345,
rnn_only,1,3,next_parity,3,0.551918158567775,
rnn_only,1,3,next_parity,4,0.4719725013220519,
rnn_only,1,3,next_parity,5,0.544358239163434,
rnn_only,1,3,next_parity,6,0.5428260869565218,
rnn_only,1,3,next_parity,7,0.3675474254742548,
rnn_only,1,3,next_parity,8,0.3510204081632653,
rnn_only,1,3,next_parity,9,0.521875,
rnn_only,1,3,next_parity,10,0.34659090909090906,
rnn_only,1,3,next_parity,11,,
rnn_only,1,4,incoming_bit,0,1.0,
rnn_only,1,4,incoming_bit,1,1.0,
rnn_only,1,4,incoming_bit,2,1.0,
rnn_only,1,4,incoming_bit,3,0.9999999999999999,
rnn_only,1,4,incoming_bit,4,1.0,
rnn_only,1,4,incoming_bit,5,1.0,
rnn_only,1,4,incoming_bit,6,1.0,
rnn_only,1,4,incoming_bit,7,1.0,
rnn_only,1,4,incoming_bit,8,1.0,
rnn_only,1,4,incoming_bit,9,1.0,
rnn_only,1,4,incoming_bit,10,1.0,
rnn_only,1,4,incoming_bit,11,1.0,
rnn_only,1,4,incoming_bit,12,1.0,
rnn_only,1,4,incoming_bit,13,1.0,
rnn_only,1,4,incoming_bit,14,1.0,
rnn_only,1,4,incoming_bit,15,1.0,
rnn_only,1,4,incoming_bit,16,1.0,
rnn_only,1,4,outgoing_bit,0,0.9507113821138211,
rnn_only,1,4,outgoing_bit,1,0.9811066126855601,
rnn_only,1,4,outgoing_bit,2,0.9869336500933311,
rnn_only,1,4,outgoing_bit,3,0.9698572184029615,
rnn_only,1,4,outgoing_bit,4,0.9642701525054467,
rnn_only,1,4,outgoing_bit,5,0.9373278236914602,
rnn_only,1,4,outgoing_bit,6,0.9743589743589743,
rnn_only,1,4,outgoing_bit,7,0.9385964912280701,
rnn_only,1,4,outgoing_bit,8,0.8250000000000001,
rnn_only,1,4,outgoing_bit,9,0.9168975069252078,
rnn_only,1,4,outgoing_bit,10,0.8991596638655461,
rnn_only,1,4,outgoing_bit,11,1.0,
rnn_only,1,4,outgoing_bit,12,1.0,
rnn_only,1,4,outgoing_bit,13,,
rnn_only,1,4,outgoing_bit,14,,
rnn_only,1,4,outgoing_bit,15,,
rnn_only,1,4,outgoing_bit,16,,
rnn_only,1,4,next_parity,0,,
rnn_only,1,4,next_parity,1,0.5113694213473613,
rnn_only,1,4,next_parity,2,0.5405358686257562,
rnn_only,1,4,next_parity,3,0.5430423509075194,
rnn_only,1,4,next_parity,4,0.5060528559249787,
rnn_only,1,4,next_parity,5,0.521716378859236,
rnn_only,1,4,next_parity,6,0.5894485453755971,
rnn_only,1,4,next_parity,7,0.471264367816092,
rnn_only,1,4,next_parity,8,0.3879432624113475,
rnn_only,1,4,next_parity,9,0.5050813008130082,
rnn_only,1,4,next_parity,10,0.5126050420168067,
rnn_only,1,4,next_parity,11,0.4270833333333333,
rnn_only,1,4,next_parity,12,0.39999999999999997,
rnn_only,1,4,next_parity,13,0.46111111111111114,
rnn_only,1,4,next_parity,14,0.5055555555555556,
rnn_only,1,4,next_parity,15,,
rnn_only,1,4,next_parity,16,,
rnn_only,1,5,incoming_bit,0,1.0,
rnn_only,1,5,incoming_bit,1,1.0,
rnn_only,1,5,incoming_bit,2,1.0,
rnn_only,1,5,incoming_bit,3,1.0,
rnn_only,1,5,incoming_bit,4,1.0,
rnn_only,1,5,incoming_bit,5,1.0,
rnn_only,1,5,incoming_bit,6,1.0,
rnn_only,1,5,incoming_bit,7,1.0,
rnn_only,1,5,incoming_bit,8,1.0,
rnn_only,1,5,incoming_bit,9,1.0,
rnn_only,1,5,incoming_bit,10,0.9999999999999999,
rnn_only,1,5,incoming_bit,11,1.0,
rnn_only,1,5,incoming_bit,12,1.0,
rnn_only,1,5,incoming_bit,13,1.0,
rnn_only,1,5,incoming_bit,14,1.0,
rnn_only,1,5,incoming_bit,15,1.0,
rnn_only,1,5,incoming_bit,16,1.0,
rnn_only,1,5,incoming_bit,17,1.0,
rnn_only,1,5,incoming_bit,18,1.0,
rnn_only,1,5,incoming_bit,19,1.0,
rnn_only,1,5,outgoing_bit,0,0.9548611111111112,
rnn_only,1,5,outgoing_bit,1,0.9668585382871097,
rnn_only,1,5,outgoing_bit,2,0.9681159420289855,
rnn_only,1,5,outgoing_bit,3,0.967687074829932,
rnn_only,1,5,outgoing_bit,4,0.9752628324056895,
rnn_only,1,5,outgoing_bit,5,0.9508556384379113,
rnn_only,1,5,outgoing_bit,6,0.9477841158402809,
rnn_only,1,5,outgoing_bit,7,0.9295652173913044,
rnn_only,1,5,outgoing_bit,8,0.8993788819875776,
rnn_only,1,5,outgoing_bit,9,0.9577639751552796,
rnn_only,1,5,outgoing_bit,10,0.8763157894736843,
rnn_only,1,5,outgoing_bit,11,0.8882282996432818,
rnn_only,1,5,outgoing_bit,12,0.9407894736842105,
rnn_only,1,5,outgoing_bit,13,0.9638888888888889,
rnn_only,1,5,outgoing_bit,14,0.9545454545454546,
rnn_only,1,5,outgoing_bit,15,,
rnn_only,1,5,outgoing_bit,16,,
rnn_only,1,5,outgoing_bit,17,,
rnn_only,1,5,outgoing_bit,18,,
rnn_only,1,5,outgoing_bit,19,,
rnn_only,1,5,next_parity,0,,
rnn_only,1,5,next_parity,1,0.5744245524296675,
rnn_only,1,5,next_parity,2,0.5206639566395663,
rnn_only,1,5,next_parity,3,0.5175304878048781,
rnn_only,1,5,next_parity,4,0.5127024722932652,
rnn_only,1,5,next_parity,5,0.45810810810810804,
rnn_only,1,5,next_parity,6,0.4735621521335807,
rnn_only,1,5,next_parity,7,0.4871739130434783,
rnn_only,1,5,next_parity,8,0.5210618692408951,
rnn_only,1,5,next_parity,9,0.6315904139433551,
rnn_only,1,5,next_parity,10,0.4476190476190476,
rnn_only,1,5,next_parity,11,0.5883413461538461,
rnn_only,1,5,next_parity,12,0.6373954599761051,
rnn_only,1,5,next_parity,13,0.5802696078431373,
rnn_only,1,5,next_parity,14,0.43088942307692313,
rnn_only,1,5,next_parity,15,0.33888888888888885,
rnn_only,1,5,next_parity,16,0.6726190476190477,
rnn_only,1,5,next_parity,17,,
rnn_only,1,5,next_parity,18,,
rnn_only,1,5,next_parity,19,,
rnn_only,1,6,incoming_bit,0,1.0,
rnn_only,1,6,incoming_bit,1,1.0,
rnn_only,1,6,incoming_bit,2,1.0,
rnn_only,1,6,incoming_bit,3,1.0,
rnn_only,1,6,incoming_bit,4,1.0,
rnn_only,1,6,incoming_bit,5,1.0,
rnn_only,1,6,incoming_bit,6,1.0,
rnn_only,1,6,incoming_bit,7,1.0,
rnn_only,1,6,incoming_bit,8,1.0,
rnn_only,1,6,incoming_bit,9,1.0,
rnn_only,1,6,incoming_bit,10,1.0,
rnn_only,1,6,incoming_bit,11,1.0,
rnn_only,1,6,incoming_bit,12,1.0,
rnn_only,1,6,incoming_bit,13,1.0,
rnn_only,1,6,incoming_bit,14,1.0,
rnn_only,1,6,incoming_bit,15,1.0,
rnn_only,1,6,incoming_bit,16,1.0,
rnn_only,1,6,incoming_bit,17,1.0,
rnn_only,1,6,incoming_bit,18,1.0,
rnn_only,1,6,incoming_bit,19,1.0,
rnn_only,1,6,outgoing_bit,0,0.9517783857729138,
rnn_only,1,6,outgoing_bit,1,0.9247420936918654,
rnn_only,1,6,outgoing_bit,2,0.9832317073170731,
rnn_only,1,6,outgoing_bit,3,0.9316916849384382,
rnn_only,1,6,outgoing_bit,4,0.9071428571428571,
rnn_only,1,6,outgoing_bit,5,0.7816326530612244,
rnn_only,1,6,outgoing_bit,6,0.9034722222222222,
rnn_only,1,6,outgoing_bit,7,0.9472972972972973,
rnn_only,1,6,outgoing_bit,8,0.8642659279778393,
rnn_only,1,6,outgoing_bit,9,0.925,
rnn_only,1,6,outgoing_bit,10,0.907563025210084,
rnn_only,1,6,outgoing_bit,11,0.9473684210526316,
rnn_only,1,6,outgoing_bit,12,0.9478260869565217,
rnn_only,1,6,outgoing_bit,13,0.9204545454545454,
rnn_only,1,6,outgoing_bit,14,,
rnn_only,1,6,outgoing_bit,15,,
rnn_only,1,6,outgoing_bit,16,,
rnn_only,1,6,outgoing_bit,17,,
rnn_only,1,6,outgoing_bit,18,,
rnn_only,1,6,outgoing_bit,19,,
rnn_only,1,6,next_parity,0,,
rnn_only,1,6,next_parity,1,0.4996598639455782,
rnn_only,1,6,next_parity,2,0.5010992727887705,
rnn_only,1,6,next_parity,3,0.4825870646766169,
rnn_only,1,6,next_parity,4,0.49295774647887325,
rnn_only,1,6,next_parity,5,0.4304035567715458,
rnn_only,1,6,next_parity,6,0.5760348583877996,
rnn_only,1,6,next_parity,7,0.6115160349854227,
rnn_only,1,6,next_parity,8,0.454421768707483,
rnn_only,1,6,next_parity,9,0.5503472222222222,
rnn_only,1,6,next_parity,10,0.5238095238095237,
rnn_only,1,6,next_parity,11,0.4222222222222222,
rnn_only,1,6,next_parity,12,0.4432132963988919,
rnn_only,1,6,next_parity,13,0.7305555555555555,
rnn_only,1,6,next_parity,14,0.6207386363636364,
rnn_only,1,6,next_parity,15,0.6277777777777779,
rnn_only,1,6,next_parity,16,,
rnn_only,1,6,next_parity,17,,
rnn_only,1,6,next_parity,18,,
rnn_only,1,6,next_parity,19,,
rnn_only,1,7,incoming_bit,0,1.0,
rnn_only,1,7,incoming_bit,1,1.0,
rnn_only,1,7,incoming_bit,2,1.0,
rnn_only,1,7,incoming_bit,3,1.0,
rnn_only,1,7,incoming_bit,4,1.0,
rnn_only,1,7,incoming_bit,5,1.0,
rnn_only,1,7,incoming_bit,6,1.0,
rnn_only,1,7,incoming_bit,7,1.0,
rnn_only,1,7,incoming_bit,8,1.0,
rnn_only,1,7,incoming_bit,9,1.0,
rnn_only,1,7,incoming_bit,10,1.0,
rnn_only,1,7,incoming_bit,11,1.0,
rnn_only,1,7,incoming_bit,12,1.0,
rnn_only,1,7,incoming_bit,13,1.0,
rnn_only,1,7,incoming_bit,14,1.0,
rnn_only,1,7,incoming_bit,15,1.0,
rnn_only,1,7,incoming_bit,16,1.0,
rnn_only,1,7,incoming_bit,17,1.0,
rnn_only,1,7,incoming_bit,18,1.0,
rnn_only,1,7,incoming_bit,19,1.0,
rnn_only,1,7,incoming_bit,20,1.0,
rnn_only,1,7,outgoing_bit,0,0.8457482993197278,
rnn_only,1,7,outgoing_bit,1,0.9377564979480164,
rnn_only,1,7,outgoing_bit,2,0.9207411219763253,
rnn_only,1,7,outgoing_bit,3,0.9406207827260459,
rnn_only,1,7,outgoing_bit,4,0.9153137340939008,
rnn_only,1,7,outgoing_bit,5,0.8508771929824562,
rnn_only,1,7,outgoing_bit,6,0.872972972972973,
rnn_only,1,7,outgoing_bit,7,0.8888888888888888,
rnn_only,1,7,outgoing_bit,8,0.9058171745152355,
rnn_only,1,7,outgoing_bit,9,0.9222222222222223,
rnn_only,1,7,outgoing_bit,10,0.9194444444444444,
rnn_only,1,7,outgoing_bit,11,0.9611111111111111,
rnn_only,1,7,outgoing_bit,12,0.8527777777777779,
rnn_only,1,7,outgoing_bit,13,0.738095238095238,
rnn_only,1,7,outgoing_bit,14,,
rnn_only,1,7,outgoing_bit,15,,
rnn_only,1,7,outgoing_bit,16,,
rnn_only,1,7,outgoing_bit,17,,
rnn_only,1,7,outgoing_bit,18,,
rnn_only,1,7,outgoing_bit,19,,
rnn_only,1,7,outgoing_bit,20,,
rnn_only,1,7,next_parity,0,,
rnn_only,1,7,next_parity,1,0.4561781609195402,
rnn_only,1,7,next_parity,2,0.5030880082346887,
rnn_only,1,7,next_parity,3,0.44955540355677154,
rnn_only,1,7,next_parity,4,0.5372907153729072,
rnn_only,1,7,next_parity,5,0.5154979674796748,
rnn_only,1,7,next_parity,6,0.46143790849673205,
rnn_only,1,7,next_parity,7,0.4744897959183673,
rnn_only,1,7,next_parity,8,0.5833333333333333,
rnn_only,1,7,next_parity,9,0.4258130081300813,
rnn_only,1,7,next_parity,10,0.4570637119113573,
rnn_only,1,7,next_parity,11,0.5350140056022409,
rnn_only,1,7,next_parity,12,0.48115942028985503,
rnn_only,1,7,next_parity,13,0.6358543417366948,
rnn_only,1,7,next_parity,14,0.5057971014492754,
rnn_only,1,7,next_parity,15,0.5916666666666667,
rnn_only,1,7,next_parity,16,,
rnn_only,1,7,next_parity,17,,
rnn_only,1,7,next_parity,18,,
rnn_only,1,7,next_parity,19,,
rnn_only,1,7,next_parity,20,,
rnn_only,1,8,incoming_bit,0,1.0,
rnn_only,1,8,incoming_bit,1,1.0,
rnn_only,1,8,incoming_bit,2,1.0,
rnn_only,1,8,incoming_bit,3,1.0,
rnn_only,1,8,incoming_bit,4,1.0,
rnn_only,1,8,incoming_bit,5,1.0,
rnn_only,1,8,incoming_bit,6,1.0,
rnn_only,1,8,incoming_bit,7,1.0,
rnn_only,1,8,incoming_bit,8,0.9999999999999999,
rnn_only,1,8,incoming_bit,9,0.9899881215000849,
rnn_only,1,8,incoming_bit,10,1.0,
rnn_only,1,8,incoming_bit,11,1.0,
rnn_only,1,8,incoming_bit,12,1.0,
rnn_only,1,8,incoming_bit,13,1.0,
rnn_only,1,8,incoming_bit,14,1.0,
rnn_only,1,8,incoming_bit,15,1.0,
rnn_only,1,8,incoming_bit,16,1.0,
rnn_only,1,8,incoming_bit,17,1.0,
rnn_only,1,8,incoming_bit,18,1.0,
rnn_only,1,8,incoming_bit,19,1.0,
rnn_only,1,8,incoming_bit,20,1.0,
rnn_only,1,8,incoming_bit,21,1.0,
rnn_only,1,8,outgoing_bit,0,0.8270917678812415,
rnn_only,1,8,outgoing_bit,1,0.9033783783783784,
rnn_only,1,8,outgoing_bit,2,0.9009784075573549,
rnn_only,1,8,outgoing_bit,3,0.9144557823129251,
rnn_only,1,8,outgoing_bit,4,0.8074673864147548,
rnn_only,1,8,outgoing_bit,5,0.8675675675675676,
rnn_only,1,8,outgoing_bit,6,0.9035567715458276,
rnn_only,1,8,outgoing_bit,7,0.9056087551299589,
rnn_only,1,8,outgoing_bit,8,0.8347826086956522,
rnn_only,1,8,outgoing_bit,9,0.7666666666666666,
rnn_only,1,8,outgoing_bit,10,0.7619047619047618,
rnn_only,1,8,outgoing_bit,11,0.8927536231884058,
rnn_only,1,8,outgoing_bit,12,0.8823529411764706,
rnn_only,1,8,outgoing_bit,13,0.8555555555555556,
rnn_only,1,8,outgoing_bit,14,,
rnn_only,1,8,outgoing_bit,15,,
rnn_only,1,8,outgoing_bit,16,,
rnn_only,1,8,outgoing_bit,17,,
rnn_only,1,8,outgoing_bit,18,,
rnn_only,1,8,outgoing_bit,19,,
rnn_only,1,8,outgoing_bit,20,,
rnn_only,1,8,outgoing_bit,21,,
rnn_only,1,8,next_parity,0,,
rnn_only,1,8,next_parity,1,0.5368197278911564,
rnn_only,1,8,next_parity,2,0.5045918367346939,
rnn_only,1,8,next_parity,3,0.5320101351351352,
rnn_only,1,8,next_parity,4,0.43987127371273715,
rnn_only,1,8,next_parity,5,0.5443877551020408,
rnn_only,1,8,next_parity,6,0.3780864197530864,
rnn_only,1,8,next_parity,7,0.4684027777777778,
rnn_only,1,8,next_parity,8,0.5345417236662107,
rnn_only,1,8,next_parity,9,0.5381756756756757,
rnn_only,1,8,next_parity,10,0.6814404432132964,
rnn_only,1,8,next_parity,11,0.4285714285714286,
rnn_only,1,8,next_parity,12,0.4666666666666667,
rnn_only,1,8,next_parity,13,0.5042016806722689,
rnn_only,1,8,next_parity,14,0.40289855072463765,
rnn_only,1,8,next_parity,15,0.5681818181818182,
rnn_only,1,8,next_parity,16,,
rnn_only,1,8,next_parity,17,,
rnn_only,1,8,next_parity,18,,
rnn_only,1,8,next_parity,19,,
rnn_only,1,8,next_parity,20,,
rnn_only,1,8,next_parity,21,,
rnn_only,1,9,incoming_bit,0,1.0,
rnn_only,1,9,incoming_bit,1,1.0,
rnn_only,1,9,incoming_bit,2,1.0,
rnn_only,1,9,incoming_bit,3,1.0,
rnn_only,1,9,incoming_bit,4,1.0,
rnn_only,1,9,incoming_bit,5,1.0,
rnn_only,1,9,incoming_bit,6,1.0,
rnn_only,1,9,incoming_bit,7,1.0,
rnn_only,1,9,incoming_bit,8,1.0,
rnn_only,1,9,incoming_bit,9,1.0,
rnn_only,1,9,incoming_bit,10,1.0,
rnn_only,1,9,incoming_bit,11,1.0,
rnn_only,1,9,incoming_bit,12,1.0,
rnn_only,1,9,incoming_bit,13,1.0,
rnn_only,1,9,incoming_bit,14,1.0,
rnn_only,1,9,incoming_bit,15,1.0,
rnn_only,1,9,incoming_bit,16,1.0,
rnn_only,1,9,incoming_bit,17,1.0,
rnn_only,1,9,incoming_bit,18,1.0,
rnn_only,1,9,incoming_bit,19,1.0,
rnn_only,1,9,incoming_bit,20,1.0,
rnn_only,1,9,incoming_bit,21,1.0,
rnn_only,1,9,incoming_bit,22,1.0,
rnn_only,1,9,outgoing_bit,0,0.8912162162162162,
rnn_only,1,9,outgoing_bit,1,0.9071537290715374,
rnn_only,1,9,outgoing_bit,2,0.8639662447257384,
rnn_only,1,9,outgoing_bit,3,0.8997115221449177,
rnn_only,1,9,outgoing_bit,4,0.9348115299334812,
rnn_only,1,9,outgoing_bit,5,0.8705962059620597,
rnn_only,1,9,outgoing_bit,6,0.8416666666666667,
rnn_only,1,9,outgoing_bit,7,0.8812415654520918,
rnn_only,1,9,outgoing_bit,8,0.7710144927536232,
rnn_only,1,9,outgoing_bit,9,0.8151260504201681,
rnn_only,1,9,outgoing_bit,10,0.6862745098039217,
rnn_only,1,9,outgoing_bit,11,0.8289855072463769,
rnn_only,1,9,outgoing_bit,12,0.9188405797101449,
rnn_only,1,9,outgoing_bit,13,0.7888888888888889,
rnn_only,1,9,outgoing_bit,14,,
rnn_only,1,9,outgoing_bit,15,,
rnn_only,1,9,outgoing_bit,16,,
rnn_only,1,9,outgoing_bit,17,,
rnn_only,1,9,outgoing_bit,18,,
rnn_only,1,9,outgoing_bit,19,,
rnn_only,1,9,outgoing_bit,20,,
rnn_only,1,9,outgoing_bit,21,,
rnn_only,1,9,outgoing_bit,22,,
rnn_only,1,9,next_parity,0,,
rnn_only,1,9,next_parity,1,0.5022108843537414,
rnn_only,1,9,next_parity,2,0.5176729240656182,
rnn_only,1,9,next_parity,3,0.5010135135135135,
rnn_only,1,9,next_parity,4,0.5143390463261497,
rnn_only,1,9,next_parity,5,0.41794217687074836,
rnn_only,1,9,next_parity,6,0.5161220043572985,
rnn_only,1,9,next_parity,7,0.5437756497948016,
rnn_only,1,9,next_parity,8,0.49579242636746146,
rnn_only,1,9,next_parity,9,0.5919972640218878,
rnn_only,1,9,next_parity,10,0.7107692307692308,
rnn_only,1,9,next_parity,11,0.5658263305322129,
rnn_only,1,9,next_parity,12,0.5397727272727273,
rnn_only,1,9,next_parity,13,0.4666666666666666,
rnn_only,1,9,next_parity,14,0.5246376811594202,
rnn_only,1,9,next_parity,15,0.47222222222222215,
rnn_only,1,9,next_parity,16,,
rnn_only,1,9,next_parity,17,,
rnn_only,1,9,next_parity,18,,
rnn_only,1,9,next_parity,19,,
rnn_only,1,9,next_parity,20,,
rnn_only,1,9,next_parity,21,,
rnn_only,1,9,next_parity,22,,
rnn_only,1,10,incoming_bit,0,1.0,
rnn_only,1,10,incoming_bit,1,1.0,
rnn_only,1,10,incoming_bit,2,1.0,
rnn_only,1,10,incoming_bit,3,1.0,
rnn_only,1,10,incoming_bit,4,1.0,
rnn_only,1,10,incoming_bit,5,1.0,
rnn_only,1,10,incoming_bit,6,1.0,
rnn_only,1,10,incoming_bit,7,1.0,
rnn_only,1,10,incoming_bit,8,1.0,
rnn_only,1,10,incoming_bit,9,0.9999999999999998,
rnn_only,1,10,incoming_bit,10,1.0,
rnn_only,1,10,incoming_bit,11,1.0,
rnn_only,1,10,incoming_bit,12,1.0,
rnn_only,1,10,incoming_bit,13,1.0,
rnn_only,1,10,incoming_bit,14,1.0,
rnn_only,1,10,incoming_bit,15,1.0,
rnn_only,1,10,incoming_bit,16,1.0,
rnn_only,1,10,incoming_bit,17,1.0,
rnn_only,1,10,incoming_bit,18,1.0,
rnn_only,1,10,incoming_bit,19,1.0,
rnn_only,1,10,incoming_bit,20,1.0,
rnn_only,1,10,incoming_bit,21,1.0,
rnn_only,1,10,incoming_bit,22,1.0,
rnn_only,1,10,incoming_bit,23,1.0,
rnn_only,1,10,incoming_bit,24,1.0,
rnn_only,1,10,incoming_bit,25,1.0,
rnn_only,1,10,incoming_bit,26,1.0,
rnn_only,1,10,incoming_bit,27,0.9431818181818181,
rnn_only,1,10,incoming_bit,28,1.0,
rnn_only,1,10,incoming_bit,29,1.0,
rnn_only,1,10,incoming_bit,30,1.0,
rnn_only,1,10,incoming_bit,31,1.0,
rnn_only,1,10,incoming_bit,32,1.0,
rnn_only,1,10,incoming_bit,33,0.8888888888888888,
rnn_only,1,10,incoming_bit,34,1.0,
rnn_only,1,10,incoming_bit,35,1.0,
rnn_only,1,10,incoming_bit,36,1.0,
rnn_only,1,10,incoming_bit,37,1.0,
rnn_only,1,10,incoming_bit,38,1.0,
rnn_only,1,10,incoming_bit,39,1.0,
rnn_only,1,10,incoming_bit,40,1.0,
rnn_only,1,10,outgoing_bit,0,0.8898693365009334,
rnn_only,1,10,outgoing_bit,1,0.9269171384457026,
rnn_only,1,10,outgoing_bit,2,0.8946389311686116,
rnn_only,1,10,outgoing_bit,3,0.8882124133265685,
rnn_only,1,10,outgoing_bit,4,0.8809957498482088,
rnn_only,1,10,outgoing_bit,5,0.9122390891840607,
rnn_only,1,10,outgoing_bit,6,0.8251748251748251,
rnn_only,1,10,outgoing_bit,7,0.8753812636165578,
rnn_only,1,10,outgoing_bit,8,0.9103030303030302,
rnn_only,1,10,outgoing_bit,9,0.8906048906048906,
rnn_only,1,10,outgoing_bit,10,0.7999999999999999,
rnn_only,1,10,outgoing_bit,11,0.7478787878787878,
rnn_only,1,10,outgoing_bit,12,0.8774038461538461,
rnn_only,1,10,outgoing_bit,13,0.7759103641456582,
rnn_only,1,10,outgoing_bit,14,0.6333333333333334,
rnn_only,1,10,outgoing_bit,15,0.8111111111111111,
rnn_only,1,10,outgoing_bit,16,0.6777777777777778,
rnn_only,1,10,outgoing_bit,17,0.6785714285714286,
rnn_only,1,10,outgoing_bit,18,0.8863636363636364,
rnn_only,1,10,outgoing_bit,19,0.7777777777777778,
rnn_only,1,10,outgoing_bit,20,0.8333333333333333,
rnn_only,1,10,outgoing_bit,21,0.7045454545454546,
rnn_only,1,10,outgoing_bit,22,0.7954545454545454,
rnn_only,1,10,outgoing_bit,23,0.8999999999999999,
rnn_only,1,10,outgoing_bit,24,0.8777777777777778,
rnn_only,1,10,outgoing_bit,25,0.8068181818181819,
rnn_only,1,10,outgoing_bit,26,0.9,
rnn_only,1,10,outgoing_bit,27,0.8522727272727273,
rnn_only,1,10,outgoing_bit,28,0.9333333333333333,
rnn_only,1,10,outgoing_bit,29,0.875,
rnn_only,1,10,outgoing_bit,30,0.8777777777777778,
rnn_only,1,10,outgoing_bit,31,,
rnn_only,1,10,outgoing_bit,32,,
rnn_only,1,10,outgoing_bit,33,,
rnn_only,1,10,outgoing_bit,34,,
rnn_only,1,10,outgoing_bit,35,,
rnn_only,1,10,outgoing_bit,36,,
rnn_only,1,10,outgoing_bit,37,,
rnn_only,1,10,outgoing_bit,38,,
rnn_only,1,10,outgoing_bit,39,,
rnn_only,1,10,outgoing_bit,40,,
rnn_only,1,10,next_parity,0,,
rnn_only,1,10,next_parity,1,0.4552721088435374,
rnn_only,1,10,next_parity,2,0.5141891891891892,
rnn_only,1,10,next_parity,3,0.47348484848484845,
rnn_only,1,10,next_parity,4,0.4627092846270928,
rnn_only,1,10,next_parity,5,0.4949207988980716,
rnn_only,1,10,next_parity,6,0.5114120511259891,
rnn_only,1,10,next_parity,7,0.6018518518518519,
rnn_only,1,10,next_parity,8,0.46913580246913583,
rnn_only,1,10,next_parity,9,0.4963043478260869,
rnn_only,1,10,next_parity,10,0.4507211538461538,
rnn_only,1,10,next_parity,11,0.2829964328180737,
rnn_only,1,10,next_parity,12,0.6064209274673009,
rnn_only,1,10,next_parity,13,0.48774509803921573,
rnn_only,1,10,next_parity,14,0.49999999999999994,
rnn_only,1,10,next_parity,15,0.3935574229691877,
rnn_only,1,10,next_parity,16,0.5111111111111111,
rnn_only,1,10,next_parity,17,0.43333333333333335,
rnn_only,1,10,next_parity,18,0.5666666666666667,
rnn_only,1,10,next_parity,19,0.12222222222222222,
rnn_only,1,10,next_parity,20,0.28409090909090906,
rnn_only,1,10,next_parity,21,0.42857142857142855,
rnn_only,1,10,next_parity,22,0.5444444444444444,
rnn_only,1,10,next_parity,23,0.5888888888888888,
rnn_only,1,10,next_parity,24,0.6666666666666666,
rnn_only,1,10,next_parity,25,0.5833333333333333,
rnn_only,1,10,next_parity,26,0.47777777777777775,
rnn_only,1,10,next_parity,27,0.3888888888888889,
rnn_only,1,10,next_parity,28,0.5222222222222223,
rnn_only,1,10,next_parity,29,0.4772727272727273,
rnn_only,1,10,next_parity,30,0.6794871794871795,
rnn_only,1,10,next_parity,31,0.42045454545454547,
rnn_only,1,10,next_parity,32,0.5454545454545454,
rnn_only,1,10,next_parity,33,,
rnn_only,1,10,next_parity,34,,
rnn_only,1,10,next_parity,35,,
rnn_only,1,10,next_parity,36,,
rnn_only,1,10,next_parity,37,,
rnn_only,1,10,next_parity,38,,
rnn_only,1,10,next_parity,39,,
rnn_only,1,10,next_parity,40,,
rnn_only,1,11,incoming_bit,0,1.0,
rnn_only,1,11,incoming_bit,1,1.0,
rnn_only,1,11,incoming_bit,2,1.0,
rnn_only,1,11,incoming_bit,3,1.0,
rnn_only,1,11,incoming_bit,4,1.0,
rnn_only,1,11,incoming_bit,5,1.0,
rnn_only,1,11,incoming_bit,6,1.0,
rnn_only,1,11,incoming_bit,7,1.0,
rnn_only,1,11,incoming_bit,8,1.0,
rnn_only,1,11,incoming_bit,9,1.0,
rnn_only,1,11,incoming_bit,10,1.0,
rnn_only,1,11,incoming_bit,11,1.0,
rnn_only,1,11,incoming_bit,12,0.9999999999999999,
rnn_only,1,11,incoming_bit,13,1.0,
rnn_only,1,11,incoming_bit,14,1.0,
rnn_only,1,11,incoming_bit,15,1.0,
rnn_only,1,11,incoming_bit,16,1.0,
rnn_only,1,11,incoming_bit,17,1.0,
rnn_only,1,11,incoming_bit,18,1.0,
rnn_only,1,11,incoming_bit,19,1.0,
rnn_only,1,11,incoming_bit,20,1.0,
rnn_only,1,11,incoming_bit,21,1.0,
rnn_only,1,11,incoming_bit,22,1.0,
rnn_only,1,11,incoming_bit,23,1.0,
rnn_only,1,11,incoming_bit,24,1.0,
rnn_only,1,11,incoming_bit,25,1.0,
rnn_only,1,11,incoming_bit,26,1.0,
rnn_only,1,11,incoming_bit,27,1.0,
rnn_only,1,11,incoming_bit,28,1.0,
rnn_only,1,11,incoming_bit,29,1.0,
rnn_only,1,11,incoming_bit,30,1.0,
rnn_only,1,11,incoming_bit,31,1.0,
rnn_only,1,11,incoming_bit,32,1.0,
rnn_only,1,11,incoming_bit,33,1.0,
rnn_only,1,11,incoming_bit,34,1.0,
rnn_only,1,11,incoming_bit,35,1.0,
rnn_only,1,11,incoming_bit,36,1.0,
rnn_only,1,11,incoming_bit,37,1.0,
rnn_only,1,11,incoming_bit,38,1.0,
rnn_only,1,11,incoming_bit,39,1.0,
rnn_only,1,11,incoming_bit,40,1.0,
rnn_only,1,11,incoming_bit,41,1.0,
rnn_only,1,11,incoming_bit,42,1.0,
rnn_only,1,11,incoming_bit,43,1.0,
rnn_only,1,11,outgoing_bit,0,0.879054054054054,
rnn_only,1,11,outgoing_bit,1,0.8795180722891567,
rnn_only,1,11,outgoing_bit,2,0.8675191815856778,
rnn_only,1,11,outgoing_bit,3,0.8609417344173442,
rnn_only,1,11,outgoing_bit,4,0.8988413547237077,
rnn_only,1,11,outgoing_bit,5,0.9043478260869565,
rnn_only,1,11,outgoing_bit,6,0.8315412186379928,
rnn_only,1,11,outgoing_bit,7,0.8544600938967136,
rnn_only,1,11,outgoing_bit,8,0.8979963570127504,
rnn_only,1,11,outgoing_bit,9,0.9155569007263922,
rnn_only,1,11,outgoing_bit,10,0.8899253731343284,
rnn_only,1,11,outgoing_bit,11,0.9007867132867133,
rnn_only,1,11,outgoing_bit,12,0.7663916630481981,
rnn_only,1,11,outgoing_bit,13,0.8681626928471248,
rnn_only,1,11,outgoing_bit,14,0.8259803921568627,
rnn_only,1,11,outgoing_bit,15,0.8422939068100359,
rnn_only,1,11,outgoing_bit,16,0.7932692307692307,
rnn_only,1,11,outgoing_bit,17,0.7788347205707491,
rnn_only,1,11,outgoing_bit,18,0.7591036414565826,
rnn_only,1,11,outgoing_bit,19,0.8642659279778393,
rnn_only,1,11,outgoing_bit,20,0.875,
rnn_only,1,11,outgoing_bit,21,0.8333333333333334,
rnn_only,1,11,outgoing_bit,22,0.725,
rnn_only,1,11,outgoing_bit,23,0.8977272727272727,
rnn_only,1,11,outgoing_bit,24,0.8555555555555556,
rnn_only,1,11,outgoing_bit,25,0.6818181818181819,
rnn_only,1,11,outgoing_bit,26,0.8857142857142857,
rnn_only,1,11,outgoing_bit,27,0.8555555555555555,
rnn_only,1,11,outgoing_bit,28,0.8181818181818181,
rnn_only,1,11,outgoing_bit,29,0.5897435897435899,
rnn_only,1,11,outgoing_bit,30,0.7976190476190476,
rnn_only,1,11,outgoing_bit,31,0.7159090909090908,
rnn_only,1,11,outgoing_bit,32,0.7111111111111111,
rnn_only,1,11,outgoing_bit,33,,
rnn_only,1,11,outgoing_bit,34,,
rnn_only,1,11,outgoing_bit,35,,
rnn_only,1,11,outgoing_bit,36,,
rnn_only,1,11,outgoing_bit,37,,
rnn_only,1,11,outgoing_bit,38,,
rnn_only,1,11,outgoing_bit,39,,
rnn_only,1,11,outgoing_bit,40,,
rnn_only,1,11,outgoing_bit,41,,
rnn_only,1,11,outgoing_bit,42,,
rnn_only,1,11,outgoing_bit,43,,
rnn_only,1,11,next_parity,0,,
rnn_only,1,11,next_parity,1,0.5778792491121258,
rnn_only,1,11,next_parity,2,0.4718417047184171,
rnn_only,1,11,next_parity,3,0.5369047619047619,
rnn_only,1,11,next_parity,4,0.4850632911392405,
rnn_only,1,11,next_parity,5,0.49181434599156115,
rnn_only,1,11,next_parity,6,0.5542410714285714,
rnn_only,1,11,next_parity,7,0.47980943738656984,
rnn_only,1,11,next_parity,8,0.5769144144144144,
rnn_only,1,11,next_parity,9,0.5505016722408027,
rnn_only,1,11,next_parity,10,0.5566666666666666,
rnn_only,1,11,next_parity,11,0.5238959467634604,
rnn_only,1,11,next_parity,12,0.5925589836660617,
rnn_only,1,11,next_parity,13,0.5642701525054465,
rnn_only,1,11,next_parity,14,0.40384615384615385,
rnn_only,1,11,next_parity,15,0.5826446280991735,
rnn_only,1,11,next_parity,16,0.3018633540372671,
rnn_only,1,11,next_parity,17,0.6302021403091558,
rnn_only,1,11,next_parity,18,0.5353535353535354,
rnn_only,1,11,next_parity,19,0.34601664684898925,
rnn_only,1,11,next_parity,20,0.5574229691876751,
rnn_only,1,11,next_parity,21,0.5235457063711911,
rnn_only,1,11,next_parity,22,0.40767045454545453,
rnn_only,1,11,next_parity,23,0.5154061624649859,
rnn_only,1,11,next_parity,24,0.4464285714285714,
rnn_only,1,11,next_parity,25,0.42045454545454547,
rnn_only,1,11,next_parity,26,0.6222222222222222,
rnn_only,1,11,next_parity,27,0.5795454545454546,
rnn_only,1,11,next_parity,28,0.5111111111111111,
rnn_only,1,11,next_parity,29,0.4772727272727273,
rnn_only,1,11,next_parity,30,0.38095238095238093,
rnn_only,1,11,next_parity,31,0.6282051282051282,
rnn_only,1,11,next_parity,32,0.7159090909090909,
rnn_only,1,11,next_parity,33,0.43181818181818177,
rnn_only,1,11,next_parity,34,0.37142857142857144,
rnn_only,1,11,next_parity,35,,
rnn_only,1,11,next_parity,36,,
rnn_only,1,11,next_parity,37,,
rnn_only,1,11,next_parity,38,,
rnn_only,1,11,next_parity,39,,
rnn_only,1,11,next_parity,40,,
rnn_only,1,11,next_parity,41,,
rnn_only,1,11,next_parity,42,,
rnn_only,1,11,next_parity,43,,
rnn_only,1,12,incoming_bit,0,1.0,
rnn_only,1,12,incoming_bit,1,1.0,
rnn_only,1,12,incoming_bit,2,1.0,
rnn_only,1,12,incoming_bit,3,1.0,
rnn_only,1,12,incoming_bit,4,1.0,
rnn_only,1,12,incoming_bit,5,1.0,
rnn_only,1,12,incoming_bit,6,1.0,
rnn_only,1,12,incoming_bit,7,1.0,
rnn_only,1,12,incoming_bit,8,1.0,
rnn_only,1,12,incoming_bit,9,1.0,
rnn_only,1,12,incoming_bit,10,1.0,
rnn_only,1,12,incoming_bit,11,1.0,
rnn_only,1,12,incoming_bit,12,1.0,
rnn_only,1,12,incoming_bit,13,1.0,
rnn_only,1,12,incoming_bit,14,1.0,
rnn_only,1,12,incoming_bit,15,1.0,
rnn_only,1,12,incoming_bit,16,1.0,
rnn_only,1,12,incoming_bit,17,1.0,
rnn_only,1,12,incoming_bit,18,1.0,
rnn_only,1,12,incoming_bit,19,1.0,
rnn_only,1,12,incoming_bit,20,1.0,
rnn_only,1,12,incoming_bit,21,1.0,
rnn_only,1,12,incoming_bit,22,1.0,
rnn_only,1,12,incoming_bit,23,1.0,
rnn_only,1,12,incoming_bit,24,1.0,
rnn_only,1,12,incoming_bit,25,1.0,
rnn_only,1,12,incoming_bit,26,1.0,
rnn_only,1,12,incoming_bit,27,1.0,
rnn_only,1,12,incoming_bit,28,1.0,
rnn_only,1,12,incoming_bit,29,1.0,
rnn_only,1,12,incoming_bit,30,1.0,
rnn_only,1,12,incoming_bit,31,1.0,
rnn_only,1,12,incoming_bit,32,1.0,
rnn_only,1,12,incoming_bit,33,1.0,
rnn_only,1,12,incoming_bit,34,1.0,
rnn_only,1,12,incoming_bit,35,1.0,
rnn_only,1,12,incoming_bit,36,1.0,
rnn_only,1,12,incoming_bit,37,1.0,
rnn_only,1,12,incoming_bit,38,1.0,
rnn_only,1,12,incoming_bit,39,0.9743589743589743,
rnn_only,1,12,incoming_bit,40,1.0,
rnn_only,1,12,incoming_bit,41,1.0,
rnn_only,1,12,incoming_bit,42,1.0,
rnn_only,1,12,incoming_bit,43,1.0,
rnn_only,1,12,incoming_bit,44,1.0,
rnn_only,1,12,incoming_bit,45,1.0,
rnn_only,1,12,incoming_bit,46,1.0,
rnn_only,1,12,incoming_bit,47,1.0,
rnn_only,1,12,incoming_bit,48,1.0,
rnn_only,1,12,outgoing_bit,0,0.7715220385674931,
rnn_only,1,12,outgoing_bit,1,0.8807331628303495,
rnn_only,1,12,outgoing_bit,2,0.8559107052257737,
rnn_only,1,12,outgoing_bit,3,0.8227058029689608,
rnn_only,1,12,outgoing_bit,4,0.8788285267158507,
rnn_only,1,12,outgoing_bit,5,0.8575250836120402,
rnn_only,1,12,outgoing_bit,6,0.839795008912656,
rnn_only,1,12,outgoing_bit,7,0.773913043478261,
rnn_only,1,12,outgoing_bit,8,0.8245116572148709,
rnn_only,1,12,outgoing_bit,9,0.9126597687157638,
rnn_only,1,12,outgoing_bit,10,0.824561403508772,
rnn_only,1,12,outgoing_bit,11,0.8293867638129934,
rnn_only,1,12,outgoing_bit,12,0.8128063725490196,
rnn_only,1,12,outgoing_bit,13,0.8294270833333334,
rnn_only,1,12,outgoing_bit,14,0.7836734693877552,
rnn_only,1,12,outgoing_bit,15,0.8605442176870748,
rnn_only,1,12,outgoing_bit,16,0.8286099865047234,
rnn_only,1,12,outgoing_bit,17,0.8414965986394558,
rnn_only,1,12,outgoing_bit,18,0.8076923076923077,
rnn_only,1,12,outgoing_bit,19,0.8218157181571816,
rnn_only,1,12,outgoing_bit,20,0.8905405405405405,
rnn_only,1,12,outgoing_bit,21,0.8931972789115645,
rnn_only,1,12,outgoing_bit,22,0.7928475033738192,
rnn_only,1,12,outgoing_bit,23,0.8638211382113821,
rnn_only,1,12,outgoing_bit,24,0.7887989203778678,
rnn_only,1,12,outgoing_bit,25,0.8808539944903582,
rnn_only,1,12,outgoing_bit,26,0.7847503373819165,
rnn_only,1,12,outgoing_bit,27,0.8360881542699725,
rnn_only,1,12,outgoing_bit,28,0.8405405405405405,
rnn_only,1,12,outgoing_bit,29,0.7800269905533064,
rnn_only,1,12,outgoing_bit,30,0.8879892037786774,
rnn_only,1,12,outgoing_bit,31,0.8997289972899729,
rnn_only,1,12,outgoing_bit,32,0.8428184281842819,
rnn_only,1,12,outgoing_bit,33,0.863970588235294,
rnn_only,1,12,outgoing_bit,34,0.8363201911589008,
rnn_only,1,12,outgoing_bit,35,0.8833333333333333,
rnn_only,1,12,outgoing_bit,36,0.7444444444444445,
rnn_only,1,12,outgoing_bit,37,,
rnn_only,1,12,outgoing_bit,38,,
rnn_only,1,12,outgoing_bit,39,,
rnn_only,1,12,outgoing_bit,40,,
rnn_only,1,12,outgoing_bit,41,,
rnn_only,1,12,outgoing_bit,42,,
rnn_only,1,12,outgoing_bit,43,,
rnn_only,1,12,outgoing_bit,44,,
rnn_only,1,12,outgoing_bit,45,,
rnn_only,1,12,outgoing_bit,46,,
rnn_only,1,12,outgoing_bit,47,,
rnn_only,1,12,outgoing_bit,48,,
rnn_only,1,12,next_parity,0,,
rnn_only,1,12,next_parity,1,0.4659915611814346,
rnn_only,1,12,next_parity,2,0.5652548209366391,
rnn_only,1,12,next_parity,3,0.5053272450532724,
rnn_only,1,12,next_parity,4,0.511808367071525,
rnn_only,1,12,next_parity,5,0.472804054054054,
rnn_only,1,12,next_parity,6,0.5077985739750446,
rnn_only,1,12,next_parity,7,0.5569676700111483,
rnn_only,1,12,next_parity,8,0.5014531634249944,
rnn_only,1,12,next_parity,9,0.5533348304513811,
rnn_only,1,12,next_parity,10,0.5349969567863664,
rnn_only,1,12,next_parity,11,0.5270188221007893,
rnn_only,1,12,next_parity,12,0.49117468046256846,
rnn_only,1,12,next_parity,13,0.5103785103785103,
rnn_only,1,12,next_parity,14,0.5393772893772893,
rnn_only,1,12,next_parity,15,0.43986105080330007,
rnn_only,1,12,next_parity,16,0.48290013679890564,
rnn_only,1,12,next_parity,17,0.5261707988980716,
rnn_only,1,12,next_parity,18,0.5860881542699725,
rnn_only,1,12,next_parity,19,0.6326530612244898,
rnn_only,1,12,next_parity,20,0.5471956224350205,
rnn_only,1,12,next_parity,21,0.5231416549789621,
rnn_only,1,12,next_parity,22,0.4749322493224932,
rnn_only,1,12,next_parity,23,0.4054054054054055,
rnn_only,1,12,next_parity,24,0.4350205198358413,
rnn_only,1,12,next_parity,25,0.5223577235772358,
rnn_only,1,12,next_parity,26,0.44797297297297295,
rnn_only,1,12,next_parity,27,0.5070921985815603,
rnn_only,1,12,next_parity,28,0.5582655826558266,
rnn_only,1,12,next_parity,29,0.5170068027210885,
rnn_only,1,12,next_parity,30,0.3218157181571816,
rnn_only,1,12,next_parity,31,0.5445945945945947,
rnn_only,1,12,next_parity,32,0.45816464237516874,
rnn_only,1,12,next_parity,33,0.5040650406504065,
rnn_only,1,12,next_parity,34,0.4578272604588394,
rnn_only,1,12,next_parity,35,0.5722819593787336,
rnn_only,1,12,next_parity,36,0.3798076923076923,
rnn_only,1,12,next_parity,37,0.3978494623655914,
rnn_only,1,12,next_parity,38,0.7666666666666666,
rnn_only,1,12,next_parity,39,,
rnn_only,1,12,next_parity,40,,
rnn_only,1,12,next_parity,41,,
rnn_only,1,12,next_parity,42,,
rnn_only,1,12,next_parity,43,,
rnn_only,1,12,next_parity,44,,
rnn_only,1,12,next_parity,45,,
rnn_only,1,12,next_parity,46,,
rnn_only,1,12,next_parity,47,,
rnn_only,1,12,next_parity,48,,
rnn_only,1,13,incoming_bit,0,1.0,
rnn_only,1,13,incoming_bit,1,1.0,
rnn_only,1,13,incoming_bit,2,1.0,
rnn_only,1,13,incoming_bit,3,1.0,
rnn_only,1,13,incoming_bit,4,1.0,
rnn_only,1,13,incoming_bit,5,1.0,
rnn_only,1,13,incoming_bit,6,1.0,
rnn_only,1,13,incoming_bit,7,1.0,
rnn_only,1,13,incoming_bit,8,1.0,
rnn_only,1,13,incoming_bit,9,1.0,
rnn_only,1,13,incoming_bit,10,1.0,
rnn_only,1,13,incoming_bit,11,1.0,
rnn_only,1,13,incoming_bit,12,1.0,
rnn_only,1,13,incoming_bit,13,1.0,
rnn_only,1,13,incoming_bit,14,1.0,
rnn_only,1,13,incoming_bit,15,1.0,
rnn_only,1,13,incoming_bit,16,1.0,
rnn_only,1,13,incoming_bit,17,1.0,
rnn_only,1,13,incoming_bit,18,1.0,
rnn_only,1,13,incoming_bit,19,1.0,
rnn_only,1,13,incoming_bit,20,1.0,
rnn_only,1,13,incoming_bit,21,1.0,
rnn_only,1,13,incoming_bit,22,1.0,
rnn_only,1,13,incoming_bit,23,1.0,
rnn_only,1,13,incoming_bit,24,1.0,
rnn_only,1,13,incoming_bit,25,1.0,
rnn_only,1,13,incoming_bit,26,1.0,
rnn_only,1,13,incoming_bit,27,1.0,
rnn_only,1,13,incoming_bit,28,1.0,
rnn_only,1,13,incoming_bit,29,1.0,
rnn_only,1,13,incoming_bit,30,1.0,
rnn_only,1,13,incoming_bit,31,1.0,
rnn_only,1,13,incoming_bit,32,1.0,
rnn_only,1,13,incoming_bit,33,1.0,
rnn_only,1,13,incoming_bit,34,1.0,
rnn_only,1,13,incoming_bit,35,1.0,
rnn_only,1,13,incoming_bit,36,0.9807692307692307,
rnn_only,1,13,incoming_bit,37,1.0,
rnn_only,1,13,incoming_bit,38,1.0,
rnn_only,1,13,incoming_bit,39,1.0,
rnn_only,1,13,incoming_bit,40,1.0,
rnn_only,1,13,incoming_bit,41,1.0,
rnn_only,1,13,incoming_bit,42,1.0,
rnn_only,1,13,incoming_bit,43,1.0,
rnn_only,1,13,incoming_bit,44,1.0,
rnn_only,1,13,incoming_bit,45,1.0,
rnn_only,1,13,incoming_bit,46,1.0,
rnn_only,1,13,incoming_bit,47,1.0,
rnn_only,1,13,incoming_bit,48,1.0,
rnn_only,1,13,incoming_bit,49,1.0,
rnn_only,1,13,incoming_bit,50,1.0,
rnn_only,1,13,incoming_bit,51,1.0,
rnn_only,1,13,incoming_bit,52,1.0,
rnn_only,1,13,outgoing_bit,0,0.8515136140706917,
rnn_only,1,13,outgoing_bit,1,0.8506802721088434,
rnn_only,1,13,outgoing_bit,2,0.9073886639676113,
rnn_only,1,13,outgoing_bit,3,0.8114864864864866,
rnn_only,1,13,outgoing_bit,4,0.8793756967670011,
rnn_only,1,13,outgoing_bit,5,0.916462463800401,
rnn_only,1,13,outgoing_bit,6,0.8629679144385026,
rnn_only,1,13,outgoing_bit,7,0.8333333333333334,
rnn_only,1,13,outgoing_bit,8,0.8193099273607748,
rnn_only,1,13,outgoing_bit,9,0.833030303030303,
rnn_only,1,13,outgoing_bit,10,0.8051515151515152,
rnn_only,1,13,outgoing_bit,11,0.9190505173463177,
rnn_only,1,13,outgoing_bit,12,0.9052823315118397,
rnn_only,1,13,outgoing_bit,13,0.8472727272727272,
rnn_only,1,13,outgoing_bit,14,0.8499341816586222,
rnn_only,1,13,outgoing_bit,15,0.8449848024316109,
rnn_only,1,13,outgoing_bit,16,0.798513986013986,
rnn_only,1,13,outgoing_bit,17,0.8218516893374287,
rnn_only,1,13,outgoing_bit,18,0.7910052910052909,
rnn_only,1,13,outgoing_bit,19,0.7859313938341294,
rnn_only,1,13,outgoing_bit,20,0.8491304347826087,
rnn_only,1,13,outgoing_bit,21,0.8209741114523914,
rnn_only,1,13,outgoing_bit,22,0.8418300653594771,
rnn_only,1,13,outgoing_bit,23,0.7924446374294398,
rnn_only,1,13,outgoing_bit,24,0.8924967090829311,
rnn_only,1,13,outgoing_bit,25,0.7913043478260869,
rnn_only,1,13,outgoing_bit,26,0.8008695652173914,
rnn_only,1,13,outgoing_bit,27,0.7764705882352942,
rnn_only,1,13,outgoing_bit,28,0.906318082788671,
rnn_only,1,13,outgoing_bit,29,0.8711433756805808,
rnn_only,1,13,outgoing_bit,30,0.8087145969498911,
rnn_only,1,13,outgoing_bit,31,0.8821739130434784,
rnn_only,1,13,outgoing_bit,32,0.8513986013986014,
rnn_only,1,13,outgoing_bit,33,0.8441295546558705,
rnn_only,1,13,outgoing_bit,34,0.7865013774104683,
rnn_only,1,13,outgoing_bit,35,0.827027027027027,
rnn_only,1,13,outgoing_bit,36,0.7527777777777778,
rnn_only,1,13,outgoing_bit,37,0.6222222222222222,
rnn_only,1,13,outgoing_bit,38,0.7222222222222222,
rnn_only,1,13,outgoing_bit,39,0.7999999999999999,
rnn_only,1,13,outgoing_bit,40,,
rnn_only,1,13,outgoing_bit,41,,
rnn_only,1,13,outgoing_bit,42,,
rnn_only,1,13,outgoing_bit,43,,
rnn_only,1,13,outgoing_bit,44,,
rnn_only,1,13,outgoing_bit,45,,
rnn_only,1,13,outgoing_bit,46,,
rnn_only,1,13,outgoing_bit,47,,
rnn_only,1,13,outgoing_bit,48,,
rnn_only,1,13,outgoing_bit,49,,
rnn_only,1,13,outgoing_bit,50,,
rnn_only,1,13,outgoing_bit,51,,
rnn_only,1,13,outgoing_bit,52,,
rnn_only,1,13,next_parity,0,,
rnn_only,1,13,next_parity,1,0.5880168776371307,
rnn_only,1,13,next_parity,2,0.49255319148936166,
rnn_only,1,13,next_parity,3,0.4692176870748299,
rnn_only,1,13,next_parity,4,0.5107754963516036,
rnn_only,1,13,next_parity,5,0.6116734143049933,
rnn_only,1,13,next_parity,6,0.499331550802139,
rnn_only,1,13,next_parity,7,0.5105908584169454,
rnn_only,1,13,next_parity,8,0.444064707222602,
rnn_only,1,13,next_parity,9,0.5540085335728722,
rnn_only,1,13,next_parity,10,0.5927272727272728,
rnn_only,1,13,next_parity,11,0.4800995024875622,
rnn_only,1,13,next_parity,12,0.5492063492063493,
rnn_only,1,13,next_parity,13,0.5343883140596469,
rnn_only,1,13,next_parity,14,0.5408348457350272,
rnn_only,1,13,next_parity,15,0.41044776119402987,
rnn_only,1,13,next_parity,16,0.38891433806688036,
rnn_only,1,13,next_parity,17,0.40173913043478265,
rnn_only,1,13,next_parity,18,0.5381263616557734,
rnn_only,1,13,next_parity,19,0.4392156862745098,
rnn_only,1,13,next_parity,20,0.43400349650349646,
rnn_only,1,13,next_parity,21,0.5306122448979591,
rnn_only,1,13,next_parity,22,0.587391304347826,
rnn_only,1,13,next_parity,23,0.5336538461538461,
rnn_only,1,13,next_parity,24,0.5079365079365079,
rnn_only,1,13,next_parity,25,0.4873614190687361,
rnn_only,1,13,next_parity,26,0.39073426573426573,
rnn_only,1,13,next_parity,27,0.5348324514991182,
rnn_only,1,13,next_parity,28,0.44531250000000006,
rnn_only,1,13,next_parity,29,0.608695652173913,
rnn_only,1,13,next_parity,30,0.5217013888888888,
rnn_only,1,13,next_parity,31,0.6137152777777779,
rnn_only,1,13,next_parity,32,0.5510204081632653,
rnn_only,1,13,next_parity,33,0.462438146648673,
rnn_only,1,13,next_parity,34,0.4958605664488017,
rnn_only,1,13,next_parity,35,0.5337837837837838,
rnn_only,1,13,next_parity,36,0.4708672086720867,
rnn_only,1,13,next_parity,37,0.6250000000000001,
rnn_only,1,13,next_parity,38,0.46218487394957986,
rnn_only,1,13,next_parity,39,0.41025641025641024,
rnn_only,1,13,next_parity,40,0.5119047619047619,
rnn_only,1,13,next_parity,41,0.5340909090909091,
rnn_only,1,13,next_parity,42,,
rnn_only,1,13,next_parity,43,,
rnn_only,1,13,next_parity,44,,
rnn_only,1,13,next_parity,45,,
rnn_only,1,13,next_parity,46,,
rnn_only,1,13,next_parity,47,,
rnn_only,1,13,next_parity,48,,
rnn_only,1,13,next_parity,49,,
rnn_only,1,13,next_parity,50,,
rnn_only,1,13,next_parity,51,,
rnn_only,1,13,next_parity,52,,
rnn_only,1,14,incoming_bit,0,1.0,
rnn_only,1,14,incoming_bit,1,1.0,
rnn_only,1,14,incoming_bit,2,1.0,
rnn_only,1,14,incoming_bit,3,1.0,
rnn_only,1,14,incoming_bit,4,1.0,
rnn_only,1,14,incoming_bit,5,1.0,
rnn_only,1,14,incoming_bit,6,1.0,
rnn_only,1,14,incoming_bit,7,1.0,
rnn_only,1,14,incoming_bit,8,0.9846153846153847,
rnn_only,1,14,incoming_bit,9,1.0,
rnn_only,1,14,incoming_bit,10,1.0,
rnn_only,1,14,incoming_bit,11,1.0,
rnn_only,1,14,incoming_bit,12,1.0,
rnn_only,1,14,incoming_bit,13,1.0,
rnn_only,1,14,incoming_bit,14,1.0,
rnn_only,1,14,incoming_bit,15,1.0,
rnn_only,1,14,incoming_bit,16,1.0,
rnn_only,1,14,incoming_bit,17,1.0,
rnn_only,1,14,incoming_bit,18,1.0,
rnn_only,1,14,incoming_bit,19,1.0,
rnn_only,1,14,incoming_bit,20,1.0,
rnn_only,1,14,incoming_bit,21,1.0,
rnn_only,1,14,incoming_bit,22,1.0,
rnn_only,1,14,incoming_bit,23,1.0,
rnn_only,1,14,incoming_bit,24,1.0,
rnn_only,1,14,incoming_bit,25,1.0,
rnn_only,1,14,incoming_bit,26,1.0,
rnn_only,1,14,incoming_bit,27,1.0,
rnn_only,1,14,incoming_bit,28,1.0,
rnn_only,1,14,incoming_bit,29,0.983666061705989,
rnn_only,1,14,incoming_bit,30,1.0,
rnn_only,1,14,incoming_bit,31,1.0,
rnn_only,1,14,incoming_bit,32,1.0,
rnn_only,1,14,incoming_bit,33,1.0,
rnn_only,1,14,incoming_bit,34,1.0,
rnn_only,1,14,incoming_bit,35,1.0,
rnn_only,1,14,incoming_bit,36,1.0,
rnn_only,1,14,incoming_bit,37,1.0,
rnn_only,1,14,incoming_bit,38,1.0,
rnn_only,1,14,incoming_bit,39,1.0,
rnn_only,1,14,incoming_bit,40,1.0,
rnn_only,1,14,incoming_bit,41,1.0,
rnn_only,1,14,incoming_bit,42,1.0,
rnn_only,1,14,incoming_bit,43,1.0,
rnn_only,1,14,incoming_bit,44,1.0,
rnn_only,1,14,incoming_bit,45,1.0,
rnn_only,1,14,incoming_bit,46,1.0,
rnn_only,1,14,incoming_bit,47,1.0,
rnn_only,1,14,incoming_bit,48,1.0,
rnn_only,1,14,incoming_bit,49,1.0,
rnn_only,1,14,incoming_bit,50,1.0,
rnn_only,1,14,incoming_bit,51,1.0,
rnn_only,1,14,incoming_bit,52,1.0,
rnn_only,1,14,incoming_bit,53,1.0,
rnn_only,1,14,outgoing_bit,0,0.8727981029810299,
rnn_only,1,14,outgoing_bit,1,0.9318450870962287,
rnn_only,1,14,outgoing_bit,2,0.8922297297297297,
rnn_only,1,14,outgoing_bit,3,0.8642037786774629,
rnn_only,1,14,outgoing_bit,4,0.9021057347670249,
rnn_only,1,14,outgoing_bit,5,0.8866071428571428,
rnn_only,1,14,outgoing_bit,6,0.8315508021390374,
rnn_only,1,14,outgoing_bit,7,0.850687165152574,
rnn_only,1,14,outgoing_bit,8,0.800976800976801,
rnn_only,1,14,outgoing_bit,9,0.8700980392156862,
rnn_only,1,14,outgoing_bit,10,0.8335384615384616,
rnn_only,1,14,outgoing_bit,11,0.8977480219111382,
rnn_only,1,14,outgoing_bit,12,0.7927350427350428,
rnn_only,1,14,outgoing_bit,13,0.8676381299332119,
rnn_only,1,14,outgoing_bit,14,0.9083829592304169,
rnn_only,1,14,outgoing_bit,15,0.8160869565217391,
rnn_only,1,14,outgoing_bit,16,0.7964019306713471,
rnn_only,1,14,outgoing_bit,17,0.8591487494515138,
rnn_only,1,14,outgoing_bit,18,0.7270732777534007,
rnn_only,1,14,outgoing_bit,19,0.8666956144159792,
rnn_only,1,14,outgoing_bit,20,0.8017429193899782,
rnn_only,1,14,outgoing_bit,21,0.8780487804878049,
rnn_only,1,14,outgoing_bit,22,0.8880070546737212,
rnn_only,1,14,outgoing_bit,23,0.8391304347826086,
rnn_only,1,14,outgoing_bit,24,0.8363004776378636,
rnn_only,1,14,outgoing_bit,25,0.8424107142857143,
rnn_only,1,14,outgoing_bit,26,0.8200435729847495,
rnn_only,1,14,outgoing_bit,27,0.8550925925925926,
rnn_only,1,14,outgoing_bit,28,0.9002178649237472,
rnn_only,1,14,outgoing_bit,29,0.8658216783216783,
rnn_only,1,14,outgoing_bit,30,0.8723214285714286,
rnn_only,1,14,outgoing_bit,31,0.8308566433566434,
rnn_only,1,14,outgoing_bit,32,0.8184976118106817,
rnn_only,1,14,outgoing_bit,33,0.8455782312925171,
rnn_only,1,14,outgoing_bit,34,0.8211382113821137,
rnn_only,1,14,outgoing_bit,35,0.7331081081081081,
rnn_only,1,14,outgoing_bit,36,0.9187675070028011,
rnn_only,1,14,outgoing_bit,37,0.35227272727272724,
rnn_only,1,14,outgoing_bit,38,0.6428571428571428,
rnn_only,1,14,outgoing_bit,39,0.6111111111111112,
rnn_only,1,14,outgoing_bit,40,,
rnn_only,1,14,outgoing_bit,41,,
rnn_only,1,14,outgoing_bit,42,,
rnn_only,1,14,outgoing_bit,43,,
rnn_only,1,14,outgoing_bit,44,,
rnn_only,1,14,outgoing_bit,45,,
rnn_only,1,14,outgoing_bit,46,,
rnn_only,1,14,outgoing_bit,47,,
rnn_only,1,14,outgoing_bit,48,,
rnn_only,1,14,outgoing_bit,49,,
rnn_only,1,14,outgoing_bit,50,,
rnn_only,1,14,outgoing_bit,51,,
rnn_only,1,14,outgoing_bit,52,,
rnn_only,1,14,outgoing_bit,53,,
rnn_only,1,14,next_parity,0,,
rnn_only,1,14,next_parity,1,0.5403946702648,
rnn_only,1,14,next_parity,2,0.5475376196990424,
rnn_only,1,14,next_parity,3,0.5494264507422403,
rnn_only,1,14,next_parity,4,0.56845694799659,
rnn_only,1,14,next_parity,5,0.4881916329284751,
rnn_only,1,14,next_parity,6,0.4864744019673597,
rnn_only,1,14,next_parity,7,0.4926553672316384,
rnn_only,1,14,next_parity,8,0.4851330203442879,
rnn_only,1,14,next_parity,9,0.515819964349376,
rnn_only,1,14,next_parity,10,0.4993815708101423,
rnn_only,1,14,next_parity,11,0.5033846153846155,
rnn_only,1,14,next_parity,12,0.5363076923076924,
rnn_only,1,14,next_parity,13,0.519780888618381,
rnn_only,1,14,next_parity,14,0.5009276437847866,
rnn_only,1,14,next_parity,15,0.4912227602905569,
rnn_only,1,14,next_parity,16,0.46391304347826084,
rnn_only,1,14,next_parity,17,0.4152777777777778,
rnn_only,1,14,next_parity,18,0.562937062937063,
rnn_only,1,14,next_parity,19,0.42989417989417994,
rnn_only,1,14,next_parity,20,0.44913043478260867,
rnn_only,1,14,next_parity,21,0.4243089074155331,
rnn_only,1,14,next_parity,22,0.47159090909090906,
rnn_only,1,14,next_parity,23,0.550680122860904,
rnn_only,1,14,next_parity,24,0.4791575252303642,
rnn_only,1,14,next_parity,25,0.6297743055555556,
rnn_only,1,14,next_parity,26,0.4643478260869565,
rnn_only,1,14,next_parity,27,0.5541904344010531,
rnn_only,1,14,next_parity,28,0.4613043478260869,
rnn_only,1,14,next_parity,29,0.5918367346938775,
rnn_only,1,14,next_parity,30,0.465359477124183,
rnn_only,1,14,next_parity,31,0.4861111111111111,
rnn_only,1,14,next_parity,32,0.5221739130434783,
rnn_only,1,14,next_parity,33,0.45055432372505544,
rnn_only,1,14,next_parity,34,0.49717759444203213,
rnn_only,1,14,next_parity,35,0.43888888888888894,
rnn_only,1,14,next_parity,36,0.4512195121951219,
rnn_only,1,14,next_parity,37,0.5433884297520661,
rnn_only,1,14,next_parity,38,0.5638888888888889,
rnn_only,1,14,next_parity,39,0.2840909090909091,
rnn_only,1,14,next_parity,40,0.5595238095238095,
rnn_only,1,14,next_parity,41,0.4431818181818182,
rnn_only,1,14,next_parity,42,,
rnn_only,1,14,next_parity,43,,
rnn_only,1,14,next_parity,44,,
rnn_only,1,14,next_parity,45,,
rnn_only,1,14,next_parity,46,,
rnn_only,1,14,next_parity,47,,
rnn_only,1,14,next_parity,48,,
rnn_only,1,14,next_parity,49,,
rnn_only,1,14,next_parity,50,,
rnn_only,1,14,next_parity,51,,
rnn_only,1,14,next_parity,52,,
rnn_only,1,14,next_parity,53,,
rnn_only,1,15,incoming_bit,0,1.0,
rnn_only,1,15,incoming_bit,1,1.0,
rnn_only,1,15,incoming_bit,2,1.0,
rnn_only,1,15,incoming_bit,3,1.0,
rnn_only,1,15,incoming_bit,4,1.0,
rnn_only,1,15,incoming_bit,5,0.987012987012987,
rnn_only,1,15,incoming_bit,6,1.0,
rnn_only,1,15,incoming_bit,7,1.0,
rnn_only,1,15,incoming_bit,8,1.0,
rnn_only,1,15,incoming_bit,9,1.0,
rnn_only,1,15,incoming_bit,10,1.0,
rnn_only,1,15,incoming_bit,11,1.0,
rnn_only,1,15,incoming_bit,12,1.0,
rnn_only,1,15,incoming_bit,13,1.0,
rnn_only,1,15,incoming_bit,14,1.0,
rnn_only,1,15,incoming_bit,15,1.0,
rnn_only,1,15,incoming_bit,16,1.0,
rnn_only,1,15,incoming_bit,17,1.0,
rnn_only,1,15,incoming_bit,18,1.0,
rnn_only,1,15,incoming_bit,19,1.0,
rnn_only,1,15,incoming_bit,20,1.0,
rnn_only,1,15,incoming_bit,21,1.0,
rnn_only,1,15,incoming_bit,22,1.0,
rnn_only,1,15,incoming_bit,23,1.0,
rnn_only,1,15,incoming_bit,24,1.0,
rnn_only,1,15,incoming_bit,25,1.0,
rnn_only,1,15,incoming_bit,26,1.0,
rnn_only,1,15,incoming_bit,27,1.0,
rnn_only,1,15,incoming_bit,28,1.0,
rnn_only,1,15,incoming_bit,29,1.0,
rnn_only,1,15,incoming_bit,30,1.0,
rnn_only,1,15,incoming_bit,31,1.0,
rnn_only,1,15,incoming_bit,32,1.0,
rnn_only,1,15,incoming_bit,33,1.0,
rnn_only,1,15,incoming_bit,34,1.0,
rnn_only,1,15,incoming_bit,35,1.0,
rnn_only,1,15,incoming_bit,36,1.0,
rnn_only,1,15,incoming_bit,37,1.0,
rnn_only,1,15,incoming_bit,38,1.0,
rnn_only,1,15,incoming_bit,39,1.0,
rnn_only,1,15,incoming_bit,40,1.0,
rnn_only,1,15,incoming_bit,41,1.0,
rnn_only,1,15,incoming_bit,42,1.0,
rnn_only,1,15,incoming_bit,43,1.0,
rnn_only,1,15,incoming_bit,44,1.0,
rnn_only,1,15,incoming_bit,45,1.0,
rnn_only,1,15,incoming_bit,46,1.0,
rnn_only,1,15,incoming_bit,47,1.0,
rnn_only,1,15,incoming_bit,48,1.0,
rnn_only,1,15,incoming_bit,49,1.0,
rnn_only,1,15,incoming_bit,50,1.0,
rnn_only,1,15,incoming_bit,51,0.9999999999999999,
rnn_only,1,15,incoming_bit,52,1.0,
rnn_only,1,15,incoming_bit,53,1.0,
rnn_only,1,15,incoming_bit,54,1.0,
rnn_only,1,15,incoming_bit,55,1.0,
rnn_only,1,15,incoming_bit,56,0.9999999999999999,
rnn_only,1,15,incoming_bit,57,1.0,
rnn_only,1,15,incoming_bit,58,1.0,
rnn_only,1,15,incoming_bit,59,1.0,
rnn_only,1,15,outgoing_bit,0,0.8910485933503837,
rnn_only,1,15,outgoing_bit,1,0.8515136140706917,
rnn_only,1,15,outgoing_bit,2,0.8991108071135431,
rnn_only,1,15,outgoing_bit,3,0.8539136302294197,
rnn_only,1,15,outgoing_bit,4,0.8565382044998886,
rnn_only,1,15,outgoing_bit,5,0.8272017837235229,
rnn_only,1,15,outgoing_bit,6,0.8564102564102564,
rnn_only,1,15,outgoing_bit,7,0.8297776779699079,
rnn_only,1,15,outgoing_bit,8,0.8784848484848485,
rnn_only,1,15,outgoing_bit,9,0.8372799028536734,
rnn_only,1,15,outgoing_bit,10,0.8101343101343101,
rnn_only,1,15,outgoing_bit,11,0.7549909255898367,
rnn_only,1,15,outgoing_bit,12,0.8506616257088847,
rnn_only,1,15,outgoing_bit,13,0.7799145299145299,
rnn_only,1,15,outgoing_bit,14,0.8964160839160839,
rnn_only,1,15,outgoing_bit,15,0.8317588843904632,
rnn_only,1,15,outgoing_bit,16,0.892748588797221,
rnn_only,1,15,outgoing_bit,17,0.8958605664488017,
rnn_only,1,15,outgoing_bit,18,0.8567086409031698,
rnn_only,1,15,outgoing_bit,19,0.7779727950855638,
rnn_only,1,15,outgoing_bit,20,0.8220486111111112,
rnn_only,1,15,outgoing_bit,21,0.8818931828050369,
rnn_only,1,15,outgoing_bit,22,0.8388392857142857,
rnn_only,1,15,outgoing_bit,23,0.8339285714285714,
rnn_only,1,15,outgoing_bit,24,0.8441163699522363,
rnn_only,1,15,outgoing_bit,25,0.8358662613981763,
rnn_only,1,15,outgoing_bit,26,0.825,
rnn_only,1,15,outgoing_bit,27,0.804602692140686,
rnn_only,1,15,outgoing_bit,28,0.8656521739130435,
rnn_only,1,15,outgoing_bit,29,0.8933566433566433,
rnn_only,1,15,outgoing_bit,30,0.8430944055944055,
rnn_only,1,15,outgoing_bit,31,0.8696230598669623,
rnn_only,1,15,outgoing_bit,32,0.8847549909255898,
rnn_only,1,15,outgoing_bit,33,0.8286099865047233,
rnn_only,1,15,outgoing_bit,34,0.8670798898071626,
rnn_only,1,15,outgoing_bit,35,0.8714285714285714,
rnn_only,1,15,outgoing_bit,36,0.8387878787878789,
rnn_only,1,15,outgoing_bit,37,0.7230769230769231,
rnn_only,1,15,outgoing_bit,38,0.775623268698061,
rnn_only,1,15,outgoing_bit,39,0.6454293628808865,
rnn_only,1,15,outgoing_bit,40,0.7222222222222222,
rnn_only,1,15,outgoing_bit,41,0.6923076923076923,
rnn_only,1,15,outgoing_bit,42,0.7142857142857143,
rnn_only,1,15,outgoing_bit,43,0.6923076923076923,
rnn_only,1,15,outgoing_bit,44,0.9431818181818181,
rnn_only,1,15,outgoing_bit,45,,
rnn_only,1,15,outgoing_bit,46,,
rnn_only,1,15,outgoing_bit,47,,
rnn_only,1,15,outgoing_bit,48,,
rnn_only,1,15,outgoing_bit,49,,
rnn_only,1,15,outgoing_bit,50,,
rnn_only,1,15,outgoing_bit,51,,
rnn_only,1,15,outgoing_bit,52,,
rnn_only,1,15,outgoing_bit,53,,
rnn_only,1,15,outgoing_bit,54,,
rnn_only,1,15,outgoing_bit,55,,
rnn_only,1,15,outgoing_bit,56,,
rnn_only,1,15,outgoing_bit,57,,
rnn_only,1,15,outgoing_bit,58,,
rnn_only,1,15,outgoing_bit,59,,
rnn_only,1,15,next_parity,0,,
rnn_only,1,15,next_parity,1,0.49237588652482267,
rnn_only,1,15,next_parity,2,0.6185763888888889,
rnn_only,1,15,next_parity,3,0.5946815718157182,
rnn_only,1,15,next_parity,4,0.44268707482993197,
rnn_only,1,15,next_parity,5,0.5059121621621622,
rnn_only,1,15,next_parity,6,0.44687499999999997,
rnn_only,1,15,next_parity,7,0.4343366778149387,
rnn_only,1,15,next_parity,8,0.5463709677419355,
rnn_only,1,15,next_parity,9,0.4800623746936957,
rnn_only,1,15,next_parity,10,0.6401331719128329,
rnn_only,1,15,next_parity,11,0.44824455205811137,
rnn_only,1,15,next_parity,12,0.5127041742286752,
rnn_only,1,15,next_parity,13,0.5167910447761194,
rnn_only,1,15,next_parity,14,0.4399509803921569,
rnn_only,1,15,next_parity,15,0.4578754578754578,
rnn_only,1,15,next_parity,16,0.6191923577941816,
rnn_only,1,15,next_parity,17,0.5687830687830688,
rnn_only,1,15,next_parity,18,0.518082788671024,
rnn_only,1,15,next_parity,19,0.49262152777777773,
rnn_only,1,15,next_parity,20,0.5034782608695653,
rnn_only,1,15,next_parity,21,0.5491304347826087,
rnn_only,1,15,next_parity,22,0.48732517482517484,
rnn_only,1,15,next_parity,23,0.5080330004342162,
rnn_only,1,15,next_parity,24,0.4880174291938998,
rnn_only,1,15,next_parity,25,0.471304347826087,
rnn_only,1,15,next_parity,26,0.5197339246119733,
rnn_only,1,15,next_parity,27,0.40299823633156967,
rnn_only,1,15,next_parity,28,0.6434589800443459,
rnn_only,1,15,next_parity,29,0.4727272727272727,
rnn_only,1,15,next_parity,30,0.5130434782608695,
rnn_only,1,15,next_parity,31,0.5445071645679549,
rnn_only,1,15,next_parity,32,0.48632218844984804,
rnn_only,1,15,next_parity,33,0.5051731893837156,
rnn_only,1,15,next_parity,34,0.5208333333333334,
rnn_only,1,15,next_parity,35,0.5376196990424077,
rnn_only,1,15,next_parity,36,0.5925675675675676,
rnn_only,1,15,next_parity,37,0.6290540540540541,
rnn_only,1,15,next_parity,38,0.49399038461538464,
rnn_only,1,15,next_parity,39,0.5922619047619048,
rnn_only,1,15,next_parity,40,0.3865546218487395,
rnn_only,1,15,next_parity,41,0.4986149584487534,
rnn_only,1,15,next_parity,42,0.44999999999999996,
rnn_only,1,15,next_parity,43,0.46590909090909094,
rnn_only,1,15,next_parity,44,0.41025641025641024,
rnn_only,1,15,next_parity,45,0.8452380952380952,
rnn_only,1,15,next_parity,46,0.3068181818181818,
rnn_only,1,15,next_parity,47,,
rnn_only,1,15,next_parity,48,,
rnn_only,1,15,next_parity,49,,
rnn_only,1,15,next_parity,50,,
rnn_only,1,15,next_parity,51,,
rnn_only,1,15,next_parity,52,,
rnn_only,1,15,next_parity,53,,
rnn_only,1,15,next_parity,54,,
rnn_only,1,15,next_parity,55,,
rnn_only,1,15,next_parity,56,,
rnn_only,1,15,next_parity,57,,
rnn_only,1,15,next_parity,58,,
rnn_only,1,15,next_parity,59,,
rnn_only,2,2,incoming_bit,0,0.9999999999999999,
rnn_only,2,2,incoming_bit,1,1.0,
rnn_only,2,2,incoming_bit,2,1.0,
rnn_only,2,2,incoming_bit,3,1.0,
rnn_only,2,2,incoming_bit,4,1.0,
rnn_only,2,2,incoming_bit,5,1.0,
rnn_only,2,2,incoming_bit,6,1.0,
rnn_only,2,2,incoming_bit,7,1.0,
rnn_only,2,2,incoming_bit,8,1.0,
rnn_only,2,2,outgoing_bit,0,1.0,
rnn_only,2,2,outgoing_bit,1,1.0,
rnn_only,2,2,outgoing_bit,2,1.0,
rnn_only,2,2,outgoing_bit,3,0.9991474850809889,
rnn_only,2,2,outgoing_bit,4,1.0,
rnn_only,2,2,outgoing_bit,5,1.0,
rnn_only,2,2,outgoing_bit,6,1.0,
rnn_only,2,2,outgoing_bit,7,,
rnn_only,2,2,outgoing_bit,8,,
rnn_only,2,2,next_parity,0,,
rnn_only,2,2,next_parity,1,0.5079514363885089,
rnn_only,2,2,next_parity,2,0.5358056265984654,
rnn_only,2,2,next_parity,3,0.5250295958058515,
rnn_only,2,2,next_parity,4,0.5292629448473605,
rnn_only,2,2,next_parity,5,0.5036360561474718,
rnn_only,2,2,next_parity,6,0.4710884353741497,
rnn_only,2,2,next_parity,7,0.653623188405797,
rnn_only,2,2,next_parity,8,0.5227272727272727,
rnn_only,2,3,incoming_bit,0,1.0,
rnn_only,2,3,incoming_bit,1,1.0,
rnn_only,2,3,incoming_bit,2,1.0,
rnn_only,2,3,incoming_bit,3,1.0,
rnn_only,2,3,incoming_bit,4,1.0,
rnn_only,2,3,incoming_bit,5,1.0,
rnn_only,2,3,incoming_bit,6,1.0,
rnn_only,2,3,incoming_bit,7,1.0,
rnn_only,2,3,incoming_bit,8,1.0,
rnn_only,2,3,incoming_bit,9,1.0,
rnn_only,2,3,incoming_bit,10,1.0,
rnn_only,2,3,incoming_bit,11,1.0,
rnn_only,2,3,outgoing_bit,0,0.9986449864498645,
rnn_only,2,3,outgoing_bit,1,0.9979674796747968,
rnn_only,2,3,outgoing_bit,2,0.9967818428184282,
rnn_only,2,3,outgoing_bit,3,0.9996606142881385,
rnn_only,2,3,outgoing_bit,4,0.9886710239651415,
rnn_only,2,3,outgoing_bit,5,0.9985974754558204,
rnn_only,2,3,outgoing_bit,6,0.9993112947658402,
rnn_only,2,3,outgoing_bit,7,0.9986486486486486,
rnn_only,2,3,outgoing_bit,8,1.0,
rnn_only,2,3,outgoing_bit,9,,
rnn_only,2,3,outgoing_bit,10,,
rnn_only,2,3,outgoing_bit,11,,
rnn_only,2,3,next_parity,0,,
rnn_only,2,3,next_parity,1,0.5252187339166238,
rnn_only,2,3,next_parity,2,0.5111914600550964,
rnn_only,2,3,next_parity,3,0.544075021312873,
rnn_only,2,3,next_parity,4,0.5192138198484046,
rnn_only,2,3,next_parity,5,0.5430932703659976,
rnn_only,2,3,next_parity,6,0.5891304347826087,
rnn_only,2,3,next_parity,7,0.36009485094850946,
rnn_only,2,3,next_parity,8,0.3768707482993197,
rnn_only,2,3,next_parity,9,0.4774305555555556,
rnn_only,2,3,next_parity,10,0.3409090909090909,
rnn_only,2,3,next_parity,11,,
rnn_only,2,4,incoming_bit,0,1.0,
rnn_only,2,4,incoming_bit,1,1.0,
rnn_only,2,4,incoming_bit,2,1.0,
rnn_only,2,4,incoming_bit,3,1.0,
rnn_only,2,4,incoming_bit,4,1.0,
rnn_only,2,4,incoming_bit,5,1.0,
rnn_only,2,4,incoming_bit,6,1.0,
rnn_only,2,4,incoming_bit,7,1.0,
rnn_only,2,4,incoming_bit,8,1.0,
rnn_only,2,4,incoming_bit,9,1.0,
rnn_only,2,4,incoming_bit,10,1.0,
rnn_only,2,4,incoming_bit,11,1.0,
rnn_only,2,4,incoming_bit,12,1.0,
rnn_only,2,4,incoming_bit,13,1.0,
rnn_only,2,4,incoming_bit,14,1.0,
rnn_only,2,4,incoming_bit,15,1.0,
rnn_only,2,4,incoming_bit,16,1.0,
rnn_only,2,4,outgoing_bit,0,0.94579945799458,
rnn_only,2,4,outgoing_bit,1,0.9691295546558705,
rnn_only,2,4,outgoing_bit,2,0.9782793144408621,
rnn_only,2,4,outgoing_bit,3,0.9629825489159174,
rnn_only,2,4,outgoing_bit,4,0.9529411764705882,
rnn_only,2,4,outgoing_bit,5,0.9042699724517906,
rnn_only,2,4,outgoing_bit,6,0.9831309041835359,
rnn_only,2,4,outgoing_bit,7,0.9224021592442645,
rnn_only,2,4,outgoing_bit,8,0.9055555555555557,
rnn_only,2,4,outgoing_bit,9,0.89196675900277,
rnn_only,2,4,outgoing_bit,10,0.9299719887955182,
rnn_only,2,4,outgoing_bit,11,1.0,
rnn_only,2,4,outgoing_bit,12,1.0,
rnn_only,2,4,outgoing_bit,13,,
rnn_only,2,4,outgoing_bit,14,,
rnn_only,2,4,outgoing_bit,15,,
rnn_only,2,4,outgoing_bit,16,,
rnn_only,2,4,next_parity,0,,
rnn_only,2,4,next_parity,1,0.4894790429322925,
rnn_only,2,4,next_parity,2,0.5004321521175453,
rnn_only,2,4,next_parity,3,0.5114088159031979,
rnn_only,2,4,next_parity,4,0.5115942028985507,
rnn_only,2,4,next_parity,5,0.5118611547182975,
rnn_only,2,4,next_parity,6,0.5577507598784195,
rnn_only,2,4,next_parity,7,0.35847701149425293,
rnn_only,2,4,next_parity,8,0.4099290780141844,
rnn_only,2,4,next_parity,9,0.45799457994579945,
rnn_only,2,4,next_parity,10,0.5210084033613446,
rnn_only,2,4,next_parity,11,0.33184523809523814,
rnn_only,2,4,next_parity,12,0.3420289855072464,
rnn_only,2,4,next_parity,13,0.475,
rnn_only,2,4,next_parity,14,0.5111111111111111,
rnn_only,2,4,next_parity,15,,
rnn_only,2,4,next_parity,16,,
rnn_only,2,5,incoming_bit,0,1.0,
rnn_only,2,5,incoming_bit,1,1.0,
rnn_only,2,5,incoming_bit,2,1.0,
rnn_only,2,5,incoming_bit,3,1.0,
rnn_only,2,5,incoming_bit,4,1.0,
rnn_only,2,5,incoming_bit,5,1.0,
rnn_only,2,5,incoming_bit,6,1.0,
rnn_only,2,5,incoming_bit,7,1.0,
rnn_only,2,5,incoming_bit,8,0.9999999999999999,
rnn_only,2,5,incoming_bit,9,1.0,
rnn_only,2,5,incoming_bit,10,1.0,
rnn_only,2,5,incoming_bit,11,0.9999999999999999,
rnn_only,2,5,incoming_bit,12,1.0,
rnn_only,2,5,incoming_bit,13,1.0,
rnn_only,2,5,incoming_bit,14,1.0,
rnn_only,2,5,incoming_bit,15,1.0,
rnn_only,2,5,incoming_bit,16,1.0,
rnn_only,2,5,incoming_bit,17,1.0,
rnn_only,2,5,incoming_bit,18,1.0,
rnn_only,2,5,incoming_bit,19,1.0,
rnn_only,2,5,outgoing_bit,0,0.9425347222222222,
rnn_only,2,5,outgoing_bit,1,0.9726146869004012,
rnn_only,2,5,outgoing_bit,2,0.9773231031543053,
rnn_only,2,5,outgoing_bit,3,0.9671768707482993,
rnn_only,2,5,outgoing_bit,4,0.981756338899196,
rnn_only,2,5,outgoing_bit,5,0.9587538394032471,
rnn_only,2,5,outgoing_bit,6,0.9512944273804299,
rnn_only,2,5,outgoing_bit,7,0.941304347826087,
rnn_only,2,5,outgoing_bit,8,0.9142857142857143,
rnn_only,2,5,outgoing_bit,9,0.9677018633540373,
rnn_only,2,5,outgoing_bit,10,0.918421052631579,
rnn_only,2,5,outgoing_bit,11,0.9096313912009514,
rnn_only,2,5,outgoing_bit,12,0.9605263157894737,
rnn_only,2,5,outgoing_bit,13,0.9416666666666667,
rnn_only,2,5,outgoing_bit,14,0.8977272727272727,
rnn_only,2,5,outgoing_bit,15,,
rnn_only,2,5,outgoing_bit,16,,
rnn_only,2,5,outgoing_bit,17,,
rnn_only,2,5,outgoing_bit,18,,
rnn_only,2,5,outgoing_bit,19,,
rnn_only,2,5,next_parity,0,,
rnn_only,2,5,next_parity,1,0.5282182438192667,
rnn_only,2,5,next_parity,2,0.4862804878048781,
rnn_only,2,5,next_parity,3,0.509400406504065,
rnn_only,2,5,next_parity,4,0.541687979539642,
rnn_only,2,5,next_parity,5,0.49189189189189186,
rnn_only,2,5,next_parity,6,0.4979901051329623,
rnn_only,2,5,next_parity,7,0.47804347826086957,
rnn_only,2,5,next_parity,8,0.5451952610794208,
rnn_only,2,5,next_parity,9,0.6054466230936819,
rnn_only,2,5,next_parity,10,0.4214285714285715,
rnn_only,2,5,next_parity,11,0.5871394230769231,
rnn_only,2,5,next_parity,12,0.538231780167264,
rnn_only,2,5,next_parity,13,0.4920343137254902,
rnn_only,2,5,next_parity,14,0.49098557692307687,
rnn_only,2,5,next_parity,15,0.36111111111111116,
rnn_only,2,5,next_parity,16,0.5773809523809523,
rnn_only,2,5,next_parity,17,,
rnn_only,2,5,next_parity,18,,
rnn_only,2,5,next_parity,19,,
rnn_only,2,6,incoming_bit,0,1.0,
rnn_only,2,6,incoming_bit,1,1.0,
rnn_only,2,6,incoming_bit,2,1.0,
rnn_only,2,6,incoming_bit,3,1.0,
rnn_only,2,6,incoming_bit,4,1.0,
rnn_only,2,6,incoming_bit,5,1.0,
rnn_only,2,6,incoming_bit,6,1.0,
rnn_only,2,6,incoming_bit,7,1.0,
rnn_only,2,6,incoming_bit,8,1.0,
rnn_only,2,6,incoming_bit,9,1.0,
rnn_only,2,6,incoming_bit,10,1.0,
rnn_only,2,6,incoming_bit,11,1.0,
rnn_only,2,6,incoming_bit,12,1.0,
rnn_only,2,6,incoming_bit,13,1.0,
rnn_only,2,6,incoming_bit,14,1.0,
rnn_only,2,6,incoming_bit,15,1.0,
rnn_only,2,6,incoming_bit,16,1.0,
rnn_only,2,6,incoming_bit,17,1.0,
rnn_only,2,6,incoming_bit,18,1.0,
rnn_only,2,6,incoming_bit,19,1.0,
rnn_only,2,6,outgoing_bit,0,0.9649452804377565,
rnn_only,2,6,outgoing_bit,1,0.9458819550143751,
rnn_only,2,6,outgoing_bit,2,0.9845867208672086,
rnn_only,2,6,outgoing_bit,3,0.9397874852420307,
rnn_only,2,6,outgoing_bit,4,0.921875,
rnn_only,2,6,outgoing_bit,5,0.8571428571428572,
rnn_only,2,6,outgoing_bit,6,0.9041666666666667,
rnn_only,2,6,outgoing_bit,7,0.9358108108108107,
rnn_only,2,6,outgoing_bit,8,0.889196675900277,
rnn_only,2,6,outgoing_bit,9,0.9222222222222222,
rnn_only,2,6,outgoing_bit,10,0.927170868347339,
rnn_only,2,6,outgoing_bit,11,0.9556786703601108,
rnn_only,2,6,outgoing_bit,12,0.9159420289855071,
rnn_only,2,6,outgoing_bit,13,0.8181818181818181,
rnn_only,2,6,outgoing_bit,14,,
rnn_only,2,6,outgoing_bit,15,,
rnn_only,2,6,outgoing_bit,16,,
rnn_only,2,6,outgoing_bit,17,,
rnn_only,2,6,outgoing_bit,18,,
rnn_only,2,6,outgoing_bit,19,,
rnn_only,2,6,next_parity,0,,
rnn_only,2,6,next_parity,1,0.5224489795918368,
rnn_only,2,6,next_parity,2,0.5655335700997802,
rnn_only,2,6,next_parity,3,0.4683479155944416,
rnn_only,2,6,next_parity,4,0.4727642966231121,
rnn_only,2,6,next_parity,5,0.4487004103967169,
rnn_only,2,6,next_parity,6,0.6405228758169934,
rnn_only,2,6,next_parity,7,0.5568513119533528,
rnn_only,2,6,next_parity,8,0.48775510204081635,
rnn_only,2,6,next_parity,9,0.5100694444444445,
rnn_only,2,6,next_parity,10,0.4494047619047619,
rnn_only,2,6,next_parity,11,0.575,
rnn_only,2,6,next_parity,12,0.3795013850415512,
rnn_only,2,6,next_parity,13,0.6416666666666667,
rnn_only,2,6,next_parity,14,0.5696022727272727,
rnn_only,2,6,next_parity,15,0.5555555555555556,
rnn_only,2,6,next_parity,16,,
rnn_only,2,6,next_parity,17,,
rnn_only,2,6,next_parity,18,,
rnn_only,2,6,next_parity,19,,
rnn_only,2,7,incoming_bit,0,1.0,
rnn_only,2,7,incoming_bit,1,1.0,
rnn_only,2,7,incoming_bit,2,1.0,
rnn_only,2,7,incoming_bit,3,1.0,
rnn_only,2,7,incoming_bit,4,1.0,
rnn_only,2,7,incoming_bit,5,1.0,
rnn_only,2,7,incoming_bit,6,1.0,
rnn_only,2,7,incoming_bit,7,1.0,
rnn_only,2,7,incoming_bit,8,1.0,
rnn_only,2,7,incoming_bit,9,1.0,
rnn_only,2,7,incoming_bit,10,1.0,
rnn_only,2,7,incoming_bit,11,1.0,
rnn_only,2,7,incoming_bit,12,1.0,
rnn_only,2,7,incoming_bit,13,1.0,
rnn_only,2,7,incoming_bit,14,1.0,
rnn_only,2,7,incoming_bit,15,1.0,
rnn_only,2,7,incoming_bit,16,1.0,
rnn_only,2,7,incoming_bit,17,1.0,
rnn_only,2,7,incoming_bit,18,1.0,
rnn_only,2,7,incoming_bit,19,1.0,
rnn_only,2,7,incoming_bit,20,1.0,
rnn_only,2,7,outgoing_bit,0,0.8816326530612245,
rnn_only,2,7,outgoing_bit,1,0.936046511627907,
rnn_only,2,7,outgoing_bit,2,0.9068450849202265,
rnn_only,2,7,outgoing_bit,3,0.9328609986504723,
rnn_only,2,7,outgoing_bit,4,0.9183852566915314,
rnn_only,2,7,outgoing_bit,5,0.8360323886639676,
rnn_only,2,7,outgoing_bit,6,0.8851351351351351,
rnn_only,2,7,outgoing_bit,7,0.8909722222222223,
rnn_only,2,7,outgoing_bit,8,0.889196675900277,
rnn_only,2,7,outgoing_bit,9,0.9138888888888889,
rnn_only,2,7,outgoing_bit,10,0.8861111111111111,
rnn_only,2,7,outgoing_bit,11,0.9555555555555556,
rnn_only,2,7,outgoing_bit,12,0.888888888888889,
rnn_only,2,7,outgoing_bit,13,0.8690476190476191,
rnn_only,2,7,outgoing_bit,14,,
rnn_only,2,7,outgoing_bit,15,,
rnn_only,2,7,outgoing_bit,16,,
rnn_only,2,7,outgoing_bit,17,,
rnn_only,2,7,outgoing_bit,18,,
rnn_only,2,7,outgoing_bit,19,,
rnn_only,2,7,outgoing_bit,20,,
rnn_only,2,7,next_parity,0,,
rnn_only,2,7,next_parity,1,0.46821120689655177,
rnn_only,2,7,next_parity,2,0.550094355807171,
rnn_only,2,7,next_parity,3,0.5429206566347469,
rnn_only,2,7,next_parity,4,0.5685777101302215,
rnn_only,2,7,next_parity,5,0.5466632791327913,
rnn_only,2,7,next_parity,6,0.5006535947712418,
rnn_only,2,7,next_parity,7,0.4792517006802721,
rnn_only,2,7,next_parity,8,0.5201388888888888,
rnn_only,2,7,next_parity,9,0.4712059620596206,
rnn_only,2,7,next_parity,10,0.5373961218836565,
rnn_only,2,7,next_parity,11,0.4817927170868348,
rnn_only,2,7,next_parity,12,0.4289855072463768,
rnn_only,2,7,next_parity,13,0.6498599439775911,
rnn_only,2,7,next_parity,14,0.4594202898550725,
rnn_only,2,7,next_parity,15,0.5416666666666667,
rnn_only,2,7,next_parity,16,,
rnn_only,2,7,next_parity,17,,
rnn_only,2,7,next_parity,18,,
rnn_only,2,7,next_parity,19,,
rnn_only,2,7,next_parity,20,,
rnn_only,2,8,incoming_bit,0,1.0,
rnn_only,2,8,incoming_bit,1,1.0,
rnn_only,2,8,incoming_bit,2,1.0,
rnn_only,2,8,incoming_bit,3,1.0,
rnn_only,2,8,incoming_bit,4,1.0,
rnn_only,2,8,incoming_bit,5,1.0,
rnn_only,2,8,incoming_bit,6,1.0,
rnn_only,2,8,incoming_bit,7,1.0,
rnn_only,2,8,incoming_bit,8,1.0,
rnn_only,2,8,incoming_bit,9,0.9999999999999999,
rnn_only,2,8,incoming_bit,10,1.0,
rnn_only,2,8,incoming_bit,11,1.0,
rnn_only,2,8,incoming_bit,12,1.0,
rnn_only,2,8,incoming_bit,13,1.0,
rnn_only,2,8,incoming_bit,14,1.0,
rnn_only,2,8,incoming_bit,15,1.0,
rnn_only,2,8,incoming_bit,16,1.0,
rnn_only,2,8,incoming_bit,17,1.0,
rnn_only,2,8,incoming_bit,18,1.0,
rnn_only,2,8,incoming_bit,19,1.0,
rnn_only,2,8,incoming_bit,20,1.0,
rnn_only,2,8,incoming_bit,21,1.0,
rnn_only,2,8,outgoing_bit,0,0.8297908232118758,
rnn_only,2,8,outgoing_bit,1,0.9184121621621621,
rnn_only,2,8,outgoing_bit,2,0.9073886639676112,
rnn_only,2,8,outgoing_bit,3,0.9268707482993197,
rnn_only,2,8,outgoing_bit,4,0.8164642375168691,
rnn_only,2,8,outgoing_bit,5,0.8378378378378379,
rnn_only,2,8,outgoing_bit,6,0.9302325581395349,
rnn_only,2,8,outgoing_bit,7,0.9035567715458277,
rnn_only,2,8,outgoing_bit,8,0.8202898550724638,
rnn_only,2,8,outgoing_bit,9,0.8222222222222222,
rnn_only,2,8,outgoing_bit,10,0.7731092436974789,
rnn_only,2,8,outgoing_bit,11,0.9855072463768116,
rnn_only,2,8,outgoing_bit,12,0.8879551820728291,
rnn_only,2,8,outgoing_bit,13,0.8777777777777779,
rnn_only,2,8,outgoing_bit,14,,
rnn_only,2,8,outgoing_bit,15,,
rnn_only,2,8,outgoing_bit,16,,
rnn_only,2,8,outgoing_bit,17,,
rnn_only,2,8,outgoing_bit,18,,
rnn_only,2,8,outgoing_bit,19,,
rnn_only,2,8,outgoing_bit,20,,
rnn_only,2,8,outgoing_bit,21,,
rnn_only,2,8,next_parity,0,,
rnn_only,2,8,next_parity,1,0.5356292517006802,
rnn_only,2,8,next_parity,2,0.40255102040816326,
rnn_only,2,8,next_parity,3,0.5495777027027027,
rnn_only,2,8,next_parity,4,0.48509485094850946,
rnn_only,2,8,next_parity,5,0.5289115646258503,
rnn_only,2,8,next_parity,6,0.3758818342151676,
rnn_only,2,8,next_parity,7,0.49826388888888895,
rnn_only,2,8,next_parity,8,0.4982900136798906,
rnn_only,2,8,next_parity,9,0.5266891891891892,
rnn_only,2,8,next_parity,10,0.6260387811634349,
rnn_only,2,8,next_parity,11,0.39495798319327724,
rnn_only,2,8,next_parity,12,0.4611111111111111,
rnn_only,2,8,next_parity,13,0.5714285714285714,
rnn_only,2,8,next_parity,14,0.5507246376811594,
rnn_only,2,8,next_parity,15,0.5909090909090909,
rnn_only,2,8,next_parity,16,,
rnn_only,2,8,next_parity,17,,
rnn_only,2,8,next_parity,18,,
rnn_only,2,8,next_parity,19,,
rnn_only,2,8,next_parity,20,,
rnn_only,2,8,next_parity,21,,
rnn_only,2,9,incoming_bit,0,1.0,
rnn_only,2,9,incoming_bit,1,1.0,
rnn_only,2,9,incoming_bit,2,1.0,
rnn_only,2,9,incoming_bit,3,1.0,
rnn_only,2,9,incoming_bit,4,1.0,
rnn_only,2,9,incoming_bit,5,1.0,
rnn_only,2,9,incoming_bit,6,1.0,
rnn_only,2,9,incoming_bit,7,1.0,
rnn_only,2,9,incoming_bit,8,1.0,
rnn_only,2,9,incoming_bit,9,1.0,
rnn_only,2,9,incoming_bit,10,0.9999999999999999,
rnn_only,2,9,incoming_bit,11,1.0,
rnn_only,2,9,incoming_bit,12,1.0,
rnn_only,2,9,incoming_bit,13,1.0,
rnn_only,2,9,incoming_bit,14,1.0,
rnn_only,2,9,incoming_bit,15,1.0,
rnn_only,2,9,incoming_bit,16,1.0,
rnn_only,2,9,incoming_bit,17,1.0,
rnn_only,2,9,incoming_bit,18,1.0,
rnn_only,2,9,incoming_bit,19,1.0,
rnn_only,2,9,incoming_bit,20,1.0,
rnn_only,2,9,incoming_bit,21,1.0,
rnn_only,2,9,incoming_bit,22,1.0,
rnn_only,2,9,outgoing_bit,0,0.8702702702702704,
rnn_only,2,9,outgoing_bit,1,0.89125655335701,
rnn_only,2,9,outgoing_bit,2,0.870548523206751,
rnn_only,2,9,outgoing_bit,3,0.9102324792126252,
rnn_only,2,9,outgoing_bit,4,0.8656319290465632,
rnn_only,2,9,outgoing_bit,5,0.8414634146341464,
rnn_only,2,9,outgoing_bit,6,0.83125,
rnn_only,2,9,outgoing_bit,7,0.8609986504723347,
rnn_only,2,9,outgoing_bit,8,0.7681159420289855,
rnn_only,2,9,outgoing_bit,9,0.8795518207282913,
rnn_only,2,9,outgoing_bit,10,0.7619047619047619,
rnn_only,2,9,outgoing_bit,11,0.8347826086956522,
rnn_only,2,9,outgoing_bit,12,0.8695652173913043,
rnn_only,2,9,outgoing_bit,13,0.8222222222222222,
rnn_only,2,9,outgoing_bit,14,,
rnn_only,2,9,outgoing_bit,15,,
rnn_only,2,9,outgoing_bit,16,,
rnn_only,2,9,outgoing_bit,17,,
rnn_only,2,9,outgoing_bit,18,,
rnn_only,2,9,outgoing_bit,19,,
rnn_only,2,9,outgoing_bit,20,,
rnn_only,2,9,outgoing_bit,21,,
rnn_only,2,9,outgoing_bit,22,,
rnn_only,2,9,next_parity,0,,
rnn_only,2,9,next_parity,1,0.43741496598639457,
rnn_only,2,9,next_parity,2,0.554540842212075,
rnn_only,2,9,next_parity,3,0.4548986486486487,
rnn_only,2,9,next_parity,4,0.4997454607161038,
rnn_only,2,9,next_parity,5,0.45858843537414967,
rnn_only,2,9,next_parity,6,0.4864923747276689,
rnn_only,2,9,next_parity,7,0.5554035567715458,
rnn_only,2,9,next_parity,8,0.38990182328190737,
rnn_only,2,9,next_parity,9,0.49008207934336523,
rnn_only,2,9,next_parity,10,0.5446153846153846,
rnn_only,2,9,next_parity,11,0.5966386554621848,
rnn_only,2,9,next_parity,12,0.4261363636363636,
rnn_only,2,9,next_parity,13,0.47777777777777775,
rnn_only,2,9,next_parity,14,0.5304347826086957,
rnn_only,2,9,next_parity,15,0.4833333333333334,
rnn_only,2,9,next_parity,16,,
rnn_only,2,9,next_parity,17,,
rnn_only,2,9,next_parity,18,,
rnn_only,2,9,next_parity,19,,
rnn_only,2,9,next_parity,20,,
rnn_only,2,9,next_parity,21,,
rnn_only,2,9,next_parity,22,,
rnn_only,2,10,incoming_bit,0,1.0,
rnn_only,2,10,incoming_bit,1,1.0,
rnn_only,2,10,incoming_bit,2,1.0,
rnn_only,2,10,incoming_bit,3,1.0,
rnn_only,2,10,incoming_bit,4,1.0,
rnn_only,2,10,incoming_bit,5,1.0,
rnn_only,2,10,incoming_bit,6,1.0,
rnn_only,2,10,incoming_bit,7,1.0,
rnn_only,2,10,incoming_bit,8,1.0,
rnn_only,2,10,incoming_bit,9,1.0,
rnn_only,2,10,incoming_bit,10,1.0,
rnn_only,2,10,incoming_bit,11,1.0,
rnn_only,2,10,incoming_bit,12,1.0,
rnn_only,2,10,incoming_bit,13,1.0,
rnn_only,2,10,incoming_bit,14,1.0,
rnn_only,2,10,incoming_bit,15,1.0,
rnn_only,2,10,incoming_bit,16,1.0,
rnn_only,2,10,incoming_bit,17,1.0,
rnn_only,2,10,incoming_bit,18,1.0,
rnn_only,2,10,incoming_bit,19,1.0,
rnn_only,2,10,incoming_bit,20,1.0,
rnn_only,2,10,incoming_bit,21,1.0,
rnn_only,2,10,incoming_bit,22,1.0,
rnn_only,2,10,incoming_bit,23,1.0,
rnn_only,2,10,incoming_bit,24,1.0,
rnn_only,2,10,incoming_bit,25,1.0,
rnn_only,2,10,incoming_bit,26,1.0,
rnn_only,2,10,incoming_bit,27,1.0,
rnn_only,2,10,incoming_bit,28,1.0,
rnn_only,2,10,incoming_bit,29,1.0,
rnn_only,2,10,incoming_bit,30,1.0,
rnn_only,2,10,incoming_bit,31,1.0,
rnn_only,2,10,incoming_bit,32,1.0,
rnn_only,2,10,incoming_bit,33,1.0,
rnn_only,2,10,incoming_bit,34,1.0,
rnn_only,2,10,incoming_bit,35,1.0,
rnn_only,2,10,incoming_bit,36,1.0,
rnn_only,2,10,incoming_bit,37,1.0,
rnn_only,2,10,incoming_bit,38,1.0,
rnn_only,2,10,incoming_bit,39,1.0,
rnn_only,2,10,incoming_bit,40,1.0,
rnn_only,2,10,outgoing_bit,0,0.8611912438486339,
rnn_only,2,10,outgoing_bit,1,0.9313775947846972,
rnn_only,2,10,outgoing_bit,2,0.8420429561982073,
rnn_only,2,10,outgoing_bit,3,0.8760358532048029,
rnn_only,2,10,outgoing_bit,4,0.8694596235579841,
rnn_only,2,10,outgoing_bit,5,0.8723908918406073,
rnn_only,2,10,outgoing_bit,6,0.8208041958041958,
rnn_only,2,10,outgoing_bit,7,0.8758169934640523,
rnn_only,2,10,outgoing_bit,8,0.9054545454545455,
rnn_only,2,10,outgoing_bit,9,0.9176319176319176,
rnn_only,2,10,outgoing_bit,10,0.8202380952380952,
rnn_only,2,10,outgoing_bit,11,0.7927272727272727,
rnn_only,2,10,outgoing_bit,12,0.8076923076923076,
rnn_only,2,10,outgoing_bit,13,0.7759103641456582,
rnn_only,2,10,outgoing_bit,14,0.6444444444444445,
rnn_only,2,10,outgoing_bit,15,0.7777777777777777,
rnn_only,2,10,outgoing_bit,16,0.9,
rnn_only,2,10,outgoing_bit,17,0.8095238095238095,
rnn_only,2,10,outgoing_bit,18,0.9090909090909091,
rnn_only,2,10,outgoing_bit,19,0.7777777777777778,
rnn_only,2,10,outgoing_bit,20,0.788888888888889,
rnn_only,2,10,outgoing_bit,21,0.5795454545454546,
rnn_only,2,10,outgoing_bit,22,0.9090909090909091,
rnn_only,2,10,outgoing_bit,23,0.911111111111111,
rnn_only,2,10,outgoing_bit,24,0.8111111111111111,
rnn_only,2,10,outgoing_bit,25,0.8295454545454546,
rnn_only,2,10,outgoing_bit,26,0.9111111111111111,
rnn_only,2,10,outgoing_bit,27,0.6931818181818182,
rnn_only,2,10,outgoing_bit,28,0.9500000000000001,
rnn_only,2,10,outgoing_bit,29,0.8522727272727273,
rnn_only,2,10,outgoing_bit,30,0.6111111111111112,
rnn_only,2,10,outgoing_bit,31,,
rnn_only,2,10,outgoing_bit,32,,
rnn_only,2,10,outgoing_bit,33,,
rnn_only,2,10,outgoing_bit,34,,
rnn_only,2,10,outgoing_bit,35,,
rnn_only,2,10,outgoing_bit,36,,
rnn_only,2,10,outgoing_bit,37,,
rnn_only,2,10,outgoing_bit,38,,
rnn_only,2,10,outgoing_bit,39,,
rnn_only,2,10,outgoing_bit,40,,
rnn_only,2,10,next_parity,0,,
rnn_only,2,10,next_parity,1,0.5047619047619047,
rnn_only,2,10,next_parity,2,0.47871621621621624,
rnn_only,2,10,next_parity,3,0.48347107438016523,
rnn_only,2,10,next_parity,4,0.4535768645357686,
rnn_only,2,10,next_parity,5,0.49560950413223137,
rnn_only,2,10,next_parity,6,0.5244978697504564,
rnn_only,2,10,next_parity,7,0.5674603174603174,
rnn_only,2,10,next_parity,8,0.4850088183421517,
rnn_only,2,10,next_parity,9,0.5045652173913043,
rnn_only,2,10,next_parity,10,0.3978365384615385,
rnn_only,2,10,next_parity,11,0.47086801426872765,
rnn_only,2,10,next_parity,12,0.5231866825208086,
rnn_only,2,10,next_parity,13,0.5098039215686274,
rnn_only,2,10,next_parity,14,0.6045673076923077,
rnn_only,2,10,next_parity,15,0.5196078431372549,
rnn_only,2,10,next_parity,16,0.5777777777777778,
rnn_only,2,10,next_parity,17,0.5444444444444444,
rnn_only,2,10,next_parity,18,0.6444444444444444,
rnn_only,2,10,next_parity,19,0.10000000000000003,
rnn_only,2,10,next_parity,20,0.38636363636363635,
rnn_only,2,10,next_parity,21,0.39285714285714285,
rnn_only,2,10,next_parity,22,0.4,
rnn_only,2,10,next_parity,23,0.5333333333333333,
rnn_only,2,10,next_parity,24,0.5888888888888889,
rnn_only,2,10,next_parity,25,0.42857142857142855,
rnn_only,2,10,next_parity,26,0.5333333333333333,
rnn_only,2,10,next_parity,27,0.4444444444444444,
rnn_only,2,10,next_parity,28,0.2555555555555556,
rnn_only,2,10,next_parity,29,0.4772727272727273,
rnn_only,2,10,next_parity,30,0.7051282051282053,
rnn_only,2,10,next_parity,31,0.48863636363636365,
rnn_only,2,10,next_parity,32,0.5795454545454546,
rnn_only,2,10,next_parity,33,,
rnn_only,2,10,next_parity,34,,
rnn_only,2,10,next_parity,35,,
rnn_only,2,10,next_parity,36,,
rnn_only,2,10,next_parity,37,,
rnn_only,2,10,next_parity,38,,
rnn_only,2,10,next_parity,39,,
rnn_only,2,10,next_parity,40,,
rnn_only,2,11,incoming_bit,0,1.0,
rnn_only,2,11,incoming_bit,1,1.0,
rnn_only,2,11,incoming_bit,2,1.0,
rnn_only,2,11,incoming_bit,3,1.0,
rnn_only,2,11,incoming_bit,4,1.0,
rnn_only,2,11,incoming_bit,5,1.0,
rnn_only,2,11,incoming_bit,6,1.0,
rnn_only,2,11,incoming_bit,7,1.0,
rnn_only,2,11,incoming_bit,8,1.0,
rnn_only,2,11,incoming_bit,9,1.0,
rnn_only,2,11,incoming_bit,10,1.0,
rnn_only,2,11,incoming_bit,11,1.0,
rnn_only,2,11,incoming_bit,12,1.0,
rnn_only,2,11,incoming_bit,13,1.0,
rnn_only,2,11,incoming_bit,14,1.0,
rnn_only,2,11,incoming_bit,15,1.0,
rnn_only,2,11,incoming_bit,16,1.0,
rnn_only,2,11,incoming_bit,17,1.0,
rnn_only,2,11,incoming_bit,18,1.0,
rnn_only,2,11,incoming_bit,19,1.0,
rnn_only,2,11,incoming_bit,20,1.0,
rnn_only,2,11,incoming_bit,21,1.0,
rnn_only,2,11,incoming_bit,22,1.0,
rnn_only,2,11,incoming_bit,23,1.0,
rnn_only,2,11,incoming_bit,24,1.0,
rnn_only,2,11,incoming_bit,25,1.0,
rnn_only,2,11,incoming_bit,26,1.0,
rnn_only,2,11,incoming_bit,27,1.0,
rnn_only,2,11,incoming_bit,28,1.0,
rnn_only,2,11,incoming_bit,29,1.0,
rnn_only,2,11,incoming_bit,30,1.0,
rnn_only,2,11,incoming_bit,31,1.0,
rnn_only,2,11,incoming_bit,32,1.0,
rnn_only,2,11,incoming_bit,33,1.0,
rnn_only,2,11,incoming_bit,34,1.0,
rnn_only,2,11,incoming_bit,35,1.0,
rnn_only,2,11,incoming_bit,36,1.0,
rnn_only,2,11,incoming_bit,37,1.0,
rnn_only,2,11,incoming_bit,38,1.0,
rnn_only,2,11,incoming_bit,39,1.0,
rnn_only,2,11,incoming_bit,40,1.0,
rnn_only,2,11,incoming_bit,41,1.0,
rnn_only,2,11,incoming_bit,42,1.0,
rnn_only,2,11,incoming_bit,43,1.0,
rnn_only,2,11,outgoing_bit,0,0.8706081081081081,
rnn_only,2,11,outgoing_bit,1,0.8505854403529611,
rnn_only,2,11,outgoing_bit,2,0.8531969309462916,
rnn_only,2,11,outgoing_bit,3,0.8709349593495934,
rnn_only,2,11,outgoing_bit,4,0.9197860962566845,
rnn_only,2,11,outgoing_bit,5,0.8617614269788183,
rnn_only,2,11,outgoing_bit,6,0.8205645161290323,
rnn_only,2,11,outgoing_bit,7,0.8482003129890453,
rnn_only,2,11,outgoing_bit,8,0.8457802064359441,
rnn_only,2,11,outgoing_bit,9,0.9161622276029056,
rnn_only,2,11,outgoing_bit,10,0.8908582089552239,
rnn_only,2,11,outgoing_bit,11,0.9230769230769231,
rnn_only,2,11,outgoing_bit,12,0.8067737733391229,
rnn_only,2,11,outgoing_bit,13,0.8856942496493689,
rnn_only,2,11,outgoing_bit,14,0.803921568627451,
rnn_only,2,11,outgoing_bit,15,0.8446833930704898,
rnn_only,2,11,outgoing_bit,16,0.8401442307692307,
rnn_only,2,11,outgoing_bit,17,0.8180737217598097,
rnn_only,2,11,outgoing_bit,18,0.7198879551820728,
rnn_only,2,11,outgoing_bit,19,0.8199445983379501,
rnn_only,2,11,outgoing_bit,20,0.8044871794871795,
rnn_only,2,11,outgoing_bit,21,0.8363095238095238,
rnn_only,2,11,outgoing_bit,22,0.7055555555555555,
rnn_only,2,11,outgoing_bit,23,0.8068181818181818,
rnn_only,2,11,outgoing_bit,24,0.6777777777777778,
rnn_only,2,11,outgoing_bit,25,0.7159090909090909,
rnn_only,2,11,outgoing_bit,26,0.9142857142857144,
rnn_only,2,11,outgoing_bit,27,0.8333333333333333,
rnn_only,2,11,outgoing_bit,28,0.7727272727272727,
rnn_only,2,11,outgoing_bit,29,0.5384615384615384,
rnn_only,2,11,outgoing_bit,30,0.8333333333333333,
rnn_only,2,11,outgoing_bit,31,0.7045454545454546,
rnn_only,2,11,outgoing_bit,32,0.8222222222222222,
rnn_only,2,11,outgoing_bit,33,,
rnn_only,2,11,outgoing_bit,34,,
rnn_only,2,11,outgoing_bit,35,,
rnn_only,2,11,outgoing_bit,36,,
rnn_only,2,11,outgoing_bit,37,,
rnn_only,2,11,outgoing_bit,38,,
rnn_only,2,11,outgoing_bit,39,,
rnn_only,2,11,outgoing_bit,40,,
rnn_only,2,11,outgoing_bit,41,,
rnn_only,2,11,outgoing_bit,42,,
rnn_only,2,11,outgoing_bit,43,,
rnn_only,2,11,next_parity,0,,
rnn_only,2,11,next_parity,1,0.5060037206155927,
rnn_only,2,11,next_parity,2,0.5208861829866396,
rnn_only,2,11,next_parity,3,0.4767006802721088,
rnn_only,2,11,next_parity,4,0.5071729957805906,
rnn_only,2,11,next_parity,5,0.5183122362869199,
rnn_only,2,11,next_parity,6,0.5761160714285715,
rnn_only,2,11,next_parity,7,0.521551724137931,
rnn_only,2,11,next_parity,8,0.5655405405405405,
rnn_only,2,11,next_parity,9,0.5319955406911928,
rnn_only,2,11,next_parity,10,0.5703030303030303,
rnn_only,2,11,next_parity,11,0.5544464609800364,
rnn_only,2,11,next_parity,12,0.5807622504537205,
rnn_only,2,11,next_parity,13,0.5167755991285403,
rnn_only,2,11,next_parity,14,0.38330419580419584,
rnn_only,2,11,next_parity,15,0.5881542699724518,
rnn_only,2,11,next_parity,16,0.3540372670807454,
rnn_only,2,11,next_parity,17,0.6373365041617122,
rnn_only,2,11,next_parity,18,0.5037878787878788,
rnn_only,2,11,next_parity,19,0.4304399524375744,
rnn_only,2,11,next_parity,20,0.4817927170868347,
rnn_only,2,11,next_parity,21,0.5346260387811634,
rnn_only,2,11,next_parity,22,0.47017045454545453,
rnn_only,2,11,next_parity,23,0.6162464985994398,
rnn_only,2,11,next_parity,24,0.4910714285714286,
rnn_only,2,11,next_parity,25,0.625,
rnn_only,2,11,next_parity,26,0.6444444444444444,
rnn_only,2,11,next_parity,27,0.6022727272727273,
rnn_only,2,11,next_parity,28,0.5333333333333334,
rnn_only,2,11,next_parity,29,0.40909090909090906,
rnn_only,2,11,next_parity,30,0.4642857142857143,
rnn_only,2,11,next_parity,31,0.5641025641025641,
rnn_only,2,11,next_parity,32,0.4772727272727273,
rnn_only,2,11,next_parity,33,0.4431818181818182,
rnn_only,2,11,next_parity,34,0.34285714285714286,
rnn_only,2,11,next_parity,35,,
rnn_only,2,11,next_parity,36,,
rnn_only,2,11,next_parity,37,,
rnn_only,2,11,next_parity,38,,
rnn_only,2,11,next_parity,39,,
rnn_only,2,11,next_parity,40,,
rnn_only,2,11,next_parity,41,,
rnn_only,2,11,next_parity,42,,
rnn_only,2,11,next_parity,43,,
rnn_only,2,12,incoming_bit,0,1.0,
rnn_only,2,12,incoming_bit,1,1.0,
rnn_only,2,12,incoming_bit,2,1.0,
rnn_only,2,12,incoming_bit,3,1.0,
rnn_only,2,12,incoming_bit,4,1.0,
rnn_only,2,12,incoming_bit,5,1.0,
rnn_only,2,12,incoming_bit,6,1.0,
rnn_only,2,12,incoming_bit,7,1.0,
rnn_only,2,12,incoming_bit,8,1.0,
rnn_only,2,12,incoming_bit,9,1.0,
rnn_only,2,12,incoming_bit,10,1.0,
rnn_only,2,12,incoming_bit,11,1.0,
rnn_only,2,12,incoming_bit,12,1.0,
rnn_only,2,12,incoming_bit,13,1.0,
rnn_only,2,12,incoming_bit,14,1.0,
rnn_only,2,12,incoming_bit,15,1.0,
rnn_only,2,12,incoming_bit,16,1.0,
rnn_only,2,12,incoming_bit,17,1.0,
rnn_only,2,12,incoming_bit,18,1.0,
rnn_only,2,12,incoming_bit,19,1.0,
rnn_only,2,12,incoming_bit,20,1.0,
rnn_only,2,12,incoming_bit,21,1.0,
rnn_only,2,12,incoming_bit,22,1.0,
rnn_only,2,12,incoming_bit,23,1.0,
rnn_only,2,12,incoming_bit,24,1.0,
rnn_only,2,12,incoming_bit,25,1.0,
rnn_only,2,12,incoming_bit,26,1.0,
rnn_only,2,12,incoming_bit,27,1.0,
rnn_only,2,12,incoming_bit,28,1.0,
rnn_only,2,12,incoming_bit,29,1.0,
rnn_only,2,12,incoming_bit,30,1.0,
rnn_only,2,12,incoming_bit,31,1.0,
rnn_only,2,12,incoming_bit,32,1.0,
rnn_only,2,12,incoming_bit,33,1.0,
rnn_only,2,12,incoming_bit,34,1.0,
rnn_only,2,12,incoming_bit,35,1.0,
rnn_only,2,12,incoming_bit,36,1.0,
rnn_only,2,12,incoming_bit,37,1.0,
rnn_only,2,12,incoming_bit,38,1.0,
rnn_only,2,12,incoming_bit,39,1.0,
rnn_only,2,12,incoming_bit,40,1.0,
rnn_only,2,12,incoming_bit,41,1.0,
rnn_only,2,12,incoming_bit,42,1.0,
rnn_only,2,12,incoming_bit,43,1.0,
rnn_only,2,12,incoming_bit,44,1.0,
rnn_only,2,12,incoming_bit,45,1.0,
rnn_only,2,12,incoming_bit,46,1.0,
rnn_only,2,12,incoming_bit,47,1.0,
rnn_only,2,12,incoming_bit,48,1.0,
rnn_only,2,12,outgoing_bit,0,0.7834022038567493,
rnn_only,2,12,outgoing_bit,1,0.8533674339300937,
rnn_only,2,12,outgoing_bit,2,0.8462709284627093,
rnn_only,2,12,outgoing_bit,3,0.8399122807017543,
rnn_only,2,12,outgoing_bit,4,0.8544600938967136,
rnn_only,2,12,outgoing_bit,5,0.8432552954292084,
rnn_only,2,12,outgoing_bit,6,0.8074866310160428,
rnn_only,2,12,outgoing_bit,7,0.8149386845039019,
rnn_only,2,12,outgoing_bit,8,0.7775677378701953,
rnn_only,2,12,outgoing_bit,9,0.8956177723676202,
rnn_only,2,12,outgoing_bit,10,0.8049001814882033,
rnn_only,2,12,outgoing_bit,11,0.8299939283545842,
rnn_only,2,12,outgoing_bit,12,0.8011642156862745,
rnn_only,2,12,outgoing_bit,13,0.8111979166666666,
rnn_only,2,12,outgoing_bit,14,0.8387755102040817,
rnn_only,2,12,outgoing_bit,15,0.7959183673469388,
rnn_only,2,12,outgoing_bit,16,0.791497975708502,
rnn_only,2,12,outgoing_bit,17,0.8408163265306123,
rnn_only,2,12,outgoing_bit,18,0.7294197031039136,
rnn_only,2,12,outgoing_bit,19,0.8516260162601627,
rnn_only,2,12,outgoing_bit,20,0.8331081081081081,
rnn_only,2,12,outgoing_bit,21,0.8748299319727891,
rnn_only,2,12,outgoing_bit,22,0.766531713900135,
rnn_only,2,12,outgoing_bit,23,0.7601626016260162,
rnn_only,2,12,outgoing_bit,24,0.7618083670715249,
rnn_only,2,12,outgoing_bit,25,0.8980716253443527,
rnn_only,2,12,outgoing_bit,26,0.6855600539811066,
rnn_only,2,12,outgoing_bit,27,0.7327823691460055,
rnn_only,2,12,outgoing_bit,28,0.7777027027027027,
rnn_only,2,12,outgoing_bit,29,0.7152496626180836,
rnn_only,2,12,outgoing_bit,30,0.8663967611336032,
rnn_only,2,12,outgoing_bit,31,0.8543360433604336,
rnn_only,2,12,outgoing_bit,32,0.8909214092140921,
rnn_only,2,12,outgoing_bit,33,0.8455882352941176,
rnn_only,2,12,outgoing_bit,34,0.7670250896057348,
rnn_only,2,12,outgoing_bit,35,0.8130952380952381,
rnn_only,2,12,outgoing_bit,36,0.7666666666666666,
rnn_only,2,12,outgoing_bit,37,,
rnn_only,2,12,outgoing_bit,38,,
rnn_only,2,12,outgoing_bit,39,,
rnn_only,2,12,outgoing_bit,40,,
rnn_only,2,12,outgoing_bit,41,,
rnn_only,2,12,outgoing_bit,42,,
rnn_only,2,12,outgoing_bit,43,,
rnn_only,2,12,outgoing_bit,44,,
rnn_only,2,12,outgoing_bit,45,,
rnn_only,2,12,outgoing_bit,46,,
rnn_only,2,12,outgoing_bit,47,,
rnn_only,2,12,outgoing_bit,48,,
rnn_only,2,12,next_parity,0,,
rnn_only,2,12,next_parity,1,0.5076793248945148,
rnn_only,2,12,next_parity,2,0.4927685950413223,
rnn_only,2,12,next_parity,3,0.4596651445966515,
rnn_only,2,12,next_parity,4,0.5140013495276653,
rnn_only,2,12,next_parity,5,0.5172297297297298,
rnn_only,2,12,next_parity,6,0.5262923351158645,
rnn_only,2,12,next_parity,7,0.4711259754738016,
rnn_only,2,12,next_parity,8,0.443326626425218,
rnn_only,2,12,next_parity,9,0.45025825286323823,
rnn_only,2,12,next_parity,10,0.47215459525258674,
rnn_only,2,12,next_parity,11,0.604735883424408,
rnn_only,2,12,next_parity,12,0.5517346317711503,
rnn_only,2,12,next_parity,13,0.46916971916971917,
rnn_only,2,12,next_parity,14,0.5439560439560439,
rnn_only,2,12,next_parity,15,0.5236647850629613,
rnn_only,2,12,next_parity,16,0.44870041039671676,
rnn_only,2,12,next_parity,17,0.6150137741046833,
rnn_only,2,12,next_parity,18,0.6136363636363636,
rnn_only,2,12,next_parity,19,0.5462585034013605,
rnn_only,2,12,next_parity,20,0.4658002735978112,
rnn_only,2,12,next_parity,21,0.5406732117812062,
rnn_only,2,12,next_parity,22,0.4579945799457994,
rnn_only,2,12,next_parity,23,0.5418918918918919,
rnn_only,2,12,next_parity,24,0.5068399452804377,
rnn_only,2,12,next_parity,25,0.5277777777777778,
rnn_only,2,12,next_parity,26,0.47972972972972977,
rnn_only,2,12,next_parity,27,0.5163120567375887,
rnn_only,2,12,next_parity,28,0.6009485094850949,
rnn_only,2,12,next_parity,29,0.5761904761904761,
rnn_only,2,12,next_parity,30,0.33672086720867206,
rnn_only,2,12,next_parity,31,0.5378378378378379,
rnn_only,2,12,next_parity,32,0.44062078272604593,
rnn_only,2,12,next_parity,33,0.540650406504065,
rnn_only,2,12,next_parity,34,0.4342105263157895,
rnn_only,2,12,next_parity,35,0.5089605734767025,
rnn_only,2,12,next_parity,36,0.49278846153846156,
rnn_only,2,12,next_parity,37,0.3942652329749104,
rnn_only,2,12,next_parity,38,0.7666666666666666,
rnn_only,2,12,next_parity,39,,
rnn_only,2,12,next_parity,40,,
rnn_only,2,12,next_parity,41,,
rnn_only,2,12,next_parity,42,,
rnn_only,2,12,next_parity,43,,
rnn_only,2,12,next_parity,44,,
rnn_only,2,12,next_parity,45,,
rnn_only,2,12,next_parity,46,,
rnn_only,2,12,next_parity,47,,
rnn_only,2,12,next_parity,48,,
rnn_only,2,13,incoming_bit,0,1.0,
rnn_only,2,13,incoming_bit,1,1.0,
rnn_only,2,13,incoming_bit,2,1.0,
rnn_only,2,13,incoming_bit,3,0.9919028340080971,
rnn_only,2,13,incoming_bit,4,1.0,
rnn_only,2,13,incoming_bit,5,1.0,
rnn_only,2,13,incoming_bit,6,1.0,
rnn_only,2,13,incoming_bit,7,1.0,
rnn_only,2,13,incoming_bit,8,1.0,
rnn_only,2,13,incoming_bit,9,1.0,
rnn_only,2,13,incoming_bit,10,1.0,
rnn_only,2,13,incoming_bit,11,1.0,
rnn_only,2,13,incoming_bit,12,1.0,
rnn_only,2,13,incoming_bit,13,1.0,
rnn_only,2,13,incoming_bit,14,1.0,
rnn_only,2,13,incoming_bit,15,1.0,
rnn_only,2,13,incoming_bit,16,1.0,
rnn_only,2,13,incoming_bit,17,1.0,
rnn_only,2,13,incoming_bit,18,1.0,
rnn_only,2,13,incoming_bit,19,1.0,
rnn_only,2,13,incoming_bit,20,1.0,
rnn_only,2,13,incoming_bit,21,1.0,
rnn_only,2,13,incoming_bit,22,1.0,
rnn_only,2,13,incoming_bit,23,1.0,
rnn_only,2,13,incoming_bit,24,1.0,
rnn_only,2,13,incoming_bit,25,1.0,
rnn_only,2,13,incoming_bit,26,1.0,
rnn_only,2,13,incoming_bit,27,1.0,
rnn_only,2,13,incoming_bit,28,1.0,
rnn_only,2,13,incoming_bit,29,1.0,
rnn_only,2,13,incoming_bit,30,1.0,
rnn_only,2,13,incoming_bit,31,1.0,
rnn_only,2,13,incoming_bit,32,1.0,
rnn_only,2,13,incoming_bit,33,1.0,
rnn_only,2,13,incoming_bit,34,1.0,
rnn_only,2,13,incoming_bit,35,1.0,
rnn_only,2,13,incoming_bit,36,1.0,
rnn_only,2,13,incoming_bit,37,1.0,
rnn_only,2,13,incoming_bit,38,1.0,
rnn_only,2,13,incoming_bit,39,1.0,
rnn_only,2,13,incoming_bit,40,1.0,
rnn_only,2,13,incoming_bit,41,1.0,
rnn_only,2,13,incoming_bit,42,1.0,
rnn_only,2,13,incoming_bit,43,1.0,
rnn_only,2,13,incoming_bit,44,1.0,
rnn_only,2,13,incoming_bit,45,1.0,
rnn_only,2,13,incoming_bit,46,1.0,
rnn_only,2,13,incoming_bit,47,1.0,
rnn_only,2,13,incoming_bit,48,1.0,
rnn_only,2,13,incoming_bit,49,1.0,
rnn_only,2,13,incoming_bit,50,1.0,
rnn_only,2,13,incoming_bit,51,1.0,
rnn_only,2,13,incoming_bit,52,1.0,
rnn_only,2,13,outgoing_bit,0,0.8268222560460003,
rnn_only,2,13,outgoing_bit,1,0.8074829931972789,
rnn_only,2,13,outgoing_bit,2,0.8741565452091767,
rnn_only,2,13,outgoing_bit,3,0.8315878378378379,
rnn_only,2,13,outgoing_bit,4,0.9076923076923077,
rnn_only,2,13,outgoing_bit,5,0.903541991534863,
rnn_only,2,13,outgoing_bit,6,0.859402852049911,
rnn_only,2,13,outgoing_bit,7,0.8525985663082437,
rnn_only,2,13,outgoing_bit,8,0.8047820823244551,
rnn_only,2,13,outgoing_bit,9,0.8400000000000001,
rnn_only,2,13,outgoing_bit,10,0.7657575757575757,
rnn_only,2,13,outgoing_bit,11,0.8304930006086427,
rnn_only,2,13,outgoing_bit,12,0.8497267759562842,
rnn_only,2,13,outgoing_bit,13,0.8745454545454545,
rnn_only,2,13,outgoing_bit,14,0.8056164984642387,
rnn_only,2,13,outgoing_bit,15,0.8445505861919236,
rnn_only,2,13,outgoing_bit,16,0.8028846153846155,
rnn_only,2,13,outgoing_bit,17,0.7648091268100045,
rnn_only,2,13,outgoing_bit,18,0.8328924162257495,
rnn_only,2,13,outgoing_bit,19,0.8241424229266174,
rnn_only,2,13,outgoing_bit,20,0.841304347826087,
rnn_only,2,13,outgoing_bit,21,0.8345765686704695,
rnn_only,2,13,outgoing_bit,22,0.7851851851851852,
rnn_only,2,13,outgoing_bit,23,0.742509769865393,
rnn_only,2,13,outgoing_bit,24,0.8731899956121105,
rnn_only,2,13,outgoing_bit,25,0.7960869565217391,
rnn_only,2,13,outgoing_bit,26,0.8691304347826087,
rnn_only,2,13,outgoing_bit,27,0.7403050108932462,
rnn_only,2,13,outgoing_bit,28,0.8710239651416122,
rnn_only,2,13,outgoing_bit,29,0.8457350272232305,
rnn_only,2,13,outgoing_bit,30,0.8374727668845316,
rnn_only,2,13,outgoing_bit,31,0.9,
rnn_only,2,13,outgoing_bit,32,0.8715034965034965,
rnn_only,2,13,outgoing_bit,33,0.8569500674763832,
rnn_only,2,13,outgoing_bit,34,0.7293388429752066,
rnn_only,2,13,outgoing_bit,35,0.8466216216216216,
rnn_only,2,13,outgoing_bit,36,0.736111111111111,
rnn_only,2,13,outgoing_bit,37,0.7333333333333334,
rnn_only,2,13,outgoing_bit,38,0.6333333333333333,
rnn_only,2,13,outgoing_bit,39,0.7444444444444445,
rnn_only,2,13,outgoing_bit,40,,
rnn_only,2,13,outgoing_bit,41,,
rnn_only,2,13,outgoing_bit,42,,
rnn_only,2,13,outgoing_bit,43,,
rnn_only,2,13,outgoing_bit,44,,
rnn_only,2,13,outgoing_bit,45,,
rnn_only,2,13,outgoing_bit,46,,
rnn_only,2,13,outgoing_bit,47,,
rnn_only,2,13,outgoing_bit,48,,
rnn_only,2,13,outgoing_bit,49,,
rnn_only,2,13,outgoing_bit,50,,
rnn_only,2,13,outgoing_bit,51,,
rnn_only,2,13,outgoing_bit,52,,
rnn_only,2,13,next_parity,0,,
rnn_only,2,13,next_parity,1,0.5242194092827004,
rnn_only,2,13,next_parity,2,0.5359929078014185,
rnn_only,2,13,next_parity,3,0.5086734693877552,
rnn_only,2,13,next_parity,4,0.5357203461734261,
rnn_only,2,13,next_parity,5,0.543353576248313,
rnn_only,2,13,next_parity,6,0.5133689839572192,
rnn_only,2,13,next_parity,7,0.5021181716833891,
rnn_only,2,13,next_parity,8,0.3877876509455457,
rnn_only,2,13,next_parity,9,0.5236918931057715,
rnn_only,2,13,next_parity,10,0.5145454545454545,
rnn_only,2,13,next_parity,11,0.4773009950248756,
rnn_only,2,13,next_parity,12,0.5415873015873016,
rnn_only,2,13,next_parity,13,0.4637857577601947,
rnn_only,2,13,next_parity,14,0.5741076830006049,
rnn_only,2,13,next_parity,15,0.4558457711442786,
rnn_only,2,13,next_parity,16,0.4896930829134219,
rnn_only,2,13,next_parity,17,0.4413043478260869,
rnn_only,2,13,next_parity,18,0.5551198257080611,
rnn_only,2,13,next_parity,19,0.49411764705882355,
rnn_only,2,13,next_parity,20,0.40472027972027974,
rnn_only,2,13,next_parity,21,0.48111159357359967,
rnn_only,2,13,next_parity,22,0.5208695652173913,
rnn_only,2,13,next_parity,23,0.5004370629370629,
rnn_only,2,13,next_parity,24,0.4351851851851851,
rnn_only,2,13,next_parity,25,0.4310421286031042,
rnn_only,2,13,next_parity,26,0.46634615384615385,
rnn_only,2,13,next_parity,27,0.49250440917107585,
rnn_only,2,13,next_parity,28,0.44791666666666674,
rnn_only,2,13,next_parity,29,0.5939130434782608,
rnn_only,2,13,next_parity,30,0.4318576388888889,
rnn_only,2,13,next_parity,31,0.4713541666666667,
rnn_only,2,13,next_parity,32,0.4594007815892314,
rnn_only,2,13,next_parity,33,0.49527665317139,
rnn_only,2,13,next_parity,34,0.5071895424836601,
rnn_only,2,13,next_parity,35,0.4358108108108108,
rnn_only,2,13,next_parity,36,0.49864498644986444,
rnn_only,2,13,next_parity,37,0.5554054054054054,
rnn_only,2,13,next_parity,38,0.47899159663865554,
rnn_only,2,13,next_parity,39,0.5897435897435898,
rnn_only,2,13,next_parity,40,0.46428571428571425,
rnn_only,2,13,next_parity,41,0.6363636363636364,
rnn_only,2,13,next_parity,42,,
rnn_only,2,13,next_parity,43,,
rnn_only,2,13,next_parity,44,,
rnn_only,2,13,next_parity,45,,
rnn_only,2,13,next_parity,46,,
rnn_only,2,13,next_parity,47,,
rnn_only,2,13,next_parity,48,,
rnn_only,2,13,next_parity,49,,
rnn_only,2,13,next_parity,50,,
rnn_only,2,13,next_parity,51,,
rnn_only,2,13,next_parity,52,,
rnn_only,2,14,incoming_bit,0,1.0,
rnn_only,2,14,incoming_bit,1,1.0,
rnn_only,2,14,incoming_bit,2,1.0,
rnn_only,2,14,incoming_bit,3,1.0,
rnn_only,2,14,incoming_bit,4,1.0,
rnn_only,2,14,incoming_bit,5,1.0,
rnn_only,2,14,incoming_bit,6,1.0,
rnn_only,2,14,incoming_bit,7,1.0,
rnn_only,2,14,incoming_bit,8,1.0,
rnn_only,2,14,incoming_bit,9,1.0,
rnn_only,2,14,incoming_bit,10,1.0,
rnn_only,2,14,incoming_bit,11,1.0,
rnn_only,2,14,incoming_bit,12,1.0,
rnn_only,2,14,incoming_bit,13,1.0,
rnn_only,2,14,incoming_bit,14,1.0,
rnn_only,2,14,incoming_bit,15,1.0,
rnn_only,2,14,incoming_bit,16,1.0,
rnn_only,2,14,incoming_bit,17,1.0,
rnn_only,2,14,incoming_bit,18,1.0,
rnn_only,2,14,incoming_bit,19,1.0,
rnn_only,2,14,incoming_bit,20,1.0,
rnn_only,2,14,incoming_bit,21,1.0,
rnn_only,2,14,incoming_bit,22,1.0,
rnn_only,2,14,incoming_bit,23,1.0,
rnn_only,2,14,incoming_bit,24,1.0,
rnn_only,2,14,incoming_bit,25,1.0,
rnn_only,2,14,incoming_bit,26,1.0,
rnn_only,2,14,incoming_bit,27,1.0,
rnn_only,2,14,incoming_bit,28,1.0,
rnn_only,2,14,incoming_bit,29,1.0,
rnn_only,2,14,incoming_bit,30,1.0,
rnn_only,2,14,incoming_bit,31,1.0,
rnn_only,2,14,incoming_bit,32,1.0,
rnn_only,2,14,incoming_bit,33,1.0,
rnn_only,2,14,incoming_bit,34,1.0,
rnn_only,2,14,incoming_bit,35,1.0,
rnn_only,2,14,incoming_bit,36,1.0,
rnn_only,2,14,incoming_bit,37,1.0,
rnn_only,2,14,incoming_bit,38,1.0,
rnn_only,2,14,incoming_bit,39,1.0,
rnn_only,2,14,incoming_bit,40,1.0,
rnn_only,2,14,incoming_bit,41,1.0,
rnn_only,2,14,incoming_bit,42,1.0,
rnn_only,2,14,incoming_bit,43,1.0,
rnn_only,2,14,incoming_bit,44,1.0,
rnn_only,2,14,incoming_bit,45,1.0,
rnn_only,2,14,incoming_bit,46,1.0,
rnn_only,2,14,incoming_bit,47,1.0,
rnn_only,2,14,incoming_bit,48,1.0,
rnn_only,2,14,incoming_bit,49,1.0,
rnn_only,2,14,incoming_bit,50,1.0,
rnn_only,2,14,incoming_bit,51,1.0,
rnn_only,2,14,incoming_bit,52,1.0,
rnn_only,2,14,incoming_bit,53,1.0,
rnn_only,2,14,outgoing_bit,0,0.8387533875338753,
rnn_only,2,14,outgoing_bit,1,0.9222053103331642,
rnn_only,2,14,outgoing_bit,2,0.8768581081081082,
rnn_only,2,14,outgoing_bit,3,0.8461538461538461,
rnn_only,2,14,outgoing_bit,4,0.8651433691756273,
rnn_only,2,14,outgoing_bit,5,0.8689732142857144,
rnn_only,2,14,outgoing_bit,6,0.8161764705882353,
rnn_only,2,14,outgoing_bit,7,0.8471931050547402,
rnn_only,2,14,outgoing_bit,8,0.7985347985347986,
rnn_only,2,14,outgoing_bit,9,0.8587622549019608,
rnn_only,2,14,outgoing_bit,10,0.8418461538461539,
rnn_only,2,14,outgoing_bit,11,0.8600121728545344,
rnn_only,2,14,outgoing_bit,12,0.7936507936507937,
rnn_only,2,14,outgoing_bit,13,0.8612629022465088,
rnn_only,2,14,outgoing_bit,14,0.896930829134219,
rnn_only,2,14,outgoing_bit,15,0.8008695652173913,
rnn_only,2,14,outgoing_bit,16,0.7898200965335673,
rnn_only,2,14,outgoing_bit,17,0.865291794646775,
rnn_only,2,14,outgoing_bit,18,0.78894251864853,
rnn_only,2,14,outgoing_bit,19,0.8410768562744246,
rnn_only,2,14,outgoing_bit,20,0.8191721132897604,
rnn_only,2,14,outgoing_bit,21,0.8572062084257206,
rnn_only,2,14,outgoing_bit,22,0.8941798941798942,
rnn_only,2,14,outgoing_bit,23,0.8604347826086957,
rnn_only,2,14,outgoing_bit,24,0.795049934867564,
rnn_only,2,14,outgoing_bit,25,0.7714285714285714,
rnn_only,2,14,outgoing_bit,26,0.8448801742919391,
rnn_only,2,14,outgoing_bit,27,0.7856481481481481,
rnn_only,2,14,outgoing_bit,28,0.8954248366013071,
rnn_only,2,14,outgoing_bit,29,0.840034965034965,
rnn_only,2,14,outgoing_bit,30,0.8325892857142857,
rnn_only,2,14,outgoing_bit,31,0.7722902097902098,
rnn_only,2,14,outgoing_bit,32,0.8050369083803735,
rnn_only,2,14,outgoing_bit,33,0.8258503401360545,
rnn_only,2,14,outgoing_bit,34,0.8265582655826558,
rnn_only,2,14,outgoing_bit,35,0.7844594594594595,
rnn_only,2,14,outgoing_bit,36,0.9551820728291316,
rnn_only,2,14,outgoing_bit,37,0.3522727272727273,
rnn_only,2,14,outgoing_bit,38,0.6547619047619047,
rnn_only,2,14,outgoing_bit,39,0.43333333333333335,
rnn_only,2,14,outgoing_bit,40,,
rnn_only,2,14,outgoing_bit,41,,
rnn_only,2,14,outgoing_bit,42,,
rnn_only,2,14,outgoing_bit,43,,
rnn_only,2,14,outgoing_bit,44,,
rnn_only,2,14,outgoing_bit,45,,
rnn_only,2,14,outgoing_bit,46,,
rnn_only,2,14,outgoing_bit,47,,
rnn_only,2,14,outgoing_bit,48,,
rnn_only,2,14,outgoing_bit,49,,
rnn_only,2,14,outgoing_bit,50,,
rnn_only,2,14,outgoing_bit,51,,
rnn_only,2,14,outgoing_bit,52,,
rnn_only,2,14,outgoing_bit,53,,
rnn_only,2,14,next_parity,0,,
rnn_only,2,14,next_parity,1,0.4560634171023782,
rnn_only,2,14,next_parity,2,0.5022229822161423,
rnn_only,2,14,next_parity,3,0.493421052631579,
rnn_only,2,14,next_parity,4,0.5341858482523444,
rnn_only,2,14,next_parity,5,0.49713225371120107,
rnn_only,2,14,next_parity,6,0.47954393024815556,
rnn_only,2,14,next_parity,7,0.47638418079096045,
rnn_only,2,14,next_parity,8,0.47663760339816674,
rnn_only,2,14,next_parity,9,0.47504456327985745,
rnn_only,2,14,next_parity,10,0.5148423005565863,
rnn_only,2,14,next_parity,11,0.508923076923077,
rnn_only,2,14,next_parity,12,0.5529230769230769,
rnn_only,2,14,next_parity,13,0.5906877662811929,
rnn_only,2,14,next_parity,14,0.4684601113172542,
rnn_only,2,14,next_parity,15,0.49909200968523004,
rnn_only,2,14,next_parity,16,0.5008695652173913,
rnn_only,2,14,next_parity,17,0.4574074074074074,
rnn_only,2,14,next_parity,18,0.5629370629370629,
rnn_only,2,14,next_parity,19,0.48721340388007056,
rnn_only,2,14,next_parity,20,0.5204347826086957,
rnn_only,2,14,next_parity,21,0.4721369021500659,
rnn_only,2,14,next_parity,22,0.4357517482517483,
rnn_only,2,14,next_parity,23,0.5313734093900834,
rnn_only,2,14,next_parity,24,0.43089074155331286,
rnn_only,2,14,next_parity,25,0.5677083333333333,
rnn_only,2,14,next_parity,26,0.5121739130434783,
rnn_only,2,14,next_parity,27,0.475647213690215,
rnn_only,2,14,next_parity,28,0.5108695652173912,
rnn_only,2,14,next_parity,29,0.5084672166739036,
rnn_only,2,14,next_parity,30,0.3956427015250545,
rnn_only,2,14,next_parity,31,0.5004340277777777,
rnn_only,2,14,next_parity,32,0.5995652173913043,
rnn_only,2,14,next_parity,33,0.39600886917960093,
rnn_only,2,14,next_parity,34,0.5136778115501519,
rnn_only,2,14,next_parity,35,0.49722222222222223,
rnn_only,2,14,next_parity,36,0.3997289972899729,
rnn_only,2,14,next_parity,37,0.4752066115702479,
rnn_only,2,14,next_parity,38,0.5888888888888889,
rnn_only,2,14,next_parity,39,0.4375,
rnn_only,2,14,next_parity,40,0.44047619047619047,
rnn_only,2,14,next_parity,41,0.6022727272727273,
rnn_only,2,14,next_parity,42,,
rnn_only,2,14,next_parity,43,,
rnn_only,2,14,next_parity,44,,
rnn_only,2,14,next_parity,45,,
rnn_only,2,14,next_parity,46,,
rnn_only,2,14,next_parity,47,,
rnn_only,2,14,next_parity,48,,
rnn_only,2,14,next_parity,49,,
rnn_only,2,14,next_parity,50,,
rnn_only,2,14,next_parity,51,,
rnn_only,2,14,next_parity,52,,
rnn_only,2,14,next_parity,53,,
rnn_only,2,15,incoming_bit,0,1.0,
rnn_only,2,15,incoming_bit,1,1.0,
rnn_only,2,15,incoming_bit,2,1.0,
rnn_only,2,15,incoming_bit,3,1.0,
rnn_only,2,15,incoming_bit,4,1.0,
rnn_only,2,15,incoming_bit,5,1.0,
rnn_only,2,15,incoming_bit,6,1.0,
rnn_only,2,15,incoming_bit,7,1.0,
rnn_only,2,15,incoming_bit,8,1.0,
rnn_only,2,15,incoming_bit,9,0.9996626749873503,
rnn_only,2,15,incoming_bit,10,1.0,
rnn_only,2,15,incoming_bit,11,1.0,
rnn_only,2,15,incoming_bit,12,1.0,
rnn_only,2,15,incoming_bit,13,1.0,
rnn_only,2,15,incoming_bit,14,1.0,
rnn_only,2,15,incoming_bit,15,1.0,
rnn_only,2,15,incoming_bit,16,1.0,
rnn_only,2,15,incoming_bit,17,1.0,
rnn_only,2,15,incoming_bit,18,1.0,
rnn_only,2,15,incoming_bit,19,1.0,
rnn_only,2,15,incoming_bit,20,1.0,
rnn_only,2,15,incoming_bit,21,1.0,
rnn_only,2,15,incoming_bit,22,1.0,
rnn_only,2,15,incoming_bit,23,1.0,
rnn_only,2,15,incoming_bit,24,1.0,
rnn_only,2,15,incoming_bit,25,1.0,
rnn_only,2,15,incoming_bit,26,1.0,
rnn_only,2,15,incoming_bit,27,0.9833635813672111,
rnn_only,2,15,incoming_bit,28,0.9814814814814815,
rnn_only,2,15,incoming_bit,29,1.0,
rnn_only,2,15,incoming_bit,30,1.0,
rnn_only,2,15,incoming_bit,31,1.0,
rnn_only,2,15,incoming_bit,32,1.0,
rnn_only,2,15,incoming_bit,33,1.0,
rnn_only,2,15,incoming_bit,34,1.0,
rnn_only,2,15,incoming_bit,35,1.0,
rnn_only,2,15,incoming_bit,36,1.0,
rnn_only,2,15,incoming_bit,37,1.0,
rnn_only,2,15,incoming_bit,38,1.0,
rnn_only,2,15,incoming_bit,39,1.0,
rnn_only,2,15,incoming_bit,40,1.0,
rnn_only,2,15,incoming_bit,41,1.0,
rnn_only,2,15,incoming_bit,42,1.0,
rnn_only,2,15,incoming_bit,43,1.0,
rnn_only,2,15,incoming_bit,44,1.0,
rnn_only,2,15,incoming_bit,45,1.0,
rnn_only,2,15,incoming_bit,46,1.0,
rnn_only,2,15,incoming_bit,47,1.0,
rnn_only,2,15,incoming_bit,48,1.0,
rnn_only,2,15,incoming_bit,49,1.0,
rnn_only,2,15,incoming_bit,50,1.0,
rnn_only,2,15,incoming_bit,51,1.0,
rnn_only,2,15,incoming_bit,52,1.0,
rnn_only,2,15,incoming_bit,53,0.9944598337950139,
rnn_only,2,15,incoming_bit,54,1.0,
rnn_only,2,15,incoming_bit,55,1.0,
rnn_only,2,15,incoming_bit,56,1.0,
rnn_only,2,15,incoming_bit,57,1.0,
rnn_only,2,15,incoming_bit,58,1.0,
rnn_only,2,15,incoming_bit,59,1.0,
rnn_only,2,15,outgoing_bit,0,0.8688832054560954,
rnn_only,2,15,outgoing_bit,1,0.8450870962286487,
rnn_only,2,15,outgoing_bit,2,0.847640218878249,
rnn_only,2,15,outgoing_bit,3,0.8215249662618084,
rnn_only,2,15,outgoing_bit,4,0.8153263533080863,
rnn_only,2,15,outgoing_bit,5,0.8597547380156076,
rnn_only,2,15,outgoing_bit,6,0.839241917502787,
rnn_only,2,15,outgoing_bit,7,0.8100157197395016,
rnn_only,2,15,outgoing_bit,8,0.8712121212121212,
rnn_only,2,15,outgoing_bit,9,0.8515482695810564,
rnn_only,2,15,outgoing_bit,10,0.8058608058608059,
rnn_only,2,15,outgoing_bit,11,0.8306110102843315,
rnn_only,2,15,outgoing_bit,12,0.8818525519848771,
rnn_only,2,15,outgoing_bit,13,0.7677045177045175,
rnn_only,2,15,outgoing_bit,14,0.8199300699300699,
rnn_only,2,15,outgoing_bit,15,0.7746288798920378,
rnn_only,2,15,outgoing_bit,16,0.7551020408163266,
rnn_only,2,15,outgoing_bit,17,0.8854030501089325,
rnn_only,2,15,outgoing_bit,18,0.7529309596178897,
rnn_only,2,15,outgoing_bit,19,0.8034225537516455,
rnn_only,2,15,outgoing_bit,20,0.8246527777777778,
rnn_only,2,15,outgoing_bit,21,0.814155449413808,
rnn_only,2,15,outgoing_bit,22,0.8196428571428571,
rnn_only,2,15,outgoing_bit,23,0.7986607142857143,
rnn_only,2,15,outgoing_bit,24,0.8111159357359965,
rnn_only,2,15,outgoing_bit,25,0.8454190186712983,
rnn_only,2,15,outgoing_bit,26,0.8642857142857143,
rnn_only,2,15,outgoing_bit,27,0.812852800694746,
rnn_only,2,15,outgoing_bit,28,0.7952173913043479,
rnn_only,2,15,outgoing_bit,29,0.8448426573426574,
rnn_only,2,15,outgoing_bit,30,0.7840909090909092,
rnn_only,2,15,outgoing_bit,31,0.8660753880266076,
rnn_only,2,15,outgoing_bit,32,0.8271324863883848,
rnn_only,2,15,outgoing_bit,33,0.8879892037786775,
rnn_only,2,15,outgoing_bit,34,0.8023415977961432,
rnn_only,2,15,outgoing_bit,35,0.8523809523809524,
rnn_only,2,15,outgoing_bit,36,0.7236363636363636,
rnn_only,2,15,outgoing_bit,37,0.7692307692307693,
rnn_only,2,15,outgoing_bit,38,0.5734072022160664,
rnn_only,2,15,outgoing_bit,39,0.742382271468144,
rnn_only,2,15,outgoing_bit,40,0.7666666666666666,
rnn_only,2,15,outgoing_bit,41,0.5897435897435896,
rnn_only,2,15,outgoing_bit,42,0.6285714285714286,
rnn_only,2,15,outgoing_bit,43,0.6666666666666665,
rnn_only,2,15,outgoing_bit,44,0.7840909090909091,
rnn_only,2,15,outgoing_bit,45,,
rnn_only,2,15,outgoing_bit,46,,
rnn_only,2,15,outgoing_bit,47,,
rnn_only,2,15,outgoing_bit,48,,
rnn_only,2,15,outgoing_bit,49,,
rnn_only,2,15,outgoing_bit,50,,
rnn_only,2,15,outgoing_bit,51,,
rnn_only,2,15,outgoing_bit,52,,
rnn_only,2,15,outgoing_bit,53,,
rnn_only,2,15,outgoing_bit,54,,
rnn_only,2,15,outgoing_bit,55,,
rnn_only,2,15,outgoing_bit,56,,
rnn_only,2,15,outgoing_bit,57,,
rnn_only,2,15,outgoing_bit,58,,
rnn_only,2,15,outgoing_bit,59,,
rnn_only,2,15,next_parity,0,,
rnn_only,2,15,next_parity,1,0.4515957446808511,
rnn_only,2,15,next_parity,2,0.49843750000000003,
rnn_only,2,15,next_parity,3,0.573509485094851,
rnn_only,2,15,next_parity,4,0.4477891156462585,
rnn_only,2,15,next_parity,5,0.5270270270270271,
rnn_only,2,15,next_parity,6,0.47410714285714284,
rnn_only,2,15,next_parity,7,0.5313266443701226,
rnn_only,2,15,next_parity,8,0.39717741935483875,
rnn_only,2,15,next_parity,9,0.508130986856761,
rnn_only,2,15,next_parity,10,0.5680992736077481,
rnn_only,2,15,next_parity,11,0.45248184019370463,
rnn_only,2,15,next_parity,12,0.4860859044162129,
rnn_only,2,15,next_parity,13,0.44465174129353235,
rnn_only,2,15,next_parity,14,0.389093137254902,
rnn_only,2,15,next_parity,15,0.4746642246642247,
rnn_only,2,15,next_parity,16,0.5297438124185845,
rnn_only,2,15,next_parity,17,0.46031746031746035,
rnn_only,2,15,next_parity,18,0.3721132897603486,
rnn_only,2,15,next_parity,19,0.5164930555555556,
rnn_only,2,15,next_parity,20,0.5113043478260869,
rnn_only,2,15,next_parity,21,0.46652173913043476,
rnn_only,2,15,next_parity,22,0.506993006993007,
rnn_only,2,15,next_parity,23,0.43899261832392533,
rnn_only,2,15,next_parity,24,0.49847494553376903,
rnn_only,2,15,next_parity,25,0.4795652173913043,
rnn_only,2,15,next_parity,26,0.5099778270509978,
rnn_only,2,15,next_parity,27,0.44047619047619047,
rnn_only,2,15,next_parity,28,0.5809312638580931,
rnn_only,2,15,next_parity,29,0.48603104212860315,
rnn_only,2,15,next_parity,30,0.5639130434782609,
rnn_only,2,15,next_parity,31,0.5497177594442032,
rnn_only,2,15,next_parity,32,0.5692574902301346,
rnn_only,2,15,next_parity,33,0.5429599640125956,
rnn_only,2,15,next_parity,34,0.5203993055555556,
rnn_only,2,15,next_parity,35,0.5,
rnn_only,2,15,next_parity,36,0.5195945945945946,
rnn_only,2,15,next_parity,37,0.6472972972972973,
rnn_only,2,15,next_parity,38,0.43509615384615385,
rnn_only,2,15,next_parity,39,0.625,
rnn_only,2,15,next_parity,40,0.49859943977591037,
rnn_only,2,15,next_parity,41,0.5373961218836565,
rnn_only,2,15,next_parity,42,0.3166666666666667,
rnn_only,2,15,next_parity,43,0.5227272727272727,
rnn_only,2,15,next_parity,44,0.35897435897435903,
rnn_only,2,15,next_parity,45,0.7142857142857142,
rnn_only,2,15,next_parity,46,0.3977272727272727,
rnn_only,2,15,next_parity,47,,
rnn_only,2,15,next_parity,48,,
rnn_only,2,15,next_parity,49,,
rnn_only,2,15,next_parity,50,,
rnn_only,2,15,next_parity,51,,
rnn_only,2,15,next_parity,52,,
rnn_only,2,15,next_parity,53,,
rnn_only,2,15,next_parity,54,,
rnn_only,2,15,next_parity,55,,
rnn_only,2,15,next_parity,56,,
rnn_only,2,15,next_parity,57,,
rnn_only,2,15,next_parity,58,,
rnn_only,2,15,next_parity,59,,
rnn_only,3,2,incoming_bit,0,1.0,
rnn_only,3,2,incoming_bit,1,1.0,
rnn_only,3,2,incoming_bit,2,0.9999999999999999,
rnn_only,3,2,incoming_bit,3,1.0,
rnn_only,3,2,incoming_bit,4,1.0,
rnn_only,3,2,incoming_bit,5,1.0,
rnn_only,3,2,incoming_bit,6,1.0,
rnn_only,3,2,incoming_bit,7,1.0,
rnn_only,3,2,incoming_bit,8,1.0,
rnn_only,3,2,outgoing_bit,0,1.0,
rnn_only,3,2,outgoing_bit,1,1.0,
rnn_only,3,2,outgoing_bit,2,1.0,
rnn_only,3,2,outgoing_bit,3,1.0,
rnn_only,3,2,outgoing_bit,4,1.0,
rnn_only,3,2,outgoing_bit,5,1.0,
rnn_only,3,2,outgoing_bit,6,1.0,
rnn_only,3,2,outgoing_bit,7,,
rnn_only,3,2,outgoing_bit,8,,
rnn_only,3,2,next_parity,0,,
rnn_only,3,2,next_parity,1,0.4779411764705882,
rnn_only,3,2,next_parity,2,0.5473998294970163,
rnn_only,3,2,next_parity,3,0.5344156942330458,
rnn_only,3,2,next_parity,4,0.5493337831000169,
rnn_only,3,2,next_parity,5,0.5276509386098427,
rnn_only,3,2,next_parity,6,0.45136054421768707,
rnn_only,3,2,next_parity,7,0.6797101449275362,
rnn_only,3,2,next_parity,8,0.5284090909090908,
rnn_only,3,3,incoming_bit,0,1.0,
rnn_only,3,3,incoming_bit,1,1.0,
rnn_only,3,3,incoming_bit,2,1.0,
rnn_only,3,3,incoming_bit,3,0.9999999999999999,
rnn_only,3,3,incoming_bit,4,1.0,
rnn_only,3,3,incoming_bit,5,1.0,
rnn_only,3,3,incoming_bit,6,1.0,
rnn_only,3,3,incoming_bit,7,1.0,
rnn_only,3,3,incoming_bit,8,1.0,
rnn_only,3,3,incoming_bit,9,1.0,
rnn_only,3,3,incoming_bit,10,0.9999999999999999,
rnn_only,3,3,incoming_bit,11,1.0,
rnn_only,3,3,outgoing_bit,0,0.9955962059620597,
rnn_only,3,3,outgoing_bit,1,0.9974593495934959,
rnn_only,3,3,outgoing_bit,2,0.9996612466124661,
rnn_only,3,3,outgoing_bit,3,1.0,
rnn_only,3,3,outgoing_bit,4,0.9917211328976036,
rnn_only,3,3,outgoing_bit,5,1.0,
rnn_only,3,3,outgoing_bit,6,0.9986225895316804,
rnn_only,3,3,outgoing_bit,7,0.9986486486486487,
rnn_only,3,3,outgoing_bit,8,1.0,
rnn_only,3,3,outgoing_bit,9,,
rnn_only,3,3,outgoing_bit,10,,
rnn_only,3,3,outgoing_bit,11,,
rnn_only,3,3,next_parity,0,,
rnn_only,3,3,next_parity,1,0.5186996054211701,
rnn_only,3,3,next_parity,2,0.48140495867768596,
rnn_only,3,3,next_parity,3,0.4947144075021313,
rnn_only,3,3,next_parity,4,0.4647452846818262,
rnn_only,3,3,next_parity,5,0.5524540394670264,
rnn_only,3,3,next_parity,6,0.5660869565217391,
rnn_only,3,3,next_parity,7,0.3729674796747967,
rnn_only,3,3,next_parity,8,0.3625850340136055,
rnn_only,3,3,next_parity,9,0.4885416666666667,
rnn_only,3,3,next_parity,10,0.30113636363636365,
rnn_only,3,3,next_parity,11,,
rnn_only,3,4,incoming_bit,0,1.0,
rnn_only,3,4,incoming_bit,1,1.0,
rnn_only,3,4,incoming_bit,2,1.0,
rnn_only,3,4,incoming_bit,3,1.0,
rnn_only,3,4,incoming_bit,4,1.0,
rnn_only,3,4,incoming_bit,5,0.9999999999999999,
rnn_only,3,4,incoming_bit,6,1.0,
rnn_only,3,4,incoming_bit,7,1.0,
rnn_only,3,4,incoming_bit,8,1.0,
rnn_only,3,4,incoming_bit,9,1.0,
rnn_only,3,4,incoming_bit,10,1.0,
rnn_only,3,4,incoming_bit,11,1.0,
rnn_only,3,4,incoming_bit,12,1.0,
rnn_only,3,4,incoming_bit,13,1.0,
rnn_only,3,4,incoming_bit,14,1.0,
rnn_only,3,4,incoming_bit,15,1.0,
rnn_only,3,4,incoming_bit,16,1.0,
rnn_only,3,4,outgoing_bit,0,0.929539295392954,
rnn_only,3,4,outgoing_bit,1,0.9752024291497976,
rnn_only,3,4,outgoing_bit,2,0.9743763787544544,
rnn_only,3,4,outgoing_bit,3,0.9608672659968271,
rnn_only,3,4,outgoing_bit,4,0.9546840958605665,
rnn_only,3,4,outgoing_bit,5,0.9331955922865014,
rnn_only,3,4,outgoing_bit,6,0.9844804318488529,
rnn_only,3,4,outgoing_bit,7,0.9284750337381916,
rnn_only,3,4,outgoing_bit,8,0.8944444444444445,
rnn_only,3,4,outgoing_bit,9,0.9030470914127423,
rnn_only,3,4,outgoing_bit,10,0.9131652661064426,
rnn_only,3,4,outgoing_bit,11,1.0,
rnn_only,3,4,outgoing_bit,12,1.0,
rnn_only,3,4,outgoing_bit,13,,
rnn_only,3,4,outgoing_bit,14,,
rnn_only,3,4,outgoing_bit,15,,
rnn_only,3,4,outgoing_bit,16,,
rnn_only,3,4,next_parity,0,,
rnn_only,3,4,next_parity,1,0.5147632784659766,
rnn_only,3,4,next_parity,2,0.5450302506482281,
rnn_only,3,4,next_parity,3,0.5352636127917026,
rnn_only,3,4,next_parity,4,0.49224211423699915,
rnn_only,3,4,next_parity,5,0.4505494505494506,
rnn_only,3,4,next_parity,6,0.5607902735562311,
rnn_only,3,4,next_parity,7,0.4094827586206896,
rnn_only,3,4,next_parity,8,0.36099290780141846,
rnn_only,3,4,next_parity,9,0.5308265582655827,
rnn_only,3,4,next_parity,10,0.57703081232493,
rnn_only,3,4,next_parity,11,0.3050595238095238,
rnn_only,3,4,next_parity,12,0.3884057971014493,
rnn_only,3,4,next_parity,13,0.45972222222222225,
rnn_only,3,4,next_parity,14,0.5333333333333333,
rnn_only,3,4,next_parity,15,,
rnn_only,3,4,next_parity,16,,
rnn_only,3,5,incoming_bit,0,1.0,
rnn_only,3,5,incoming_bit,1,1.0,
rnn_only,3,5,incoming_bit,2,1.0,
rnn_only,3,5,incoming_bit,3,1.0,
rnn_only,3,5,incoming_bit,4,1.0,
rnn_only,3,5,incoming_bit,5,1.0,
rnn_only,3,5,incoming_bit,6,1.0,
rnn_only,3,5,incoming_bit,7,1.0,
rnn_only,3,5,incoming_bit,8,1.0,
rnn_only,3,5,incoming_bit,9,1.0,
rnn_only,3,5,incoming_bit,10,1.0,
rnn_only,3,5,incoming_bit,11,1.0,
rnn_only,3,5,incoming_bit,12,1.0,
rnn_only,3,5,incoming_bit,13,1.0,
rnn_only,3,5,incoming_bit,14,1.0,
rnn_only,3,5,incoming_bit,15,1.0,
rnn_only,3,5,incoming_bit,16,1.0,
rnn_only,3,5,incoming_bit,17,1.0,
rnn_only,3,5,incoming_bit,18,1.0,
rnn_only,3,5,incoming_bit,19,1.0,
rnn_only,3,5,outgoing_bit,0,0.9340277777777778,
rnn_only,3,5,outgoing_bit,1,0.9694749694749695,
rnn_only,3,5,outgoing_bit,2,0.9745950554134698,
rnn_only,3,5,outgoing_bit,3,0.9719387755102041,
rnn_only,3,5,outgoing_bit,4,0.9799010513296228,
rnn_only,3,5,outgoing_bit,5,0.956559894690654,
rnn_only,3,5,outgoing_bit,6,0.9504168494953927,
rnn_only,3,5,outgoing_bit,7,0.9430434782608696,
rnn_only,3,5,outgoing_bit,8,0.9068322981366461,
rnn_only,3,5,outgoing_bit,9,0.9540372670807454,
rnn_only,3,5,outgoing_bit,10,0.9144736842105263,
rnn_only,3,5,outgoing_bit,11,0.9262782401902497,
rnn_only,3,5,outgoing_bit,12,0.9750000000000001,
rnn_only,3,5,outgoing_bit,13,0.9694444444444444,
rnn_only,3,5,outgoing_bit,14,0.8977272727272727,
rnn_only,3,5,outgoing_bit,15,,
rnn_only,3,5,outgoing_bit,16,,
rnn_only,3,5,outgoing_bit,17,,
rnn_only,3,5,outgoing_bit,18,,
rnn_only,3,5,outgoing_bit,19,,
rnn_only,3,5,next_parity,0,,
rnn_only,3,5,next_parity,1,0.540153452685422,
rnn_only,3,5,next_parity,2,0.48814363143631434,
rnn_only,3,5,next_parity,3,0.5300643631436314,
rnn_only,3,5,next_parity,4,0.5411764705882353,
rnn_only,3,5,next_parity,5,0.5011824324324324,
rnn_only,3,5,next_parity,6,0.41264687693259117,
rnn_only,3,5,next_parity,7,0.5128260869565218,
rnn_only,3,5,next_parity,8,0.5421237384817903,
rnn_only,3,5,next_parity,9,0.6023965141612201,
rnn_only,3,5,next_parity,10,0.5035714285714286,
rnn_only,3,5,next_parity,11,0.5558894230769231,
rnn_only,3,5,next_parity,12,0.6565113500597372,
rnn_only,3,5,next_parity,13,0.5165441176470588,
rnn_only,3,5,next_parity,14,0.4705528846153847,
rnn_only,3,5,next_parity,15,0.2972222222222222,
rnn_only,3,5,next_parity,16,0.6845238095238095,
rnn_only,3,5,next_parity,17,,
rnn_only,3,5,next_parity,18,,
rnn_only,3,5,next_parity,19,,
rnn_only,3,6,incoming_bit,0,1.0,
rnn_only,3,6,incoming_bit,1,1.0,
rnn_only,3,6,incoming_bit,2,1.0,
rnn_only,3,6,incoming_bit,3,1.0,
rnn_only,3,6,incoming_bit,4,1.0,
rnn_only,3,6,incoming_bit,5,1.0,
rnn_only,3,6,incoming_bit,6,0.9999999999999999,
rnn_only,3,6,incoming_bit,7,1.0,
rnn_only,3,6,incoming_bit,8,1.0,
rnn_only,3,6,incoming_bit,9,1.0,
rnn_only,3,6,incoming_bit,10,1.0,
rnn_only,3,6,incoming_bit,11,1.0,
rnn_only,3,6,incoming_bit,12,1.0,
rnn_only,3,6,incoming_bit,13,1.0,
rnn_only,3,6,incoming_bit,14,1.0,
rnn_only,3,6,incoming_bit,15,1.0,
rnn_only,3,6,incoming_bit,16,1.0,
rnn_only,3,6,incoming_bit,17,1.0,
rnn_only,3,6,incoming_bit,18,1.0,
rnn_only,3,6,incoming_bit,19,1.0,
rnn_only,3,6,outgoing_bit,0,0.9386114911080712,
rnn_only,3,6,outgoing_bit,1,0.9470657872484356,
rnn_only,3,6,outgoing_bit,2,0.983570460704607,
rnn_only,3,6,outgoing_bit,3,0.9520998482037444,
rnn_only,3,6,outgoing_bit,4,0.9285714285714286,
rnn_only,3,6,outgoing_bit,5,0.8108843537414966,
rnn_only,3,6,outgoing_bit,6,0.9291666666666667,
rnn_only,3,6,outgoing_bit,7,0.9459459459459459,
rnn_only,3,6,outgoing_bit,8,0.8919667590027701,
rnn_only,3,6,outgoing_bit,9,0.9222222222222223,
rnn_only,3,6,outgoing_bit,10,0.9663865546218486,
rnn_only,3,6,outgoing_bit,11,0.9667590027700831,
rnn_only,3,6,outgoing_bit,12,0.9333333333333333,
rnn_only,3,6,outgoing_bit,13,1.0,
rnn_only,3,6,outgoing_bit,14,,
rnn_only,3,6,outgoing_bit,15,,
rnn_only,3,6,outgoing_bit,16,,
rnn_only,3,6,outgoing_bit,17,,
rnn_only,3,6,outgoing_bit,18,,
rnn_only,3,6,outgoing_bit,19,,
rnn_only,3,6,next_parity,0,,
rnn_only,3,6,next_parity,1,0.5301020408163264,
rnn_only,3,6,next_parity,2,0.5075257906308135,
rnn_only,3,6,next_parity,3,0.4868759650025733,
rnn_only,3,6,next_parity,4,0.4997454607161038,
rnn_only,3,6,next_parity,5,0.49264705882352944,
rnn_only,3,6,next_parity,6,0.6217864923747277,
rnn_only,3,6,next_parity,7,0.596938775510204,
rnn_only,3,6,next_parity,8,0.4428571428571429,
rnn_only,3,6,next_parity,9,0.5427083333333333,
rnn_only,3,6,next_parity,10,0.431547619047619,
rnn_only,3,6,next_parity,11,0.5444444444444445,
rnn_only,3,6,next_parity,12,0.5180055401662049,
rnn_only,3,6,next_parity,13,0.7111111111111111,
rnn_only,3,6,next_parity,14,0.5269886363636364,
rnn_only,3,6,next_parity,15,0.5277777777777778,
rnn_only,3,6,next_parity,16,,
rnn_only,3,6,next_parity,17,,
rnn_only,3,6,next_parity,18,,
rnn_only,3,6,next_parity,19,,
rnn_only,3,7,incoming_bit,0,1.0,
rnn_only,3,7,incoming_bit,1,1.0,
rnn_only,3,7,incoming_bit,2,1.0,
rnn_only,3,7,incoming_bit,3,1.0,
rnn_only,3,7,incoming_bit,4,1.0,
rnn_only,3,7,incoming_bit,5,1.0,
rnn_only,3,7,incoming_bit,6,1.0,
rnn_only,3,7,incoming_bit,7,0.9999999999999999,
rnn_only,3,7,incoming_bit,8,0.9999999999999999,
rnn_only,3,7,incoming_bit,9,1.0,
rnn_only,3,7,incoming_bit,10,0.9999999999999999,
rnn_only,3,7,incoming_bit,11,1.0,
rnn_only,3,7,incoming_bit,12,1.0,
rnn_only,3,7,incoming_bit,13,1.0,
rnn_only,3,7,incoming_bit,14,1.0,
rnn_only,3,7,incoming_bit,15,1.0,
rnn_only,3,7,incoming_bit,16,1.0,
rnn_only,3,7,incoming_bit,17,1.0,
rnn_only,3,7,incoming_bit,18,1.0,
rnn_only,3,7,incoming_bit,19,0.9999999999999999,
rnn_only,3,7,incoming_bit,20,1.0,
rnn_only,3,7,outgoing_bit,0,0.8651360544217688,
rnn_only,3,7,outgoing_bit,1,0.9377564979480164,
rnn_only,3,7,outgoing_bit,2,0.9279464745239321,
rnn_only,3,7,outgoing_bit,3,0.9229082321187584,
rnn_only,3,7,outgoing_bit,4,0.9104870557261957,
rnn_only,3,7,outgoing_bit,5,0.8306342780026991,
rnn_only,3,7,outgoing_bit,6,0.8945945945945946,
rnn_only,3,7,outgoing_bit,7,0.8493055555555555,
rnn_only,3,7,outgoing_bit,8,0.853185595567867,
rnn_only,3,7,outgoing_bit,9,0.95,
rnn_only,3,7,outgoing_bit,10,0.9249999999999999,
rnn_only,3,7,outgoing_bit,11,0.9111111111111112,
rnn_only,3,7,outgoing_bit,12,0.8583333333333334,
rnn_only,3,7,outgoing_bit,13,0.9047619047619048,
rnn_only,3,7,outgoing_bit,14,,
rnn_only,3,7,outgoing_bit,15,,
rnn_only,3,7,outgoing_bit,16,,
rnn_only,3,7,outgoing_bit,17,,
rnn_only,3,7,outgoing_bit,18,,
rnn_only,3,7,outgoing_bit,19,,
rnn_only,3,7,outgoing_bit,20,,
rnn_only,3,7,next_parity,0,,
rnn_only,3,7,next_parity,1,0.5005387931034483,
rnn_only,3,7,next_parity,2,0.5377423228684165,
rnn_only,3,7,next_parity,3,0.5461696306429548,
rnn_only,3,7,next_parity,4,0.5663791645526807,
rnn_only,3,7,next_parity,5,0.5397188346883468,
rnn_only,3,7,next_parity,6,0.4457516339869281,
rnn_only,3,7,next_parity,7,0.513265306122449,
rnn_only,3,7,next_parity,8,0.47986111111111107,
rnn_only,3,7,next_parity,9,0.4400406504065041,
rnn_only,3,7,next_parity,10,0.40997229916897504,
rnn_only,3,7,next_parity,11,0.5574229691876751,
rnn_only,3,7,next_parity,12,0.45217391304347826,
rnn_only,3,7,next_parity,13,0.6134453781512605,
rnn_only,3,7,next_parity,14,0.6014492753623188,
rnn_only,3,7,next_parity,15,0.5583333333333333,
rnn_only,3,7,next_parity,16,,
rnn_only,3,7,next_parity,17,,
rnn_only,3,7,next_parity,18,,
rnn_only,3,7,next_parity,19,,
rnn_only,3,7,next_parity,20,,
rnn_only,3,8,incoming_bit,0,1.0,
rnn_only,3,8,incoming_bit,1,1.0,
rnn_only,3,8,incoming_bit,2,1.0,
rnn_only,3,8,incoming_bit,3,1.0,
rnn_only,3,8,incoming_bit,4,1.0,
rnn_only,3,8,incoming_bit,5,1.0,
rnn_only,3,8,incoming_bit,6,1.0,
rnn_only,3,8,incoming_bit,7,1.0,
rnn_only,3,8,incoming_bit,8,1.0,
rnn_only,3,8,incoming_bit,9,1.0,
rnn_only,3,8,incoming_bit,10,1.0,
rnn_only,3,8,incoming_bit,11,1.0,
rnn_only,3,8,incoming_bit,12,1.0,
rnn_only,3,8,incoming_bit,13,1.0,
rnn_only,3,8,incoming_bit,14,1.0,
rnn_only,3,8,incoming_bit,15,1.0,
rnn_only,3,8,incoming_bit,16,1.0,
rnn_only,3,8,incoming_bit,17,1.0,
rnn_only,3,8,incoming_bit,18,1.0,
rnn_only,3,8,incoming_bit,19,1.0,
rnn_only,3,8,incoming_bit,20,1.0,
rnn_only,3,8,incoming_bit,21,1.0,
rnn_only,3,8,outgoing_bit,0,0.8152834008097165,
rnn_only,3,8,outgoing_bit,1,0.9140202702702702,
rnn_only,3,8,outgoing_bit,2,0.910425101214575,
rnn_only,3,8,outgoing_bit,3,0.9345238095238095,
rnn_only,3,8,outgoing_bit,4,0.8313090418353576,
rnn_only,3,8,outgoing_bit,5,0.8635135135135135,
rnn_only,3,8,outgoing_bit,6,0.9343365253077975,
rnn_only,3,8,outgoing_bit,7,0.8775649794801642,
rnn_only,3,8,outgoing_bit,8,0.8057971014492753,
rnn_only,3,8,outgoing_bit,9,0.8444444444444444,
rnn_only,3,8,outgoing_bit,10,0.8235294117647058,
rnn_only,3,8,outgoing_bit,11,0.9043478260869566,
rnn_only,3,8,outgoing_bit,12,0.8767507002801119,
rnn_only,3,8,outgoing_bit,13,0.8333333333333333,
rnn_only,3,8,outgoing_bit,14,,
rnn_only,3,8,outgoing_bit,15,,
rnn_only,3,8,outgoing_bit,16,,
rnn_only,3,8,outgoing_bit,17,,
rnn_only,3,8,outgoing_bit,18,,
rnn_only,3,8,outgoing_bit,19,,
rnn_only,3,8,outgoing_bit,20,,
rnn_only,3,8,outgoing_bit,21,,
rnn_only,3,8,next_parity,0,,
rnn_only,3,8,next_parity,1,0.5454931972789115,
rnn_only,3,8,next_parity,2,0.4062925170068027,
rnn_only,3,8,next_parity,3,0.5620777027027027,
rnn_only,3,8,next_parity,4,0.45342140921409213,
rnn_only,3,8,next_parity,5,0.5525510204081633,
rnn_only,3,8,next_parity,6,0.41424162257495595,
rnn_only,3,8,next_parity,7,0.45381944444444444,
rnn_only,3,8,next_parity,8,0.5632694938440492,
rnn_only,3,8,next_parity,9,0.5320945945945946,
rnn_only,3,8,next_parity,10,0.6426592797783933,
rnn_only,3,8,next_parity,11,0.42857142857142855,
rnn_only,3,8,next_parity,12,0.55,
rnn_only,3,8,next_parity,13,0.5602240896358543,
rnn_only,3,8,next_parity,14,0.5681159420289855,
rnn_only,3,8,next_parity,15,0.5113636363636364,
rnn_only,3,8,next_parity,16,,
rnn_only,3,8,next_parity,17,,
rnn_only,3,8,next_parity,18,,
rnn_only,3,8,next_parity,19,,
rnn_only,3,8,next_parity,20,,
rnn_only,3,8,next_parity,21,,
rnn_only,3,9,incoming_bit,0,1.0,
rnn_only,3,9,incoming_bit,1,1.0,
rnn_only,3,9,incoming_bit,2,1.0,
rnn_only,3,9,incoming_bit,3,1.0,
rnn_only,3,9,incoming_bit,4,1.0,
rnn_only,3,9,incoming_bit,5,1.0,
rnn_only,3,9,incoming_bit,6,1.0,
rnn_only,3,9,incoming_bit,7,1.0,
rnn_only,3,9,incoming_bit,8,1.0,
rnn_only,3,9,incoming_bit,9,1.0,
rnn_only,3,9,incoming_bit,10,0.9999999999999999,
rnn_only,3,9,incoming_bit,11,1.0,
rnn_only,3,9,incoming_bit,12,1.0,
rnn_only,3,9,incoming_bit,13,1.0,
rnn_only,3,9,incoming_bit,14,1.0,
rnn_only,3,9,incoming_bit,15,1.0,
rnn_only,3,9,incoming_bit,16,1.0,
rnn_only,3,9,incoming_bit,17,1.0,
rnn_only,3,9,incoming_bit,18,1.0,
rnn_only,3,9,incoming_bit,19,1.0,
rnn_only,3,9,incoming_bit,20,1.0,
rnn_only,3,9,incoming_bit,21,1.0,
rnn_only,3,9,incoming_bit,22,1.0,
rnn_only,3,9,outgoing_bit,0,0.8521959459459459,
rnn_only,3,9,outgoing_bit,1,0.8775579232200237,
rnn_only,3,9,outgoing_bit,2,0.8850632911392404,
rnn_only,3,9,outgoing_bit,3,0.9087052435092483,
rnn_only,3,9,outgoing_bit,4,0.8749445676274944,
rnn_only,3,9,outgoing_bit,5,0.8238482384823849,
rnn_only,3,9,outgoing_bit,6,0.7909722222222222,
rnn_only,3,9,outgoing_bit,7,0.8751686909581646,
rnn_only,3,9,outgoing_bit,8,0.7797101449275363,
rnn_only,3,9,outgoing_bit,9,0.8431372549019608,
rnn_only,3,9,outgoing_bit,10,0.742296918767507,
rnn_only,3,9,outgoing_bit,11,0.8753623188405797,
rnn_only,3,9,outgoing_bit,12,0.8637681159420291,
rnn_only,3,9,outgoing_bit,13,0.7777777777777778,
rnn_only,3,9,outgoing_bit,14,,
rnn_only,3,9,outgoing_bit,15,,
rnn_only,3,9,outgoing_bit,16,,
rnn_only,3,9,outgoing_bit,17,,
rnn_only,3,9,outgoing_bit,18,,
rnn_only,3,9,outgoing_bit,19,,
rnn_only,3,9,outgoing_bit,20,,
rnn_only,3,9,outgoing_bit,21,,
rnn_only,3,9,outgoing_bit,22,,
rnn_only,3,9,next_parity,0,,
rnn_only,3,9,next_parity,1,0.48299319727891155,
rnn_only,3,9,next_parity,2,0.5031286994757315,
rnn_only,3,9,next_parity,3,0.5305743243243244,
rnn_only,3,9,next_parity,4,0.5360597318852877,
rnn_only,3,9,next_parity,5,0.4255952380952381,
rnn_only,3,9,next_parity,6,0.45947712418300657,
rnn_only,3,9,next_parity,7,0.5478796169630643,
rnn_only,3,9,next_parity,8,0.4901823281907433,
rnn_only,3,9,next_parity,9,0.48734610123119015,
rnn_only,3,9,next_parity,10,0.6338461538461538,
rnn_only,3,9,next_parity,11,0.5294117647058824,
rnn_only,3,9,next_parity,12,0.46022727272727276,
rnn_only,3,9,next_parity,13,0.4916666666666667,
rnn_only,3,9,next_parity,14,0.4492753623188406,
rnn_only,3,9,next_parity,15,0.4722222222222222,
rnn_only,3,9,next_parity,16,,
rnn_only,3,9,next_parity,17,,
rnn_only,3,9,next_parity,18,,
rnn_only,3,9,next_parity,19,,
rnn_only,3,9,next_parity,20,,
rnn_only,3,9,next_parity,21,,
rnn_only,3,9,next_parity,22,,
rnn_only,3,10,incoming_bit,0,1.0,
rnn_only,3,10,incoming_bit,1,1.0,
rnn_only,3,10,incoming_bit,2,1.0,
rnn_only,3,10,incoming_bit,3,1.0,
rnn_only,3,10,incoming_bit,4,1.0,
rnn_only,3,10,incoming_bit,5,1.0,
rnn_only,3,10,incoming_bit,6,1.0,
rnn_only,3,10,incoming_bit,7,1.0,
rnn_only,3,10,incoming_bit,8,1.0,
rnn_only,3,10,incoming_bit,9,1.0,
rnn_only,3,10,incoming_bit,10,1.0,
rnn_only,3,10,incoming_bit,11,1.0,
rnn_only,3,10,incoming_bit,12,1.0,
rnn_only,3,10,incoming_bit,13,1.0,
rnn_only,3,10,incoming_bit,14,1.0,
rnn_only,3,10,incoming_bit,15,1.0,
rnn_only,3,10,incoming_bit,16,1.0,
rnn_only,3,10,incoming_bit,17,1.0,
rnn_only,3,10,incoming_bit,18,1.0,
rnn_only,3,10,incoming_bit,19,1.0,
rnn_only,3,10,incoming_bit,20,1.0,
rnn_only,3,10,incoming_bit,21,1.0,
rnn_only,3,10,incoming_bit,22,1.0,
rnn_only,3,10,incoming_bit,23,1.0,
rnn_only,3,10,incoming_bit,24,1.0,
rnn_only,3,10,incoming_bit,25,1.0,
rnn_only,3,10,incoming_bit,26,1.0,
rnn_only,3,10,incoming_bit,27,1.0,
rnn_only,3,10,incoming_bit,28,1.0,
rnn_only,3,10,incoming_bit,29,1.0,
rnn_only,3,10,incoming_bit,30,1.0,
rnn_only,3,10,incoming_bit,31,1.0,
rnn_only,3,10,incoming_bit,32,1.0,
rnn_only,3,10,incoming_bit,33,1.0,
rnn_only,3,10,incoming_bit,34,1.0,
rnn_only,3,10,incoming_bit,35,1.0,
rnn_only,3,10,incoming_bit,36,1.0,
rnn_only,3,10,incoming_bit,37,1.0,
rnn_only,3,10,incoming_bit,38,1.0,
rnn_only,3,10,incoming_bit,39,1.0,
rnn_only,3,10,incoming_bit,40,1.0,
rnn_only,3,10,outgoing_bit,0,0.876972679450195,
rnn_only,3,10,outgoing_bit,1,0.9416709555669925,
rnn_only,3,10,outgoing_bit,2,0.882631489937426,
rnn_only,3,10,outgoing_bit,3,0.8795873499069845,
rnn_only,3,10,outgoing_bit,4,0.8442622950819672,
rnn_only,3,10,outgoing_bit,5,0.9240986717267552,
rnn_only,3,10,outgoing_bit,6,0.8435314685314685,
rnn_only,3,10,outgoing_bit,7,0.8644880174291938,
rnn_only,3,10,outgoing_bit,8,0.8763636363636363,
rnn_only,3,10,outgoing_bit,9,0.8970398970398971,
rnn_only,3,10,outgoing_bit,10,0.863095238095238,
rnn_only,3,10,outgoing_bit,11,0.8012121212121213,
rnn_only,3,10,outgoing_bit,12,0.8569711538461537,
rnn_only,3,10,outgoing_bit,13,0.7815126050420168,
rnn_only,3,10,outgoing_bit,14,0.6222222222222222,
rnn_only,3,10,outgoing_bit,15,0.788888888888889,
rnn_only,3,10,outgoing_bit,16,0.8555555555555556,
rnn_only,3,10,outgoing_bit,17,0.75,
rnn_only,3,10,outgoing_bit,18,0.9204545454545454,
rnn_only,3,10,outgoing_bit,19,0.7888888888888889,
rnn_only,3,10,outgoing_bit,20,0.7222222222222222,
rnn_only,3,10,outgoing_bit,21,0.6477272727272727,
rnn_only,3,10,outgoing_bit,22,0.8295454545454545,
rnn_only,3,10,outgoing_bit,23,0.9555555555555556,
rnn_only,3,10,outgoing_bit,24,0.8222222222222222,
rnn_only,3,10,outgoing_bit,25,0.6590909090909091,
rnn_only,3,10,outgoing_bit,26,0.8222222222222222,
rnn_only,3,10,outgoing_bit,27,0.8409090909090908,
rnn_only,3,10,outgoing_bit,28,0.9500000000000001,
rnn_only,3,10,outgoing_bit,29,0.8636363636363635,
rnn_only,3,10,outgoing_bit,30,0.8444444444444444,
rnn_only,3,10,outgoing_bit,31,,
rnn_only,3,10,outgoing_bit,32,,
rnn_only,3,10,outgoing_bit,33,,
rnn_only,3,10,outgoing_bit,34,,
rnn_only,3,10,outgoing_bit,35,,
rnn_only,3,10,outgoing_bit,36,,
rnn_only,3,10,outgoing_bit,37,,
rnn_only,3,10,outgoing_bit,38,,
rnn_only,3,10,outgoing_bit,39,,
rnn_only,3,10,outgoing_bit,40,,
rnn_only,3,10,next_parity,0,,
rnn_only,3,10,next_parity,1,0.45731292517006805,
rnn_only,3,10,next_parity,2,0.42702702702702705,
rnn_only,3,10,next_parity,3,0.49535123966942146,
rnn_only,3,10,next_parity,4,0.47573143920175887,
rnn_only,3,10,next_parity,5,0.5284951790633609,
rnn_only,3,10,next_parity,6,0.5108034083992696,
rnn_only,3,10,next_parity,7,0.4541446208112875,
rnn_only,3,10,next_parity,8,0.501763668430335,
rnn_only,3,10,next_parity,9,0.48978260869565216,
rnn_only,3,10,next_parity,10,0.49879807692307687,
rnn_only,3,10,next_parity,11,0.36860879904875155,
rnn_only,3,10,next_parity,12,0.6848989298454221,
rnn_only,3,10,next_parity,13,0.43504901960784315,
rnn_only,3,10,next_parity,14,0.5516826923076923,
rnn_only,3,10,next_parity,15,0.5056022408963585,
rnn_only,3,10,next_parity,16,0.6888888888888889,
rnn_only,3,10,next_parity,17,0.38888888888888884,
rnn_only,3,10,next_parity,18,0.6777777777777778,
rnn_only,3,10,next_parity,19,0.14444444444444446,
rnn_only,3,10,next_parity,20,0.2727272727272727,
rnn_only,3,10,next_parity,21,0.5238095238095238,
rnn_only,3,10,next_parity,22,0.43333333333333335,
rnn_only,3,10,next_parity,23,0.7444444444444445,
rnn_only,3,10,next_parity,24,0.5888888888888889,
rnn_only,3,10,next_parity,25,0.5595238095238095,
rnn_only,3,10,next_parity,26,0.5333333333333333,
rnn_only,3,10,next_parity,27,0.4666666666666667,
rnn_only,3,10,next_parity,28,0.4222222222222223,
rnn_only,3,10,next_parity,29,0.6931818181818181,
rnn_only,3,10,next_parity,30,0.7948717948717949,
rnn_only,3,10,next_parity,31,0.6022727272727273,
rnn_only,3,10,next_parity,32,0.5227272727272727,
rnn_only,3,10,next_parity,33,,
rnn_only,3,10,next_parity,34,,
rnn_only,3,10,next_parity,35,,
rnn_only,3,10,next_parity,36,,
rnn_only,3,10,next_parity,37,,
rnn_only,3,10,next_parity,38,,
rnn_only,3,10,next_parity,39,,
rnn_only,3,10,next_parity,40,,
rnn_only,3,11,incoming_bit,0,1.0,
rnn_only,3,11,incoming_bit,1,1.0,
rnn_only,3,11,incoming_bit,2,1.0,
rnn_only,3,11,incoming_bit,3,1.0,
rnn_only,3,11,incoming_bit,4,1.0,
rnn_only,3,11,incoming_bit,5,1.0,
rnn_only,3,11,incoming_bit,6,1.0,
rnn_only,3,11,incoming_bit,7,1.0,
rnn_only,3,11,incoming_bit,8,1.0,
rnn_only,3,11,incoming_bit,9,1.0,
rnn_only,3,11,incoming_bit,10,1.0,
rnn_only,3,11,incoming_bit,11,1.0,
rnn_only,3,11,incoming_bit,12,1.0,
rnn_only,3,11,incoming_bit,13,1.0,
rnn_only,3,11,incoming_bit,14,1.0,
rnn_only,3,11,incoming_bit,15,1.0,
rnn_only,3,11,incoming_bit,16,1.0,
rnn_only,3,11,incoming_bit,17,1.0,
rnn_only,3,11,incoming_bit,18,1.0,
rnn_only,3,11,incoming_bit,19,1.0,
rnn_only,3,11,incoming_bit,20,1.0,
rnn_only,3,11,incoming_bit,21,0.9999999999999999,
rnn_only,3,11,incoming_bit,22,1.0,
rnn_only,3,11,incoming_bit,23,1.0,
rnn_only,3,11,incoming_bit,24,1.0,
rnn_only,3,11,incoming_bit,25,1.0,
rnn_only,3,11,incoming_bit,26,1.0,
rnn_only,3,11,incoming_bit,27,1.0,
rnn_only,3,11,incoming_bit,28,1.0,
rnn_only,3,11,incoming_bit,29,1.0,
rnn_only,3,11,incoming_bit,30,1.0,
rnn_only,3,11,incoming_bit,31,1.0,
rnn_only,3,11,incoming_bit,32,1.0,
rnn_only,3,11,incoming_bit,33,1.0,
rnn_only,3,11,incoming_bit,34,1.0,
rnn_only,3,11,incoming_bit,35,1.0,
rnn_only,3,11,incoming_bit,36,1.0,
rnn_only,3,11,incoming_bit,37,1.0,
rnn_only,3,11,incoming_bit,38,1.0,
rnn_only,3,11,incoming_bit,39,1.0,
rnn_only,3,11,incoming_bit,40,1.0,
rnn_only,3,11,incoming_bit,41,1.0,
rnn_only,3,11,incoming_bit,42,1.0,
rnn_only,3,11,incoming_bit,43,1.0,
rnn_only,3,11,outgoing_bit,0,0.8287162162162163,
rnn_only,3,11,outgoing_bit,1,0.8111318513490582,
rnn_only,3,11,outgoing_bit,2,0.8610400682011935,
rnn_only,3,11,outgoing_bit,3,0.8414634146341464,
rnn_only,3,11,outgoing_bit,4,0.9073083778966132,
rnn_only,3,11,outgoing_bit,5,0.8876254180602006,
rnn_only,3,11,outgoing_bit,6,0.8210125448028673,
rnn_only,3,11,outgoing_bit,7,0.8705566733735748,
rnn_only,3,11,outgoing_bit,8,0.8536733454766242,
rnn_only,3,11,outgoing_bit,9,0.901634382566586,
rnn_only,3,11,outgoing_bit,10,0.904539800995025,
rnn_only,3,11,outgoing_bit,11,0.8671328671328672,
rnn_only,3,11,outgoing_bit,12,0.788970907511941,
rnn_only,3,11,outgoing_bit,13,0.8870967741935484,
rnn_only,3,11,outgoing_bit,14,0.8382352941176471,
rnn_only,3,11,outgoing_bit,15,0.8231780167264038,
rnn_only,3,11,outgoing_bit,16,0.8846153846153846,
rnn_only,3,11,outgoing_bit,17,0.8014268727705114,
rnn_only,3,11,outgoing_bit,18,0.8795518207282913,
rnn_only,3,11,outgoing_bit,19,0.8227146814404431,
rnn_only,3,11,outgoing_bit,20,0.842948717948718,
rnn_only,3,11,outgoing_bit,21,0.8601190476190476,
rnn_only,3,11,outgoing_bit,22,0.7333333333333333,
rnn_only,3,11,outgoing_bit,23,0.7613636363636364,
rnn_only,3,11,outgoing_bit,24,0.6444444444444445,
rnn_only,3,11,outgoing_bit,25,0.6931818181818181,
rnn_only,3,11,outgoing_bit,26,0.6142857142857143,
rnn_only,3,11,outgoing_bit,27,0.9,
rnn_only,3,11,outgoing_bit,28,0.8295454545454546,
rnn_only,3,11,outgoing_bit,29,0.6410256410256411,
rnn_only,3,11,outgoing_bit,30,0.7976190476190476,
rnn_only,3,11,outgoing_bit,31,0.6477272727272727,
rnn_only,3,11,outgoing_bit,32,0.7888888888888889,
rnn_only,3,11,outgoing_bit,33,,
rnn_only,3,11,outgoing_bit,34,,
rnn_only,3,11,outgoing_bit,35,,
rnn_only,3,11,outgoing_bit,36,,
rnn_only,3,11,outgoing_bit,37,,
rnn_only,3,11,outgoing_bit,38,,
rnn_only,3,11,outgoing_bit,39,,
rnn_only,3,11,outgoing_bit,40,,
rnn_only,3,11,outgoing_bit,41,,
rnn_only,3,11,outgoing_bit,42,,
rnn_only,3,11,outgoing_bit,43,,
rnn_only,3,11,next_parity,0,,
rnn_only,3,11,next_parity,1,0.5739895146287839,
rnn_only,3,11,next_parity,2,0.48181971926264167,
rnn_only,3,11,next_parity,3,0.5153061224489797,
rnn_only,3,11,next_parity,4,0.510548523206751,
rnn_only,3,11,next_parity,5,0.49586497890295356,
rnn_only,3,11,next_parity,6,0.5921875,
rnn_only,3,11,next_parity,7,0.4455535390199637,
rnn_only,3,11,next_parity,8,0.552027027027027,
rnn_only,3,11,next_parity,9,0.5496098104793757,
rnn_only,3,11,next_parity,10,0.5290909090909091,
rnn_only,3,11,next_parity,11,0.5955837870538414,
rnn_only,3,11,next_parity,12,0.5347852389594676,
rnn_only,3,11,next_parity,13,0.5660130718954248,
rnn_only,3,11,next_parity,14,0.4265734265734265,
rnn_only,3,11,next_parity,15,0.5902203856749312,
rnn_only,3,11,next_parity,16,0.40124223602484477,
rnn_only,3,11,next_parity,17,0.5969084423305588,
rnn_only,3,11,next_parity,18,0.5934343434343434,
rnn_only,3,11,next_parity,19,0.35671819262782406,
rnn_only,3,11,next_parity,20,0.5014005602240896,
rnn_only,3,11,next_parity,21,0.5955678670360111,
rnn_only,3,11,next_parity,22,0.37926136363636365,
rnn_only,3,11,next_parity,23,0.5490196078431373,
rnn_only,3,11,next_parity,24,0.6428571428571429,
rnn_only,3,11,next_parity,25,0.5568181818181819,
rnn_only,3,11,next_parity,26,0.5666666666666667,
rnn_only,3,11,next_parity,27,0.6022727272727273,
rnn_only,3,11,next_parity,28,0.4444444444444444,
rnn_only,3,11,next_parity,29,0.5340909090909092,
rnn_only,3,11,next_parity,30,0.4047619047619047,
rnn_only,3,11,next_parity,31,0.5384615384615385,
rnn_only,3,11,next_parity,32,0.6477272727272727,
rnn_only,3,11,next_parity,33,0.38636363636363635,
rnn_only,3,11,next_parity,34,0.2714285714285714,
rnn_only,3,11,next_parity,35,,
rnn_only,3,11,next_parity,36,,
rnn_only,3,11,next_parity,37,,
rnn_only,3,11,next_parity,38,,
rnn_only,3,11,next_parity,39,,
rnn_only,3,11,next_parity,40,,
rnn_only,3,11,next_parity,41,,
rnn_only,3,11,next_parity,42,,
rnn_only,3,11,next_parity,43,,
rnn_only,3,12,incoming_bit,0,1.0,
rnn_only,3,12,incoming_bit,1,1.0,
rnn_only,3,12,incoming_bit,2,1.0,
rnn_only,3,12,incoming_bit,3,1.0,
rnn_only,3,12,incoming_bit,4,1.0,
rnn_only,3,12,incoming_bit,5,1.0,
rnn_only,3,12,incoming_bit,6,1.0,
rnn_only,3,12,incoming_bit,7,1.0,
rnn_only,3,12,incoming_bit,8,1.0,
rnn_only,3,12,incoming_bit,9,1.0,
rnn_only,3,12,incoming_bit,10,1.0,
rnn_only,3,12,incoming_bit,11,1.0,
rnn_only,3,12,incoming_bit,12,1.0,
rnn_only,3,12,incoming_bit,13,1.0,
rnn_only,3,12,incoming_bit,14,1.0,
rnn_only,3,12,incoming_bit,15,1.0,
rnn_only,3,12,incoming_bit,16,1.0,
rnn_only,3,12,incoming_bit,17,0.9999999999999999,
rnn_only,3,12,incoming_bit,18,1.0,
rnn_only,3,12,incoming_bit,19,1.0,
rnn_only,3,12,incoming_bit,20,1.0,
rnn_only,3,12,incoming_bit,21,1.0,
rnn_only,3,12,incoming_bit,22,1.0,
rnn_only,3,12,incoming_bit,23,1.0,
rnn_only,3,12,incoming_bit,24,1.0,
rnn_only,3,12,incoming_bit,25,1.0,
rnn_only,3,12,incoming_bit,26,1.0,
rnn_only,3,12,incoming_bit,27,1.0,
rnn_only,3,12,incoming_bit,28,1.0,
rnn_only,3,12,incoming_bit,29,1.0,
rnn_only,3,12,incoming_bit,30,1.0,
rnn_only,3,12,incoming_bit,31,1.0,
rnn_only,3,12,incoming_bit,32,1.0,
rnn_only,3,12,incoming_bit,33,1.0,
rnn_only,3,12,incoming_bit,34,1.0,
rnn_only,3,12,incoming_bit,35,1.0,
rnn_only,3,12,incoming_bit,36,1.0,
rnn_only,3,12,incoming_bit,37,1.0,
rnn_only,3,12,incoming_bit,38,1.0,
rnn_only,3,12,incoming_bit,39,1.0,
rnn_only,3,12,incoming_bit,40,1.0,
rnn_only,3,12,incoming_bit,41,1.0,
rnn_only,3,12,incoming_bit,42,1.0,
rnn_only,3,12,incoming_bit,43,1.0,
rnn_only,3,12,incoming_bit,44,1.0,
rnn_only,3,12,incoming_bit,45,1.0,
rnn_only,3,12,incoming_bit,46,1.0,
rnn_only,3,12,incoming_bit,47,1.0,
rnn_only,3,12,incoming_bit,48,1.0,
rnn_only,3,12,outgoing_bit,0,0.8133608815426998,
rnn_only,3,12,outgoing_bit,1,0.8777493606138108,
rnn_only,3,12,outgoing_bit,2,0.8773888043294436,
rnn_only,3,12,outgoing_bit,3,0.8112348178137653,
rnn_only,3,12,outgoing_bit,4,0.833445115135256,
rnn_only,3,12,outgoing_bit,5,0.8477146042363433,
rnn_only,3,12,outgoing_bit,6,0.8295454545454546,
rnn_only,3,12,outgoing_bit,7,0.8093645484949833,
rnn_only,3,12,outgoing_bit,8,0.8390044108380593,
rnn_only,3,12,outgoing_bit,9,0.884357881923311,
rnn_only,3,12,outgoing_bit,10,0.8312159709618875,
rnn_only,3,12,outgoing_bit,11,0.8582270795385549,
rnn_only,3,12,outgoing_bit,12,0.8422181372549021,
rnn_only,3,12,outgoing_bit,13,0.7838541666666666,
rnn_only,3,12,outgoing_bit,14,0.8346938775510203,
rnn_only,3,12,outgoing_bit,15,0.8489795918367348,
rnn_only,3,12,outgoing_bit,16,0.8232118758434548,
rnn_only,3,12,outgoing_bit,17,0.8163265306122449,
rnn_only,3,12,outgoing_bit,18,0.7516869095816464,
rnn_only,3,12,outgoing_bit,19,0.8638211382113822,
rnn_only,3,12,outgoing_bit,20,0.8986486486486487,
rnn_only,3,12,outgoing_bit,21,0.8945578231292517,
rnn_only,3,12,outgoing_bit,22,0.7921727395411606,
rnn_only,3,12,outgoing_bit,23,0.8441734417344173,
rnn_only,3,12,outgoing_bit,24,0.7327935222672065,
rnn_only,3,12,outgoing_bit,25,0.8147382920110193,
rnn_only,3,12,outgoing_bit,26,0.8582995951417004,
rnn_only,3,12,outgoing_bit,27,0.7582644628099173,
rnn_only,3,12,outgoing_bit,28,0.8047297297297298,
rnn_only,3,12,outgoing_bit,29,0.7496626180836707,
rnn_only,3,12,outgoing_bit,30,0.8866396761133604,
rnn_only,3,12,outgoing_bit,31,0.8814363143631436,
rnn_only,3,12,outgoing_bit,32,0.8875338753387534,
rnn_only,3,12,outgoing_bit,33,0.8394607843137255,
rnn_only,3,12,outgoing_bit,34,0.7729988052568697,
rnn_only,3,12,outgoing_bit,35,0.8571428571428571,
rnn_only,3,12,outgoing_bit,36,0.8,
rnn_only,3,12,outgoing_bit,37,,
rnn_only,3,12,outgoing_bit,38,,
rnn_only,3,12,outgoing_bit,39,,
rnn_only,3,12,outgoing_bit,40,,
rnn_only,3,12,outgoing_bit,41,,
rnn_only,3,12,outgoing_bit,42,,
rnn_only,3,12,outgoing_bit,43,,
rnn_only,3,12,outgoing_bit,44,,
rnn_only,3,12,outgoing_bit,45,,
rnn_only,3,12,outgoing_bit,46,,
rnn_only,3,12,outgoing_bit,47,,
rnn_only,3,12,outgoing_bit,48,,
rnn_only,3,12,next_parity,0,,
rnn_only,3,12,next_parity,1,0.4565400843881856,
rnn_only,3,12,next_parity,2,0.5459710743801652,
rnn_only,3,12,next_parity,3,0.49450363605614744,
rnn_only,3,12,next_parity,4,0.5480769230769231,
rnn_only,3,12,next_parity,5,0.42483108108108103,
rnn_only,3,12,next_parity,6,0.46836007130124774,
rnn_only,3,12,next_parity,7,0.4987736900780379,
rnn_only,3,12,next_parity,8,0.49273418287502796,
rnn_only,3,12,next_parity,9,0.4978666067819448,
rnn_only,3,12,next_parity,10,0.5060864272671942,
rnn_only,3,12,next_parity,11,0.5910746812386156,
rnn_only,3,12,next_parity,12,0.590687766281193,
rnn_only,3,12,next_parity,13,0.4203296703296703,
rnn_only,3,12,next_parity,14,0.41239316239316237,
rnn_only,3,12,next_parity,15,0.5653495440729482,
rnn_only,3,12,next_parity,16,0.4281805745554036,
rnn_only,3,12,next_parity,17,0.5833333333333333,
rnn_only,3,12,next_parity,18,0.5819559228650137,
rnn_only,3,12,next_parity,19,0.5727891156462587,
rnn_only,3,12,next_parity,20,0.5253077975376197,
rnn_only,3,12,next_parity,21,0.46072931276297335,
rnn_only,3,12,next_parity,22,0.3624661246612466,
rnn_only,3,12,next_parity,23,0.47162162162162163,
rnn_only,3,12,next_parity,24,0.42886456908344733,
rnn_only,3,12,next_parity,25,0.4979674796747968,
rnn_only,3,12,next_parity,26,0.5222972972972972,
rnn_only,3,12,next_parity,27,0.4943262411347518,
rnn_only,3,12,next_parity,28,0.5745257452574526,
rnn_only,3,12,next_parity,29,0.4537414965986395,
rnn_only,3,12,next_parity,30,0.38414634146341464,
rnn_only,3,12,next_parity,31,0.5493243243243243,
rnn_only,3,12,next_parity,32,0.4615384615384615,
rnn_only,3,12,next_parity,33,0.3719512195121951,
rnn_only,3,12,next_parity,34,0.5492577597840756,
rnn_only,3,12,next_parity,35,0.4719235364396655,
rnn_only,3,12,next_parity,36,0.5180288461538461,
rnn_only,3,12,next_parity,37,0.45041816009557945,
rnn_only,3,12,next_parity,38,0.5888888888888889,
rnn_only,3,12,next_parity,39,,
rnn_only,3,12,next_parity,40,,
rnn_only,3,12,next_parity,41,,
rnn_only,3,12,next_parity,42,,
rnn_only,3,12,next_parity,43,,
rnn_only,3,12,next_parity,44,,
rnn_only,3,12,next_parity,45,,
rnn_only,3,12,next_parity,46,,
rnn_only,3,12,next_parity,47,,
rnn_only,3,12,next_parity,48,,
rnn_only,3,13,incoming_bit,0,1.0,
rnn_only,3,13,incoming_bit,1,1.0,
rnn_only,3,13,incoming_bit,2,1.0,
rnn_only,3,13,incoming_bit,3,1.0,
rnn_only,3,13,incoming_bit,4,1.0,
rnn_only,3,13,incoming_bit,5,1.0,
rnn_only,3,13,incoming_bit,6,1.0,
rnn_only,3,13,incoming_bit,7,1.0,
rnn_only,3,13,incoming_bit,8,1.0,
rnn_only,3,13,incoming_bit,9,1.0,
rnn_only,3,13,incoming_bit,10,1.0,
rnn_only,3,13,incoming_bit,11,1.0,
rnn_only,3,13,incoming_bit,12,1.0,
rnn_only,3,13,incoming_bit,13,1.0,
rnn_only,3,13,incoming_bit,14,1.0,
rnn_only,3,13,incoming_bit,15,1.0,
rnn_only,3,13,incoming_bit,16,1.0,
rnn_only,3,13,incoming_bit,17,1.0,
rnn_only,3,13,incoming_bit,18,1.0,
rnn_only,3,13,incoming_bit,19,1.0,
rnn_only,3,13,incoming_bit,20,1.0,
rnn_only,3,13,incoming_bit,21,1.0,
rnn_only,3,13,incoming_bit,22,1.0,
rnn_only,3,13,incoming_bit,23,1.0,
rnn_only,3,13,incoming_bit,24,1.0,
rnn_only,3,13,incoming_bit,25,1.0,
rnn_only,3,13,incoming_bit,26,1.0,
rnn_only,3,13,incoming_bit,27,1.0,
rnn_only,3,13,incoming_bit,28,1.0,
rnn_only,3,13,incoming_bit,29,1.0,
rnn_only,3,13,incoming_bit,30,1.0,
rnn_only,3,13,incoming_bit,31,1.0,
rnn_only,3,13,incoming_bit,32,1.0,
rnn_only,3,13,incoming_bit,33,1.0,
rnn_only,3,13,incoming_bit,34,1.0,
rnn_only,3,13,incoming_bit,35,1.0,
rnn_only,3,13,incoming_bit,36,1.0,
rnn_only,3,13,incoming_bit,37,1.0,
rnn_only,3,13,incoming_bit,38,1.0,
rnn_only,3,13,incoming_bit,39,1.0,
rnn_only,3,13,incoming_bit,40,1.0,
rnn_only,3,13,incoming_bit,41,1.0,
rnn_only,3,13,incoming_bit,42,1.0,
rnn_only,3,13,incoming_bit,43,1.0,
rnn_only,3,13,incoming_bit,44,1.0,
rnn_only,3,13,incoming_bit,45,1.0,
rnn_only,3,13,incoming_bit,46,1.0,
rnn_only,3,13,incoming_bit,47,1.0,
rnn_only,3,13,incoming_bit,48,1.0,
rnn_only,3,13,incoming_bit,49,1.0,
rnn_only,3,13,incoming_bit,50,1.0,
rnn_only,3,13,incoming_bit,51,1.0,
rnn_only,3,13,incoming_bit,52,1.0,
rnn_only,3,13,outgoing_bit,0,0.8540503974293929,
rnn_only,3,13,outgoing_bit,1,0.8556122448979592,
rnn_only,3,13,outgoing_bit,2,0.8846997300944669,
rnn_only,3,13,outgoing_bit,3,0.8206081081081081,
rnn_only,3,13,outgoing_bit,4,0.8510590858416945,
rnn_only,3,13,outgoing_bit,5,0.9131209623524171,
rnn_only,3,13,outgoing_bit,6,0.8660873440285204,
rnn_only,3,13,outgoing_bit,7,0.8962813620071685,
rnn_only,3,13,outgoing_bit,8,0.8179479418886199,
rnn_only,3,13,outgoing_bit,9,0.8606060606060606,
rnn_only,3,13,outgoing_bit,10,0.8384848484848485,
rnn_only,3,13,outgoing_bit,11,0.8548387096774194,
rnn_only,3,13,outgoing_bit,12,0.8919247115968427,
rnn_only,3,13,outgoing_bit,13,0.8251515151515152,
rnn_only,3,13,outgoing_bit,14,0.8661693725318123,
rnn_only,3,13,outgoing_bit,15,0.8884064264003474,
rnn_only,3,13,outgoing_bit,16,0.8033216783216783,
rnn_only,3,13,outgoing_bit,17,0.8056164984642387,
rnn_only,3,13,outgoing_bit,18,0.822310405643739,
rnn_only,3,13,outgoing_bit,19,0.8376031263569258,
rnn_only,3,13,outgoing_bit,20,0.8421739130434783,
rnn_only,3,13,outgoing_bit,21,0.9021500658183415,
rnn_only,3,13,outgoing_bit,22,0.8727668845315903,
rnn_only,3,13,outgoing_bit,23,0.7021276595744681,
rnn_only,3,13,outgoing_bit,24,0.8670469504168494,
rnn_only,3,13,outgoing_bit,25,0.8073913043478261,
rnn_only,3,13,outgoing_bit,26,0.8465217391304348,
rnn_only,3,13,outgoing_bit,27,0.8034858387799565,
rnn_only,3,13,outgoing_bit,28,0.9124183006535947,
rnn_only,3,13,outgoing_bit,29,0.8343920145190563,
rnn_only,3,13,outgoing_bit,30,0.8209150326797386,
rnn_only,3,13,outgoing_bit,31,0.8934782608695653,
rnn_only,3,13,outgoing_bit,32,0.8479020979020979,
rnn_only,3,13,outgoing_bit,33,0.8812415654520918,
rnn_only,3,13,outgoing_bit,34,0.7975206611570248,
rnn_only,3,13,outgoing_bit,35,0.8695945945945946,
rnn_only,3,13,outgoing_bit,36,0.7,
rnn_only,3,13,outgoing_bit,37,0.9333333333333333,
rnn_only,3,13,outgoing_bit,38,0.7111111111111111,
rnn_only,3,13,outgoing_bit,39,0.7666666666666667,
rnn_only,3,13,outgoing_bit,40,,
rnn_only,3,13,outgoing_bit,41,,
rnn_only,3,13,outgoing_bit,42,,
rnn_only,3,13,outgoing_bit,43,,
rnn_only,3,13,outgoing_bit,44,,
rnn_only,3,13,outgoing_bit,45,,
rnn_only,3,13,outgoing_bit,46,,
rnn_only,3,13,outgoing_bit,47,,
rnn_only,3,13,outgoing_bit,48,,
rnn_only,3,13,outgoing_bit,49,,
rnn_only,3,13,outgoing_bit,50,,
rnn_only,3,13,outgoing_bit,51,,
rnn_only,3,13,outgoing_bit,52,,
rnn_only,3,13,next_parity,0,,
rnn_only,3,13,next_parity,1,0.560675105485232,
rnn_only,3,13,next_parity,2,0.5092198581560283,
rnn_only,3,13,next_parity,3,0.4835034013605442,
rnn_only,3,13,next_parity,4,0.47089767520787373,
rnn_only,3,13,next_parity,5,0.5850202429149798,
rnn_only,3,13,next_parity,6,0.5098039215686274,
rnn_only,3,13,next_parity,7,0.4938684503901895,
rnn_only,3,13,next_parity,8,0.5158350421508315,
rnn_only,3,13,next_parity,9,0.4446440601841455,
rnn_only,3,13,next_parity,10,0.5696969696969697,
rnn_only,3,13,next_parity,11,0.48818407960199006,
rnn_only,3,13,next_parity,12,0.5466666666666666,
rnn_only,3,13,next_parity,13,0.4592209373097991,
rnn_only,3,13,next_parity,14,0.5756200846944949,
rnn_only,3,13,next_parity,15,0.39458955223880593,
rnn_only,3,13,next_parity,16,0.42052221713238663,
rnn_only,3,13,next_parity,17,0.4352173913043478,
rnn_only,3,13,next_parity,18,0.5477124183006536,
rnn_only,3,13,next_parity,19,0.4766884531590414,
rnn_only,3,13,next_parity,20,0.4978146853146853,
rnn_only,3,13,next_parity,21,0.5214937038645245,
rnn_only,3,13,next_parity,22,0.5965217391304348,
rnn_only,3,13,next_parity,23,0.5970279720279721,
rnn_only,3,13,next_parity,24,0.505731922398589,
rnn_only,3,13,next_parity,25,0.40088691796008874,
rnn_only,3,13,next_parity,26,0.4313811188811189,
rnn_only,3,13,next_parity,27,0.4334215167548501,
rnn_only,3,13,next_parity,28,0.4917534722222222,
rnn_only,3,13,next_parity,29,0.5091304347826087,
rnn_only,3,13,next_parity,30,0.4696180555555555,
rnn_only,3,13,next_parity,31,0.5308159722222222,
rnn_only,3,13,next_parity,32,0.4928354320451584,
rnn_only,3,13,next_parity,33,0.48268106162843005,
rnn_only,3,13,next_parity,34,0.547276688453159,
rnn_only,3,13,next_parity,35,0.5182432432432432,
rnn_only,3,13,next_parity,36,0.5575880758807589,
rnn_only,3,13,next_parity,37,0.5790540540540542,
rnn_only,3,13,next_parity,38,0.5742296918767507,
rnn_only,3,13,next_parity,39,0.41025641025641024,
rnn_only,3,13,next_parity,40,0.5,
rnn_only,3,13,next_parity,41,0.5,
rnn_only,3,13,next_parity,42,,
rnn_only,3,13,next_parity,43,,
rnn_only,3,13,next_parity,44,,
rnn_only,3,13,next_parity,45,,
rnn_only,3,13,next_parity,46,,
rnn_only,3,13,next_parity,47,,
rnn_only,3,13,next_parity,48,,
rnn_only,3,13,next_parity,49,,
rnn_only,3,13,next_parity,50,,
rnn_only,3,13,next_parity,51,,
rnn_only,3,13,next_parity,52,,
rnn_only,3,14,incoming_bit,0,1.0,
rnn_only,3,14,incoming_bit,1,1.0,
rnn_only,3,14,incoming_bit,2,1.0,
rnn_only,3,14,incoming_bit,3,1.0,
rnn_only,3,14,incoming_bit,4,1.0,
rnn_only,3,14,incoming_bit,5,1.0,
rnn_only,3,14,incoming_bit,6,1.0,
rnn_only,3,14,incoming_bit,7,1.0,
rnn_only,3,14,incoming_bit,8,1.0,
rnn_only,3,14,incoming_bit,9,1.0,
rnn_only,3,14,incoming_bit,10,1.0,
rnn_only,3,14,incoming_bit,11,1.0,
rnn_only,3,14,incoming_bit,12,1.0,
rnn_only,3,14,incoming_bit,13,1.0,
rnn_only,3,14,incoming_bit,14,1.0,
rnn_only,3,14,incoming_bit,15,1.0,
rnn_only,3,14,incoming_bit,16,1.0,
rnn_only,3,14,incoming_bit,17,1.0,
rnn_only,3,14,incoming_bit,18,1.0,
rnn_only,3,14,incoming_bit,19,1.0,
rnn_only,3,14,incoming_bit,20,1.0,
rnn_only,3,14,incoming_bit,21,1.0,
rnn_only,3,14,incoming_bit,22,1.0,
rnn_only,3,14,incoming_bit,23,1.0,
rnn_only,3,14,incoming_bit,24,1.0,
rnn_only,3,14,incoming_bit,25,1.0,
rnn_only,3,14,incoming_bit,26,1.0,
rnn_only,3,14,incoming_bit,27,1.0,
rnn_only,3,14,incoming_bit,28,1.0,
rnn_only,3,14,incoming_bit,29,0.9968239564428312,
rnn_only,3,14,incoming_bit,30,1.0,
rnn_only,3,14,incoming_bit,31,1.0,
rnn_only,3,14,incoming_bit,32,1.0,
rnn_only,3,14,incoming_bit,33,1.0,
rnn_only,3,14,incoming_bit,34,1.0,
rnn_only,3,14,incoming_bit,35,1.0,
rnn_only,3,14,incoming_bit,36,1.0,
rnn_only,3,14,incoming_bit,37,1.0,
rnn_only,3,14,incoming_bit,38,1.0,
rnn_only,3,14,incoming_bit,39,1.0,
rnn_only,3,14,incoming_bit,40,1.0,
rnn_only,3,14,incoming_bit,41,1.0,
rnn_only,3,14,incoming_bit,42,1.0,
rnn_only,3,14,incoming_bit,43,1.0,
rnn_only,3,14,incoming_bit,44,1.0,
rnn_only,3,14,incoming_bit,45,0.9999999999999999,
rnn_only,3,14,incoming_bit,46,1.0,
rnn_only,3,14,incoming_bit,47,1.0,
rnn_only,3,14,incoming_bit,48,1.0,
rnn_only,3,14,incoming_bit,49,1.0,
rnn_only,3,14,incoming_bit,50,1.0,
rnn_only,3,14,incoming_bit,51,1.0,
rnn_only,3,14,incoming_bit,52,1.0,
rnn_only,3,14,incoming_bit,53,1.0,
rnn_only,3,14,outgoing_bit,0,0.8428184281842819,
rnn_only,3,14,outgoing_bit,1,0.9054625401657366,
rnn_only,3,14,outgoing_bit,2,0.8847972972972973,
rnn_only,3,14,outgoing_bit,3,0.8456477732793521,
rnn_only,3,14,outgoing_bit,4,0.8577508960573476,
rnn_only,3,14,outgoing_bit,5,0.8837053571428571,
rnn_only,3,14,outgoing_bit,6,0.8413547237076647,
rnn_only,3,14,outgoing_bit,7,0.872816212438854,
rnn_only,3,14,outgoing_bit,8,0.8556166056166057,
rnn_only,3,14,outgoing_bit,9,0.8529411764705883,
rnn_only,3,14,outgoing_bit,10,0.8424615384615385,
rnn_only,3,14,outgoing_bit,11,0.8502738892270236,
rnn_only,3,14,outgoing_bit,12,0.8388278388278388,
rnn_only,3,14,outgoing_bit,13,0.891317547055252,
rnn_only,3,14,outgoing_bit,14,0.8685295464956482,
rnn_only,3,14,outgoing_bit,15,0.831304347826087,
rnn_only,3,14,outgoing_bit,16,0.7797279508556385,
rnn_only,3,14,outgoing_bit,17,0.8828433523475208,
rnn_only,3,14,outgoing_bit,18,0.8187801667397981,
rnn_only,3,14,outgoing_bit,19,0.8441163699522363,
rnn_only,3,14,outgoing_bit,20,0.8169934640522876,
rnn_only,3,14,outgoing_bit,21,0.871840354767184,
rnn_only,3,14,outgoing_bit,22,0.9074074074074074,
rnn_only,3,14,outgoing_bit,23,0.8978260869565218,
rnn_only,3,14,outgoing_bit,24,0.7876682587928789,
rnn_only,3,14,outgoing_bit,25,0.8214285714285715,
rnn_only,3,14,outgoing_bit,26,0.7895424836601307,
rnn_only,3,14,outgoing_bit,27,0.8416666666666666,
rnn_only,3,14,outgoing_bit,28,0.8867102396514162,
rnn_only,3,14,outgoing_bit,29,0.8684440559440558,
rnn_only,3,14,outgoing_bit,30,0.8767857142857142,
rnn_only,3,14,outgoing_bit,31,0.7762237762237761,
rnn_only,3,14,outgoing_bit,32,0.8658271819366044,
rnn_only,3,14,outgoing_bit,33,0.8421768707482994,
rnn_only,3,14,outgoing_bit,34,0.8672086720867209,
rnn_only,3,14,outgoing_bit,35,0.7932432432432431,
rnn_only,3,14,outgoing_bit,36,0.9635854341736694,
rnn_only,3,14,outgoing_bit,37,0.5340909090909091,
rnn_only,3,14,outgoing_bit,38,0.5952380952380952,
rnn_only,3,14,outgoing_bit,39,0.6222222222222222,
rnn_only,3,14,outgoing_bit,40,,
rnn_only,3,14,outgoing_bit,41,,
rnn_only,3,14,outgoing_bit,42,,
rnn_only,3,14,outgoing_bit,43,,
rnn_only,3,14,outgoing_bit,44,,
rnn_only,3,14,outgoing_bit,45,,
rnn_only,3,14,outgoing_bit,46,,
rnn_only,3,14,outgoing_bit,47,,
rnn_only,3,14,outgoing_bit,48,,
rnn_only,3,14,outgoing_bit,49,,
rnn_only,3,14,outgoing_bit,50,,
rnn_only,3,14,outgoing_bit,51,,
rnn_only,3,14,outgoing_bit,52,,
rnn_only,3,14,outgoing_bit,53,,
rnn_only,3,14,next_parity,0,,
rnn_only,3,14,next_parity,1,0.501602293810086,
rnn_only,3,14,next_parity,2,0.5222298221614228,
rnn_only,3,14,next_parity,3,0.5011808367071525,
rnn_only,3,14,next_parity,4,0.5309462915601023,
rnn_only,3,14,next_parity,5,0.46541835357624833,
rnn_only,3,14,next_parity,6,0.4806617482673821,
rnn_only,3,14,next_parity,7,0.5023728813559323,
rnn_only,3,14,next_parity,8,0.5229152693941427,
rnn_only,3,14,next_parity,9,0.4420677361853832,
rnn_only,3,14,next_parity,10,0.4291898577612863,
rnn_only,3,14,next_parity,11,0.5153846153846153,
rnn_only,3,14,next_parity,12,0.444,
rnn_only,3,14,next_parity,13,0.5255629945222154,
rnn_only,3,14,next_parity,14,0.45949288806431665,
rnn_only,3,14,next_parity,15,0.5308716707021792,
rnn_only,3,14,next_parity,16,0.4695652173913043,
rnn_only,3,14,next_parity,17,0.524537037037037,
rnn_only,3,14,next_parity,18,0.5,
rnn_only,3,14,next_parity,19,0.376984126984127,
rnn_only,3,14,next_parity,20,0.533913043478261,
rnn_only,3,14,next_parity,21,0.4523913997367267,
rnn_only,3,14,next_parity,22,0.5305944055944056,
rnn_only,3,14,next_parity,23,0.45063624396665214,
rnn_only,3,14,next_parity,24,0.42343132953049584,
rnn_only,3,14,next_parity,25,0.5711805555555556,
rnn_only,3,14,next_parity,26,0.4530434782608696,
rnn_only,3,14,next_parity,27,0.5717419921017991,
rnn_only,3,14,next_parity,28,0.5008695652173912,
rnn_only,3,14,next_parity,29,0.547112462006079,
rnn_only,3,14,next_parity,30,0.5838779956427015,
rnn_only,3,14,next_parity,31,0.575954861111111,
rnn_only,3,14,next_parity,32,0.5891304347826087,
rnn_only,3,14,next_parity,33,0.4980044345898004,
rnn_only,3,14,next_parity,34,0.5475466782457664,
rnn_only,3,14,next_parity,35,0.35208333333333336,
rnn_only,3,14,next_parity,36,0.47357723577235766,
rnn_only,3,14,next_parity,37,0.5013774104683195,
rnn_only,3,14,next_parity,38,0.5361111111111111,
rnn_only,3,14,next_parity,39,0.36363636363636365,
rnn_only,3,14,next_parity,40,0.32142857142857145,
rnn_only,3,14,next_parity,41,0.5113636363636362,
rnn_only,3,14,next_parity,42,,
rnn_only,3,14,next_parity,43,,
rnn_only,3,14,next_parity,44,,
rnn_only,3,14,next_parity,45,,
rnn_only,3,14,next_parity,46,,
rnn_only,3,14,next_parity,47,,
rnn_only,3,14,next_parity,48,,
rnn_only,3,14,next_parity,49,,
rnn_only,3,14,next_parity,50,,
rnn_only,3,14,next_parity,51,,
rnn_only,3,14,next_parity,52,,
rnn_only,3,14,next_parity,53,,
rnn_only,3,15,incoming_bit,0,1.0,
rnn_only,3,15,incoming_bit,1,1.0,
rnn_only,3,15,incoming_bit,2,1.0,
rnn_only,3,15,incoming_bit,3,1.0,
rnn_only,3,15,incoming_bit,4,1.0,
rnn_only,3,15,incoming_bit,5,0.9871816495193119,
rnn_only,3,15,incoming_bit,6,1.0,
rnn_only,3,15,incoming_bit,7,1.0,
rnn_only,3,15,incoming_bit,8,1.0,
rnn_only,3,15,incoming_bit,9,1.0,
rnn_only,3,15,incoming_bit,10,1.0,
rnn_only,3,15,incoming_bit,11,1.0,
rnn_only,3,15,incoming_bit,12,1.0,
rnn_only,3,15,incoming_bit,13,1.0,
rnn_only,3,15,incoming_bit,14,1.0,
rnn_only,3,15,incoming_bit,15,1.0,
rnn_only,3,15,incoming_bit,16,1.0,
rnn_only,3,15,incoming_bit,17,1.0,
rnn_only,3,15,incoming_bit,18,1.0,
rnn_only,3,15,incoming_bit,19,1.0,
rnn_only,3,15,incoming_bit,20,0.9999999999999999,
rnn_only,3,15,incoming_bit,21,1.0,
rnn_only,3,15,incoming_bit,22,1.0,
rnn_only,3,15,incoming_bit,23,1.0,
rnn_only,3,15,incoming_bit,24,1.0,
rnn_only,3,15,incoming_bit,25,1.0,
rnn_only,3,15,incoming_bit,26,1.0,
rnn_only,3,15,incoming_bit,27,1.0,
rnn_only,3,15,incoming_bit,28,1.0,
rnn_only,3,15,incoming_bit,29,1.0,
rnn_only,3,15,incoming_bit,30,1.0,
rnn_only,3,15,incoming_bit,31,1.0,
rnn_only,3,15,incoming_bit,32,1.0,
rnn_only,3,15,incoming_bit,33,1.0,
rnn_only,3,15,incoming_bit,34,1.0,
rnn_only,3,15,incoming_bit,35,1.0,
rnn_only,3,15,incoming_bit,36,1.0,
rnn_only,3,15,incoming_bit,37,1.0,
rnn_only,3,15,incoming_bit,38,1.0,
rnn_only,3,15,incoming_bit,39,1.0,
rnn_only,3,15,incoming_bit,40,1.0,
rnn_only,3,15,incoming_bit,41,1.0,
rnn_only,3,15,incoming_bit,42,1.0,
rnn_only,3,15,incoming_bit,43,1.0,
rnn_only,3,15,incoming_bit,44,1.0,
rnn_only,3,15,incoming_bit,45,1.0,
rnn_only,3,15,incoming_bit,46,1.0,
rnn_only,3,15,incoming_bit,47,1.0,
rnn_only,3,15,incoming_bit,48,1.0,
rnn_only,3,15,incoming_bit,49,1.0,
rnn_only,3,15,incoming_bit,50,1.0,
rnn_only,3,15,incoming_bit,51,1.0,
rnn_only,3,15,incoming_bit,52,1.0,
rnn_only,3,15,incoming_bit,53,1.0,
rnn_only,3,15,incoming_bit,54,1.0,
rnn_only,3,15,incoming_bit,55,1.0,
rnn_only,3,15,incoming_bit,56,1.0,
rnn_only,3,15,incoming_bit,57,1.0,
rnn_only,3,15,incoming_bit,58,1.0,
rnn_only,3,15,incoming_bit,59,1.0,
rnn_only,3,15,outgoing_bit,0,0.8867860187553283,
rnn_only,3,15,outgoing_bit,1,0.8560798241163539,
rnn_only,3,15,outgoing_bit,2,0.9015047879616963,
rnn_only,3,15,outgoing_bit,3,0.8540823211875843,
rnn_only,3,15,outgoing_bit,4,0.8476275339719314,
rnn_only,3,15,outgoing_bit,5,0.873355629877369,
rnn_only,3,15,outgoing_bit,6,0.8419175027870679,
rnn_only,3,15,outgoing_bit,7,0.8441500112283854,
rnn_only,3,15,outgoing_bit,8,0.8545454545454546,
rnn_only,3,15,outgoing_bit,9,0.842896174863388,
rnn_only,3,15,outgoing_bit,10,0.8592796092796093,
rnn_only,3,15,outgoing_bit,11,0.7952208106473079,
rnn_only,3,15,outgoing_bit,12,0.8557025834908633,
rnn_only,3,15,outgoing_bit,13,0.8455433455433455,
rnn_only,3,15,outgoing_bit,14,0.8382867132867132,
rnn_only,3,15,outgoing_bit,15,0.8803418803418803,
rnn_only,3,15,outgoing_bit,16,0.8528006947459835,
rnn_only,3,15,outgoing_bit,17,0.893681917211329,
rnn_only,3,15,outgoing_bit,18,0.8041684759009988,
rnn_only,3,15,outgoing_bit,19,0.8433523475208425,
rnn_only,3,15,outgoing_bit,20,0.8237847222222222,
rnn_only,3,15,outgoing_bit,21,0.8510638297872339,
rnn_only,3,15,outgoing_bit,22,0.8441964285714285,
rnn_only,3,15,outgoing_bit,23,0.8995535714285714,
rnn_only,3,15,outgoing_bit,24,0.8693009118541033,
rnn_only,3,15,outgoing_bit,25,0.8693009118541034,
rnn_only,3,15,outgoing_bit,26,0.8678571428571429,
rnn_only,3,15,outgoing_bit,27,0.854537559704733,
rnn_only,3,15,outgoing_bit,28,0.8452173913043478,
rnn_only,3,15,outgoing_bit,29,0.888548951048951,
rnn_only,3,15,outgoing_bit,30,0.8527097902097902,
rnn_only,3,15,outgoing_bit,31,0.8727272727272727,
rnn_only,3,15,outgoing_bit,32,0.8393829401088929,
rnn_only,3,15,outgoing_bit,33,0.9210526315789473,
rnn_only,3,15,outgoing_bit,34,0.8422865013774106,
rnn_only,3,15,outgoing_bit,35,0.8850340136054422,
rnn_only,3,15,outgoing_bit,36,0.9357575757575758,
rnn_only,3,15,outgoing_bit,37,0.8461538461538461,
rnn_only,3,15,outgoing_bit,38,0.817174515235457,
rnn_only,3,15,outgoing_bit,39,0.7977839335180055,
rnn_only,3,15,outgoing_bit,40,0.7666666666666667,
rnn_only,3,15,outgoing_bit,41,0.5384615384615385,
rnn_only,3,15,outgoing_bit,42,0.9,
rnn_only,3,15,outgoing_bit,43,0.7692307692307692,
rnn_only,3,15,outgoing_bit,44,0.7727272727272727,
rnn_only,3,15,outgoing_bit,45,,
rnn_only,3,15,outgoing_bit,46,,
rnn_only,3,15,outgoing_bit,47,,
rnn_only,3,15,outgoing_bit,48,,
rnn_only,3,15,outgoing_bit,49,,
rnn_only,3,15,outgoing_bit,50,,
rnn_only,3,15,outgoing_bit,51,,
rnn_only,3,15,outgoing_bit,52,,
rnn_only,3,15,outgoing_bit,53,,
rnn_only,3,15,outgoing_bit,54,,
rnn_only,3,15,outgoing_bit,55,,
rnn_only,3,15,outgoing_bit,56,,
rnn_only,3,15,outgoing_bit,57,,
rnn_only,3,15,outgoing_bit,58,,
rnn_only,3,15,outgoing_bit,59,,
rnn_only,3,15,next_parity,0,,
rnn_only,3,15,next_parity,1,0.49627659574468086,
rnn_only,3,15,next_parity,2,0.5420138888888889,
rnn_only,3,15,next_parity,3,0.5721544715447154,
rnn_only,3,15,next_parity,4,0.4641156462585034,
rnn_only,3,15,next_parity,5,0.4797297297297297,
rnn_only,3,15,next_parity,6,0.5022321428571428,
rnn_only,3,15,next_parity,7,0.5141583054626533,
rnn_only,3,15,next_parity,8,0.46438172043010756,
rnn_only,3,15,next_parity,9,0.4940966807752283,
rnn_only,3,15,next_parity,10,0.5290556900726392,
rnn_only,3,15,next_parity,11,0.48093220338983056,
rnn_only,3,15,next_parity,12,0.4912280701754386,
rnn_only,3,15,next_parity,13,0.4800995024875622,
rnn_only,3,15,next_parity,14,0.45036764705882354,
rnn_only,3,15,next_parity,15,0.47557997557997556,
rnn_only,3,15,next_parity,16,0.6257056013894919,
rnn_only,3,15,next_parity,17,0.5092592592592593,
rnn_only,3,15,next_parity,18,0.5067538126361656,
rnn_only,3,15,next_parity,19,0.5065104166666667,
rnn_only,3,15,next_parity,20,0.5243478260869565,
rnn_only,3,15,next_parity,21,0.5382608695652173,
rnn_only,3,15,next_parity,22,0.4222027972027972,
rnn_only,3,15,next_parity,23,0.4858879722101606,
rnn_only,3,15,next_parity,24,0.5734204793028324,
rnn_only,3,15,next_parity,25,0.45565217391304347,
rnn_only,3,15,next_parity,26,0.46164079822616405,
rnn_only,3,15,next_parity,27,0.5079365079365079,
rnn_only,3,15,next_parity,28,0.6620842572062086,
rnn_only,3,15,next_parity,29,0.4301552106430155,
rnn_only,3,15,next_parity,30,0.5121739130434783,
rnn_only,3,15,next_parity,31,0.5636126791141989,
rnn_only,3,15,next_parity,32,0.5193226226660876,
rnn_only,3,15,next_parity,33,0.49842555105713005,
rnn_only,3,15,next_parity,34,0.5985243055555556,
rnn_only,3,15,next_parity,35,0.5547195622435019,
rnn_only,3,15,next_parity,36,0.5932432432432433,
rnn_only,3,15,next_parity,37,0.6398648648648649,
rnn_only,3,15,next_parity,38,0.4326923076923077,
rnn_only,3,15,next_parity,39,0.5238095238095238,
rnn_only,3,15,next_parity,40,0.38655462184873945,
rnn_only,3,15,next_parity,41,0.48476454293628807,
rnn_only,3,15,next_parity,42,0.45,
rnn_only,3,15,next_parity,43,0.5568181818181819,
rnn_only,3,15,next_parity,44,0.39743589743589747,
rnn_only,3,15,next_parity,45,0.6547619047619048,
rnn_only,3,15,next_parity,46,0.30681818181818177,
rnn_only,3,15,next_parity,47,,
rnn_only,3,15,next_parity,48,,
rnn_only,3,15,next_parity,49,,
rnn_only,3,15,next_parity,50,,
rnn_only,3,15,next_parity,51,,
rnn_only,3,15,next_parity,52,,
rnn_only,3,15,next_parity,53,,
rnn_only,3,15,next_parity,54,,
rnn_only,3,15,next_parity,55,,
rnn_only,3,15,next_parity,56,,
rnn_only,3,15,next_parity,57,,
rnn_only,3,15,next_parity,58,,
rnn_only,3,15,next_parity,59,,
rnn_only,4,2,incoming_bit,0,1.0,
rnn_only,4,2,incoming_bit,1,1.0,
rnn_only,4,2,incoming_bit,2,1.0,
rnn_only,4,2,incoming_bit,3,1.0,
rnn_only,4,2,incoming_bit,4,1.0,
rnn_only,4,2,incoming_bit,5,1.0,
rnn_only,4,2,incoming_bit,6,1.0,
rnn_only,4,2,incoming_bit,7,1.0,
rnn_only,4,2,incoming_bit,8,1.0,
rnn_only,4,2,outgoing_bit,0,1.0,
rnn_only,4,2,outgoing_bit,1,1.0,
rnn_only,4,2,outgoing_bit,2,0.9999999999999999,
rnn_only,4,2,outgoing_bit,3,1.0,
rnn_only,4,2,outgoing_bit,4,1.0,
rnn_only,4,2,outgoing_bit,5,1.0,
rnn_only,4,2,outgoing_bit,6,1.0,
rnn_only,4,2,outgoing_bit,7,,
rnn_only,4,2,outgoing_bit,8,,
rnn_only,4,2,next_parity,0,,
rnn_only,4,2,next_parity,1,0.4929035567715458,
rnn_only,4,2,next_parity,2,0.5226768968456947,
rnn_only,4,2,next_parity,3,0.5285810925080331,
rnn_only,4,2,next_parity,4,0.5256367009613764,
rnn_only,4,2,next_parity,5,0.5182648401826483,
rnn_only,4,2,next_parity,6,0.46088435374149656,
rnn_only,4,2,next_parity,7,0.6594202898550724,
rnn_only,4,2,next_parity,8,0.5284090909090908,
rnn_only,4,3,incoming_bit,0,1.0,
rnn_only,4,3,incoming_bit,1,1.0,
rnn_only,4,3,incoming_bit,2,1.0,
rnn_only,4,3,incoming_bit,3,1.0,
rnn_only,4,3,incoming_bit,4,1.0,
rnn_only,4,3,incoming_bit,5,1.0,
rnn_only,4,3,incoming_bit,6,1.0,
rnn_only,4,3,incoming_bit,7,1.0,
rnn_only,4,3,incoming_bit,8,1.0,
rnn_only,4,3,incoming_bit,9,1.0,
rnn_only,4,3,incoming_bit,10,0.9999999999999999,
rnn_only,4,3,incoming_bit,11,1.0,
rnn_only,4,3,outgoing_bit,0,0.9993224932249323,
rnn_only,4,3,outgoing_bit,1,1.0,
rnn_only,4,3,outgoing_bit,2,1.0,
rnn_only,4,3,outgoing_bit,3,1.0,
rnn_only,4,3,outgoing_bit,4,0.9986928104575163,
rnn_only,4,3,outgoing_bit,5,1.0,
rnn_only,4,3,outgoing_bit,6,1.0,
rnn_only,4,3,outgoing_bit,7,1.0,
rnn_only,4,3,outgoing_bit,8,1.0,
rnn_only,4,3,outgoing_bit,9,,
rnn_only,4,3,outgoing_bit,10,,
rnn_only,4,3,outgoing_bit,11,,
rnn_only,4,3,next_parity,0,,
rnn_only,4,3,next_parity,1,0.5257334019557386,
rnn_only,4,3,next_parity,2,0.45385674931129477,
rnn_only,4,3,next_parity,3,0.539471440750213,
rnn_only,4,3,next_parity,4,0.45416887008637397,
rnn_only,4,3,next_parity,5,0.5386237139483893,
rnn_only,4,3,next_parity,6,0.568695652173913,
rnn_only,4,3,next_parity,7,0.38177506775067754,
rnn_only,4,3,next_parity,8,0.3469387755102041,
rnn_only,4,3,next_parity,9,0.5163194444444444,
rnn_only,4,3,next_parity,10,0.39204545454545453,
rnn_only,4,3,next_parity,11,,
rnn_only,4,4,incoming_bit,0,1.0,
rnn_only,4,4,incoming_bit,1,1.0,
rnn_only,4,4,incoming_bit,2,1.0,
rnn_only,4,4,incoming_bit,3,1.0,
rnn_only,4,4,incoming_bit,4,1.0,
rnn_only,4,4,incoming_bit,5,1.0,
rnn_only,4,4,incoming_bit,6,1.0,
rnn_only,4,4,incoming_bit,7,1.0,
rnn_only,4,4,incoming_bit,8,1.0,
rnn_only,4,4,incoming_bit,9,1.0,
rnn_only,4,4,incoming_bit,10,1.0,
rnn_only,4,4,incoming_bit,11,1.0,
rnn_only,4,4,incoming_bit,12,1.0,
rnn_only,4,4,incoming_bit,13,1.0,
rnn_only,4,4,incoming_bit,14,1.0,
rnn_only,4,4,incoming_bit,15,1.0,
rnn_only,4,4,incoming_bit,16,1.0,
rnn_only,4,4,outgoing_bit,0,0.9502032520325203,
rnn_only,4,4,outgoing_bit,1,0.9795883940620783,
rnn_only,4,4,outgoing_bit,2,0.9867639572374003,
rnn_only,4,4,outgoing_bit,3,0.9779658029261413,
rnn_only,4,4,outgoing_bit,4,0.9795206971677559,
rnn_only,4,4,outgoing_bit,5,0.9483471074380165,
rnn_only,4,4,outgoing_bit,6,0.9871794871794872,
rnn_only,4,4,outgoing_bit,7,0.937246963562753,
rnn_only,4,4,outgoing_bit,8,0.8611111111111112,
rnn_only,4,4,outgoing_bit,9,0.8919667590027701,
rnn_only,4,4,outgoing_bit,10,0.9411764705882353,
rnn_only,4,4,outgoing_bit,11,1.0,
rnn_only,4,4,outgoing_bit,12,1.0,
rnn_only,4,4,outgoing_bit,13,,
rnn_only,4,4,outgoing_bit,14,,
rnn_only,4,4,outgoing_bit,15,,
rnn_only,4,4,outgoing_bit,16,,
rnn_only,4,4,next_parity,0,,
rnn_only,4,4,next_parity,1,0.5023756999830308,
rnn_only,4,4,next_parity,2,0.526534140017286,
rnn_only,4,4,next_parity,3,0.5084701815038893,
rnn_only,4,4,next_parity,4,0.490537084398977,
rnn_only,4,4,next_parity,5,0.5023547880690737,
rnn_only,4,4,next_parity,6,0.5547112462006079,
rnn_only,4,4,next_parity,7,0.45258620689655177,
rnn_only,4,4,next_parity,8,0.4148936170212766,
rnn_only,4,4,next_parity,9,0.49830623306233063,
rnn_only,4,4,next_parity,10,0.5518207282913166,
rnn_only,4,4,next_parity,11,0.3526785714285714,
rnn_only,4,4,next_parity,12,0.3449275362318841,
rnn_only,4,4,next_parity,13,0.48888888888888893,
rnn_only,4,4,next_parity,14,0.4777777777777778,
rnn_only,4,4,next_parity,15,,
rnn_only,4,4,next_parity,16,,
rnn_only,4,5,incoming_bit,0,1.0,
rnn_only,4,5,incoming_bit,1,1.0,
rnn_only,4,5,incoming_bit,2,1.0,
rnn_only,4,5,incoming_bit,3,1.0,
rnn_only,4,5,incoming_bit,4,1.0,
rnn_only,4,5,incoming_bit,5,1.0,
rnn_only,4,5,incoming_bit,6,1.0,
rnn_only,4,5,incoming_bit,7,1.0,
rnn_only,4,5,incoming_bit,8,1.0,
rnn_only,4,5,incoming_bit,9,1.0,
rnn_only,4,5,incoming_bit,10,1.0,
rnn_only,4,5,incoming_bit,11,1.0,
rnn_only,4,5,incoming_bit,12,1.0,
rnn_only,4,5,incoming_bit,13,1.0,
rnn_only,4,5,incoming_bit,14,1.0,
rnn_only,4,5,incoming_bit,15,1.0,
rnn_only,4,5,incoming_bit,16,1.0,
rnn_only,4,5,incoming_bit,17,1.0,
rnn_only,4,5,incoming_bit,18,1.0,
rnn_only,4,5,incoming_bit,19,1.0,
rnn_only,4,5,outgoing_bit,0,0.9515625,
rnn_only,4,5,outgoing_bit,1,0.952729809872667,
rnn_only,4,5,outgoing_bit,2,0.9757885763000853,
rnn_only,4,5,outgoing_bit,3,0.9756802721088436,
rnn_only,4,5,outgoing_bit,4,0.9820655534941249,
rnn_only,4,5,outgoing_bit,5,0.9482229047827996,
rnn_only,4,5,outgoing_bit,6,0.9438350153576129,
rnn_only,4,5,outgoing_bit,7,0.9352173913043479,
rnn_only,4,5,outgoing_bit,8,0.9080745341614906,
rnn_only,4,5,outgoing_bit,9,0.977639751552795,
rnn_only,4,5,outgoing_bit,10,0.906578947368421,
rnn_only,4,5,outgoing_bit,11,0.8929845422116528,
rnn_only,4,5,outgoing_bit,12,0.9578947368421054,
rnn_only,4,5,outgoing_bit,13,0.9666666666666667,
rnn_only,4,5,outgoing_bit,14,0.9090909090909091,
rnn_only,4,5,outgoing_bit,15,,
rnn_only,4,5,outgoing_bit,16,,
rnn_only,4,5,outgoing_bit,17,,
rnn_only,4,5,outgoing_bit,18,,
rnn_only,4,5,outgoing_bit,19,,
rnn_only,4,5,next_parity,0,,
rnn_only,4,5,next_parity,1,0.5404944586530265,
rnn_only,4,5,next_parity,2,0.49271680216802166,
rnn_only,4,5,next_parity,3,0.542090108401084,
rnn_only,4,5,next_parity,4,0.5469735720375106,
rnn_only,4,5,next_parity,5,0.4785472972972973,
rnn_only,4,5,next_parity,6,0.49211502782931354,
rnn_only,4,5,next_parity,7,0.4789130434782609,
rnn_only,4,5,next_parity,8,0.5175515577007459,
rnn_only,4,5,next_parity,9,0.618082788671024,
rnn_only,4,5,next_parity,10,0.4392857142857143,
rnn_only,4,5,next_parity,11,0.5474759615384616,
rnn_only,4,5,next_parity,12,0.5979689366786142,
rnn_only,4,5,next_parity,13,0.4540441176470589,
rnn_only,4,5,next_parity,14,0.43209134615384615,
rnn_only,4,5,next_parity,15,0.3,
rnn_only,4,5,next_parity,16,0.6488095238095238,
rnn_only,4,5,next_parity,17,,
rnn_only,4,5,next_parity,18,,
rnn_only,4,5,next_parity,19,,
rnn_only,4,6,incoming_bit,0,1.0,
rnn_only,4,6,incoming_bit,1,1.0,
rnn_only,4,6,incoming_bit,2,1.0,
rnn_only,4,6,incoming_bit,3,1.0,
rnn_only,4,6,incoming_bit,4,1.0,
rnn_only,4,6,incoming_bit,5,1.0,
rnn_only,4,6,incoming_bit,6,1.0,
rnn_only,4,6,incoming_bit,7,1.0,
rnn_only,4,6,incoming_bit,8,1.0,
rnn_only,4,6,incoming_bit,9,0.9999999999999999,
rnn_only,4,6,incoming_bit,10,1.0,
rnn_only,4,6,incoming_bit,11,1.0,
rnn_only,4,6,incoming_bit,12,1.0,
rnn_only,4,6,incoming_bit,13,1.0,
rnn_only,4,6,incoming_bit,14,1.0,
rnn_only,4,6,incoming_bit,15,1.0,
rnn_only,4,6,incoming_bit,16,1.0,
rnn_only,4,6,incoming_bit,17,1.0,
rnn_only,4,6,incoming_bit,18,1.0,
rnn_only,4,6,incoming_bit,19,1.0,
rnn_only,4,6,outgoing_bit,0,0.960328317373461,
rnn_only,4,6,outgoing_bit,1,0.9585658718078809,
rnn_only,4,6,outgoing_bit,2,0.9730691056910569,
rnn_only,4,6,outgoing_bit,3,0.9401248102546803,
rnn_only,4,6,outgoing_bit,4,0.8941964285714287,
rnn_only,4,6,outgoing_bit,5,0.8115646258503402,
rnn_only,4,6,outgoing_bit,6,0.9409722222222222,
rnn_only,4,6,outgoing_bit,7,0.9554054054054055,
rnn_only,4,6,outgoing_bit,8,0.853185595567867,
rnn_only,4,6,outgoing_bit,9,0.9555555555555555,
rnn_only,4,6,outgoing_bit,10,0.9551820728291317,
rnn_only,4,6,outgoing_bit,11,0.9695290858725761,
rnn_only,4,6,outgoing_bit,12,0.9710144927536233,
rnn_only,4,6,outgoing_bit,13,0.7386363636363636,
rnn_only,4,6,outgoing_bit,14,,
rnn_only,4,6,outgoing_bit,15,,
rnn_only,4,6,outgoing_bit,16,,
rnn_only,4,6,outgoing_bit,17,,
rnn_only,4,6,outgoing_bit,18,,
rnn_only,4,6,outgoing_bit,19,,
rnn_only,4,6,next_parity,0,,
rnn_only,4,6,next_parity,1,0.5384353741496598,
rnn_only,4,6,next_parity,2,0.49534923050904783,
rnn_only,4,6,next_parity,3,0.423914908217533,
rnn_only,4,6,next_parity,4,0.502630239266927,
rnn_only,4,6,next_parity,5,0.4416894664842681,
rnn_only,4,6,next_parity,6,0.5111111111111112,
rnn_only,4,6,next_parity,7,0.5983965014577259,
rnn_only,4,6,next_parity,8,0.46598639455782315,
rnn_only,4,6,next_parity,9,0.5697916666666667,
rnn_only,4,6,next_parity,10,0.5952380952380952,
rnn_only,4,6,next_parity,11,0.43333333333333335,
rnn_only,4,6,next_parity,12,0.5180055401662049,
rnn_only,4,6,next_parity,13,0.7277777777777777,
rnn_only,4,6,next_parity,14,0.5980113636363635,
rnn_only,4,6,next_parity,15,0.5444444444444445,
rnn_only,4,6,next_parity,16,,
rnn_only,4,6,next_parity,17,,
rnn_only,4,6,next_parity,18,,
rnn_only,4,6,next_parity,19,,
rnn_only,4,7,incoming_bit,0,1.0,
rnn_only,4,7,incoming_bit,1,1.0,
rnn_only,4,7,incoming_bit,2,1.0,
rnn_only,4,7,incoming_bit,3,1.0,
rnn_only,4,7,incoming_bit,4,1.0,
rnn_only,4,7,incoming_bit,5,1.0,
rnn_only,4,7,incoming_bit,6,1.0,
rnn_only,4,7,incoming_bit,7,1.0,
rnn_only,4,7,incoming_bit,8,1.0,
rnn_only,4,7,incoming_bit,9,1.0,
rnn_only,4,7,incoming_bit,10,1.0,
rnn_only,4,7,incoming_bit,11,1.0,
rnn_only,4,7,incoming_bit,12,1.0,
rnn_only,4,7,incoming_bit,13,1.0,
rnn_only,4,7,incoming_bit,14,1.0,
rnn_only,4,7,incoming_bit,15,1.0,
rnn_only,4,7,incoming_bit,16,1.0,
rnn_only,4,7,incoming_bit,17,1.0,
rnn_only,4,7,incoming_bit,18,1.0,
rnn_only,4,7,incoming_bit,19,1.0,
rnn_only,4,7,incoming_bit,20,1.0,
rnn_only,4,7,outgoing_bit,0,0.8253401360544218,
rnn_only,4,7,outgoing_bit,1,0.9338235294117647,
rnn_only,4,7,outgoing_bit,2,0.9155944415851776,
rnn_only,4,7,outgoing_bit,3,0.9445006747638327,
rnn_only,4,7,outgoing_bit,4,0.9192628345765687,
rnn_only,4,7,outgoing_bit,5,0.7982456140350878,
rnn_only,4,7,outgoing_bit,6,0.8783783783783785,
rnn_only,4,7,outgoing_bit,7,0.867361111111111,
rnn_only,4,7,outgoing_bit,8,0.8670360110803323,
rnn_only,4,7,outgoing_bit,9,0.9416666666666667,
rnn_only,4,7,outgoing_bit,10,0.9416666666666668,
rnn_only,4,7,outgoing_bit,11,0.9416666666666667,
rnn_only,4,7,outgoing_bit,12,0.8,
rnn_only,4,7,outgoing_bit,13,0.9642857142857143,
rnn_only,4,7,outgoing_bit,14,,
rnn_only,4,7,outgoing_bit,15,,
rnn_only,4,7,outgoing_bit,16,,
rnn_only,4,7,outgoing_bit,17,,
rnn_only,4,7,outgoing_bit,18,,
rnn_only,4,7,outgoing_bit,19,,
rnn_only,4,7,outgoing_bit,20,,
rnn_only,4,7,next_parity,0,,
rnn_only,4,7,next_parity,1,0.4464798850574712,
rnn_only,4,7,next_parity,2,0.5454623434551382,
rnn_only,4,7,next_parity,3,0.4722982216142271,
rnn_only,4,7,next_parity,4,0.5259597497040419,
rnn_only,4,7,next_parity,5,0.5512364498644986,
rnn_only,4,7,next_parity,6,0.49411764705882355,
rnn_only,4,7,next_parity,7,0.4520408163265306,
rnn_only,4,7,next_parity,8,0.48333333333333334,
rnn_only,4,7,next_parity,9,0.48204607046070463,
rnn_only,4,7,next_parity,10,0.4016620498614959,
rnn_only,4,7,next_parity,11,0.5994397759103642,
rnn_only,4,7,next_parity,12,0.49275362318840576,
rnn_only,4,7,next_parity,13,0.596638655462185,
rnn_only,4,7,next_parity,14,0.5521739130434783,
rnn_only,4,7,next_parity,15,0.6416666666666666,
rnn_only,4,7,next_parity,16,,
rnn_only,4,7,next_parity,17,,
rnn_only,4,7,next_parity,18,,
rnn_only,4,7,next_parity,19,,
rnn_only,4,7,next_parity,20,,
rnn_only,4,8,incoming_bit,0,1.0,
rnn_only,4,8,incoming_bit,1,1.0,
rnn_only,4,8,incoming_bit,2,1.0,
rnn_only,4,8,incoming_bit,3,1.0,
rnn_only,4,8,incoming_bit,4,1.0,
rnn_only,4,8,incoming_bit,5,1.0,
rnn_only,4,8,incoming_bit,6,1.0,
rnn_only,4,8,incoming_bit,7,1.0,
rnn_only,4,8,incoming_bit,8,1.0,
rnn_only,4,8,incoming_bit,9,1.0,
rnn_only,4,8,incoming_bit,10,1.0,
rnn_only,4,8,incoming_bit,11,1.0,
rnn_only,4,8,incoming_bit,12,0.9782135076252723,
rnn_only,4,8,incoming_bit,13,1.0,
rnn_only,4,8,incoming_bit,14,1.0,
rnn_only,4,8,incoming_bit,15,1.0,
rnn_only,4,8,incoming_bit,16,1.0,
rnn_only,4,8,incoming_bit,17,1.0,
rnn_only,4,8,incoming_bit,18,1.0,
rnn_only,4,8,incoming_bit,19,1.0,
rnn_only,4,8,incoming_bit,20,1.0,
rnn_only,4,8,incoming_bit,21,1.0,
rnn_only,4,8,outgoing_bit,0,0.8473346828609987,
rnn_only,4,8,outgoing_bit,1,0.9123310810810811,
rnn_only,4,8,outgoing_bit,2,0.8879892037786774,
rnn_only,4,8,outgoing_bit,3,0.9151360544217686,
rnn_only,4,8,outgoing_bit,4,0.7926225820962662,
rnn_only,4,8,outgoing_bit,5,0.8121621621621622,
rnn_only,4,8,outgoing_bit,6,0.8967168262653898,
rnn_only,4,8,outgoing_bit,7,0.8741450068399452,
rnn_only,4,8,outgoing_bit,8,0.8318840579710145,
rnn_only,4,8,outgoing_bit,9,0.6972222222222222,
rnn_only,4,8,outgoing_bit,10,0.7394957983193278,
rnn_only,4,8,outgoing_bit,11,0.9710144927536232,
rnn_only,4,8,outgoing_bit,12,0.9271708683473389,
rnn_only,4,8,outgoing_bit,13,0.8666666666666667,
rnn_only,4,8,outgoing_bit,14,,
rnn_only,4,8,outgoing_bit,15,,
rnn_only,4,8,outgoing_bit,16,,
rnn_only,4,8,outgoing_bit,17,,
rnn_only,4,8,outgoing_bit,18,,
rnn_only,4,8,outgoing_bit,19,,
rnn_only,4,8,outgoing_bit,20,,
rnn_only,4,8,outgoing_bit,21,,
rnn_only,4,8,next_parity,0,,
rnn_only,4,8,next_parity,1,0.5050170068027211,
rnn_only,4,8,next_parity,2,0.5190476190476191,
rnn_only,4,8,next_parity,3,0.5516047297297297,
rnn_only,4,8,next_parity,4,0.4632452574525745,
rnn_only,4,8,next_parity,5,0.5292517006802722,
rnn_only,4,8,next_parity,6,0.42658730158730157,
rnn_only,4,8,next_parity,7,0.5149305555555556,
rnn_only,4,8,next_parity,8,0.5140218878248973,
rnn_only,4,8,next_parity,9,0.4753378378378378,
rnn_only,4,8,next_parity,10,0.5235457063711911,
rnn_only,4,8,next_parity,11,0.5826330532212886,
rnn_only,4,8,next_parity,12,0.48333333333333334,
rnn_only,4,8,next_parity,13,0.5574229691876751,
rnn_only,4,8,next_parity,14,0.6260869565217391,
rnn_only,4,8,next_parity,15,0.5,
rnn_only,4,8,next_parity,16,,
rnn_only,4,8,next_parity,17,,
rnn_only,4,8,next_parity,18,,
rnn_only,4,8,next_parity,19,,
rnn_only,4,8,next_parity,20,,
rnn_only,4,8,next_parity,21,,
rnn_only,4,9,incoming_bit,0,1.0,
rnn_only,4,9,incoming_bit,1,1.0,
rnn_only,4,9,incoming_bit,2,1.0,
rnn_only,4,9,incoming_bit,3,1.0,
rnn_only,4,9,incoming_bit,4,1.0,
rnn_only,4,9,incoming_bit,5,1.0,
rnn_only,4,9,incoming_bit,6,1.0,
rnn_only,4,9,incoming_bit,7,1.0,
rnn_only,4,9,incoming_bit,8,1.0,
rnn_only,4,9,incoming_bit,9,1.0,
rnn_only,4,9,incoming_bit,10,1.0,
rnn_only,4,9,incoming_bit,11,0.9999999999999999,
rnn_only,4,9,incoming_bit,12,1.0,
rnn_only,4,9,incoming_bit,13,1.0,
rnn_only,4,9,incoming_bit,14,1.0,
rnn_only,4,9,incoming_bit,15,1.0,
rnn_only,4,9,incoming_bit,16,1.0,
rnn_only,4,9,incoming_bit,17,1.0,
rnn_only,4,9,incoming_bit,18,1.0,
rnn_only,4,9,incoming_bit,19,1.0,
rnn_only,4,9,incoming_bit,20,1.0,
rnn_only,4,9,incoming_bit,21,1.0,
rnn_only,4,9,incoming_bit,22,1.0,
rnn_only,4,9,outgoing_bit,0,0.8576013513513514,
rnn_only,4,9,outgoing_bit,1,0.8948080500591916,
rnn_only,4,9,outgoing_bit,2,0.8940084388185654,
rnn_only,4,9,outgoing_bit,3,0.9090446292211097,
rnn_only,4,9,outgoing_bit,4,0.8762749445676276,
rnn_only,4,9,outgoing_bit,5,0.8563685636856369,
rnn_only,4,9,outgoing_bit,6,0.7722222222222223,
rnn_only,4,9,outgoing_bit,7,0.8582995951417004,
rnn_only,4,9,outgoing_bit,8,0.8115942028985508,
rnn_only,4,9,outgoing_bit,9,0.8907563025210083,
rnn_only,4,9,outgoing_bit,10,0.7198879551820729,
rnn_only,4,9,outgoing_bit,11,0.7710144927536232,
rnn_only,4,9,outgoing_bit,12,0.8695652173913043,
rnn_only,4,9,outgoing_bit,13,0.8555555555555555,
rnn_only,4,9,outgoing_bit,14,,
rnn_only,4,9,outgoing_bit,15,,
rnn_only,4,9,outgoing_bit,16,,
rnn_only,4,9,outgoing_bit,17,,
rnn_only,4,9,outgoing_bit,18,,
rnn_only,4,9,outgoing_bit,19,,
rnn_only,4,9,outgoing_bit,20,,
rnn_only,4,9,outgoing_bit,21,,
rnn_only,4,9,outgoing_bit,22,,
rnn_only,4,9,next_parity,0,,
rnn_only,4,9,next_parity,1,0.48299319727891155,
rnn_only,4,9,next_parity,2,0.5589379333671571,
rnn_only,4,9,next_parity,3,0.4320945945945946,
rnn_only,4,9,next_parity,4,0.5487866960800951,
rnn_only,4,9,next_parity,5,0.41403061224489796,
rnn_only,4,9,next_parity,6,0.48039215686274517,
rnn_only,4,9,next_parity,7,0.5964432284541724,
rnn_only,4,9,next_parity,8,0.5932678821879382,
rnn_only,4,9,next_parity,9,0.46203830369357046,
rnn_only,4,9,next_parity,10,0.42769230769230776,
rnn_only,4,9,next_parity,11,0.5798319327731093,
rnn_only,4,9,next_parity,12,0.5170454545454546,
rnn_only,4,9,next_parity,13,0.49722222222222223,
rnn_only,4,9,next_parity,14,0.39420289855072466,
rnn_only,4,9,next_parity,15,0.4388888888888889,
rnn_only,4,9,next_parity,16,,
rnn_only,4,9,next_parity,17,,
rnn_only,4,9,next_parity,18,,
rnn_only,4,9,next_parity,19,,
rnn_only,4,9,next_parity,20,,
rnn_only,4,9,next_parity,21,,
rnn_only,4,9,next_parity,22,,
rnn_only,4,10,incoming_bit,0,1.0,
rnn_only,4,10,incoming_bit,1,1.0,
rnn_only,4,10,incoming_bit,2,1.0,
rnn_only,4,10,incoming_bit,3,1.0,
rnn_only,4,10,incoming_bit,4,1.0,
rnn_only,4,10,incoming_bit,5,1.0,
rnn_only,4,10,incoming_bit,6,1.0,
rnn_only,4,10,incoming_bit,7,1.0,
rnn_only,4,10,incoming_bit,8,1.0,
rnn_only,4,10,incoming_bit,9,1.0,
rnn_only,4,10,incoming_bit,10,1.0,
rnn_only,4,10,incoming_bit,11,1.0,
rnn_only,4,10,incoming_bit,12,0.9999999999999999,
rnn_only,4,10,incoming_bit,13,1.0,
rnn_only,4,10,incoming_bit,14,1.0,
rnn_only,4,10,incoming_bit,15,1.0,
rnn_only,4,10,incoming_bit,16,1.0,
rnn_only,4,10,incoming_bit,17,1.0,
rnn_only,4,10,incoming_bit,18,1.0,
rnn_only,4,10,incoming_bit,19,1.0,
rnn_only,4,10,incoming_bit,20,1.0,
rnn_only,4,10,incoming_bit,21,1.0,
rnn_only,4,10,incoming_bit,22,1.0,
rnn_only,4,10,incoming_bit,23,1.0,
rnn_only,4,10,incoming_bit,24,1.0,
rnn_only,4,10,incoming_bit,25,1.0,
rnn_only,4,10,incoming_bit,26,1.0,
rnn_only,4,10,incoming_bit,27,1.0,
rnn_only,4,10,incoming_bit,28,1.0,
rnn_only,4,10,incoming_bit,29,1.0,
rnn_only,4,10,incoming_bit,30,1.0,
rnn_only,4,10,incoming_bit,31,1.0,
rnn_only,4,10,incoming_bit,32,1.0,
rnn_only,4,10,incoming_bit,33,1.0,
rnn_only,4,10,incoming_bit,34,1.0,
rnn_only,4,10,incoming_bit,35,1.0,
rnn_only,4,10,incoming_bit,36,1.0,
rnn_only,4,10,incoming_bit,37,1.0,
rnn_only,4,10,incoming_bit,38,1.0,
rnn_only,4,10,incoming_bit,39,1.0,
rnn_only,4,10,incoming_bit,40,1.0,
rnn_only,4,10,outgoing_bit,0,0.8544035296114033,
rnn_only,4,10,outgoing_bit,1,0.9200548979241723,
rnn_only,4,10,outgoing_bit,2,0.897852190089633,
rnn_only,4,10,outgoing_bit,3,0.867579908675799,
rnn_only,4,10,outgoing_bit,4,0.896174863387978,
rnn_only,4,10,outgoing_bit,5,0.9003795066413662,
rnn_only,4,10,outgoing_bit,6,0.8361013986013986,
rnn_only,4,10,outgoing_bit,7,0.8958605664488017,
rnn_only,4,10,outgoing_bit,8,0.8654545454545454,
rnn_only,4,10,outgoing_bit,9,0.9021879021879021,
rnn_only,4,10,outgoing_bit,10,0.8333333333333334,
rnn_only,4,10,outgoing_bit,11,0.7296969696969697,
rnn_only,4,10,outgoing_bit,12,0.8149038461538461,
rnn_only,4,10,outgoing_bit,13,0.7198879551820728,
rnn_only,4,10,outgoing_bit,14,0.5111111111111111,
rnn_only,4,10,outgoing_bit,15,0.8,
rnn_only,4,10,outgoing_bit,16,0.8444444444444444,
rnn_only,4,10,outgoing_bit,17,0.5952380952380952,
rnn_only,4,10,outgoing_bit,18,0.9431818181818181,
rnn_only,4,10,outgoing_bit,19,0.7555555555555555,
rnn_only,4,10,outgoing_bit,20,0.8444444444444444,
rnn_only,4,10,outgoing_bit,21,0.7272727272727273,
rnn_only,4,10,outgoing_bit,22,0.8181818181818181,
rnn_only,4,10,outgoing_bit,23,0.8444444444444444,
rnn_only,4,10,outgoing_bit,24,0.8777777777777778,
rnn_only,4,10,outgoing_bit,25,0.6931818181818182,
rnn_only,4,10,outgoing_bit,26,0.811111111111111,
rnn_only,4,10,outgoing_bit,27,0.8522727272727273,
rnn_only,4,10,outgoing_bit,28,0.9500000000000001,
rnn_only,4,10,outgoing_bit,29,0.8863636363636364,
rnn_only,4,10,outgoing_bit,30,0.8222222222222223,
rnn_only,4,10,outgoing_bit,31,,
rnn_only,4,10,outgoing_bit,32,,
rnn_only,4,10,outgoing_bit,33,,
rnn_only,4,10,outgoing_bit,34,,
rnn_only,4,10,outgoing_bit,35,,
rnn_only,4,10,outgoing_bit,36,,
rnn_only,4,10,outgoing_bit,37,,
rnn_only,4,10,outgoing_bit,38,,
rnn_only,4,10,outgoing_bit,39,,
rnn_only,4,10,outgoing_bit,40,,
rnn_only,4,10,next_parity,0,,
rnn_only,4,10,next_parity,1,0.4261904761904762,
rnn_only,4,10,next_parity,2,0.44408783783783784,
rnn_only,4,10,next_parity,3,0.4951790633608816,
rnn_only,4,10,next_parity,4,0.47437848807711824,
rnn_only,4,10,next_parity,5,0.5266012396694215,
rnn_only,4,10,next_parity,6,0.5111077297626294,
rnn_only,4,10,next_parity,7,0.5132275132275133,
rnn_only,4,10,next_parity,8,0.5092592592592592,
rnn_only,4,10,next_parity,9,0.5454347826086956,
rnn_only,4,10,next_parity,10,0.4194711538461539,
rnn_only,4,10,next_parity,11,0.31747919143876335,
rnn_only,4,10,next_parity,12,0.6171224732461356,
rnn_only,4,10,next_parity,13,0.5036764705882353,
rnn_only,4,10,next_parity,14,0.4603365384615385,
rnn_only,4,10,next_parity,15,0.511204481792717,
rnn_only,4,10,next_parity,16,0.4,
rnn_only,4,10,next_parity,17,0.4666666666666667,
rnn_only,4,10,next_parity,18,0.5777777777777777,
rnn_only,4,10,next_parity,19,0.44444444444444453,
rnn_only,4,10,next_parity,20,0.3977272727272727,
rnn_only,4,10,next_parity,21,0.42857142857142855,
rnn_only,4,10,next_parity,22,0.5777777777777777,
rnn_only,4,10,next_parity,23,0.6111111111111112,
rnn_only,4,10,next_parity,24,0.5777777777777777,
rnn_only,4,10,next_parity,25,0.49999999999999994,
rnn_only,4,10,next_parity,26,0.4555555555555555,
rnn_only,4,10,next_parity,27,0.38888888888888895,
rnn_only,4,10,next_parity,28,0.42222222222222217,
rnn_only,4,10,next_parity,29,0.6704545454545454,
rnn_only,4,10,next_parity,30,0.7051282051282051,
rnn_only,4,10,next_parity,31,0.47727272727272724,
rnn_only,4,10,next_parity,32,0.5568181818181819,
rnn_only,4,10,next_parity,33,,
rnn_only,4,10,next_parity,34,,
rnn_only,4,10,next_parity,35,,
rnn_only,4,10,next_parity,36,,
rnn_only,4,10,next_parity,37,,
rnn_only,4,10,next_parity,38,,
rnn_only,4,10,next_parity,39,,
rnn_only,4,10,next_parity,40,,
rnn_only,4,11,incoming_bit,0,1.0,
rnn_only,4,11,incoming_bit,1,1.0,
rnn_only,4,11,incoming_bit,2,1.0,
rnn_only,4,11,incoming_bit,3,1.0,
rnn_only,4,11,incoming_bit,4,1.0,
rnn_only,4,11,incoming_bit,5,1.0,
rnn_only,4,11,incoming_bit,6,1.0,
rnn_only,4,11,incoming_bit,7,1.0,
rnn_only,4,11,incoming_bit,8,1.0,
rnn_only,4,11,incoming_bit,9,1.0,
rnn_only,4,11,incoming_bit,10,1.0,
rnn_only,4,11,incoming_bit,11,1.0,
rnn_only,4,11,incoming_bit,12,1.0,
rnn_only,4,11,incoming_bit,13,0.9870129870129869,
rnn_only,4,11,incoming_bit,14,1.0,
rnn_only,4,11,incoming_bit,15,0.9726027397260274,
rnn_only,4,11,incoming_bit,16,1.0,
rnn_only,4,11,incoming_bit,17,0.9999999999999999,
rnn_only,4,11,incoming_bit,18,1.0,
rnn_only,4,11,incoming_bit,19,1.0,
rnn_only,4,11,incoming_bit,20,1.0,
rnn_only,4,11,incoming_bit,21,1.0,
rnn_only,4,11,incoming_bit,22,1.0,
rnn_only,4,11,incoming_bit,23,1.0,
rnn_only,4,11,incoming_bit,24,1.0,
rnn_only,4,11,incoming_bit,25,1.0,
rnn_only,4,11,incoming_bit,26,1.0,
rnn_only,4,11,incoming_bit,27,1.0,
rnn_only,4,11,incoming_bit,28,1.0,
rnn_only,4,11,incoming_bit,29,1.0,
rnn_only,4,11,incoming_bit,30,1.0,
rnn_only,4,11,incoming_bit,31,1.0,
rnn_only,4,11,incoming_bit,32,1.0,
rnn_only,4,11,incoming_bit,33,1.0,
rnn_only,4,11,incoming_bit,34,1.0,
rnn_only,4,11,incoming_bit,35,1.0,
rnn_only,4,11,incoming_bit,36,1.0,
rnn_only,4,11,incoming_bit,37,1.0,
rnn_only,4,11,incoming_bit,38,1.0,
rnn_only,4,11,incoming_bit,39,1.0,
rnn_only,4,11,incoming_bit,40,1.0,
rnn_only,4,11,incoming_bit,41,1.0,
rnn_only,4,11,incoming_bit,42,1.0,
rnn_only,4,11,incoming_bit,43,1.0,
rnn_only,4,11,outgoing_bit,0,0.883108108108108,
rnn_only,4,11,outgoing_bit,1,0.891566265060241,
rnn_only,4,11,outgoing_bit,2,0.858312020460358,
rnn_only,4,11,outgoing_bit,3,0.8926151761517614,
rnn_only,4,11,outgoing_bit,4,0.9048573975044564,
rnn_only,4,11,outgoing_bit,5,0.8958751393534002,
rnn_only,4,11,outgoing_bit,6,0.8584229390681003,
rnn_only,4,11,outgoing_bit,7,0.8336686787391012,
rnn_only,4,11,outgoing_bit,8,0.8913175470552519,
rnn_only,4,11,outgoing_bit,9,0.9279661016949152,
rnn_only,4,11,outgoing_bit,10,0.8821517412935324,
rnn_only,4,11,outgoing_bit,11,0.916083916083916,
rnn_only,4,11,outgoing_bit,12,0.7885366912722536,
rnn_only,4,11,outgoing_bit,13,0.8380084151472651,
rnn_only,4,11,outgoing_bit,14,0.7990196078431372,
rnn_only,4,11,outgoing_bit,15,0.8231780167264039,
rnn_only,4,11,outgoing_bit,16,0.8028846153846154,
rnn_only,4,11,outgoing_bit,17,0.797859690844233,
rnn_only,4,11,outgoing_bit,18,0.8431372549019608,
rnn_only,4,11,outgoing_bit,19,0.7479224376731302,
rnn_only,4,11,outgoing_bit,20,0.7948717948717949,
rnn_only,4,11,outgoing_bit,21,0.8571428571428571,
rnn_only,4,11,outgoing_bit,22,0.6277777777777778,
rnn_only,4,11,outgoing_bit,23,0.7500000000000001,
rnn_only,4,11,outgoing_bit,24,0.7000000000000001,
rnn_only,4,11,outgoing_bit,25,0.6818181818181818,
rnn_only,4,11,outgoing_bit,26,0.9,
rnn_only,4,11,outgoing_bit,27,0.7333333333333333,
rnn_only,4,11,outgoing_bit,28,0.875,
rnn_only,4,11,outgoing_bit,29,0.7435897435897436,
rnn_only,4,11,outgoing_bit,30,0.7619047619047619,
rnn_only,4,11,outgoing_bit,31,0.5909090909090909,
rnn_only,4,11,outgoing_bit,32,0.7777777777777778,
rnn_only,4,11,outgoing_bit,33,,
rnn_only,4,11,outgoing_bit,34,,
rnn_only,4,11,outgoing_bit,35,,
rnn_only,4,11,outgoing_bit,36,,
rnn_only,4,11,outgoing_bit,37,,
rnn_only,4,11,outgoing_bit,38,,
rnn_only,4,11,outgoing_bit,39,,
rnn_only,4,11,outgoing_bit,40,,
rnn_only,4,11,outgoing_bit,41,,
rnn_only,4,11,outgoing_bit,42,,
rnn_only,4,11,outgoing_bit,43,,
rnn_only,4,11,next_parity,0,,
rnn_only,4,11,next_parity,1,0.536783358701167,
rnn_only,4,11,next_parity,2,0.5531878910874345,
rnn_only,4,11,next_parity,3,0.5122448979591836,
rnn_only,4,11,next_parity,4,0.5088607594936708,
rnn_only,4,11,next_parity,5,0.5117299578059072,
rnn_only,4,11,next_parity,6,0.6138392857142857,
rnn_only,4,11,next_parity,7,0.5,
rnn_only,4,11,next_parity,8,0.48310810810810817,
rnn_only,4,11,next_parity,9,0.5649944258639911,
rnn_only,4,11,next_parity,10,0.5942424242424242,
rnn_only,4,11,next_parity,11,0.5535390199637024,
rnn_only,4,11,next_parity,12,0.5254083484573502,
rnn_only,4,11,next_parity,13,0.5211328976034858,
rnn_only,4,11,next_parity,14,0.42482517482517484,
rnn_only,4,11,next_parity,15,0.5564738292011019,
rnn_only,4,11,next_parity,16,0.3937888198757764,
rnn_only,4,11,next_parity,17,0.629013079667063,
rnn_only,4,11,next_parity,18,0.648989898989899,
rnn_only,4,11,next_parity,19,0.380499405469679,
rnn_only,4,11,next_parity,20,0.4789915966386554,
rnn_only,4,11,next_parity,21,0.631578947368421,
rnn_only,4,11,next_parity,22,0.4161931818181818,
rnn_only,4,11,next_parity,23,0.43137254901960786,
rnn_only,4,11,next_parity,24,0.449404761904762,
rnn_only,4,11,next_parity,25,0.6704545454545454,
rnn_only,4,11,next_parity,26,0.5,
rnn_only,4,11,next_parity,27,0.5909090909090909,
rnn_only,4,11,next_parity,28,0.5444444444444444,
rnn_only,4,11,next_parity,29,0.375,
rnn_only,4,11,next_parity,30,0.38095238095238093,
rnn_only,4,11,next_parity,31,0.3846153846153847,
rnn_only,4,11,next_parity,32,0.6818181818181818,
rnn_only,4,11,next_parity,33,0.4204545454545454,
rnn_only,4,11,next_parity,34,0.4571428571428571,
rnn_only,4,11,next_parity,35,,
rnn_only,4,11,next_parity,36,,
rnn_only,4,11,next_parity,37,,
rnn_only,4,11,next_parity,38,,
rnn_only,4,11,next_parity,39,,
rnn_only,4,11,next_parity,40,,
rnn_only,4,11,next_parity,41,,
rnn_only,4,11,next_parity,42,,
rnn_only,4,11,next_parity,43,,
rnn_only,4,12,incoming_bit,0,1.0,
rnn_only,4,12,incoming_bit,1,0.9856777493606138,
rnn_only,4,12,incoming_bit,2,1.0,
rnn_only,4,12,incoming_bit,3,1.0,
rnn_only,4,12,incoming_bit,4,1.0,
rnn_only,4,12,incoming_bit,5,1.0,
rnn_only,4,12,incoming_bit,6,1.0,
rnn_only,4,12,incoming_bit,7,1.0,
rnn_only,4,12,incoming_bit,8,1.0,
rnn_only,4,12,incoming_bit,9,1.0,
rnn_only,4,12,incoming_bit,10,1.0,
rnn_only,4,12,incoming_bit,11,1.0,
rnn_only,4,12,incoming_bit,12,0.9999999999999999,
rnn_only,4,12,incoming_bit,13,1.0,
rnn_only,4,12,incoming_bit,14,1.0,
rnn_only,4,12,incoming_bit,15,0.9991544055470997,
rnn_only,4,12,incoming_bit,16,1.0,
rnn_only,4,12,incoming_bit,17,1.0,
rnn_only,4,12,incoming_bit,18,1.0,
rnn_only,4,12,incoming_bit,19,1.0,
rnn_only,4,12,incoming_bit,20,1.0,
rnn_only,4,12,incoming_bit,21,1.0,
rnn_only,4,12,incoming_bit,22,1.0,
rnn_only,4,12,incoming_bit,23,1.0,
rnn_only,4,12,incoming_bit,24,1.0,
rnn_only,4,12,incoming_bit,25,1.0,
rnn_only,4,12,incoming_bit,26,1.0,
rnn_only,4,12,incoming_bit,27,1.0,
rnn_only,4,12,incoming_bit,28,1.0,
rnn_only,4,12,incoming_bit,29,1.0,
rnn_only,4,12,incoming_bit,30,1.0,
rnn_only,4,12,incoming_bit,31,1.0,
rnn_only,4,12,incoming_bit,32,1.0,
rnn_only,4,12,incoming_bit,33,1.0,
rnn_only,4,12,incoming_bit,34,1.0,
rnn_only,4,12,incoming_bit,35,1.0,
rnn_only,4,12,incoming_bit,36,1.0,
rnn_only,4,12,incoming_bit,37,1.0,
rnn_only,4,12,incoming_bit,38,1.0,
rnn_only,4,12,incoming_bit,39,1.0,
rnn_only,4,12,incoming_bit,40,1.0,
rnn_only,4,12,incoming_bit,41,1.0,
rnn_only,4,12,incoming_bit,42,1.0,
rnn_only,4,12,incoming_bit,43,1.0,
rnn_only,4,12,incoming_bit,44,1.0,
rnn_only,4,12,incoming_bit,45,1.0,
rnn_only,4,12,incoming_bit,46,1.0,
rnn_only,4,12,incoming_bit,47,1.0,
rnn_only,4,12,incoming_bit,48,1.0,
rnn_only,4,12,outgoing_bit,0,0.8174931129476584,
rnn_only,4,12,outgoing_bit,1,0.8750213128729752,
rnn_only,4,12,outgoing_bit,2,0.9291391848469474,
rnn_only,4,12,outgoing_bit,3,0.8630229419703105,
rnn_only,4,12,outgoing_bit,4,0.8549072211044043,
rnn_only,4,12,outgoing_bit,5,0.8301003344481606,
rnn_only,4,12,outgoing_bit,6,0.8126114081996434,
rnn_only,4,12,outgoing_bit,7,0.8156075808249721,
rnn_only,4,12,outgoing_bit,8,0.8437303087586641,
rnn_only,4,12,outgoing_bit,9,0.8737066342057213,
rnn_only,4,12,outgoing_bit,10,0.8487598306110102,
rnn_only,4,12,outgoing_bit,11,0.839404978749241,
rnn_only,4,12,outgoing_bit,12,0.8057598039215687,
rnn_only,4,12,outgoing_bit,13,0.8289930555555555,
rnn_only,4,12,outgoing_bit,14,0.8272108843537415,
rnn_only,4,12,outgoing_bit,15,0.8074829931972789,
rnn_only,4,12,outgoing_bit,16,0.8373819163292848,
rnn_only,4,12,outgoing_bit,17,0.8693877551020408,
rnn_only,4,12,outgoing_bit,18,0.7746288798920378,
rnn_only,4,12,outgoing_bit,19,0.7791327913279132,
rnn_only,4,12,outgoing_bit,20,0.856081081081081,
rnn_only,4,12,outgoing_bit,21,0.872108843537415,
rnn_only,4,12,outgoing_bit,22,0.8070175438596491,
rnn_only,4,12,outgoing_bit,23,0.8529810298102981,
rnn_only,4,12,outgoing_bit,24,0.7483130904183536,
rnn_only,4,12,outgoing_bit,25,0.8395316804407713,
rnn_only,4,12,outgoing_bit,26,0.8535762483130904,
rnn_only,4,12,outgoing_bit,27,0.7878787878787878,
rnn_only,4,12,outgoing_bit,28,0.8277027027027026,
rnn_only,4,12,outgoing_bit,29,0.8326585695006747,
rnn_only,4,12,outgoing_bit,30,0.8677462887989205,
rnn_only,4,12,outgoing_bit,31,0.8699186991869918,
rnn_only,4,12,outgoing_bit,32,0.8882113821138211,
rnn_only,4,12,outgoing_bit,33,0.8529411764705882,
rnn_only,4,12,outgoing_bit,34,0.7622461170848268,
rnn_only,4,12,outgoing_bit,35,0.9571428571428572,
rnn_only,4,12,outgoing_bit,36,0.8333333333333334,
rnn_only,4,12,outgoing_bit,37,,
rnn_only,4,12,outgoing_bit,38,,
rnn_only,4,12,outgoing_bit,39,,
rnn_only,4,12,outgoing_bit,40,,
rnn_only,4,12,outgoing_bit,41,,
rnn_only,4,12,outgoing_bit,42,,
rnn_only,4,12,outgoing_bit,43,,
rnn_only,4,12,outgoing_bit,44,,
rnn_only,4,12,outgoing_bit,45,,
rnn_only,4,12,outgoing_bit,46,,
rnn_only,4,12,outgoing_bit,47,,
rnn_only,4,12,outgoing_bit,48,,
rnn_only,4,12,next_parity,0,,
rnn_only,4,12,next_parity,1,0.4254852320675105,
rnn_only,4,12,next_parity,2,0.46763085399449034,
rnn_only,4,12,next_parity,3,0.5031286994757314,
rnn_only,4,12,next_parity,4,0.5210863697705803,
rnn_only,4,12,next_parity,5,0.4829391891891892,
rnn_only,4,12,next_parity,6,0.482174688057041,
rnn_only,4,12,next_parity,7,0.5101449275362319,
rnn_only,4,12,next_parity,8,0.5200089425441538,
rnn_only,4,12,next_parity,9,0.49023130473837867,
rnn_only,4,12,next_parity,10,0.5012172854534388,
rnn_only,4,12,next_parity,11,0.5683060109289617,
rnn_only,4,12,next_parity,12,0.5374315276932441,
rnn_only,4,12,next_parity,13,0.4752747252747253,
rnn_only,4,12,next_parity,14,0.5637973137973138,
rnn_only,4,12,next_parity,15,0.47286148501953973,
rnn_only,4,12,next_parity,16,0.368673050615595,
rnn_only,4,12,next_parity,17,0.5192837465564738,
rnn_only,4,12,next_parity,18,0.5179063360881543,
rnn_only,4,12,next_parity,19,0.5870748299319728,
rnn_only,4,12,next_parity,20,0.543091655266758,
rnn_only,4,12,next_parity,21,0.5687237026647967,
rnn_only,4,12,next_parity,22,0.44986449864498645,
rnn_only,4,12,next_parity,23,0.35135135135135137,
rnn_only,4,12,next_parity,24,0.3242134062927496,
rnn_only,4,12,next_parity,25,0.5663956639566397,
rnn_only,4,12,next_parity,26,0.5236486486486486,
rnn_only,4,12,next_parity,27,0.4595744680851063,
rnn_only,4,12,next_parity,28,0.609078590785908,
rnn_only,4,12,next_parity,29,0.4925170068027211,
rnn_only,4,12,next_parity,30,0.40176151761517614,
rnn_only,4,12,next_parity,31,0.5499999999999999,
rnn_only,4,12,next_parity,32,0.39271255060728744,
rnn_only,4,12,next_parity,33,0.49728997289972904,
rnn_only,4,12,next_parity,34,0.51889338731444,
rnn_only,4,12,next_parity,35,0.5890083632019116,
rnn_only,4,12,next_parity,36,0.4158653846153846,
rnn_only,4,12,next_parity,37,0.42174432497013137,
rnn_only,4,12,next_parity,38,0.7555555555555556,
rnn_only,4,12,next_parity,39,,
rnn_only,4,12,next_parity,40,,
rnn_only,4,12,next_parity,41,,
rnn_only,4,12,next_parity,42,,
rnn_only,4,12,next_parity,43,,
rnn_only,4,12,next_parity,44,,
rnn_only,4,12,next_parity,45,,
rnn_only,4,12,next_parity,46,,
rnn_only,4,12,next_parity,47,,
rnn_only,4,12,next_parity,48,,
rnn_only,4,13,incoming_bit,0,1.0,
rnn_only,4,13,incoming_bit,1,1.0,
rnn_only,4,13,incoming_bit,2,1.0,
rnn_only,4,13,incoming_bit,3,1.0,
rnn_only,4,13,incoming_bit,4,1.0,
rnn_only,4,13,incoming_bit,5,1.0,
rnn_only,4,13,incoming_bit,6,1.0,
rnn_only,4,13,incoming_bit,7,1.0,
rnn_only,4,13,incoming_bit,8,1.0,
rnn_only,4,13,incoming_bit,9,1.0,
rnn_only,4,13,incoming_bit,10,1.0,
rnn_only,4,13,incoming_bit,11,1.0,
rnn_only,4,13,incoming_bit,12,1.0,
rnn_only,4,13,incoming_bit,13,1.0,
rnn_only,4,13,incoming_bit,14,1.0,
rnn_only,4,13,incoming_bit,15,1.0,
rnn_only,4,13,incoming_bit,16,1.0,
rnn_only,4,13,incoming_bit,17,1.0,
rnn_only,4,13,incoming_bit,18,1.0,
rnn_only,4,13,incoming_bit,19,1.0,
rnn_only,4,13,incoming_bit,20,1.0,
rnn_only,4,13,incoming_bit,21,1.0,
rnn_only,4,13,incoming_bit,22,1.0,
rnn_only,4,13,incoming_bit,23,1.0,
rnn_only,4,13,incoming_bit,24,1.0,
rnn_only,4,13,incoming_bit,25,1.0,
rnn_only,4,13,incoming_bit,26,1.0,
rnn_only,4,13,incoming_bit,27,1.0,
rnn_only,4,13,incoming_bit,28,1.0,
rnn_only,4,13,incoming_bit,29,1.0,
rnn_only,4,13,incoming_bit,30,1.0,
rnn_only,4,13,incoming_bit,31,1.0,
rnn_only,4,13,incoming_bit,32,1.0,
rnn_only,4,13,incoming_bit,33,1.0,
rnn_only,4,13,incoming_bit,34,1.0,
rnn_only,4,13,incoming_bit,35,1.0,
rnn_only,4,13,incoming_bit,36,1.0,
rnn_only,4,13,incoming_bit,37,1.0,
rnn_only,4,13,incoming_bit,38,1.0,
rnn_only,4,13,incoming_bit,39,1.0,
rnn_only,4,13,incoming_bit,40,1.0,
rnn_only,4,13,incoming_bit,41,1.0,
rnn_only,4,13,incoming_bit,42,1.0,
rnn_only,4,13,incoming_bit,43,1.0,
rnn_only,4,13,incoming_bit,44,1.0,
rnn_only,4,13,incoming_bit,45,1.0,
rnn_only,4,13,incoming_bit,46,1.0,
rnn_only,4,13,incoming_bit,47,1.0,
rnn_only,4,13,incoming_bit,48,1.0,
rnn_only,4,13,incoming_bit,49,1.0,
rnn_only,4,13,incoming_bit,50,1.0,
rnn_only,4,13,incoming_bit,51,1.0,
rnn_only,4,13,incoming_bit,52,1.0,
rnn_only,4,13,outgoing_bit,0,0.8510062573989514,
rnn_only,4,13,outgoing_bit,1,0.8386054421768707,
rnn_only,4,13,outgoing_bit,2,0.8820006747638327,
rnn_only,4,13,outgoing_bit,3,0.8202702702702703,
rnn_only,4,13,outgoing_bit,4,0.8720178372352285,
rnn_only,4,13,outgoing_bit,5,0.9149030964580084,
rnn_only,4,13,outgoing_bit,6,0.8651960784313727,
rnn_only,4,13,outgoing_bit,7,0.8951612903225806,
rnn_only,4,13,outgoing_bit,8,0.8085653753026635,
rnn_only,4,13,outgoing_bit,9,0.8251515151515152,
rnn_only,4,13,outgoing_bit,10,0.8372727272727273,
rnn_only,4,13,outgoing_bit,11,0.8606208155812539,
rnn_only,4,13,outgoing_bit,12,0.844869459623558,
rnn_only,4,13,outgoing_bit,13,0.8054545454545454,
rnn_only,4,13,outgoing_bit,14,0.8209741114523914,
rnn_only,4,13,outgoing_bit,15,0.8901432913590969,
rnn_only,4,13,outgoing_bit,16,0.8203671328671329,
rnn_only,4,13,outgoing_bit,17,0.7990346643264591,
rnn_only,4,13,outgoing_bit,18,0.8425925925925926,
rnn_only,4,13,outgoing_bit,19,0.8679982631350412,
rnn_only,4,13,outgoing_bit,20,0.8139130434782609,
rnn_only,4,13,outgoing_bit,21,0.8424747696358051,
rnn_only,4,13,outgoing_bit,22,0.84880174291939,
rnn_only,4,13,outgoing_bit,23,0.7242726877985236,
rnn_only,4,13,outgoing_bit,24,0.8705572619569987,
rnn_only,4,13,outgoing_bit,25,0.7682608695652174,
rnn_only,4,13,outgoing_bit,26,0.8604347826086957,
rnn_only,4,13,outgoing_bit,27,0.7681917211328977,
rnn_only,4,13,outgoing_bit,28,0.9424836601307189,
rnn_only,4,13,outgoing_bit,29,0.8357531760435571,
rnn_only,4,13,outgoing_bit,30,0.8239651416122004,
rnn_only,4,13,outgoing_bit,31,0.861304347826087,
rnn_only,4,13,outgoing_bit,32,0.8028846153846154,
rnn_only,4,13,outgoing_bit,33,0.8211875843454791,
rnn_only,4,13,outgoing_bit,34,0.7878787878787878,
rnn_only,4,13,outgoing_bit,35,0.8304054054054054,
rnn_only,4,13,outgoing_bit,36,0.85,
rnn_only,4,13,outgoing_bit,37,0.6555555555555556,
rnn_only,4,13,outgoing_bit,38,0.7444444444444445,
rnn_only,4,13,outgoing_bit,39,0.7666666666666667,
rnn_only,4,13,outgoing_bit,40,,
rnn_only,4,13,outgoing_bit,41,,
rnn_only,4,13,outgoing_bit,42,,
rnn_only,4,13,outgoing_bit,43,,
rnn_only,4,13,outgoing_bit,44,,
rnn_only,4,13,outgoing_bit,45,,
rnn_only,4,13,outgoing_bit,46,,
rnn_only,4,13,outgoing_bit,47,,
rnn_only,4,13,outgoing_bit,48,,
rnn_only,4,13,outgoing_bit,49,,
rnn_only,4,13,outgoing_bit,50,,
rnn_only,4,13,outgoing_bit,51,,
rnn_only,4,13,outgoing_bit,52,,
rnn_only,4,13,next_parity,0,,
rnn_only,4,13,next_parity,1,0.5551054852320675,
rnn_only,4,13,next_parity,2,0.4725177304964539,
rnn_only,4,13,next_parity,3,0.45153061224489793,
rnn_only,4,13,next_parity,4,0.4775156965891736,
rnn_only,4,13,next_parity,5,0.49578272604588397,
rnn_only,4,13,next_parity,6,0.5140374331550802,
rnn_only,4,13,next_parity,7,0.4412486064659978,
rnn_only,4,13,next_parity,8,0.47778537252221465,
rnn_only,4,13,next_parity,9,0.48910846620256015,
rnn_only,4,13,next_parity,10,0.5181818181818181,
rnn_only,4,13,next_parity,11,0.5205223880597014,
rnn_only,4,13,next_parity,12,0.5660317460317461,
rnn_only,4,13,next_parity,13,0.5316494217894097,
rnn_only,4,13,next_parity,14,0.5308529945553538,
rnn_only,4,13,next_parity,15,0.41759950248756217,
rnn_only,4,13,next_parity,16,0.39532753092075124,
rnn_only,4,13,next_parity,17,0.3717391304347826,
rnn_only,4,13,next_parity,18,0.5577342047930284,
rnn_only,4,13,next_parity,19,0.4840958605664488,
rnn_only,4,13,next_parity,20,0.5166083916083916,
rnn_only,4,13,next_parity,21,0.5679548415110726,
rnn_only,4,13,next_parity,22,0.5278260869565217,
rnn_only,4,13,next_parity,23,0.5039335664335665,
rnn_only,4,13,next_parity,24,0.4713403880070547,
rnn_only,4,13,next_parity,25,0.4780487804878049,
rnn_only,4,13,next_parity,26,0.5161713286713288,
rnn_only,4,13,next_parity,27,0.455026455026455,
rnn_only,4,13,next_parity,28,0.48871527777777773,
rnn_only,4,13,next_parity,29,0.4895652173913044,
rnn_only,4,13,next_parity,30,0.47135416666666663,
rnn_only,4,13,next_parity,31,0.5473090277777778,
rnn_only,4,13,next_parity,32,0.5440729483282675,
rnn_only,4,13,next_parity,33,0.49572649572649574,
rnn_only,4,13,next_parity,34,0.5734204793028324,
rnn_only,4,13,next_parity,35,0.4756756756756757,
rnn_only,4,13,next_parity,36,0.5365853658536586,
rnn_only,4,13,next_parity,37,0.5006756756756756,
rnn_only,4,13,next_parity,38,0.5742296918767507,
rnn_only,4,13,next_parity,39,0.46153846153846156,
rnn_only,4,13,next_parity,40,0.5476190476190476,
rnn_only,4,13,next_parity,41,0.5227272727272727,
rnn_only,4,13,next_parity,42,,
rnn_only,4,13,next_parity,43,,
rnn_only,4,13,next_parity,44,,
rnn_only,4,13,next_parity,45,,
rnn_only,4,13,next_parity,46,,
rnn_only,4,13,next_parity,47,,
rnn_only,4,13,next_parity,48,,
rnn_only,4,13,next_parity,49,,
rnn_only,4,13,next_parity,50,,
rnn_only,4,13,next_parity,51,,
rnn_only,4,13,next_parity,52,,
rnn_only,4,14,incoming_bit,0,1.0,
rnn_only,4,14,incoming_bit,1,1.0,
rnn_only,4,14,incoming_bit,2,1.0,
rnn_only,4,14,incoming_bit,3,1.0,
rnn_only,4,14,incoming_bit,4,1.0,
rnn_only,4,14,incoming_bit,5,1.0,
rnn_only,4,14,incoming_bit,6,1.0,
rnn_only,4,14,incoming_bit,7,1.0,
rnn_only,4,14,incoming_bit,8,1.0,
rnn_only,4,14,incoming_bit,9,1.0,
rnn_only,4,14,incoming_bit,10,1.0,
rnn_only,4,14,incoming_bit,11,1.0,
rnn_only,4,14,incoming_bit,12,1.0,
rnn_only,4,14,incoming_bit,13,1.0,
rnn_only,4,14,incoming_bit,14,1.0,
rnn_only,4,14,incoming_bit,15,1.0,
rnn_only,4,14,incoming_bit,16,1.0,
rnn_only,4,14,incoming_bit,17,1.0,
rnn_only,4,14,incoming_bit,18,1.0,
rnn_only,4,14,incoming_bit,19,1.0,
rnn_only,4,14,incoming_bit,20,1.0,
rnn_only,4,14,incoming_bit,21,1.0,
rnn_only,4,14,incoming_bit,22,1.0,
rnn_only,4,14,incoming_bit,23,1.0,
rnn_only,4,14,incoming_bit,24,1.0,
rnn_only,4,14,incoming_bit,25,1.0,
rnn_only,4,14,incoming_bit,26,1.0,
rnn_only,4,14,incoming_bit,27,1.0,
rnn_only,4,14,incoming_bit,28,1.0,
rnn_only,4,14,incoming_bit,29,1.0,
rnn_only,4,14,incoming_bit,30,1.0,
rnn_only,4,14,incoming_bit,31,1.0,
rnn_only,4,14,incoming_bit,32,1.0,
rnn_only,4,14,incoming_bit,33,0.996078431372549,
rnn_only,4,14,incoming_bit,34,1.0,
rnn_only,4,14,incoming_bit,35,1.0,
rnn_only,4,14,incoming_bit,36,1.0,
rnn_only,4,14,incoming_bit,37,1.0,
rnn_only,4,14,incoming_bit,38,1.0,
rnn_only,4,14,incoming_bit,39,1.0,
rnn_only,4,14,incoming_bit,40,1.0,
rnn_only,4,14,incoming_bit,41,1.0,
rnn_only,4,14,incoming_bit,42,1.0,
rnn_only,4,14,incoming_bit,43,1.0,
rnn_only,4,14,incoming_bit,44,1.0,
rnn_only,4,14,incoming_bit,45,1.0,
rnn_only,4,14,incoming_bit,46,1.0,
rnn_only,4,14,incoming_bit,47,1.0,
rnn_only,4,14,incoming_bit,48,1.0,
rnn_only,4,14,incoming_bit,49,1.0,
rnn_only,4,14,incoming_bit,50,1.0,
rnn_only,4,14,incoming_bit,51,1.0,
rnn_only,4,14,incoming_bit,52,1.0,
rnn_only,4,14,incoming_bit,53,1.0,
rnn_only,4,14,outgoing_bit,0,0.850779132791328,
rnn_only,4,14,outgoing_bit,1,0.8833079654997463,
rnn_only,4,14,outgoing_bit,2,0.8432432432432433,
rnn_only,4,14,outgoing_bit,3,0.8615047233468285,
rnn_only,4,14,outgoing_bit,4,0.8109318996415771,
rnn_only,4,14,outgoing_bit,5,0.8595982142857143,
rnn_only,4,14,outgoing_bit,6,0.8021390374331551,
rnn_only,4,14,outgoing_bit,7,0.8343815513626833,
rnn_only,4,14,outgoing_bit,8,0.7963980463980463,
rnn_only,4,14,outgoing_bit,9,0.8596813725490196,
rnn_only,4,14,outgoing_bit,10,0.8436923076923076,
rnn_only,4,14,outgoing_bit,11,0.8880097382836275,
rnn_only,4,14,outgoing_bit,12,0.7982295482295482,
rnn_only,4,14,outgoing_bit,13,0.855191256830601,
rnn_only,4,14,outgoing_bit,14,0.918918918918919,
rnn_only,4,14,outgoing_bit,15,0.827391304347826,
rnn_only,4,14,outgoing_bit,16,0.7906976744186046,
rnn_only,4,14,outgoing_bit,17,0.8363317244405442,
rnn_only,4,14,outgoing_bit,18,0.7928916191311979,
rnn_only,4,14,outgoing_bit,19,0.822405557967868,
rnn_only,4,14,outgoing_bit,20,0.7816993464052286,
rnn_only,4,14,outgoing_bit,21,0.8549889135254989,
rnn_only,4,14,outgoing_bit,22,0.7940917107583774,
rnn_only,4,14,outgoing_bit,23,0.8560869565217392,
rnn_only,4,14,outgoing_bit,24,0.8098132870169344,
rnn_only,4,14,outgoing_bit,25,0.807142857142857,
rnn_only,4,14,outgoing_bit,26,0.7681917211328976,
rnn_only,4,14,outgoing_bit,27,0.8347222222222223,
rnn_only,4,14,outgoing_bit,28,0.8893246187363835,
rnn_only,4,14,outgoing_bit,29,0.8610139860139859,
rnn_only,4,14,outgoing_bit,30,0.8517857142857143,
rnn_only,4,14,outgoing_bit,31,0.7263986013986015,
rnn_only,4,14,outgoing_bit,32,0.8484585323491098,
rnn_only,4,14,outgoing_bit,33,0.8299319727891156,
rnn_only,4,14,outgoing_bit,34,0.8685636856368563,
rnn_only,4,14,outgoing_bit,35,0.7736486486486486,
rnn_only,4,14,outgoing_bit,36,0.9495798319327731,
rnn_only,4,14,outgoing_bit,37,0.5227272727272727,
rnn_only,4,14,outgoing_bit,38,0.45238095238095233,
rnn_only,4,14,outgoing_bit,39,0.6222222222222222,
rnn_only,4,14,outgoing_bit,40,,
rnn_only,4,14,outgoing_bit,41,,
rnn_only,4,14,outgoing_bit,42,,
rnn_only,4,14,outgoing_bit,43,,
rnn_only,4,14,outgoing_bit,44,,
rnn_only,4,14,outgoing_bit,45,,
rnn_only,4,14,outgoing_bit,46,,
rnn_only,4,14,outgoing_bit,47,,
rnn_only,4,14,outgoing_bit,48,,
rnn_only,4,14,outgoing_bit,49,,
rnn_only,4,14,outgoing_bit,50,,
rnn_only,4,14,outgoing_bit,51,,
rnn_only,4,14,outgoing_bit,52,,
rnn_only,4,14,outgoing_bit,53,,
rnn_only,4,14,next_parity,0,,
rnn_only,4,14,next_parity,1,0.5435992578849721,
rnn_only,4,14,next_parity,2,0.5191518467852257,
rnn_only,4,14,next_parity,3,0.5310391363022942,
rnn_only,4,14,next_parity,4,0.6122762148337596,
rnn_only,4,14,next_parity,5,0.4529352226720648,
rnn_only,4,14,next_parity,6,0.45741113346747153,
rnn_only,4,14,next_parity,7,0.5028248587570621,
rnn_only,4,14,next_parity,8,0.4862508383635144,
rnn_only,4,14,next_parity,9,0.4652406417112299,
rnn_only,4,14,next_parity,10,0.45856524427953,
rnn_only,4,14,next_parity,11,0.4916923076923077,
rnn_only,4,14,next_parity,12,0.4799999999999999,
rnn_only,4,14,next_parity,13,0.5386488131466829,
rnn_only,4,14,next_parity,14,0.5380333951762523,
rnn_only,4,14,next_parity,15,0.5886803874092009,
rnn_only,4,14,next_parity,16,0.5130434782608695,
rnn_only,4,14,next_parity,17,0.48703703703703705,
rnn_only,4,14,next_parity,18,0.5437062937062938,
rnn_only,4,14,next_parity,19,0.4792768959435626,
rnn_only,4,14,next_parity,20,0.5,
rnn_only,4,14,next_parity,21,0.4765247915752523,
rnn_only,4,14,next_parity,22,0.5139860139860141,
rnn_only,4,14,next_parity,23,0.4949539271610355,
rnn_only,4,14,next_parity,24,0.4659938569548047,
rnn_only,4,14,next_parity,25,0.529513888888889,
rnn_only,4,14,next_parity,26,0.5230434782608696,
rnn_only,4,14,next_parity,27,0.5326897762176392,
rnn_only,4,14,next_parity,28,0.4439130434782609,
rnn_only,4,14,next_parity,29,0.5857577073382545,
rnn_only,4,14,next_parity,30,0.47668845315904135,
rnn_only,4,14,next_parity,31,0.49652777777777773,
rnn_only,4,14,next_parity,32,0.5565217391304348,
rnn_only,4,14,next_parity,33,0.4412416851441241,
rnn_only,4,14,next_parity,34,0.48849326964828477,
rnn_only,4,14,next_parity,35,0.44166666666666665,
rnn_only,4,14,next_parity,36,0.4817073170731707,
rnn_only,4,14,next_parity,37,0.5289256198347108,
rnn_only,4,14,next_parity,38,0.5277777777777778,
rnn_only,4,14,next_parity,39,0.5454545454545454,
rnn_only,4,14,next_parity,40,0.2857142857142857,
rnn_only,4,14,next_parity,41,0.32954545454545453,
rnn_only,4,14,next_parity,42,,
rnn_only,4,14,next_parity,43,,
rnn_only,4,14,next_parity,44,,
rnn_only,4,14,next_parity,45,,
rnn_only,4,14,next_parity,46,,
rnn_only,4,14,next_parity,47,,
rnn_only,4,14,next_parity,48,,
rnn_only,4,14,next_parity,49,,
rnn_only,4,14,next_parity,50,,
rnn_only,4,14,next_parity,51,,
rnn_only,4,14,next_parity,52,,
rnn_only,4,14,next_parity,53,,
rnn_only,4,15,incoming_bit,0,1.0,
rnn_only,4,15,incoming_bit,1,1.0,
rnn_only,4,15,incoming_bit,2,1.0,
rnn_only,4,15,incoming_bit,3,1.0,
rnn_only,4,15,incoming_bit,4,1.0,
rnn_only,4,15,incoming_bit,5,1.0,
rnn_only,4,15,incoming_bit,6,1.0,
rnn_only,4,15,incoming_bit,7,1.0,
rnn_only,4,15,incoming_bit,8,1.0,
rnn_only,4,15,incoming_bit,9,1.0,
rnn_only,4,15,incoming_bit,10,1.0,
rnn_only,4,15,incoming_bit,11,1.0,
rnn_only,4,15,incoming_bit,12,1.0,
rnn_only,4,15,incoming_bit,13,1.0,
rnn_only,4,15,incoming_bit,14,1.0,
rnn_only,4,15,incoming_bit,15,1.0,
rnn_only,4,15,incoming_bit,16,1.0,
rnn_only,4,15,incoming_bit,17,1.0,
rnn_only,4,15,incoming_bit,18,1.0,
rnn_only,4,15,incoming_bit,19,1.0,
rnn_only,4,15,incoming_bit,20,1.0,
rnn_only,4,15,incoming_bit,21,1.0,
rnn_only,4,15,incoming_bit,22,1.0,
rnn_only,4,15,incoming_bit,23,1.0,
rnn_only,4,15,incoming_bit,24,1.0,
rnn_only,4,15,incoming_bit,25,1.0,
rnn_only,4,15,incoming_bit,26,1.0,
rnn_only,4,15,incoming_bit,27,0.9827586206896551,
rnn_only,4,15,incoming_bit,28,0.9814814814814815,
rnn_only,4,15,incoming_bit,29,1.0,
rnn_only,4,15,incoming_bit,30,1.0,
rnn_only,4,15,incoming_bit,31,1.0,
rnn_only,4,15,incoming_bit,32,1.0,
rnn_only,4,15,incoming_bit,33,1.0,
rnn_only,4,15,incoming_bit,34,1.0,
rnn_only,4,15,incoming_bit,35,1.0,
rnn_only,4,15,incoming_bit,36,1.0,
rnn_only,4,15,incoming_bit,37,1.0,
rnn_only,4,15,incoming_bit,38,1.0,
rnn_only,4,15,incoming_bit,39,1.0,
rnn_only,4,15,incoming_bit,40,1.0,
rnn_only,4,15,incoming_bit,41,1.0,
rnn_only,4,15,incoming_bit,42,1.0,
rnn_only,4,15,incoming_bit,43,1.0,
rnn_only,4,15,incoming_bit,44,1.0,
rnn_only,4,15,incoming_bit,45,1.0,
rnn_only,4,15,incoming_bit,46,1.0,
rnn_only,4,15,incoming_bit,47,1.0,
rnn_only,4,15,incoming_bit,48,1.0,
rnn_only,4,15,incoming_bit,49,1.0,
rnn_only,4,15,incoming_bit,50,1.0,
rnn_only,4,15,incoming_bit,51,1.0,
rnn_only,4,15,incoming_bit,52,1.0,
rnn_only,4,15,incoming_bit,53,1.0,
rnn_only,4,15,incoming_bit,54,1.0,
rnn_only,4,15,incoming_bit,55,1.0,
rnn_only,4,15,incoming_bit,56,1.0,
rnn_only,4,15,incoming_bit,57,1.0,
rnn_only,4,15,incoming_bit,58,1.0,
rnn_only,4,15,incoming_bit,59,1.0,
rnn_only,4,15,outgoing_bit,0,0.8907075873827793,
rnn_only,4,15,outgoing_bit,1,0.8236089971249789,
rnn_only,4,15,outgoing_bit,2,0.8864569083447333,
rnn_only,4,15,outgoing_bit,3,0.8561066126855601,
rnn_only,4,15,outgoing_bit,4,0.8278012920472265,
rnn_only,4,15,outgoing_bit,5,0.8494983277591974,
rnn_only,4,15,outgoing_bit,6,0.8528428093645484,
rnn_only,4,15,outgoing_bit,7,0.8450482820570402,
rnn_only,4,15,outgoing_bit,8,0.8666666666666667,
rnn_only,4,15,outgoing_bit,9,0.817698846387371,
rnn_only,4,15,outgoing_bit,10,0.8461538461538461,
rnn_only,4,15,outgoing_bit,11,0.8079249848759832,
rnn_only,4,15,outgoing_bit,12,0.8342785129174543,
rnn_only,4,15,outgoing_bit,13,0.7909035409035409,
rnn_only,4,15,outgoing_bit,14,0.8631993006993006,
rnn_only,4,15,outgoing_bit,15,0.7885739991003149,
rnn_only,4,15,outgoing_bit,16,0.860616587060356,
rnn_only,4,15,outgoing_bit,17,0.8788671023965141,
rnn_only,4,15,outgoing_bit,18,0.8198002605297438,
rnn_only,4,15,outgoing_bit,19,0.7911364633611233,
rnn_only,4,15,outgoing_bit,20,0.802517361111111,
rnn_only,4,15,outgoing_bit,21,0.8219713417281806,
rnn_only,4,15,outgoing_bit,22,0.8348214285714285,
rnn_only,4,15,outgoing_bit,23,0.8558035714285714,
rnn_only,4,15,outgoing_bit,24,0.8154580981328702,
rnn_only,4,15,outgoing_bit,25,0.873643074250977,
rnn_only,4,15,outgoing_bit,26,0.8254464285714286,
rnn_only,4,15,outgoing_bit,27,0.8198002605297439,
rnn_only,4,15,outgoing_bit,28,0.8208695652173913,
rnn_only,4,15,outgoing_bit,29,0.8645104895104895,
rnn_only,4,15,outgoing_bit,30,0.8444055944055945,
rnn_only,4,15,outgoing_bit,31,0.8421286031042128,
rnn_only,4,15,outgoing_bit,32,0.8602540834845734,
rnn_only,4,15,outgoing_bit,33,0.854251012145749,
rnn_only,4,15,outgoing_bit,34,0.8133608815426998,
rnn_only,4,15,outgoing_bit,35,0.8721088435374149,
rnn_only,4,15,outgoing_bit,36,0.8327272727272728,
rnn_only,4,15,outgoing_bit,37,0.7876923076923077,
rnn_only,4,15,outgoing_bit,38,0.631578947368421,
rnn_only,4,15,outgoing_bit,39,0.8587257617728532,
rnn_only,4,15,outgoing_bit,40,0.7222222222222221,
rnn_only,4,15,outgoing_bit,41,0.5,
rnn_only,4,15,outgoing_bit,42,0.7,
rnn_only,4,15,outgoing_bit,43,0.7051282051282051,
rnn_only,4,15,outgoing_bit,44,0.9659090909090909,
rnn_only,4,15,outgoing_bit,45,,
rnn_only,4,15,outgoing_bit,46,,
rnn_only,4,15,outgoing_bit,47,,
rnn_only,4,15,outgoing_bit,48,,
rnn_only,4,15,outgoing_bit,49,,
rnn_only,4,15,outgoing_bit,50,,
rnn_only,4,15,outgoing_bit,51,,
rnn_only,4,15,outgoing_bit,52,,
rnn_only,4,15,outgoing_bit,53,,
rnn_only,4,15,outgoing_bit,54,,
rnn_only,4,15,outgoing_bit,55,,
rnn_only,4,15,outgoing_bit,56,,
rnn_only,4,15,outgoing_bit,57,,
rnn_only,4,15,outgoing_bit,58,,
rnn_only,4,15,outgoing_bit,59,,
rnn_only,4,15,next_parity,0,,
rnn_only,4,15,next_parity,1,0.4308510638297873,
rnn_only,4,15,next_parity,2,0.593923611111111,
rnn_only,4,15,next_parity,3,0.5648712737127372,
rnn_only,4,15,next_parity,4,0.46564625850340136,
rnn_only,4,15,next_parity,5,0.44611486486486485,
rnn_only,4,15,next_parity,6,0.5011160714285714,
rnn_only,4,15,next_parity,7,0.5239687848383501,
rnn_only,4,15,next_parity,8,0.394489247311828,
rnn_only,4,15,next_parity,9,0.4878592114056583,
rnn_only,4,15,next_parity,10,0.5611380145278451,
rnn_only,4,15,next_parity,11,0.412227602905569,
rnn_only,4,15,next_parity,12,0.5332728372655777,
rnn_only,4,15,next_parity,13,0.49595771144278605,
rnn_only,4,15,next_parity,14,0.4224877450980392,
rnn_only,4,15,next_parity,15,0.49572649572649574,
rnn_only,4,15,next_parity,16,0.5900998697351281,
rnn_only,4,15,next_parity,17,0.5238095238095237,
rnn_only,4,15,next_parity,18,0.5010893246187365,
rnn_only,4,15,next_parity,19,0.4791666666666667,
rnn_only,4,15,next_parity,20,0.4917391304347826,
rnn_only,4,15,next_parity,21,0.508695652173913,
rnn_only,4,15,next_parity,22,0.4781468531468532,
rnn_only,4,15,next_parity,23,0.6079027355623101,
rnn_only,4,15,next_parity,24,0.5559912854030501,
rnn_only,4,15,next_parity,25,0.4917391304347826,
rnn_only,4,15,next_parity,26,0.5565410199556541,
rnn_only,4,15,next_parity,27,0.5044091710758377,
rnn_only,4,15,next_parity,28,0.6221729490022172,
rnn_only,4,15,next_parity,29,0.39822616407982264,
rnn_only,4,15,next_parity,30,0.5073913043478261,
rnn_only,4,15,next_parity,31,0.6200607902735562,
rnn_only,4,15,next_parity,32,0.47416413373860183,
rnn_only,4,15,next_parity,33,0.5222672064777327,
rnn_only,4,15,next_parity,34,0.5256076388888888,
rnn_only,4,15,next_parity,35,0.5266757865937073,
rnn_only,4,15,next_parity,36,0.5736486486486486,
rnn_only,4,15,next_parity,37,0.5851351351351352,
rnn_only,4,15,next_parity,38,0.3822115384615385,
rnn_only,4,15,next_parity,39,0.47023809523809523,
rnn_only,4,15,next_parity,40,0.5266106442577031,
rnn_only,4,15,next_parity,41,0.49030470914127416,
rnn_only,4,15,next_parity,42,0.55,
rnn_only,4,15,next_parity,43,0.5568181818181818,
rnn_only,4,15,next_parity,44,0.3717948717948718,
rnn_only,4,15,next_parity,45,0.7738095238095237,
rnn_only,4,15,next_parity,46,0.30681818181818177,
rnn_only,4,15,next_parity,47,,
rnn_only,4,15,next_parity,48,,
rnn_only,4,15,next_parity,49,,
rnn_only,4,15,next_parity,50,,
rnn_only,4,15,next_parity,51,,
rnn_only,4,15,next_parity,52,,
rnn_only,4,15,next_parity,53,,
rnn_only,4,15,next_parity,54,,
rnn_only,4,15,next_parity,55,,
rnn_only,4,15,next_parity,56,,
rnn_only,4,15,next_parity,57,,
rnn_only,4,15,next_parity,58,,
rnn_only,4,15,next_parity,59,,
rnn_only,5,2,incoming_bit,0,1.0,
rnn_only,5,2,incoming_bit,1,0.9999999999999999,
rnn_only,5,2,incoming_bit,2,1.0,
rnn_only,5,2,incoming_bit,3,1.0,
rnn_only,5,2,incoming_bit,4,0.9999999999999999,
rnn_only,5,2,incoming_bit,5,1.0,
rnn_only,5,2,incoming_bit,6,1.0,
rnn_only,5,2,incoming_bit,7,1.0,
rnn_only,5,2,incoming_bit,8,1.0,
rnn_only,5,2,outgoing_bit,0,1.0,
rnn_only,5,2,outgoing_bit,1,1.0,
rnn_only,5,2,outgoing_bit,2,1.0,
rnn_only,5,2,outgoing_bit,3,0.9991474850809888,
rnn_only,5,2,outgoing_bit,4,0.9999999999999999,
rnn_only,5,2,outgoing_bit,5,1.0,
rnn_only,5,2,outgoing_bit,6,1.0,
rnn_only,5,2,outgoing_bit,7,,
rnn_only,5,2,outgoing_bit,8,,
rnn_only,5,2,next_parity,0,,
rnn_only,5,2,next_parity,1,0.4850376196990424,
rnn_only,5,2,next_parity,2,0.44748508098891726,
rnn_only,5,2,next_parity,3,0.5213935396583799,
rnn_only,5,2,next_parity,4,0.5503457581379659,
rnn_only,5,2,next_parity,5,0.4957720277354981,
rnn_only,5,2,next_parity,6,0.4663265306122449,
rnn_only,5,2,next_parity,7,0.6565217391304347,
rnn_only,5,2,next_parity,8,0.5284090909090908,
rnn_only,5,3,incoming_bit,0,1.0,
rnn_only,5,3,incoming_bit,1,1.0,
rnn_only,5,3,incoming_bit,2,1.0,
rnn_only,5,3,incoming_bit,3,1.0,
rnn_only,5,3,incoming_bit,4,1.0,
rnn_only,5,3,incoming_bit,5,1.0,
rnn_only,5,3,incoming_bit,6,1.0,
rnn_only,5,3,incoming_bit,7,1.0,
rnn_only,5,3,incoming_bit,8,1.0,
rnn_only,5,3,incoming_bit,9,1.0,
rnn_only,5,3,incoming_bit,10,1.0,
rnn_only,5,3,incoming_bit,11,1.0,
rnn_only,5,3,outgoing_bit,0,0.9917005420054201,
rnn_only,5,3,outgoing_bit,1,0.9976287262872628,
rnn_only,5,3,outgoing_bit,2,0.9993224932249323,
rnn_only,5,3,outgoing_bit,3,0.999321228576277,
rnn_only,5,3,outgoing_bit,4,0.9912854030501089,
rnn_only,5,3,outgoing_bit,5,1.0,
rnn_only,5,3,outgoing_bit,6,0.9979338842975207,
rnn_only,5,3,outgoing_bit,7,0.9972972972972973,
rnn_only,5,3,outgoing_bit,8,1.0,
rnn_only,5,3,outgoing_bit,9,,
rnn_only,5,3,outgoing_bit,10,,
rnn_only,5,3,outgoing_bit,11,,
rnn_only,5,3,next_parity,0,,
rnn_only,5,3,next_parity,1,0.5242751758449133,
rnn_only,5,3,next_parity,2,0.4870867768595042,
rnn_only,5,3,next_parity,3,0.5591645353793692,
rnn_only,5,3,next_parity,4,0.5044068394147717,
rnn_only,5,3,next_parity,5,0.5499241018721539,
rnn_only,5,3,next_parity,6,0.5747826086956522,
rnn_only,5,3,next_parity,7,0.37228997289972904,
rnn_only,5,3,next_parity,8,0.37074829931972797,
rnn_only,5,3,next_parity,9,0.5100694444444444,
rnn_only,5,3,next_parity,10,0.40340909090909094,
rnn_only,5,3,next_parity,11,,
rnn_only,5,4,incoming_bit,0,1.0,
rnn_only,5,4,incoming_bit,1,1.0,
rnn_only,5,4,incoming_bit,2,1.0,
rnn_only,5,4,incoming_bit,3,1.0,
rnn_only,5,4,incoming_bit,4,1.0,
rnn_only,5,4,incoming_bit,5,0.9999999999999999,
rnn_only,5,4,incoming_bit,6,0.9999999999999999,
rnn_only,5,4,incoming_bit,7,1.0,
rnn_only,5,4,incoming_bit,8,1.0,
rnn_only,5,4,incoming_bit,9,1.0,
rnn_only,5,4,incoming_bit,10,1.0,
rnn_only,5,4,incoming_bit,11,1.0,
rnn_only,5,4,incoming_bit,12,1.0,
rnn_only,5,4,incoming_bit,13,1.0,
rnn_only,5,4,incoming_bit,14,1.0,
rnn_only,5,4,incoming_bit,15,1.0,
rnn_only,5,4,incoming_bit,16,1.0,
rnn_only,5,4,outgoing_bit,0,0.9395325203252032,
rnn_only,5,4,outgoing_bit,1,0.9745276653171391,
rnn_only,5,4,outgoing_bit,2,0.983370100118785,
rnn_only,5,4,outgoing_bit,3,0.9629825489159175,
rnn_only,5,4,outgoing_bit,4,0.9642701525054466,
rnn_only,5,4,outgoing_bit,5,0.9607438016528925,
rnn_only,5,4,outgoing_bit,6,0.9757085020242915,
rnn_only,5,4,outgoing_bit,7,0.9412955465587045,
rnn_only,5,4,outgoing_bit,8,0.9111111111111112,
rnn_only,5,4,outgoing_bit,9,0.9085872576177285,
rnn_only,5,4,outgoing_bit,10,0.9019607843137255,
rnn_only,5,4,outgoing_bit,11,1.0,
rnn_only,5,4,outgoing_bit,12,1.0,
rnn_only,5,4,outgoing_bit,13,,
rnn_only,5,4,outgoing_bit,14,,
rnn_only,5,4,outgoing_bit,15,,
rnn_only,5,4,outgoing_bit,16,,
rnn_only,5,4,next_parity,0,,
rnn_only,5,4,next_parity,1,0.4821822501272697,
rnn_only,5,4,next_parity,2,0.5403630077787381,
rnn_only,5,4,next_parity,3,0.5724286949006049,
rnn_only,5,4,next_parity,4,0.5121909633418584,
rnn_only,5,4,next_parity,5,0.5109017966160823,
rnn_only,5,4,next_parity,6,0.5082501085540599,
rnn_only,5,4,next_parity,7,0.36925287356321834,
rnn_only,5,4,next_parity,8,0.3475177304964539,
rnn_only,5,4,next_parity,9,0.4684959349593496,
rnn_only,5,4,next_parity,10,0.4929971988795518,
rnn_only,5,4,next_parity,11,0.46875,
rnn_only,5,4,next_parity,12,0.35942028985507246,
rnn_only,5,4,next_parity,13,0.4222222222222223,
rnn_only,5,4,next_parity,14,0.5222222222222223,
rnn_only,5,4,next_parity,15,,
rnn_only,5,4,next_parity,16,,
rnn_only,5,5,incoming_bit,0,1.0,
rnn_only,5,5,incoming_bit,1,1.0,
rnn_only,5,5,incoming_bit,2,1.0,
rnn_only,5,5,incoming_bit,3,1.0,
rnn_only,5,5,incoming_bit,4,1.0,
rnn_only,5,5,incoming_bit,5,1.0,
rnn_only,5,5,incoming_bit,6,1.0,
rnn_only,5,5,incoming_bit,7,1.0,
rnn_only,5,5,incoming_bit,8,1.0,
rnn_only,5,5,incoming_bit,9,1.0,
rnn_only,5,5,incoming_bit,10,1.0,
rnn_only,5,5,incoming_bit,11,1.0,
rnn_only,5,5,incoming_bit,12,1.0,
rnn_only,5,5,incoming_bit,13,1.0,
rnn_only,5,5,incoming_bit,14,1.0,
rnn_only,5,5,incoming_bit,15,1.0,
rnn_only,5,5,incoming_bit,16,1.0,
rnn_only,5,5,incoming_bit,17,1.0,
rnn_only,5,5,incoming_bit,18,1.0,
rnn_only,5,5,incoming_bit,19,1.0,
rnn_only,5,5,outgoing_bit,0,0.9491319444444445,
rnn_only,5,5,outgoing_bit,1,0.9764521193092621,
rnn_only,5,5,outgoing_bit,2,0.9711849957374253,
rnn_only,5,5,outgoing_bit,3,0.9612244897959183,
rnn_only,5,5,outgoing_bit,4,0.9805194805194806,
rnn_only,5,5,outgoing_bit,5,0.9548047389205792,
rnn_only,5,5,outgoing_bit,6,0.9451513821851689,
rnn_only,5,5,outgoing_bit,7,0.9521739130434782,
rnn_only,5,5,outgoing_bit,8,0.9229813664596274,
rnn_only,5,5,outgoing_bit,9,0.9180124223602484,
rnn_only,5,5,outgoing_bit,10,0.9421052631578948,
rnn_only,5,5,outgoing_bit,11,0.9084423305588585,
rnn_only,5,5,outgoing_bit,12,0.9539473684210527,
rnn_only,5,5,outgoing_bit,13,0.9472222222222222,
rnn_only,5,5,outgoing_bit,14,0.9090909090909091,
rnn_only,5,5,outgoing_bit,15,,
rnn_only,5,5,outgoing_bit,16,,
rnn_only,5,5,outgoing_bit,17,,
rnn_only,5,5,outgoing_bit,18,,
rnn_only,5,5,outgoing_bit,19,,
rnn_only,5,5,next_parity,0,,
rnn_only,5,5,next_parity,1,0.6034100596760444,
rnn_only,5,5,next_parity,2,0.48475609756097565,
rnn_only,5,5,next_parity,3,0.5295562330623307,
rnn_only,5,5,next_parity,4,0.5669224211423699,
rnn_only,5,5,next_parity,5,0.4412162162162162,
rnn_only,5,5,next_parity,6,0.5267470624613482,
rnn_only,5,5,next_parity,7,0.47847826086956524,
rnn_only,5,5,next_parity,8,0.5232558139534884,
rnn_only,5,5,next_parity,9,0.6010893246187363,
rnn_only,5,5,next_parity,10,0.4630952380952381,
rnn_only,5,5,next_parity,11,0.5955528846153846,
rnn_only,5,5,next_parity,12,0.6254480286738351,
rnn_only,5,5,next_parity,13,0.47977941176470584,
rnn_only,5,5,next_parity,14,0.4765625,
rnn_only,5,5,next_parity,15,0.28055555555555556,
rnn_only,5,5,next_parity,16,0.6488095238095238,
rnn_only,5,5,next_parity,17,,
rnn_only,5,5,next_parity,18,,
rnn_only,5,5,next_parity,19,,
rnn_only,5,6,incoming_bit,0,1.0,
rnn_only,5,6,incoming_bit,1,1.0,
rnn_only,5,6,incoming_bit,2,1.0,
rnn_only,5,6,incoming_bit,3,1.0,
rnn_only,5,6,incoming_bit,4,1.0,
rnn_only,5,6,incoming_bit,5,1.0,
rnn_only,5,6,incoming_bit,6,1.0,
rnn_only,5,6,incoming_bit,7,1.0,
rnn_only,5,6,incoming_bit,8,1.0,
rnn_only,5,6,incoming_bit,9,1.0,
rnn_only,5,6,incoming_bit,10,1.0,
rnn_only,5,6,incoming_bit,11,1.0,
rnn_only,5,6,incoming_bit,12,1.0,
rnn_only,5,6,incoming_bit,13,1.0,
rnn_only,5,6,incoming_bit,14,1.0,
rnn_only,5,6,incoming_bit,15,1.0,
rnn_only,5,6,incoming_bit,16,1.0,
rnn_only,5,6,incoming_bit,17,1.0,
rnn_only,5,6,incoming_bit,18,1.0,
rnn_only,5,6,incoming_bit,19,1.0,
rnn_only,5,6,outgoing_bit,0,0.9498974008207935,
rnn_only,5,6,outgoing_bit,1,0.9156096736005411,
rnn_only,5,6,outgoing_bit,2,0.9700203252032521,
rnn_only,5,6,outgoing_bit,3,0.9215719345589475,
rnn_only,5,6,outgoing_bit,4,0.8852678571428572,
rnn_only,5,6,outgoing_bit,5,0.791156462585034,
rnn_only,5,6,outgoing_bit,6,0.9083333333333333,
rnn_only,5,6,outgoing_bit,7,0.9168918918918919,
rnn_only,5,6,outgoing_bit,8,0.8753462603878116,
rnn_only,5,6,outgoing_bit,9,0.8055555555555556,
rnn_only,5,6,outgoing_bit,10,0.9131652661064427,
rnn_only,5,6,outgoing_bit,11,0.961218836565097,
rnn_only,5,6,outgoing_bit,12,0.8289855072463768,
rnn_only,5,6,outgoing_bit,13,0.7840909090909091,
rnn_only,5,6,outgoing_bit,14,,
rnn_only,5,6,outgoing_bit,15,,
rnn_only,5,6,outgoing_bit,16,,
rnn_only,5,6,outgoing_bit,17,,
rnn_only,5,6,outgoing_bit,18,,
rnn_only,5,6,outgoing_bit,19,,
rnn_only,5,6,next_parity,0,,
rnn_only,5,6,next_parity,1,0.51156462585034,
rnn_only,5,6,next_parity,2,0.5136140706916963,
rnn_only,5,6,next_parity,3,0.4676616915422886,
rnn_only,5,6,next_parity,4,0.4990666892923808,
rnn_only,5,6,next_parity,5,0.40047879616963067,
rnn_only,5,6,next_parity,6,0.5808278867102397,
rnn_only,5,6,next_parity,7,0.5291545189504374,
rnn_only,5,6,next_parity,8,0.48707482993197276,
rnn_only,5,6,next_parity,9,0.5427083333333333,
rnn_only,5,6,next_parity,10,0.5684523809523809,
rnn_only,5,6,next_parity,11,0.5055555555555555,
rnn_only,5,6,next_parity,12,0.47645429362880887,
rnn_only,5,6,next_parity,13,0.6333333333333333,
rnn_only,5,6,next_parity,14,0.5213068181818181,
rnn_only,5,6,next_parity,15,0.5111111111111112,
rnn_only,5,6,next_parity,16,,
rnn_only,5,6,next_parity,17,,
rnn_only,5,6,next_parity,18,,
rnn_only,5,6,next_parity,19,,
rnn_only,5,7,incoming_bit,0,1.0,
rnn_only,5,7,incoming_bit,1,1.0,
rnn_only,5,7,incoming_bit,2,1.0,
rnn_only,5,7,incoming_bit,3,1.0,
rnn_only,5,7,incoming_bit,4,1.0,
rnn_only,5,7,incoming_bit,5,1.0,
rnn_only,5,7,incoming_bit,6,1.0,
rnn_only,5,7,incoming_bit,7,0.9999999999999999,
rnn_only,5,7,incoming_bit,8,1.0,
rnn_only,5,7,incoming_bit,9,1.0,
rnn_only,5,7,incoming_bit,10,1.0,
rnn_only,5,7,incoming_bit,11,1.0,
rnn_only,5,7,incoming_bit,12,1.0,
rnn_only,5,7,incoming_bit,13,1.0,
rnn_only,5,7,incoming_bit,14,1.0,
rnn_only,5,7,incoming_bit,15,1.0,
rnn_only,5,7,incoming_bit,16,1.0,
rnn_only,5,7,incoming_bit,17,1.0,
rnn_only,5,7,incoming_bit,18,1.0,
rnn_only,5,7,incoming_bit,19,1.0,
rnn_only,5,7,incoming_bit,20,1.0,
rnn_only,5,7,outgoing_bit,0,0.8496598639455782,
rnn_only,5,7,outgoing_bit,1,0.9310875512995896,
rnn_only,5,7,outgoing_bit,2,0.9154228855721394,
rnn_only,5,7,outgoing_bit,3,0.915991902834008,
rnn_only,5,7,outgoing_bit,4,0.8793330408073717,
rnn_only,5,7,outgoing_bit,5,0.8090418353576248,
rnn_only,5,7,outgoing_bit,6,0.8621621621621621,
rnn_only,5,7,outgoing_bit,7,0.875,
rnn_only,5,7,outgoing_bit,8,0.85595567867036,
rnn_only,5,7,outgoing_bit,9,0.925,
rnn_only,5,7,outgoing_bit,10,0.8666666666666667,
rnn_only,5,7,outgoing_bit,11,0.9222222222222223,
rnn_only,5,7,outgoing_bit,12,0.8333333333333334,
rnn_only,5,7,outgoing_bit,13,0.7976190476190477,
rnn_only,5,7,outgoing_bit,14,,
rnn_only,5,7,outgoing_bit,15,,
rnn_only,5,7,outgoing_bit,16,,
rnn_only,5,7,outgoing_bit,17,,
rnn_only,5,7,outgoing_bit,18,,
rnn_only,5,7,outgoing_bit,19,,
rnn_only,5,7,outgoing_bit,20,,
rnn_only,5,7,next_parity,0,,
rnn_only,5,7,next_parity,1,0.5222701149425287,
rnn_only,5,7,next_parity,2,0.4864470749699777,
rnn_only,5,7,next_parity,3,0.5068399452804377,
rnn_only,5,7,next_parity,4,0.5482834432606122,
rnn_only,5,7,next_parity,5,0.5439532520325203,
rnn_only,5,7,next_parity,6,0.4261437908496732,
rnn_only,5,7,next_parity,7,0.5112244897959184,
rnn_only,5,7,next_parity,8,0.5618055555555556,
rnn_only,5,7,next_parity,9,0.48407859078590787,
rnn_only,5,7,next_parity,10,0.518005540166205,
rnn_only,5,7,next_parity,11,0.5378151260504201,
rnn_only,5,7,next_parity,12,0.47246376811594204,
rnn_only,5,7,next_parity,13,0.6358543417366946,
rnn_only,5,7,next_parity,14,0.49420289855072463,
rnn_only,5,7,next_parity,15,0.6333333333333333,
rnn_only,5,7,next_parity,16,,
rnn_only,5,7,next_parity,17,,
rnn_only,5,7,next_parity,18,,
rnn_only,5,7,next_parity,19,,
rnn_only,5,7,next_parity,20,,
rnn_only,5,8,incoming_bit,0,1.0,
rnn_only,5,8,incoming_bit,1,1.0,
rnn_only,5,8,incoming_bit,2,1.0,
rnn_only,5,8,incoming_bit,3,1.0,
rnn_only,5,8,incoming_bit,4,1.0,
rnn_only,5,8,incoming_bit,5,1.0,
rnn_only,5,8,incoming_bit,6,1.0,
rnn_only,5,8,incoming_bit,7,0.9999999999999999,
rnn_only,5,8,incoming_bit,8,1.0,
rnn_only,5,8,incoming_bit,9,1.0,
rnn_only,5,8,incoming_bit,10,1.0,
rnn_only,5,8,incoming_bit,11,1.0,
rnn_only,5,8,incoming_bit,12,1.0,
rnn_only,5,8,incoming_bit,13,1.0,
rnn_only,5,8,incoming_bit,14,1.0,
rnn_only,5,8,incoming_bit,15,1.0,
rnn_only,5,8,incoming_bit,16,1.0,
rnn_only,5,8,incoming_bit,17,1.0,
rnn_only,5,8,incoming_bit,18,1.0,
rnn_only,5,8,incoming_bit,19,1.0,
rnn_only,5,8,incoming_bit,20,1.0,
rnn_only,5,8,incoming_bit,21,1.0,
rnn_only,5,8,outgoing_bit,0,0.8417678812415654,
rnn_only,5,8,outgoing_bit,1,0.9163851351351352,
rnn_only,5,8,outgoing_bit,2,0.879217273954116,
rnn_only,5,8,outgoing_bit,3,0.9042517006802722,
rnn_only,5,8,outgoing_bit,4,0.8209626630679262,
rnn_only,5,8,outgoing_bit,5,0.8452702702702702,
rnn_only,5,8,outgoing_bit,6,0.8953488372093024,
rnn_only,5,8,outgoing_bit,7,0.8228454172366622,
rnn_only,5,8,outgoing_bit,8,0.8695652173913043,
rnn_only,5,8,outgoing_bit,9,0.6916666666666667,
rnn_only,5,8,outgoing_bit,10,0.7759103641456583,
rnn_only,5,8,outgoing_bit,11,0.9101449275362319,
rnn_only,5,8,outgoing_bit,12,0.8459383753501402,
rnn_only,5,8,outgoing_bit,13,0.8555555555555556,
rnn_only,5,8,outgoing_bit,14,,
rnn_only,5,8,outgoing_bit,15,,
rnn_only,5,8,outgoing_bit,16,,
rnn_only,5,8,outgoing_bit,17,,
rnn_only,5,8,outgoing_bit,18,,
rnn_only,5,8,outgoing_bit,19,,
rnn_only,5,8,outgoing_bit,20,,
rnn_only,5,8,outgoing_bit,21,,
rnn_only,5,8,next_parity,0,,
rnn_only,5,8,next_parity,1,0.49889455782312925,
rnn_only,5,8,next_parity,2,0.542517006802721,
rnn_only,5,8,next_parity,3,0.5078547297297298,
rnn_only,5,8,next_parity,4,0.5132113821138211,
rnn_only,5,8,next_parity,5,0.5653061224489796,
rnn_only,5,8,next_parity,6,0.4212962962962963,
rnn_only,5,8,next_parity,7,0.4100694444444445,
rnn_only,5,8,next_parity,8,0.6104651162790697,
rnn_only,5,8,next_parity,9,0.5496621621621621,
rnn_only,5,8,next_parity,10,0.556786703601108,
rnn_only,5,8,next_parity,11,0.42296918767506997,
rnn_only,5,8,next_parity,12,0.5055555555555555,
rnn_only,5,8,next_parity,13,0.4929971988795518,
rnn_only,5,8,next_parity,14,0.6057971014492753,
rnn_only,5,8,next_parity,15,0.625,
rnn_only,5,8,next_parity,16,,
rnn_only,5,8,next_parity,17,,
rnn_only,5,8,next_parity,18,,
rnn_only,5,8,next_parity,19,,
rnn_only,5,8,next_parity,20,,
rnn_only,5,8,next_parity,21,,
rnn_only,5,9,incoming_bit,0,1.0,
rnn_only,5,9,incoming_bit,1,1.0,
rnn_only,5,9,incoming_bit,2,1.0,
rnn_only,5,9,incoming_bit,3,1.0,
rnn_only,5,9,incoming_bit,4,1.0,
rnn_only,5,9,incoming_bit,5,1.0,
rnn_only,5,9,incoming_bit,6,1.0,
rnn_only,5,9,incoming_bit,7,1.0,
rnn_only,5,9,incoming_bit,8,1.0,
rnn_only,5,9,incoming_bit,9,1.0,
rnn_only,5,9,incoming_bit,10,1.0,
rnn_only,5,9,incoming_bit,11,1.0,
rnn_only,5,9,incoming_bit,12,1.0,
rnn_only,5,9,incoming_bit,13,1.0,
rnn_only,5,9,incoming_bit,14,1.0,
rnn_only,5,9,incoming_bit,15,1.0,
rnn_only,5,9,incoming_bit,16,1.0,
rnn_only,5,9,incoming_bit,17,1.0,
rnn_only,5,9,incoming_bit,18,1.0,
rnn_only,5,9,incoming_bit,19,1.0,
rnn_only,5,9,incoming_bit,20,1.0,
rnn_only,5,9,incoming_bit,21,1.0,
rnn_only,5,9,incoming_bit,22,1.0,
rnn_only,5,9,outgoing_bit,0,0.879054054054054,
rnn_only,5,9,outgoing_bit,1,0.9355657026889903,
rnn_only,5,9,outgoing_bit,2,0.8928270042194093,
rnn_only,5,9,outgoing_bit,3,0.9246563719667402,
rnn_only,5,9,outgoing_bit,4,0.8758314855875832,
rnn_only,5,9,outgoing_bit,5,0.8482384823848238,
rnn_only,5,9,outgoing_bit,6,0.8402777777777777,
rnn_only,5,9,outgoing_bit,7,0.8522267206477734,
rnn_only,5,9,outgoing_bit,8,0.8405797101449275,
rnn_only,5,9,outgoing_bit,9,0.8487394957983194,
rnn_only,5,9,outgoing_bit,10,0.6750700280112045,
rnn_only,5,9,outgoing_bit,11,0.8405797101449275,
rnn_only,5,9,outgoing_bit,12,0.9188405797101449,
rnn_only,5,9,outgoing_bit,13,0.7666666666666666,
rnn_only,5,9,outgoing_bit,14,,
rnn_only,5,9,outgoing_bit,15,,
rnn_only,5,9,outgoing_bit,16,,
rnn_only,5,9,outgoing_bit,17,,
rnn_only,5,9,outgoing_bit,18,,
rnn_only,5,9,outgoing_bit,19,,
rnn_only,5,9,outgoing_bit,20,,
rnn_only,5,9,outgoing_bit,21,,
rnn_only,5,9,outgoing_bit,22,,
rnn_only,5,9,next_parity,0,,
rnn_only,5,9,next_parity,1,0.430952380952381,
rnn_only,5,9,next_parity,2,0.5132758329105361,
rnn_only,5,9,next_parity,3,0.49898648648648647,
rnn_only,5,9,next_parity,4,0.4890548107924656,
rnn_only,5,9,next_parity,5,0.41743197278911565,
rnn_only,5,9,next_parity,6,0.5453159041394335,
rnn_only,5,9,next_parity,7,0.5738714090287277,
rnn_only,5,9,next_parity,8,0.48387096774193544,
rnn_only,5,9,next_parity,9,0.5899452804377565,
rnn_only,5,9,next_parity,10,0.5415384615384615,
rnn_only,5,9,next_parity,11,0.5266106442577031,
rnn_only,5,9,next_parity,12,0.5340909090909092,
rnn_only,5,9,next_parity,13,0.4444444444444445,
rnn_only,5,9,next_parity,14,0.4521739130434783,
rnn_only,5,9,next_parity,15,0.46111111111111114,
rnn_only,5,9,next_parity,16,,
rnn_only,5,9,next_parity,17,,
rnn_only,5,9,next_parity,18,,
rnn_only,5,9,next_parity,19,,
rnn_only,5,9,next_parity,20,,
rnn_only,5,9,next_parity,21,,
rnn_only,5,9,next_parity,22,,
rnn_only,5,10,incoming_bit,0,1.0,
rnn_only,5,10,incoming_bit,1,1.0,
rnn_only,5,10,incoming_bit,2,1.0,
rnn_only,5,10,incoming_bit,3,1.0,
rnn_only,5,10,incoming_bit,4,1.0,
rnn_only,5,10,incoming_bit,5,1.0,
rnn_only,5,10,incoming_bit,6,1.0,
rnn_only,5,10,incoming_bit,7,1.0,
rnn_only,5,10,incoming_bit,8,1.0,
rnn_only,5,10,incoming_bit,9,1.0,
rnn_only,5,10,incoming_bit,10,1.0,
rnn_only,5,10,incoming_bit,11,1.0,
rnn_only,5,10,incoming_bit,12,1.0,
rnn_only,5,10,incoming_bit,13,1.0,
rnn_only,5,10,incoming_bit,14,1.0,
rnn_only,5,10,incoming_bit,15,1.0,
rnn_only,5,10,incoming_bit,16,1.0,
rnn_only,5,10,incoming_bit,17,1.0,
rnn_only,5,10,incoming_bit,18,1.0,
rnn_only,5,10,incoming_bit,19,1.0,
rnn_only,5,10,incoming_bit,20,1.0,
rnn_only,5,10,incoming_bit,21,1.0,
rnn_only,5,10,incoming_bit,22,1.0,
rnn_only,5,10,incoming_bit,23,1.0,
rnn_only,5,10,incoming_bit,24,1.0,
rnn_only,5,10,incoming_bit,25,1.0,
rnn_only,5,10,incoming_bit,26,1.0,
rnn_only,5,10,incoming_bit,27,1.0,
rnn_only,5,10,incoming_bit,28,1.0,
rnn_only,5,10,incoming_bit,29,1.0,
rnn_only,5,10,incoming_bit,30,1.0,
rnn_only,5,10,incoming_bit,31,1.0,
rnn_only,5,10,incoming_bit,32,1.0,
rnn_only,5,10,incoming_bit,33,1.0,
rnn_only,5,10,incoming_bit,34,1.0,
rnn_only,5,10,incoming_bit,35,1.0,
rnn_only,5,10,incoming_bit,36,1.0,
rnn_only,5,10,incoming_bit,37,1.0,
rnn_only,5,10,incoming_bit,38,1.0,
rnn_only,5,10,incoming_bit,39,1.0,
rnn_only,5,10,incoming_bit,40,1.0,
rnn_only,5,10,outgoing_bit,0,0.8447310368233497,
rnn_only,5,10,outgoing_bit,1,0.933950934980271,
rnn_only,5,10,outgoing_bit,2,0.8767123287671232,
rnn_only,5,10,outgoing_bit,3,0.8665651953323187,
rnn_only,5,10,outgoing_bit,4,0.815725561627201,
rnn_only,5,10,outgoing_bit,5,0.8937381404174574,
rnn_only,5,10,outgoing_bit,6,0.8317307692307692,
rnn_only,5,10,outgoing_bit,7,0.898474945533769,
rnn_only,5,10,outgoing_bit,8,0.8993939393939394,
rnn_only,5,10,outgoing_bit,9,0.8957528957528957,
rnn_only,5,10,outgoing_bit,10,0.8785714285714286,
rnn_only,5,10,outgoing_bit,11,0.7563636363636363,
rnn_only,5,10,outgoing_bit,12,0.8125,
rnn_only,5,10,outgoing_bit,13,0.7563025210084033,
rnn_only,5,10,outgoing_bit,14,0.788888888888889,
rnn_only,5,10,outgoing_bit,15,0.8,
rnn_only,5,10,outgoing_bit,16,0.9111111111111111,
rnn_only,5,10,outgoing_bit,17,0.5714285714285714,
rnn_only,5,10,outgoing_bit,18,0.875,
rnn_only,5,10,outgoing_bit,19,0.8111111111111111,
rnn_only,5,10,outgoing_bit,20,0.9111111111111112,
rnn_only,5,10,outgoing_bit,21,0.7159090909090909,
rnn_only,5,10,outgoing_bit,22,0.8409090909090908,
rnn_only,5,10,outgoing_bit,23,0.9333333333333333,
rnn_only,5,10,outgoing_bit,24,0.8,
rnn_only,5,10,outgoing_bit,25,0.8068181818181818,
rnn_only,5,10,outgoing_bit,26,0.8333333333333333,
rnn_only,5,10,outgoing_bit,27,0.8522727272727273,
rnn_only,5,10,outgoing_bit,28,0.9666666666666667,
rnn_only,5,10,outgoing_bit,29,0.9431818181818181,
rnn_only,5,10,outgoing_bit,30,0.6888888888888889,
rnn_only,5,10,outgoing_bit,31,,
rnn_only,5,10,outgoing_bit,32,,
rnn_only,5,10,outgoing_bit,33,,
rnn_only,5,10,outgoing_bit,34,,
rnn_only,5,10,outgoing_bit,35,,
rnn_only,5,10,outgoing_bit,36,,
rnn_only,5,10,outgoing_bit,37,,
rnn_only,5,10,outgoing_bit,38,,
rnn_only,5,10,outgoing_bit,39,,
rnn_only,5,10,outgoing_bit,40,,
rnn_only,5,10,next_parity,0,,
rnn_only,5,10,next_parity,1,0.4540816326530612,
rnn_only,5,10,next_parity,2,0.4486486486486487,
rnn_only,5,10,next_parity,3,0.5575068870523416,
rnn_only,5,10,next_parity,4,0.45002536783358704,
rnn_only,5,10,next_parity,5,0.5402031680440771,
rnn_only,5,10,next_parity,6,0.4678940961655508,
rnn_only,5,10,next_parity,7,0.4757495590828924,
rnn_only,5,10,next_parity,8,0.4942680776014109,
rnn_only,5,10,next_parity,9,0.528913043478261,
rnn_only,5,10,next_parity,10,0.4435096153846153,
rnn_only,5,10,next_parity,11,0.450653983353151,
rnn_only,5,10,next_parity,12,0.5612366230677766,
rnn_only,5,10,next_parity,13,0.41544117647058826,
rnn_only,5,10,next_parity,14,0.6358173076923077,
rnn_only,5,10,next_parity,15,0.5140056022408963,
rnn_only,5,10,next_parity,16,0.5222222222222223,
rnn_only,5,10,next_parity,17,0.4444444444444444,
rnn_only,5,10,next_parity,18,0.6444444444444445,
rnn_only,5,10,next_parity,19,0.24444444444444444,
rnn_only,5,10,next_parity,20,0.42045454545454547,
rnn_only,5,10,next_parity,21,0.3928571428571429,
rnn_only,5,10,next_parity,22,0.34444444444444444,
rnn_only,5,10,next_parity,23,0.7555555555555555,
rnn_only,5,10,next_parity,24,0.5333333333333333,
rnn_only,5,10,next_parity,25,0.5238095238095238,
rnn_only,5,10,next_parity,26,0.6222222222222222,
rnn_only,5,10,next_parity,27,0.3333333333333333,
rnn_only,5,10,next_parity,28,0.38888888888888884,
rnn_only,5,10,next_parity,29,0.48863636363636365,
rnn_only,5,10,next_parity,30,0.6410256410256411,
rnn_only,5,10,next_parity,31,0.5454545454545454,
rnn_only,5,10,next_parity,32,0.6136363636363636,
rnn_only,5,10,next_parity,33,,
rnn_only,5,10,next_parity,34,,
rnn_only,5,10,next_parity,35,,
rnn_only,5,10,next_parity,36,,
rnn_only,5,10,next_parity,37,,
rnn_only,5,10,next_parity,38,,
rnn_only,5,10,next_parity,39,,
rnn_only,5,10,next_parity,40,,
rnn_only,5,11,incoming_bit,0,1.0,
rnn_only,5,11,incoming_bit,1,1.0,
rnn_only,5,11,incoming_bit,2,1.0,
rnn_only,5,11,incoming_bit,3,1.0,
rnn_only,5,11,incoming_bit,4,1.0,
rnn_only,5,11,incoming_bit,5,1.0,
rnn_only,5,11,incoming_bit,6,1.0,
rnn_only,5,11,incoming_bit,7,1.0,
rnn_only,5,11,incoming_bit,8,1.0,
rnn_only,5,11,incoming_bit,9,1.0,
rnn_only,5,11,incoming_bit,10,1.0,
rnn_only,5,11,incoming_bit,11,1.0,
rnn_only,5,11,incoming_bit,12,1.0,
rnn_only,5,11,incoming_bit,13,1.0,
rnn_only,5,11,incoming_bit,14,1.0,
rnn_only,5,11,incoming_bit,15,1.0,
rnn_only,5,11,incoming_bit,16,1.0,
rnn_only,5,11,incoming_bit,17,1.0,
rnn_only,5,11,incoming_bit,18,1.0,
rnn_only,5,11,incoming_bit,19,1.0,
rnn_only,5,11,incoming_bit,20,1.0,
rnn_only,5,11,incoming_bit,21,1.0,
rnn_only,5,11,incoming_bit,22,1.0,
rnn_only,5,11,incoming_bit,23,1.0,
rnn_only,5,11,incoming_bit,24,1.0,
rnn_only,5,11,incoming_bit,25,1.0,
rnn_only,5,11,incoming_bit,26,1.0,
rnn_only,5,11,incoming_bit,27,1.0,
rnn_only,5,11,incoming_bit,28,1.0,
rnn_only,5,11,incoming_bit,29,1.0,
rnn_only,5,11,incoming_bit,30,1.0,
rnn_only,5,11,incoming_bit,31,1.0,
rnn_only,5,11,incoming_bit,32,1.0,
rnn_only,5,11,incoming_bit,33,1.0,
rnn_only,5,11,incoming_bit,34,1.0,
rnn_only,5,11,incoming_bit,35,1.0,
rnn_only,5,11,incoming_bit,36,1.0,
rnn_only,5,11,incoming_bit,37,1.0,
rnn_only,5,11,incoming_bit,38,1.0,
rnn_only,5,11,incoming_bit,39,1.0,
rnn_only,5,11,incoming_bit,40,1.0,
rnn_only,5,11,incoming_bit,41,1.0,
rnn_only,5,11,incoming_bit,42,1.0,
rnn_only,5,11,incoming_bit,43,1.0,
rnn_only,5,11,outgoing_bit,0,0.8506756756756756,
rnn_only,5,11,outgoing_bit,1,0.7950958764636009,
rnn_only,5,11,outgoing_bit,2,0.8448422847399829,
rnn_only,5,11,outgoing_bit,3,0.8880420054200542,
rnn_only,5,11,outgoing_bit,4,0.8930481283422461,
rnn_only,5,11,outgoing_bit,5,0.893422519509476,
rnn_only,5,11,outgoing_bit,6,0.8295250896057348,
rnn_only,5,11,outgoing_bit,7,0.8477531857813547,
rnn_only,5,11,outgoing_bit,8,0.8743169398907104,
rnn_only,5,11,outgoing_bit,9,0.8638014527845037,
rnn_only,5,11,outgoing_bit,10,0.8513681592039801,
rnn_only,5,11,outgoing_bit,11,0.8688811188811189,
rnn_only,5,11,outgoing_bit,12,0.7807207989578809,
rnn_only,5,11,outgoing_bit,13,0.8821879382889201,
rnn_only,5,11,outgoing_bit,14,0.8223039215686275,
rnn_only,5,11,outgoing_bit,15,0.845878136200717,
rnn_only,5,11,outgoing_bit,16,0.8365384615384615,
rnn_only,5,11,outgoing_bit,17,0.7812128418549347,
rnn_only,5,11,outgoing_bit,18,0.7619047619047619,
rnn_only,5,11,outgoing_bit,19,0.8337950138504154,
rnn_only,5,11,outgoing_bit,20,0.8044871794871794,
rnn_only,5,11,outgoing_bit,21,0.8541666666666666,
rnn_only,5,11,outgoing_bit,22,0.6777777777777778,
rnn_only,5,11,outgoing_bit,23,0.75,
rnn_only,5,11,outgoing_bit,24,0.6222222222222222,
rnn_only,5,11,outgoing_bit,25,0.6704545454545454,
rnn_only,5,11,outgoing_bit,26,0.9571428571428571,
rnn_only,5,11,outgoing_bit,27,0.7333333333333334,
rnn_only,5,11,outgoing_bit,28,0.8636363636363635,
rnn_only,5,11,outgoing_bit,29,0.5897435897435898,
rnn_only,5,11,outgoing_bit,30,0.738095238095238,
rnn_only,5,11,outgoing_bit,31,0.6704545454545454,
rnn_only,5,11,outgoing_bit,32,0.7222222222222222,
rnn_only,5,11,outgoing_bit,33,,
rnn_only,5,11,outgoing_bit,34,,
rnn_only,5,11,outgoing_bit,35,,
rnn_only,5,11,outgoing_bit,36,,
rnn_only,5,11,outgoing_bit,37,,
rnn_only,5,11,outgoing_bit,38,,
rnn_only,5,11,outgoing_bit,39,,
rnn_only,5,11,outgoing_bit,40,,
rnn_only,5,11,outgoing_bit,41,,
rnn_only,5,11,outgoing_bit,42,,
rnn_only,5,11,outgoing_bit,43,,
rnn_only,5,11,next_parity,0,,
rnn_only,5,11,next_parity,1,0.582614578048368,
rnn_only,5,11,next_parity,2,0.44579739556908504,
rnn_only,5,11,next_parity,3,0.46071428571428574,
rnn_only,5,11,next_parity,4,0.5243881856540084,
rnn_only,5,11,next_parity,5,0.44405063291139235,
rnn_only,5,11,next_parity,6,0.545982142857143,
rnn_only,5,11,next_parity,7,0.49863883847549906,
rnn_only,5,11,next_parity,8,0.5310810810810811,
rnn_only,5,11,next_parity,9,0.5402452619843924,
rnn_only,5,11,next_parity,10,0.5751515151515152,
rnn_only,5,11,next_parity,11,0.4972776769509982,
rnn_only,5,11,next_parity,12,0.5532365396249244,
rnn_only,5,11,next_parity,13,0.6718954248366014,
rnn_only,5,11,next_parity,14,0.36844405594405594,
rnn_only,5,11,next_parity,15,0.5495867768595041,
rnn_only,5,11,next_parity,16,0.46832298136645956,
rnn_only,5,11,next_parity,17,0.6302021403091558,
rnn_only,5,11,next_parity,18,0.6325757575757576,
rnn_only,5,11,next_parity,19,0.39476813317479187,
rnn_only,5,11,next_parity,20,0.6302521008403361,
rnn_only,5,11,next_parity,21,0.4986149584487535,
rnn_only,5,11,next_parity,22,0.43323863636363635,
rnn_only,5,11,next_parity,23,0.4285714285714286,
rnn_only,5,11,next_parity,24,0.5833333333333333,
rnn_only,5,11,next_parity,25,0.5227272727272727,
rnn_only,5,11,next_parity,26,0.5444444444444445,
rnn_only,5,11,next_parity,27,0.5795454545454546,
rnn_only,5,11,next_parity,28,0.47777777777777775,
rnn_only,5,11,next_parity,29,0.48863636363636365,
rnn_only,5,11,next_parity,30,0.5,
rnn_only,5,11,next_parity,31,0.5897435897435898,
rnn_only,5,11,next_parity,32,0.6931818181818181,
rnn_only,5,11,next_parity,33,0.3977272727272727,
rnn_only,5,11,next_parity,34,0.2571428571428571,
rnn_only,5,11,next_parity,35,,
rnn_only,5,11,next_parity,36,,
rnn_only,5,11,next_parity,37,,
rnn_only,5,11,next_parity,38,,
rnn_only,5,11,next_parity,39,,
rnn_only,5,11,next_parity,40,,
rnn_only,5,11,next_parity,41,,
rnn_only,5,11,next_parity,42,,
rnn_only,5,11,next_parity,43,,
rnn_only,5,12,incoming_bit,0,1.0,
rnn_only,5,12,incoming_bit,1,1.0,
rnn_only,5,12,incoming_bit,2,1.0,
rnn_only,5,12,incoming_bit,3,1.0,
rnn_only,5,12,incoming_bit,4,1.0,
rnn_only,5,12,incoming_bit,5,1.0,
rnn_only,5,12,incoming_bit,6,1.0,
rnn_only,5,12,incoming_bit,7,1.0,
rnn_only,5,12,incoming_bit,8,1.0,
rnn_only,5,12,incoming_bit,9,1.0,
rnn_only,5,12,incoming_bit,10,1.0,
rnn_only,5,12,incoming_bit,11,1.0,
rnn_only,5,12,incoming_bit,12,1.0,
rnn_only,5,12,incoming_bit,13,1.0,
rnn_only,5,12,incoming_bit,14,1.0,
rnn_only,5,12,incoming_bit,15,1.0,
rnn_only,5,12,incoming_bit,16,1.0,
rnn_only,5,12,incoming_bit,17,1.0,
rnn_only,5,12,incoming_bit,18,1.0,
rnn_only,5,12,incoming_bit,19,1.0,
rnn_only,5,12,incoming_bit,20,1.0,
rnn_only,5,12,incoming_bit,21,1.0,
rnn_only,5,12,incoming_bit,22,1.0,
rnn_only,5,12,incoming_bit,23,1.0,
rnn_only,5,12,incoming_bit,24,1.0,
rnn_only,5,12,incoming_bit,25,1.0,
rnn_only,5,12,incoming_bit,26,1.0,
rnn_only,5,12,incoming_bit,27,1.0,
rnn_only,5,12,incoming_bit,28,1.0,
rnn_only,5,12,incoming_bit,29,1.0,
rnn_only,5,12,incoming_bit,30,1.0,
rnn_only,5,12,incoming_bit,31,1.0,
rnn_only,5,12,incoming_bit,32,1.0,
rnn_only,5,12,incoming_bit,33,1.0,
rnn_only,5,12,incoming_bit,34,1.0,
rnn_only,5,12,incoming_bit,35,1.0,
rnn_only,5,12,incoming_bit,36,1.0,
rnn_only,5,12,incoming_bit,37,1.0,
rnn_only,5,12,incoming_bit,38,1.0,
rnn_only,5,12,incoming_bit,39,1.0,
rnn_only,5,12,incoming_bit,40,1.0,
rnn_only,5,12,incoming_bit,41,1.0,
rnn_only,5,12,incoming_bit,42,1.0,
rnn_only,5,12,incoming_bit,43,1.0,
rnn_only,5,12,incoming_bit,44,1.0,
rnn_only,5,12,incoming_bit,45,1.0,
rnn_only,5,12,incoming_bit,46,1.0,
rnn_only,5,12,incoming_bit,47,1.0,
rnn_only,5,12,incoming_bit,48,1.0,
rnn_only,5,12,outgoing_bit,0,0.8083677685950414,
rnn_only,5,12,outgoing_bit,1,0.8427962489343563,
rnn_only,5,12,outgoing_bit,2,0.8611533908337562,
rnn_only,5,12,outgoing_bit,3,0.844804318488529,
rnn_only,5,12,outgoing_bit,4,0.9188464118041583,
rnn_only,5,12,outgoing_bit,5,0.8416945373467113,
rnn_only,5,12,outgoing_bit,6,0.8302139037433155,
rnn_only,5,12,outgoing_bit,7,0.7913043478260869,
rnn_only,5,12,outgoing_bit,8,0.8597983616887208,
rnn_only,5,12,outgoing_bit,9,0.901095556908095,
rnn_only,5,12,outgoing_bit,10,0.7867513611615246,
rnn_only,5,12,outgoing_bit,11,0.8151183970856102,
rnn_only,5,12,outgoing_bit,12,0.8284313725490197,
rnn_only,5,12,outgoing_bit,13,0.7855902777777778,
rnn_only,5,12,outgoing_bit,14,0.8210884353741497,
rnn_only,5,12,outgoing_bit,15,0.8115646258503402,
rnn_only,5,12,outgoing_bit,16,0.8319838056680162,
rnn_only,5,12,outgoing_bit,17,0.846938775510204,
rnn_only,5,12,outgoing_bit,18,0.7219973009446694,
rnn_only,5,12,outgoing_bit,19,0.7953929539295393,
rnn_only,5,12,outgoing_bit,20,0.8486486486486486,
rnn_only,5,12,outgoing_bit,21,0.9006802721088435,
rnn_only,5,12,outgoing_bit,22,0.7577597840755735,
rnn_only,5,12,outgoing_bit,23,0.8428184281842819,
rnn_only,5,12,outgoing_bit,24,0.7786774628879891,
rnn_only,5,12,outgoing_bit,25,0.8112947658402204,
rnn_only,5,12,outgoing_bit,26,0.8171390013495277,
rnn_only,5,12,outgoing_bit,27,0.7892561983471075,
rnn_only,5,12,outgoing_bit,28,0.7655405405405404,
rnn_only,5,12,outgoing_bit,29,0.7395411605937922,
rnn_only,5,12,outgoing_bit,30,0.8724696356275303,
rnn_only,5,12,outgoing_bit,31,0.8428184281842818,
rnn_only,5,12,outgoing_bit,32,0.8394308943089431,
rnn_only,5,12,outgoing_bit,33,0.8504901960784313,
rnn_only,5,12,outgoing_bit,34,0.8040621266427717,
rnn_only,5,12,outgoing_bit,35,0.8392857142857143,
rnn_only,5,12,outgoing_bit,36,0.7444444444444445,
rnn_only,5,12,outgoing_bit,37,,
rnn_only,5,12,outgoing_bit,38,,
rnn_only,5,12,outgoing_bit,39,,
rnn_only,5,12,outgoing_bit,40,,
rnn_only,5,12,outgoing_bit,41,,
rnn_only,5,12,outgoing_bit,42,,
rnn_only,5,12,outgoing_bit,43,,
rnn_only,5,12,outgoing_bit,44,,
rnn_only,5,12,outgoing_bit,45,,
rnn_only,5,12,outgoing_bit,46,,
rnn_only,5,12,outgoing_bit,47,,
rnn_only,5,12,outgoing_bit,48,,
rnn_only,5,12,next_parity,0,,
rnn_only,5,12,next_parity,1,0.4786497890295358,
rnn_only,5,12,next_parity,2,0.4991391184573003,
rnn_only,5,12,next_parity,3,0.5122611195670557,
rnn_only,5,12,next_parity,4,0.49190283400809715,
rnn_only,5,12,next_parity,5,0.5275337837837837,
rnn_only,5,12,next_parity,6,0.4483065953654189,
rnn_only,5,12,next_parity,7,0.4916387959866221,
rnn_only,5,12,next_parity,8,0.5213503241672256,
rnn_only,5,12,next_parity,9,0.47024477880080845,
rnn_only,5,12,next_parity,10,0.45952525867315885,
rnn_only,5,12,next_parity,11,0.5725561627200971,
rnn_only,5,12,next_parity,12,0.5623858794887401,
rnn_only,5,12,next_parity,13,0.4648962148962149,
rnn_only,5,12,next_parity,14,0.48778998778998783,
rnn_only,5,12,next_parity,15,0.569691706469822,
rnn_only,5,12,next_parity,16,0.5218878248974008,
rnn_only,5,12,next_parity,17,0.4703856749311295,
rnn_only,5,12,next_parity,18,0.5957300275482094,
rnn_only,5,12,next_parity,19,0.5829931972789115,
rnn_only,5,12,next_parity,20,0.5711354309165527,
rnn_only,5,12,next_parity,21,0.5613604488078541,
rnn_only,5,12,next_parity,22,0.40176151761517614,
rnn_only,5,12,next_parity,23,0.4864864864864865,
rnn_only,5,12,next_parity,24,0.39466484268125857,
rnn_only,5,12,next_parity,25,0.5047425474254743,
rnn_only,5,12,next_parity,26,0.5216216216216216,
rnn_only,5,12,next_parity,27,0.6170212765957447,
rnn_only,5,12,next_parity,28,0.5819783197831978,
rnn_only,5,12,next_parity,29,0.5571428571428572,
rnn_only,5,12,next_parity,30,0.39159891598915986,
rnn_only,5,12,next_parity,31,0.5608108108108109,
rnn_only,5,12,next_parity,32,0.44871794871794873,
rnn_only,5,12,next_parity,33,0.4471544715447155,
rnn_only,5,12,next_parity,34,0.47503373819163286,
rnn_only,5,12,next_parity,35,0.6093189964157706,
rnn_only,5,12,next_parity,36,0.451923076923077,
rnn_only,5,12,next_parity,37,0.40979689366786143,
rnn_only,5,12,next_parity,38,0.7777777777777778,
rnn_only,5,12,next_parity,39,,
rnn_only,5,12,next_parity,40,,
rnn_only,5,12,next_parity,41,,
rnn_only,5,12,next_parity,42,,
rnn_only,5,12,next_parity,43,,
rnn_only,5,12,next_parity,44,,
rnn_only,5,12,next_parity,45,,
rnn_only,5,12,next_parity,46,,
rnn_only,5,12,next_parity,47,,
rnn_only,5,12,next_parity,48,,
rnn_only,5,13,incoming_bit,0,1.0,
rnn_only,5,13,incoming_bit,1,1.0,
rnn_only,5,13,incoming_bit,2,1.0,
rnn_only,5,13,incoming_bit,3,1.0,
rnn_only,5,13,incoming_bit,4,1.0,
rnn_only,5,13,incoming_bit,5,1.0,
rnn_only,5,13,incoming_bit,6,1.0,
rnn_only,5,13,incoming_bit,7,1.0,
rnn_only,5,13,incoming_bit,8,1.0,
rnn_only,5,13,incoming_bit,9,1.0,
rnn_only,5,13,incoming_bit,10,1.0,
rnn_only,5,13,incoming_bit,11,1.0,
rnn_only,5,13,incoming_bit,12,1.0,
rnn_only,5,13,incoming_bit,13,1.0,
rnn_only,5,13,incoming_bit,14,1.0,
rnn_only,5,13,incoming_bit,15,1.0,
rnn_only,5,13,incoming_bit,16,1.0,
rnn_only,5,13,incoming_bit,17,1.0,
rnn_only,5,13,incoming_bit,18,1.0,
rnn_only,5,13,incoming_bit,19,1.0,
rnn_only,5,13,incoming_bit,20,1.0,
rnn_only,5,13,incoming_bit,21,1.0,
rnn_only,5,13,incoming_bit,22,1.0,
rnn_only,5,13,incoming_bit,23,1.0,
rnn_only,5,13,incoming_bit,24,1.0,
rnn_only,5,13,incoming_bit,25,1.0,
rnn_only,5,13,incoming_bit,26,1.0,
rnn_only,5,13,incoming_bit,27,1.0,
rnn_only,5,13,incoming_bit,28,1.0,
rnn_only,5,13,incoming_bit,29,1.0,
rnn_only,5,13,incoming_bit,30,1.0,
rnn_only,5,13,incoming_bit,31,1.0,
rnn_only,5,13,incoming_bit,32,1.0,
rnn_only,5,13,incoming_bit,33,1.0,
rnn_only,5,13,incoming_bit,34,1.0,
rnn_only,5,13,incoming_bit,35,1.0,
rnn_only,5,13,incoming_bit,36,0.9807692307692307,
rnn_only,5,13,incoming_bit,37,1.0,
rnn_only,5,13,incoming_bit,38,1.0,
rnn_only,5,13,incoming_bit,39,1.0,
rnn_only,5,13,incoming_bit,40,1.0,
rnn_only,5,13,incoming_bit,41,1.0,
rnn_only,5,13,incoming_bit,42,1.0,
rnn_only,5,13,incoming_bit,43,1.0,
rnn_only,5,13,incoming_bit,44,1.0,
rnn_only,5,13,incoming_bit,45,1.0,
rnn_only,5,13,incoming_bit,46,1.0,
rnn_only,5,13,incoming_bit,47,1.0,
rnn_only,5,13,incoming_bit,48,1.0,
rnn_only,5,13,incoming_bit,49,1.0,
rnn_only,5,13,incoming_bit,50,1.0,
rnn_only,5,13,incoming_bit,51,1.0,
rnn_only,5,13,incoming_bit,52,1.0,
rnn_only,5,13,outgoing_bit,0,0.849991544055471,
rnn_only,5,13,outgoing_bit,1,0.8447278911564626,
rnn_only,5,13,outgoing_bit,2,0.8685053981106613,
rnn_only,5,13,outgoing_bit,3,0.8084459459459459,
rnn_only,5,13,outgoing_bit,4,0.8521739130434782,
rnn_only,5,13,outgoing_bit,5,0.8999777233236801,
rnn_only,5,13,outgoing_bit,6,0.856060606060606,
rnn_only,5,13,outgoing_bit,7,0.8629032258064516,
rnn_only,5,13,outgoing_bit,8,0.7869249394673125,
rnn_only,5,13,outgoing_bit,9,0.8151515151515151,
rnn_only,5,13,outgoing_bit,10,0.8536363636363636,
rnn_only,5,13,outgoing_bit,11,0.8411442483262327,
rnn_only,5,13,outgoing_bit,12,0.8482088646023073,
rnn_only,5,13,outgoing_bit,13,0.7999999999999999,
rnn_only,5,13,outgoing_bit,14,0.8696796840719614,
rnn_only,5,13,outgoing_bit,15,0.8601823708206687,
rnn_only,5,13,outgoing_bit,16,0.8229895104895105,
rnn_only,5,13,outgoing_bit,17,0.8310662571303203,
rnn_only,5,13,outgoing_bit,18,0.8214285714285715,
rnn_only,5,13,outgoing_bit,19,0.8002605297438123,
rnn_only,5,13,outgoing_bit,20,0.8191304347826087,
rnn_only,5,13,outgoing_bit,21,0.8271171566476525,
rnn_only,5,13,outgoing_bit,22,0.8697167755991285,
rnn_only,5,13,outgoing_bit,23,0.7785497177594443,
rnn_only,5,13,outgoing_bit,24,0.9065379552435278,
rnn_only,5,13,outgoing_bit,25,0.7991304347826086,
rnn_only,5,13,outgoing_bit,26,0.8426086956521739,
rnn_only,5,13,outgoing_bit,27,0.7869281045751635,
rnn_only,5,13,outgoing_bit,28,0.869281045751634,
rnn_only,5,13,outgoing_bit,29,0.8371143375680581,
rnn_only,5,13,outgoing_bit,30,0.8540305010893247,
rnn_only,5,13,outgoing_bit,31,0.8978260869565218,
rnn_only,5,13,outgoing_bit,32,0.8321678321678321,
rnn_only,5,13,outgoing_bit,33,0.8461538461538461,
rnn_only,5,13,outgoing_bit,34,0.821625344352617,
rnn_only,5,13,outgoing_bit,35,0.7587837837837836,
rnn_only,5,13,outgoing_bit,36,0.7722222222222223,
rnn_only,5,13,outgoing_bit,37,0.8222222222222222,
rnn_only,5,13,outgoing_bit,38,0.6555555555555556,
rnn_only,5,13,outgoing_bit,39,0.7,
rnn_only,5,13,outgoing_bit,40,,
rnn_only,5,13,outgoing_bit,41,,
rnn_only,5,13,outgoing_bit,42,,
rnn_only,5,13,outgoing_bit,43,,
rnn_only,5,13,outgoing_bit,44,,
rnn_only,5,13,outgoing_bit,45,,
rnn_only,5,13,outgoing_bit,46,,
rnn_only,5,13,outgoing_bit,47,,
rnn_only,5,13,outgoing_bit,48,,
rnn_only,5,13,outgoing_bit,49,,
rnn_only,5,13,outgoing_bit,50,,
rnn_only,5,13,outgoing_bit,51,,
rnn_only,5,13,outgoing_bit,52,,
rnn_only,5,13,next_parity,0,,
rnn_only,5,13,next_parity,1,0.5070042194092828,
rnn_only,5,13,next_parity,2,0.45797872340425533,
rnn_only,5,13,next_parity,3,0.42568027210884346,
rnn_only,5,13,next_parity,4,0.47446122518241984,
rnn_only,5,13,next_parity,5,0.5043859649122808,
rnn_only,5,13,next_parity,6,0.5392156862745099,
rnn_only,5,13,next_parity,7,0.48740245261984394,
rnn_only,5,13,next_parity,8,0.42811574390521756,
rnn_only,5,13,next_parity,9,0.46889737255782615,
rnn_only,5,13,next_parity,10,0.5248484848484849,
rnn_only,5,13,next_parity,11,0.4685945273631841,
rnn_only,5,13,next_parity,12,0.5304761904761905,
rnn_only,5,13,next_parity,13,0.519780888618381,
rnn_only,5,13,next_parity,14,0.5816696914700545,
rnn_only,5,13,next_parity,15,0.3790422885572139,
rnn_only,5,13,next_parity,16,0.4333486028401282,
rnn_only,5,13,next_parity,17,0.4143478260869565,
rnn_only,5,13,next_parity,18,0.5237472766884532,
rnn_only,5,13,next_parity,19,0.4906318082788671,
rnn_only,5,13,next_parity,20,0.3999125874125874,
rnn_only,5,13,next_parity,21,0.5193226226660878,
rnn_only,5,13,next_parity,22,0.518695652173913,
rnn_only,5,13,next_parity,23,0.5196678321678322,
rnn_only,5,13,next_parity,24,0.48544973544973546,
rnn_only,5,13,next_parity,25,0.38758314855875836,
rnn_only,5,13,next_parity,26,0.5406468531468531,
rnn_only,5,13,next_parity,27,0.5559964726631393,
rnn_only,5,13,next_parity,28,0.4678819444444445,
rnn_only,5,13,next_parity,29,0.49999999999999994,
rnn_only,5,13,next_parity,30,0.4657118055555555,
rnn_only,5,13,next_parity,31,0.552951388888889,
rnn_only,5,13,next_parity,32,0.5857577073382545,
rnn_only,5,13,next_parity,33,0.4786324786324786,
rnn_only,5,13,next_parity,34,0.542483660130719,
rnn_only,5,13,next_parity,35,0.4263513513513513,
rnn_only,5,13,next_parity,36,0.6266937669376694,
rnn_only,5,13,next_parity,37,0.5391891891891891,
rnn_only,5,13,next_parity,38,0.5042016806722689,
rnn_only,5,13,next_parity,39,0.2564102564102564,
rnn_only,5,13,next_parity,40,0.40476190476190477,
rnn_only,5,13,next_parity,41,0.4545454545454546,
rnn_only,5,13,next_parity,42,,
rnn_only,5,13,next_parity,43,,
rnn_only,5,13,next_parity,44,,
rnn_only,5,13,next_parity,45,,
rnn_only,5,13,next_parity,46,,
rnn_only,5,13,next_parity,47,,
rnn_only,5,13,next_parity,48,,
rnn_only,5,13,next_parity,49,,
rnn_only,5,13,next_parity,50,,
rnn_only,5,13,next_parity,51,,
rnn_only,5,13,next_parity,52,,
rnn_only,5,14,incoming_bit,0,1.0,
rnn_only,5,14,incoming_bit,1,1.0,
rnn_only,5,14,incoming_bit,2,1.0,
rnn_only,5,14,incoming_bit,3,1.0,
rnn_only,5,14,incoming_bit,4,1.0,
rnn_only,5,14,incoming_bit,5,1.0,
rnn_only,5,14,incoming_bit,6,1.0,
rnn_only,5,14,incoming_bit,7,1.0,
rnn_only,5,14,incoming_bit,8,1.0,
rnn_only,5,14,incoming_bit,9,1.0,
rnn_only,5,14,incoming_bit,10,1.0,
rnn_only,5,14,incoming_bit,11,1.0,
rnn_only,5,14,incoming_bit,12,1.0,
rnn_only,5,14,incoming_bit,13,1.0,
rnn_only,5,14,incoming_bit,14,1.0,
rnn_only,5,14,incoming_bit,15,1.0,
rnn_only,5,14,incoming_bit,16,1.0,
rnn_only,5,14,incoming_bit,17,1.0,
rnn_only,5,14,incoming_bit,18,1.0,
rnn_only,5,14,incoming_bit,19,1.0,
rnn_only,5,14,incoming_bit,20,1.0,
rnn_only,5,14,incoming_bit,21,1.0,
rnn_only,5,14,incoming_bit,22,1.0,
rnn_only,5,14,incoming_bit,23,1.0,
rnn_only,5,14,incoming_bit,24,0.9999999999999999,
rnn_only,5,14,incoming_bit,25,1.0,
rnn_only,5,14,incoming_bit,26,1.0,
rnn_only,5,14,incoming_bit,27,1.0,
rnn_only,5,14,incoming_bit,28,1.0,
rnn_only,5,14,incoming_bit,29,1.0,
rnn_only,5,14,incoming_bit,30,1.0,
rnn_only,5,14,incoming_bit,31,1.0,
rnn_only,5,14,incoming_bit,32,1.0,
rnn_only,5,14,incoming_bit,33,1.0,
rnn_only,5,14,incoming_bit,34,1.0,
rnn_only,5,14,incoming_bit,35,1.0,
rnn_only,5,14,incoming_bit,36,1.0,
rnn_only,5,14,incoming_bit,37,1.0,
rnn_only,5,14,incoming_bit,38,1.0,
rnn_only,5,14,incoming_bit,39,1.0,
rnn_only,5,14,incoming_bit,40,1.0,
rnn_only,5,14,incoming_bit,41,1.0,
rnn_only,5,14,incoming_bit,42,1.0,
rnn_only,5,14,incoming_bit,43,1.0,
rnn_only,5,14,incoming_bit,44,1.0,
rnn_only,5,14,incoming_bit,45,1.0,
rnn_only,5,14,incoming_bit,46,1.0,
rnn_only,5,14,incoming_bit,47,1.0,
rnn_only,5,14,incoming_bit,48,1.0,
rnn_only,5,14,incoming_bit,49,1.0,
rnn_only,5,14,incoming_bit,50,1.0,
rnn_only,5,14,incoming_bit,51,1.0,
rnn_only,5,14,incoming_bit,52,1.0,
rnn_only,5,14,incoming_bit,53,1.0,
rnn_only,5,14,outgoing_bit,0,0.8455284552845528,
rnn_only,5,14,outgoing_bit,1,0.8877050566548284,
rnn_only,5,14,outgoing_bit,2,0.8756756756756757,
rnn_only,5,14,outgoing_bit,3,0.8135964912280702,
rnn_only,5,14,outgoing_bit,4,0.8839605734767024,
rnn_only,5,14,outgoing_bit,5,0.8616071428571428,
rnn_only,5,14,outgoing_bit,6,0.7604723707664884,
rnn_only,5,14,outgoing_bit,7,0.8425343582576287,
rnn_only,5,14,outgoing_bit,8,0.7841880341880342,
rnn_only,5,14,outgoing_bit,9,0.8814338235294118,
rnn_only,5,14,outgoing_bit,10,0.8609230769230769,
rnn_only,5,14,outgoing_bit,11,0.8374923919659161,
rnn_only,5,14,outgoing_bit,12,0.8257020757020757,
rnn_only,5,14,outgoing_bit,13,0.8812993321190042,
rnn_only,5,14,outgoing_bit,14,0.9381584974805313,
rnn_only,5,14,outgoing_bit,15,0.7969565217391305,
rnn_only,5,14,outgoing_bit,16,0.8411584028082492,
rnn_only,5,14,outgoing_bit,17,0.8135146994295743,
rnn_only,5,14,outgoing_bit,18,0.7858709960508996,
rnn_only,5,14,outgoing_bit,19,0.7750759878419453,
rnn_only,5,14,outgoing_bit,20,0.8095860566448801,
rnn_only,5,14,outgoing_bit,21,0.8869179600886917,
rnn_only,5,14,outgoing_bit,22,0.8655202821869489,
rnn_only,5,14,outgoing_bit,23,0.8573913043478261,
rnn_only,5,14,outgoing_bit,24,0.7781155015197568,
rnn_only,5,14,outgoing_bit,25,0.7959821428571427,
rnn_only,5,14,outgoing_bit,26,0.7581699346405228,
rnn_only,5,14,outgoing_bit,27,0.8305555555555556,
rnn_only,5,14,outgoing_bit,28,0.8854030501089326,
rnn_only,5,14,outgoing_bit,29,0.8216783216783217,
rnn_only,5,14,outgoing_bit,30,0.8727678571428572,
rnn_only,5,14,outgoing_bit,31,0.8518356643356644,
rnn_only,5,14,outgoing_bit,32,0.7911419887103779,
rnn_only,5,14,outgoing_bit,33,0.836734693877551,
rnn_only,5,14,outgoing_bit,34,0.8333333333333335,
rnn_only,5,14,outgoing_bit,35,0.7162162162162162,
rnn_only,5,14,outgoing_bit,36,0.876750700280112,
rnn_only,5,14,outgoing_bit,37,0.5,
rnn_only,5,14,outgoing_bit,38,0.6666666666666666,
rnn_only,5,14,outgoing_bit,39,0.4555555555555556,
rnn_only,5,14,outgoing_bit,40,,
rnn_only,5,14,outgoing_bit,41,,
rnn_only,5,14,outgoing_bit,42,,
rnn_only,5,14,outgoing_bit,43,,
rnn_only,5,14,outgoing_bit,44,,
rnn_only,5,14,outgoing_bit,45,,
rnn_only,5,14,outgoing_bit,46,,
rnn_only,5,14,outgoing_bit,47,,
rnn_only,5,14,outgoing_bit,48,,
rnn_only,5,14,outgoing_bit,49,,
rnn_only,5,14,outgoing_bit,50,,
rnn_only,5,14,outgoing_bit,51,,
rnn_only,5,14,outgoing_bit,52,,
rnn_only,5,14,outgoing_bit,53,,
rnn_only,5,14,next_parity,0,,
rnn_only,5,14,next_parity,1,0.4646652049249452,
rnn_only,5,14,next_parity,2,0.4380984952120383,
rnn_only,5,14,next_parity,3,0.5382928475033738,
rnn_only,5,14,next_parity,4,0.5514066496163682,
rnn_only,5,14,next_parity,5,0.47604588394062075,
rnn_only,5,14,next_parity,6,0.4603174603174603,
rnn_only,5,14,next_parity,7,0.5021468926553673,
rnn_only,5,14,next_parity,8,0.526268723451822,
rnn_only,5,14,next_parity,9,0.4850713012477718,
rnn_only,5,14,next_parity,10,0.41929499072356213,
rnn_only,5,14,next_parity,11,0.38553846153846155,
rnn_only,5,14,next_parity,12,0.4710769230769231,
rnn_only,5,14,next_parity,13,0.4872185027388923,
rnn_only,5,14,next_parity,14,0.4897959183673469,
rnn_only,5,14,next_parity,15,0.5260290556900726,
rnn_only,5,14,next_parity,16,0.4469565217391304,
rnn_only,5,14,next_parity,17,0.4578703703703704,
rnn_only,5,14,next_parity,18,0.5034965034965035,
rnn_only,5,14,next_parity,19,0.42724867724867727,
rnn_only,5,14,next_parity,20,0.3195652173913044,
rnn_only,5,14,next_parity,21,0.4466871434839842,
rnn_only,5,14,next_parity,22,0.4357517482517483,
rnn_only,5,14,next_parity,23,0.4708205353225099,
rnn_only,5,14,next_parity,24,0.5261079420798596,
rnn_only,5,14,next_parity,25,0.5685763888888888,
rnn_only,5,14,next_parity,26,0.5521739130434784,
rnn_only,5,14,next_parity,27,0.4765247915752523,
rnn_only,5,14,next_parity,28,0.4926086956521739,
rnn_only,5,14,next_parity,29,0.5883630047763787,
rnn_only,5,14,next_parity,30,0.4570806100217865,
rnn_only,5,14,next_parity,31,0.5047743055555556,
rnn_only,5,14,next_parity,32,0.61,
rnn_only,5,14,next_parity,33,0.4585365853658537,
rnn_only,5,14,next_parity,34,0.5405992184107685,
rnn_only,5,14,next_parity,35,0.4618055555555556,
rnn_only,5,14,next_parity,36,0.497289972899729,
rnn_only,5,14,next_parity,37,0.5709366391184573,
rnn_only,5,14,next_parity,38,0.5944444444444444,
rnn_only,5,14,next_parity,39,0.36363636363636365,
rnn_only,5,14,next_parity,40,0.4404761904761905,
rnn_only,5,14,next_parity,41,0.3522727272727273,
rnn_only,5,14,next_parity,42,,
rnn_only,5,14,next_parity,43,,
rnn_only,5,14,next_parity,44,,
rnn_only,5,14,next_parity,45,,
rnn_only,5,14,next_parity,46,,
rnn_only,5,14,next_parity,47,,
rnn_only,5,14,next_parity,48,,
rnn_only,5,14,next_parity,49,,
rnn_only,5,14,next_parity,50,,
rnn_only,5,14,next_parity,51,,
rnn_only,5,14,next_parity,52,,
rnn_only,5,14,next_parity,53,,
rnn_only,5,15,incoming_bit,0,1.0,
rnn_only,5,15,incoming_bit,1,1.0,
rnn_only,5,15,incoming_bit,2,1.0,
rnn_only,5,15,incoming_bit,3,1.0,
rnn_only,5,15,incoming_bit,4,1.0,
rnn_only,5,15,incoming_bit,5,0.9741946365322989,
rnn_only,5,15,incoming_bit,6,1.0,
rnn_only,5,15,incoming_bit,7,1.0,
rnn_only,5,15,incoming_bit,8,1.0,
rnn_only,5,15,incoming_bit,9,1.0,
rnn_only,5,15,incoming_bit,10,1.0,
rnn_only,5,15,incoming_bit,11,1.0,
rnn_only,5,15,incoming_bit,12,1.0,
rnn_only,5,15,incoming_bit,13,1.0,
rnn_only,5,15,incoming_bit,14,1.0,
rnn_only,5,15,incoming_bit,15,1.0,
rnn_only,5,15,incoming_bit,16,0.9999999999999999,
rnn_only,5,15,incoming_bit,17,1.0,
rnn_only,5,15,incoming_bit,18,1.0,
rnn_only,5,15,incoming_bit,19,1.0,
rnn_only,5,15,incoming_bit,20,1.0,
rnn_only,5,15,incoming_bit,21,1.0,
rnn_only,5,15,incoming_bit,22,1.0,
rnn_only,5,15,incoming_bit,23,1.0,
rnn_only,5,15,incoming_bit,24,1.0,
rnn_only,5,15,incoming_bit,25,1.0,
rnn_only,5,15,incoming_bit,26,1.0,
rnn_only,5,15,incoming_bit,27,1.0,
rnn_only,5,15,incoming_bit,28,0.9814814814814814,
rnn_only,5,15,incoming_bit,29,1.0,
rnn_only,5,15,incoming_bit,30,1.0,
rnn_only,5,15,incoming_bit,31,1.0,
rnn_only,5,15,incoming_bit,32,1.0,
rnn_only,5,15,incoming_bit,33,1.0,
rnn_only,5,15,incoming_bit,34,1.0,
rnn_only,5,15,incoming_bit,35,1.0,
rnn_only,5,15,incoming_bit,36,1.0,
rnn_only,5,15,incoming_bit,37,1.0,
rnn_only,5,15,incoming_bit,38,1.0,
rnn_only,5,15,incoming_bit,39,1.0,
rnn_only,5,15,incoming_bit,40,1.0,
rnn_only,5,15,incoming_bit,41,1.0,
rnn_only,5,15,incoming_bit,42,1.0,
rnn_only,5,15,incoming_bit,43,1.0,
rnn_only,5,15,incoming_bit,44,1.0,
rnn_only,5,15,incoming_bit,45,1.0,
rnn_only,5,15,incoming_bit,46,1.0,
rnn_only,5,15,incoming_bit,47,1.0,
rnn_only,5,15,incoming_bit,48,1.0,
rnn_only,5,15,incoming_bit,49,1.0,
rnn_only,5,15,incoming_bit,50,1.0,
rnn_only,5,15,incoming_bit,51,1.0,
rnn_only,5,15,incoming_bit,52,1.0,
rnn_only,5,15,incoming_bit,53,1.0,
rnn_only,5,15,incoming_bit,54,1.0,
rnn_only,5,15,incoming_bit,55,1.0,
rnn_only,5,15,incoming_bit,56,1.0,
rnn_only,5,15,incoming_bit,57,1.0,
rnn_only,5,15,incoming_bit,58,1.0,
rnn_only,5,15,incoming_bit,59,1.0,
rnn_only,5,15,outgoing_bit,0,0.8821824381926684,
rnn_only,5,15,outgoing_bit,1,0.8258075427025199,
rnn_only,5,15,outgoing_bit,2,0.874658002735978,
rnn_only,5,15,outgoing_bit,3,0.8277665317139001,
rnn_only,5,15,outgoing_bit,4,0.8275785252840276,
rnn_only,5,15,outgoing_bit,5,0.850613154960981,
rnn_only,5,15,outgoing_bit,6,0.8452619843924192,
rnn_only,5,15,outgoing_bit,7,0.8661576465304288,
rnn_only,5,15,outgoing_bit,8,0.8457575757575757,
rnn_only,5,15,outgoing_bit,9,0.8658166363084395,
rnn_only,5,15,outgoing_bit,10,0.725885225885226,
rnn_only,5,15,outgoing_bit,11,0.779189352692075,
rnn_only,5,15,outgoing_bit,12,0.8500315059861374,
rnn_only,5,15,outgoing_bit,13,0.7615995115995116,
rnn_only,5,15,outgoing_bit,14,0.7941433566433566,
rnn_only,5,15,outgoing_bit,15,0.8686459739091317,
rnn_only,5,15,outgoing_bit,16,0.8141554494138081,
rnn_only,5,15,outgoing_bit,17,0.7934640522875818,
rnn_only,5,15,outgoing_bit,18,0.7846287451150673,
rnn_only,5,15,outgoing_bit,19,0.800351031154015,
rnn_only,5,15,outgoing_bit,20,0.8237847222222221,
rnn_only,5,15,outgoing_bit,21,0.8019973947025619,
rnn_only,5,15,outgoing_bit,22,0.84375,
rnn_only,5,15,outgoing_bit,23,0.8357142857142857,
rnn_only,5,15,outgoing_bit,24,0.7624837168910117,
rnn_only,5,15,outgoing_bit,25,0.8758141554494138,
rnn_only,5,15,outgoing_bit,26,0.8178571428571428,
rnn_only,5,15,outgoing_bit,27,0.8158923143725575,
rnn_only,5,15,outgoing_bit,28,0.827391304347826,
rnn_only,5,15,outgoing_bit,29,0.8758741258741258,
rnn_only,5,15,outgoing_bit,30,0.8177447552447552,
rnn_only,5,15,outgoing_bit,31,0.8354767184035476,
rnn_only,5,15,outgoing_bit,32,0.7690562613430127,
rnn_only,5,15,outgoing_bit,33,0.819838056680162,
rnn_only,5,15,outgoing_bit,34,0.8560606060606061,
rnn_only,5,15,outgoing_bit,35,0.7931972789115646,
rnn_only,5,15,outgoing_bit,36,0.8242424242424242,
rnn_only,5,15,outgoing_bit,37,0.8246153846153846,
rnn_only,5,15,outgoing_bit,38,0.7091412742382271,
rnn_only,5,15,outgoing_bit,39,0.7229916897506925,
rnn_only,5,15,outgoing_bit,40,0.8111111111111111,
rnn_only,5,15,outgoing_bit,41,0.38461538461538464,
rnn_only,5,15,outgoing_bit,42,0.7428571428571428,
rnn_only,5,15,outgoing_bit,43,0.6923076923076923,
rnn_only,5,15,outgoing_bit,44,0.7272727272727273,
rnn_only,5,15,outgoing_bit,45,,
rnn_only,5,15,outgoing_bit,46,,
rnn_only,5,15,outgoing_bit,47,,
rnn_only,5,15,outgoing_bit,48,,
rnn_only,5,15,outgoing_bit,49,,
rnn_only,5,15,outgoing_bit,50,,
rnn_only,5,15,outgoing_bit,51,,
rnn_only,5,15,outgoing_bit,52,,
rnn_only,5,15,outgoing_bit,53,,
rnn_only,5,15,outgoing_bit,54,,
rnn_only,5,15,outgoing_bit,55,,
rnn_only,5,15,outgoing_bit,56,,
rnn_only,5,15,outgoing_bit,57,,
rnn_only,5,15,outgoing_bit,58,,
rnn_only,5,15,outgoing_bit,59,,
rnn_only,5,15,next_parity,0,,
rnn_only,5,15,next_parity,1,0.42535460992907803,
rnn_only,5,15,next_parity,2,0.5045138888888889,
rnn_only,5,15,next_parity,3,0.5238821138211383,
rnn_only,5,15,next_parity,4,0.44608843537414966,
rnn_only,5,15,next_parity,5,0.5082770270270272,
rnn_only,5,15,next_parity,6,0.4712053571428571,
rnn_only,5,15,next_parity,7,0.5585284280936454,
rnn_only,5,15,next_parity,8,0.5306899641577061,
rnn_only,5,15,next_parity,9,0.5021162842503898,
rnn_only,5,15,next_parity,10,0.568401937046005,
rnn_only,5,15,next_parity,11,0.43190072639225185,
rnn_only,5,15,next_parity,12,0.4398064125831821,
rnn_only,5,15,next_parity,13,0.5217661691542288,
rnn_only,5,15,next_parity,14,0.4961703431372549,
rnn_only,5,15,next_parity,15,0.503968253968254,
rnn_only,5,15,next_parity,16,0.6092053842813722,
rnn_only,5,15,next_parity,17,0.5066137566137566,
rnn_only,5,15,next_parity,18,0.46187363834422657,
rnn_only,5,15,next_parity,19,0.4791666666666667,
rnn_only,5,15,next_parity,20,0.4260869565217391,
rnn_only,5,15,next_parity,21,0.5478260869565218,
rnn_only,5,15,next_parity,22,0.4973776223776224,
rnn_only,5,15,next_parity,23,0.5783760312635693,
rnn_only,5,15,next_parity,24,0.49019607843137253,
rnn_only,5,15,next_parity,25,0.5160869565217392,
rnn_only,5,15,next_parity,26,0.4904656319290466,
rnn_only,5,15,next_parity,27,0.4594356261022928,
rnn_only,5,15,next_parity,28,0.6337028824833703,
rnn_only,5,15,next_parity,29,0.42394678492239474,
rnn_only,5,15,next_parity,30,0.5591304347826087,
rnn_only,5,15,next_parity,31,0.5392965696917066,
rnn_only,5,15,next_parity,32,0.481545809813287,
rnn_only,5,15,next_parity,33,0.4367971210076473,
rnn_only,5,15,next_parity,34,0.4991319444444444,
rnn_only,5,15,next_parity,35,0.48084815321477425,
rnn_only,5,15,next_parity,36,0.4972972972972973,
rnn_only,5,15,next_parity,37,0.5554054054054054,
rnn_only,5,15,next_parity,38,0.5420673076923077,
rnn_only,5,15,next_parity,39,0.5744047619047619,
rnn_only,5,15,next_parity,40,0.5182072829131653,
rnn_only,5,15,next_parity,41,0.4903047091412742,
rnn_only,5,15,next_parity,42,0.48333333333333334,
rnn_only,5,15,next_parity,43,0.4659090909090909,
rnn_only,5,15,next_parity,44,0.28205128205128205,
rnn_only,5,15,next_parity,45,0.8095238095238095,
rnn_only,5,15,next_parity,46,0.23863636363636365,
rnn_only,5,15,next_parity,47,,
rnn_only,5,15,next_parity,48,,
rnn_only,5,15,next_parity,49,,
rnn_only,5,15,next_parity,50,,
rnn_only,5,15,next_parity,51,,
rnn_only,5,15,next_parity,52,,
rnn_only,5,15,next_parity,53,,
rnn_only,5,15,next_parity,54,,
rnn_only,5,15,next_parity,55,,
rnn_only,5,15,next_parity,56,,
rnn_only,5,15,next_parity,57,,
rnn_only,5,15,next_parity,58,,
rnn_only,5,15,next_parity,59,,
rnn_only,6,2,incoming_bit,0,1.0,
rnn_only,6,2,incoming_bit,1,1.0,
rnn_only,6,2,incoming_bit,2,1.0,
rnn_only,6,2,incoming_bit,3,1.0,
rnn_only,6,2,incoming_bit,4,1.0,
rnn_only,6,2,incoming_bit,5,1.0,
rnn_only,6,2,incoming_bit,6,1.0,
rnn_only,6,2,incoming_bit,7,1.0,
rnn_only,6,2,incoming_bit,8,1.0,
rnn_only,6,2,outgoing_bit,0,1.0,
rnn_only,6,2,outgoing_bit,1,1.0,
rnn_only,6,2,outgoing_bit,2,0.9999999999999999,
rnn_only,6,2,outgoing_bit,3,1.0,
rnn_only,6,2,outgoing_bit,4,1.0,
rnn_only,6,2,outgoing_bit,5,1.0,
rnn_only,6,2,outgoing_bit,6,1.0,
rnn_only,6,2,outgoing_bit,7,,
rnn_only,6,2,outgoing_bit,8,,
rnn_only,6,2,next_parity,0,,
rnn_only,6,2,next_parity,1,0.4744357045143639,
rnn_only,6,2,next_parity,2,0.5257459505541348,
rnn_only,6,2,next_parity,3,0.528242854726873,
rnn_only,6,2,next_parity,4,0.5400573452521504,
rnn_only,6,2,next_parity,5,0.5206325046507695,
rnn_only,6,2,next_parity,6,0.4673469387755103,
rnn_only,6,2,next_parity,7,0.6623188405797101,
rnn_only,6,2,next_parity,8,0.5227272727272727,
rnn_only,6,3,incoming_bit,0,1.0,
rnn_only,6,3,incoming_bit,1,1.0,
rnn_only,6,3,incoming_bit,2,1.0,
rnn_only,6,3,incoming_bit,3,1.0,
rnn_only,6,3,incoming_bit,4,1.0,
rnn_only,6,3,incoming_bit,5,0.9999999999999999,
rnn_only,6,3,incoming_bit,6,1.0,
rnn_only,6,3,incoming_bit,7,1.0,
rnn_only,6,3,incoming_bit,8,1.0,
rnn_only,6,3,incoming_bit,9,1.0,
rnn_only,6,3,incoming_bit,10,1.0,
rnn_only,6,3,incoming_bit,11,1.0,
rnn_only,6,3,outgoing_bit,0,0.9569783197831979,
rnn_only,6,3,outgoing_bit,1,0.9922086720867209,
rnn_only,6,3,outgoing_bit,2,0.994579945799458,
rnn_only,6,3,outgoing_bit,3,0.9991515357203462,
rnn_only,6,3,outgoing_bit,4,0.9729847494553376,
rnn_only,6,3,outgoing_bit,5,0.9845722300140253,
rnn_only,6,3,outgoing_bit,6,0.9944903581267217,
rnn_only,6,3,outgoing_bit,7,0.9986486486486487,
rnn_only,6,3,outgoing_bit,8,1.0,
rnn_only,6,3,outgoing_bit,9,,
rnn_only,6,3,outgoing_bit,10,,
rnn_only,6,3,outgoing_bit,11,,
rnn_only,6,3,next_parity,0,,
rnn_only,6,3,next_parity,1,0.5491507977354606,
rnn_only,6,3,next_parity,2,0.4944903581267218,
rnn_only,6,3,next_parity,3,0.5312872975277068,
rnn_only,6,3,next_parity,4,0.514806980433633,
rnn_only,6,3,next_parity,5,0.5378647326699275,
rnn_only,6,3,next_parity,6,0.5797826086956521,
rnn_only,6,3,next_parity,7,0.3763550135501355,
rnn_only,6,3,next_parity,8,0.3891156462585034,
rnn_only,6,3,next_parity,9,0.5038194444444444,
rnn_only,6,3,next_parity,10,0.3522727272727273,
rnn_only,6,3,next_parity,11,,
rnn_only,6,4,incoming_bit,0,1.0,
rnn_only,6,4,incoming_bit,1,1.0,
rnn_only,6,4,incoming_bit,2,1.0,
rnn_only,6,4,incoming_bit,3,1.0,
rnn_only,6,4,incoming_bit,4,1.0,
rnn_only,6,4,incoming_bit,5,1.0,
rnn_only,6,4,incoming_bit,6,1.0,
rnn_only,6,4,incoming_bit,7,1.0,
rnn_only,6,4,incoming_bit,8,1.0,
rnn_only,6,4,incoming_bit,9,1.0,
rnn_only,6,4,incoming_bit,10,1.0,
rnn_only,6,4,incoming_bit,11,1.0,
rnn_only,6,4,incoming_bit,12,1.0,
rnn_only,6,4,incoming_bit,13,1.0,
rnn_only,6,4,incoming_bit,14,1.0,
rnn_only,6,4,incoming_bit,15,1.0,
rnn_only,6,4,incoming_bit,16,1.0,
rnn_only,6,4,outgoing_bit,0,0.942920054200542,
rnn_only,6,4,outgoing_bit,1,0.9719973009446694,
rnn_only,6,4,outgoing_bit,2,0.9716612930595623,
rnn_only,6,4,outgoing_bit,3,0.9561078794288735,
rnn_only,6,4,outgoing_bit,4,0.9403050108932461,
rnn_only,6,4,outgoing_bit,5,0.9146005509641874,
rnn_only,6,4,outgoing_bit,6,0.9662618083670715,
rnn_only,6,4,outgoing_bit,7,0.9304993252361674,
rnn_only,6,4,outgoing_bit,8,0.8777777777777778,
rnn_only,6,4,outgoing_bit,9,0.8836565096952909,
rnn_only,6,4,outgoing_bit,10,0.907563025210084,
rnn_only,6,4,outgoing_bit,11,1.0,
rnn_only,6,4,outgoing_bit,12,1.0,
rnn_only,6,4,outgoing_bit,13,,
rnn_only,6,4,outgoing_bit,14,,
rnn_only,6,4,outgoing_bit,15,,
rnn_only,6,4,outgoing_bit,16,,
rnn_only,6,4,next_parity,0,,
rnn_only,6,4,next_parity,1,0.4901578143560156,
rnn_only,6,4,next_parity,2,0.5571305099394986,
rnn_only,6,4,next_parity,3,0.5304235090751944,
rnn_only,6,4,next_parity,4,0.49062233589087806,
rnn_only,6,4,next_parity,5,0.5063666492237922,
rnn_only,6,4,next_parity,6,0.5503690838037343,
rnn_only,6,4,next_parity,7,0.4209770114942529,
rnn_only,6,4,next_parity,8,0.40921985815602835,
rnn_only,6,4,next_parity,9,0.4732384823848238,
rnn_only,6,4,next_parity,10,0.4901960784313726,
rnn_only,6,4,next_parity,11,0.34970238095238093,
rnn_only,6,4,next_parity,12,0.35072463768115947,
rnn_only,6,4,next_parity,13,0.4819444444444445,
rnn_only,6,4,next_parity,14,0.48888888888888893,
rnn_only,6,4,next_parity,15,,
rnn_only,6,4,next_parity,16,,
rnn_only,6,5,incoming_bit,0,1.0,
rnn_only,6,5,incoming_bit,1,1.0,
rnn_only,6,5,incoming_bit,2,1.0,
rnn_only,6,5,incoming_bit,3,1.0,
rnn_only,6,5,incoming_bit,4,1.0,
rnn_only,6,5,incoming_bit,5,1.0,
rnn_only,6,5,incoming_bit,6,1.0,
rnn_only,6,5,incoming_bit,7,1.0,
rnn_only,6,5,incoming_bit,8,0.9999999999999999,
rnn_only,6,5,incoming_bit,9,1.0,
rnn_only,6,5,incoming_bit,10,1.0,
rnn_only,6,5,incoming_bit,11,1.0,
rnn_only,6,5,incoming_bit,12,1.0,
rnn_only,6,5,incoming_bit,13,1.0,
rnn_only,6,5,incoming_bit,14,1.0,
rnn_only,6,5,incoming_bit,15,1.0,
rnn_only,6,5,incoming_bit,16,1.0,
rnn_only,6,5,incoming_bit,17,1.0,
rnn_only,6,5,incoming_bit,18,1.0,
rnn_only,6,5,incoming_bit,19,1.0,
rnn_only,6,5,outgoing_bit,0,0.9569444444444444,
rnn_only,6,5,outgoing_bit,1,0.9750566893424036,
rnn_only,6,5,outgoing_bit,2,0.9664109121909633,
rnn_only,6,5,outgoing_bit,3,0.9712585034013606,
rnn_only,6,5,outgoing_bit,4,0.9786641929499074,
rnn_only,6,5,outgoing_bit,5,0.9508556384379113,
rnn_only,6,5,outgoing_bit,6,0.942518648530057,
rnn_only,6,5,outgoing_bit,7,0.951304347826087,
rnn_only,6,5,outgoing_bit,8,0.9254658385093169,
rnn_only,6,5,outgoing_bit,9,0.9701863354037268,
rnn_only,6,5,outgoing_bit,10,0.9342105263157894,
rnn_only,6,5,outgoing_bit,11,0.9131985731272295,
rnn_only,6,5,outgoing_bit,12,0.9710526315789474,
rnn_only,6,5,outgoing_bit,13,0.9611111111111111,
rnn_only,6,5,outgoing_bit,14,0.9318181818181819,
rnn_only,6,5,outgoing_bit,15,,
rnn_only,6,5,outgoing_bit,16,,
rnn_only,6,5,outgoing_bit,17,,
rnn_only,6,5,outgoing_bit,18,,
rnn_only,6,5,outgoing_bit,19,,
rnn_only,6,5,next_parity,0,,
rnn_only,6,5,next_parity,1,0.5814151747655585,
rnn_only,6,5,next_parity,2,0.5370934959349594,
rnn_only,6,5,next_parity,3,0.5121104336043361,
rnn_only,6,5,next_parity,4,0.5348678601875533,
rnn_only,6,5,next_parity,5,0.48902027027027023,
rnn_only,6,5,next_parity,6,0.4339826839826839,
rnn_only,6,5,next_parity,7,0.495,
rnn_only,6,5,next_parity,8,0.5280824923211935,
rnn_only,6,5,next_parity,9,0.6337690631808279,
rnn_only,6,5,next_parity,10,0.48571428571428577,
rnn_only,6,5,next_parity,11,0.5883413461538461,
rnn_only,6,5,next_parity,12,0.6206690561529271,
rnn_only,6,5,next_parity,13,0.48835784313725494,
rnn_only,6,5,next_parity,14,0.40564903846153844,
rnn_only,6,5,next_parity,15,0.34444444444444444,
rnn_only,6,5,next_parity,16,0.6488095238095237,
rnn_only,6,5,next_parity,17,,
rnn_only,6,5,next_parity,18,,
rnn_only,6,5,next_parity,19,,
rnn_only,6,6,incoming_bit,0,1.0,
rnn_only,6,6,incoming_bit,1,1.0,
rnn_only,6,6,incoming_bit,2,0.9999999999999999,
rnn_only,6,6,incoming_bit,3,1.0,
rnn_only,6,6,incoming_bit,4,1.0,
rnn_only,6,6,incoming_bit,5,0.9999999999999999,
rnn_only,6,6,incoming_bit,6,1.0,
rnn_only,6,6,incoming_bit,7,1.0,
rnn_only,6,6,incoming_bit,8,1.0,
rnn_only,6,6,incoming_bit,9,1.0,
rnn_only,6,6,incoming_bit,10,1.0,
rnn_only,6,6,incoming_bit,11,1.0,
rnn_only,6,6,incoming_bit,12,1.0,
rnn_only,6,6,incoming_bit,13,1.0,
rnn_only,6,6,incoming_bit,14,1.0,
rnn_only,6,6,incoming_bit,15,1.0,
rnn_only,6,6,incoming_bit,16,1.0,
rnn_only,6,6,incoming_bit,17,1.0,
rnn_only,6,6,incoming_bit,18,1.0,
rnn_only,6,6,incoming_bit,19,1.0,
rnn_only,6,6,outgoing_bit,0,0.9729822161422709,
rnn_only,6,6,outgoing_bit,1,0.9122272957889396,
rnn_only,6,6,outgoing_bit,2,0.9767953929539295,
rnn_only,6,6,outgoing_bit,3,0.9262944847360431,
rnn_only,6,6,outgoing_bit,4,0.9098214285714286,
rnn_only,6,6,outgoing_bit,5,0.8095238095238095,
rnn_only,6,6,outgoing_bit,6,0.9222222222222223,
rnn_only,6,6,outgoing_bit,7,0.9337837837837838,
rnn_only,6,6,outgoing_bit,8,0.8559556786703602,
rnn_only,6,6,outgoing_bit,9,0.9277777777777778,
rnn_only,6,6,outgoing_bit,10,0.896358543417367,
rnn_only,6,6,outgoing_bit,11,0.9584487534626039,
rnn_only,6,6,outgoing_bit,12,0.9507246376811594,
rnn_only,6,6,outgoing_bit,13,1.0,
rnn_only,6,6,outgoing_bit,14,,
rnn_only,6,6,outgoing_bit,15,,
rnn_only,6,6,outgoing_bit,16,,
rnn_only,6,6,outgoing_bit,17,,
rnn_only,6,6,outgoing_bit,18,,
rnn_only,6,6,outgoing_bit,19,,
rnn_only,6,6,next_parity,0,,
rnn_only,6,6,next_parity,1,0.5246598639455783,
rnn_only,6,6,next_parity,2,0.46744461356333505,
rnn_only,6,6,next_parity,3,0.45856922285126095,
rnn_only,6,6,next_parity,4,0.45698286102155095,
rnn_only,6,6,next_parity,5,0.4021887824897401,
rnn_only,6,6,next_parity,6,0.5376906318082789,
rnn_only,6,6,next_parity,7,0.6239067055393586,
rnn_only,6,6,next_parity,8,0.4170068027210885,
rnn_only,6,6,next_parity,9,0.5621527777777777,
rnn_only,6,6,next_parity,10,0.5386904761904762,
rnn_only,6,6,next_parity,11,0.39166666666666666,
rnn_only,6,6,next_parity,12,0.4210526315789473,
rnn_only,6,6,next_parity,13,0.711111111111111,
rnn_only,6,6,next_parity,14,0.609375,
rnn_only,6,6,next_parity,15,0.5666666666666667,
rnn_only,6,6,next_parity,16,,
rnn_only,6,6,next_parity,17,,
rnn_only,6,6,next_parity,18,,
rnn_only,6,6,next_parity,19,,
rnn_only,6,7,incoming_bit,0,1.0,
rnn_only,6,7,incoming_bit,1,1.0,
rnn_only,6,7,incoming_bit,2,1.0,
rnn_only,6,7,incoming_bit,3,1.0,
rnn_only,6,7,incoming_bit,4,1.0,
rnn_only,6,7,incoming_bit,5,1.0,
rnn_only,6,7,incoming_bit,6,1.0,
rnn_only,6,7,incoming_bit,7,1.0,
rnn_only,6,7,incoming_bit,8,1.0,
rnn_only,6,7,incoming_bit,9,1.0,
rnn_only,6,7,incoming_bit,10,1.0,
rnn_only,6,7,incoming_bit,11,1.0,
rnn_only,6,7,incoming_bit,12,1.0,
rnn_only,6,7,incoming_bit,13,1.0,
rnn_only,6,7,incoming_bit,14,1.0,
rnn_only,6,7,incoming_bit,15,1.0,
rnn_only,6,7,incoming_bit,16,1.0,
rnn_only,6,7,incoming_bit,17,1.0,
rnn_only,6,7,incoming_bit,18,1.0,
rnn_only,6,7,incoming_bit,19,0.9999999999999999,
rnn_only,6,7,incoming_bit,20,1.0,
rnn_only,6,7,outgoing_bit,0,0.854421768707483,
rnn_only,6,7,outgoing_bit,1,0.9550273597811217,
rnn_only,6,7,outgoing_bit,2,0.9245153542631669,
rnn_only,6,7,outgoing_bit,3,0.9433198380566802,
rnn_only,6,7,outgoing_bit,4,0.910048266783677,
rnn_only,6,7,outgoing_bit,5,0.8434547908232118,
rnn_only,6,7,outgoing_bit,6,0.8912162162162163,
rnn_only,6,7,outgoing_bit,7,0.8826388888888889,
rnn_only,6,7,outgoing_bit,8,0.8614958448753463,
rnn_only,6,7,outgoing_bit,9,0.9527777777777777,
rnn_only,6,7,outgoing_bit,10,0.9194444444444445,
rnn_only,6,7,outgoing_bit,11,0.9333333333333333,
rnn_only,6,7,outgoing_bit,12,0.8972222222222221,
rnn_only,6,7,outgoing_bit,13,0.9404761904761905,
rnn_only,6,7,outgoing_bit,14,,
rnn_only,6,7,outgoing_bit,15,,
rnn_only,6,7,outgoing_bit,16,,
rnn_only,6,7,outgoing_bit,17,,
rnn_only,6,7,outgoing_bit,18,,
rnn_only,6,7,outgoing_bit,19,,
rnn_only,6,7,outgoing_bit,20,,
rnn_only,6,7,next_parity,0,,
rnn_only,6,7,next_parity,1,0.49371408045977005,
rnn_only,6,7,next_parity,2,0.426574026419626,
rnn_only,6,7,next_parity,3,0.5239398084815321,
rnn_only,6,7,next_parity,4,0.5029595805851513,
rnn_only,6,7,next_parity,5,0.5458163956639567,
rnn_only,6,7,next_parity,6,0.49629629629629635,
rnn_only,6,7,next_parity,7,0.4574829931972789,
rnn_only,6,7,next_parity,8,0.5416666666666666,
rnn_only,6,7,next_parity,9,0.4454607046070461,
rnn_only,6,7,next_parity,10,0.3628808864265928,
rnn_only,6,7,next_parity,11,0.5602240896358543,
rnn_only,6,7,next_parity,12,0.42028985507246375,
rnn_only,6,7,next_parity,13,0.607843137254902,
rnn_only,6,7,next_parity,14,0.5115942028985507,
rnn_only,6,7,next_parity,15,0.5583333333333333,
rnn_only,6,7,next_parity,16,,
rnn_only,6,7,next_parity,17,,
rnn_only,6,7,next_parity,18,,
rnn_only,6,7,next_parity,19,,
rnn_only,6,7,next_parity,20,,
rnn_only,6,8,incoming_bit,0,1.0,
rnn_only,6,8,incoming_bit,1,1.0,
rnn_only,6,8,incoming_bit,2,1.0,
rnn_only,6,8,incoming_bit,3,1.0,
rnn_only,6,8,incoming_bit,4,1.0,
rnn_only,6,8,incoming_bit,5,1.0,
rnn_only,6,8,incoming_bit,6,1.0,
rnn_only,6,8,incoming_bit,7,1.0,
rnn_only,6,8,incoming_bit,8,1.0,
rnn_only,6,8,incoming_bit,9,1.0,
rnn_only,6,8,incoming_bit,10,1.0,
rnn_only,6,8,incoming_bit,11,1.0,
rnn_only,6,8,incoming_bit,12,1.0,
rnn_only,6,8,incoming_bit,13,1.0,
rnn_only,6,8,incoming_bit,14,1.0,
rnn_only,6,8,incoming_bit,15,1.0,
rnn_only,6,8,incoming_bit,16,1.0,
rnn_only,6,8,incoming_bit,17,1.0,
rnn_only,6,8,incoming_bit,18,1.0,
rnn_only,6,8,incoming_bit,19,1.0,
rnn_only,6,8,incoming_bit,20,1.0,
rnn_only,6,8,incoming_bit,21,1.0,
rnn_only,6,8,outgoing_bit,0,0.8601551956815114,
rnn_only,6,8,outgoing_bit,1,0.8910472972972973,
rnn_only,6,8,outgoing_bit,2,0.9016531713900136,
rnn_only,6,8,outgoing_bit,3,0.9108843537414966,
rnn_only,6,8,outgoing_bit,4,0.8241115609536662,
rnn_only,6,8,outgoing_bit,5,0.866891891891892,
rnn_only,6,8,outgoing_bit,6,0.9507523939808481,
rnn_only,6,8,outgoing_bit,7,0.8645690834473324,
rnn_only,6,8,outgoing_bit,8,0.8144927536231884,
rnn_only,6,8,outgoing_bit,9,0.7722222222222221,
rnn_only,6,8,outgoing_bit,10,0.8067226890756303,
rnn_only,6,8,outgoing_bit,11,0.9652173913043478,
rnn_only,6,8,outgoing_bit,12,0.8823529411764706,
rnn_only,6,8,outgoing_bit,13,0.9111111111111111,
rnn_only,6,8,outgoing_bit,14,,
rnn_only,6,8,outgoing_bit,15,,
rnn_only,6,8,outgoing_bit,16,,
rnn_only,6,8,outgoing_bit,17,,
rnn_only,6,8,outgoing_bit,18,,
rnn_only,6,8,outgoing_bit,19,,
rnn_only,6,8,outgoing_bit,20,,
rnn_only,6,8,outgoing_bit,21,,
rnn_only,6,8,next_parity,0,,
rnn_only,6,8,next_parity,1,0.5261054421768707,
rnn_only,6,8,next_parity,2,0.4892857142857143,
rnn_only,6,8,next_parity,3,0.46326013513513514,
rnn_only,6,8,next_parity,4,0.48865176151761514,
rnn_only,6,8,next_parity,5,0.47585034013605443,
rnn_only,6,8,next_parity,6,0.33752204585537915,
rnn_only,6,8,next_parity,7,0.4892361111111111,
rnn_only,6,8,next_parity,8,0.5509575923392613,
rnn_only,6,8,next_parity,9,0.46655405405405403,
rnn_only,6,8,next_parity,10,0.5373961218836565,
rnn_only,6,8,next_parity,11,0.49859943977591037,
rnn_only,6,8,next_parity,12,0.525,
rnn_only,6,8,next_parity,13,0.6078431372549019,
rnn_only,6,8,next_parity,14,0.4550724637681159,
rnn_only,6,8,next_parity,15,0.5,
rnn_only,6,8,next_parity,16,,
rnn_only,6,8,next_parity,17,,
rnn_only,6,8,next_parity,18,,
rnn_only,6,8,next_parity,19,,
rnn_only,6,8,next_parity,20,,
rnn_only,6,8,next_parity,21,,
rnn_only,6,9,incoming_bit,0,1.0,
rnn_only,6,9,incoming_bit,1,1.0,
rnn_only,6,9,incoming_bit,2,1.0,
rnn_only,6,9,incoming_bit,3,1.0,
rnn_only,6,9,incoming_bit,4,1.0,
rnn_only,6,9,incoming_bit,5,1.0,
rnn_only,6,9,incoming_bit,6,1.0,
rnn_only,6,9,incoming_bit,7,1.0,
rnn_only,6,9,incoming_bit,8,1.0,
rnn_only,6,9,incoming_bit,9,1.0,
rnn_only,6,9,incoming_bit,10,1.0,
rnn_only,6,9,incoming_bit,11,1.0,
rnn_only,6,9,incoming_bit,12,1.0,
rnn_only,6,9,incoming_bit,13,1.0,
rnn_only,6,9,incoming_bit,14,1.0,
rnn_only,6,9,incoming_bit,15,1.0,
rnn_only,6,9,incoming_bit,16,1.0,
rnn_only,6,9,incoming_bit,17,1.0,
rnn_only,6,9,incoming_bit,18,1.0,
rnn_only,6,9,incoming_bit,19,1.0,
rnn_only,6,9,incoming_bit,20,1.0,
rnn_only,6,9,incoming_bit,21,1.0,
rnn_only,6,9,incoming_bit,22,1.0,
rnn_only,6,9,outgoing_bit,0,0.899831081081081,
rnn_only,6,9,outgoing_bit,1,0.9200067647556233,
rnn_only,6,9,outgoing_bit,2,0.9103797468354431,
rnn_only,6,9,outgoing_bit,3,0.916171729170202,
rnn_only,6,9,outgoing_bit,4,0.9135254988913526,
rnn_only,6,9,outgoing_bit,5,0.8861788617886178,
rnn_only,6,9,outgoing_bit,6,0.8770833333333333,
rnn_only,6,9,outgoing_bit,7,0.8663967611336032,
rnn_only,6,9,outgoing_bit,8,0.8985507246376812,
rnn_only,6,9,outgoing_bit,9,0.9299719887955182,
rnn_only,6,9,outgoing_bit,10,0.7703081232492996,
rnn_only,6,9,outgoing_bit,11,0.8608695652173913,
rnn_only,6,9,outgoing_bit,12,0.8985507246376812,
rnn_only,6,9,outgoing_bit,13,0.7666666666666666,
rnn_only,6,9,outgoing_bit,14,,
rnn_only,6,9,outgoing_bit,15,,
rnn_only,6,9,outgoing_bit,16,,
rnn_only,6,9,outgoing_bit,17,,
rnn_only,6,9,outgoing_bit,18,,
rnn_only,6,9,outgoing_bit,19,,
rnn_only,6,9,outgoing_bit,20,,
rnn_only,6,9,outgoing_bit,21,,
rnn_only,6,9,outgoing_bit,22,,
rnn_only,6,9,next_parity,0,,
rnn_only,6,9,next_parity,1,0.4540816326530613,
rnn_only,6,9,next_parity,2,0.5361068831388466,
rnn_only,6,9,next_parity,3,0.49391891891891887,
rnn_only,6,9,next_parity,4,0.4871881893772272,
rnn_only,6,9,next_parity,5,0.4453231292517007,
rnn_only,6,9,next_parity,6,0.5021786492374728,
rnn_only,6,9,next_parity,7,0.5485636114911081,
rnn_only,6,9,next_parity,8,0.49228611500701264,
rnn_only,6,9,next_parity,9,0.45314637482900133,
rnn_only,6,9,next_parity,10,0.5230769230769231,
rnn_only,6,9,next_parity,11,0.5294117647058824,
rnn_only,6,9,next_parity,12,0.46590909090909094,
rnn_only,6,9,next_parity,13,0.40277777777777773,
rnn_only,6,9,next_parity,14,0.46956521739130436,
rnn_only,6,9,next_parity,15,0.48333333333333334,
rnn_only,6,9,next_parity,16,,
rnn_only,6,9,next_parity,17,,
rnn_only,6,9,next_parity,18,,
rnn_only,6,9,next_parity,19,,
rnn_only,6,9,next_parity,20,,
rnn_only,6,9,next_parity,21,,
rnn_only,6,9,next_parity,22,,
rnn_only,6,10,incoming_bit,0,1.0,
rnn_only,6,10,incoming_bit,1,1.0,
rnn_only,6,10,incoming_bit,2,1.0,
rnn_only,6,10,incoming_bit,3,1.0,
rnn_only,6,10,incoming_bit,4,1.0,
rnn_only,6,10,incoming_bit,5,1.0,
rnn_only,6,10,incoming_bit,6,0.9861111111111112,
rnn_only,6,10,incoming_bit,7,1.0,
rnn_only,6,10,incoming_bit,8,1.0,
rnn_only,6,10,incoming_bit,9,1.0,
rnn_only,6,10,incoming_bit,10,1.0,
rnn_only,6,10,incoming_bit,11,1.0,
rnn_only,6,10,incoming_bit,12,1.0,
rnn_only,6,10,incoming_bit,13,1.0,
rnn_only,6,10,incoming_bit,14,1.0,
rnn_only,6,10,incoming_bit,15,1.0,
rnn_only,6,10,incoming_bit,16,1.0,
rnn_only,6,10,incoming_bit,17,1.0,
rnn_only,6,10,incoming_bit,18,1.0,
rnn_only,6,10,incoming_bit,19,1.0,
rnn_only,6,10,incoming_bit,20,1.0,
rnn_only,6,10,incoming_bit,21,1.0,
rnn_only,6,10,incoming_bit,22,0.9999999999999999,
rnn_only,6,10,incoming_bit,23,1.0,
rnn_only,6,10,incoming_bit,24,1.0,
rnn_only,6,10,incoming_bit,25,1.0,
rnn_only,6,10,incoming_bit,26,1.0,
rnn_only,6,10,incoming_bit,27,1.0,
rnn_only,6,10,incoming_bit,28,1.0,
rnn_only,6,10,incoming_bit,29,1.0,
rnn_only,6,10,incoming_bit,30,1.0,
rnn_only,6,10,incoming_bit,31,1.0,
rnn_only,6,10,incoming_bit,32,1.0,
rnn_only,6,10,incoming_bit,33,0.8888888888888888,
rnn_only,6,10,incoming_bit,34,1.0,
rnn_only,6,10,incoming_bit,35,1.0,
rnn_only,6,10,incoming_bit,36,1.0,
rnn_only,6,10,incoming_bit,37,1.0,
rnn_only,6,10,incoming_bit,38,1.0,
rnn_only,6,10,incoming_bit,39,1.0,
rnn_only,6,10,incoming_bit,40,1.0,
rnn_only,6,10,outgoing_bit,0,0.9178686577295097,
rnn_only,6,10,outgoing_bit,1,0.9535083204666324,
rnn_only,6,10,outgoing_bit,2,0.8981904278707932,
rnn_only,6,10,outgoing_bit,3,0.9010654490106544,
rnn_only,6,10,outgoing_bit,4,0.9119611414693382,
rnn_only,6,10,outgoing_bit,5,0.9165085388994307,
rnn_only,6,10,outgoing_bit,6,0.853583916083916,
rnn_only,6,10,outgoing_bit,7,0.8971677559912854,
rnn_only,6,10,outgoing_bit,8,0.9006060606060606,
rnn_only,6,10,outgoing_bit,9,0.9189189189189189,
rnn_only,6,10,outgoing_bit,10,0.8547619047619048,
rnn_only,6,10,outgoing_bit,11,0.8024242424242425,
rnn_only,6,10,outgoing_bit,12,0.8257211538461539,
rnn_only,6,10,outgoing_bit,13,0.8319327731092436,
rnn_only,6,10,outgoing_bit,14,0.4666666666666667,
rnn_only,6,10,outgoing_bit,15,0.8,
rnn_only,6,10,outgoing_bit,16,0.8222222222222222,
rnn_only,6,10,outgoing_bit,17,0.8690476190476191,
rnn_only,6,10,outgoing_bit,18,0.9090909090909091,
rnn_only,6,10,outgoing_bit,19,0.8111111111111111,
rnn_only,6,10,outgoing_bit,20,0.7888888888888889,
rnn_only,6,10,outgoing_bit,21,0.6931818181818181,
rnn_only,6,10,outgoing_bit,22,0.7727272727272727,
rnn_only,6,10,outgoing_bit,23,0.9333333333333333,
rnn_only,6,10,outgoing_bit,24,0.8555555555555556,
rnn_only,6,10,outgoing_bit,25,0.8409090909090908,
rnn_only,6,10,outgoing_bit,26,0.8777777777777778,
rnn_only,6,10,outgoing_bit,27,0.9318181818181819,
rnn_only,6,10,outgoing_bit,28,0.9500000000000001,
rnn_only,6,10,outgoing_bit,29,0.8636363636363635,
rnn_only,6,10,outgoing_bit,30,0.7444444444444445,
rnn_only,6,10,outgoing_bit,31,,
rnn_only,6,10,outgoing_bit,32,,
rnn_only,6,10,outgoing_bit,33,,
rnn_only,6,10,outgoing_bit,34,,
rnn_only,6,10,outgoing_bit,35,,
rnn_only,6,10,outgoing_bit,36,,
rnn_only,6,10,outgoing_bit,37,,
rnn_only,6,10,outgoing_bit,38,,
rnn_only,6,10,outgoing_bit,39,,
rnn_only,6,10,outgoing_bit,40,,
rnn_only,6,10,next_parity,0,,
rnn_only,6,10,next_parity,1,0.4727891156462585,
rnn_only,6,10,next_parity,2,0.44020270270270273,
rnn_only,6,10,next_parity,3,0.475034435261708,
rnn_only,6,10,next_parity,4,0.42516489091831555,
rnn_only,6,10,next_parity,5,0.5057679063360881,
rnn_only,6,10,next_parity,6,0.47702373706634205,
rnn_only,6,10,next_parity,7,0.5295414462081128,
rnn_only,6,10,next_parity,8,0.5947971781305115,
rnn_only,6,10,next_parity,9,0.4902173913043478,
rnn_only,6,10,next_parity,10,0.43509615384615385,
rnn_only,6,10,next_parity,11,0.44827586206896547,
rnn_only,6,10,next_parity,12,0.5980975029726516,
rnn_only,6,10,next_parity,13,0.4142156862745098,
rnn_only,6,10,next_parity,14,0.6213942307692307,
rnn_only,6,10,next_parity,15,0.4943977591036414,
rnn_only,6,10,next_parity,16,0.4555555555555556,
rnn_only,6,10,next_parity,17,0.43333333333333335,
rnn_only,6,10,next_parity,18,0.5444444444444445,
rnn_only,6,10,next_parity,19,0.07777777777777778,
rnn_only,6,10,next_parity,20,0.3181818181818182,
rnn_only,6,10,next_parity,21,0.44047619047619047,
rnn_only,6,10,next_parity,22,0.26666666666666666,
rnn_only,6,10,next_parity,23,0.6666666666666667,
rnn_only,6,10,next_parity,24,0.5444444444444445,
rnn_only,6,10,next_parity,25,0.5238095238095237,
rnn_only,6,10,next_parity,26,0.3888888888888889,
rnn_only,6,10,next_parity,27,0.2222222222222222,
rnn_only,6,10,next_parity,28,0.35555555555555557,
rnn_only,6,10,next_parity,29,0.4545454545454546,
rnn_only,6,10,next_parity,30,0.8205128205128205,
rnn_only,6,10,next_parity,31,0.45454545454545453,
rnn_only,6,10,next_parity,32,0.5568181818181819,
rnn_only,6,10,next_parity,33,,
rnn_only,6,10,next_parity,34,,
rnn_only,6,10,next_parity,35,,
rnn_only,6,10,next_parity,36,,
rnn_only,6,10,next_parity,37,,
rnn_only,6,10,next_parity,38,,
rnn_only,6,10,next_parity,39,,
rnn_only,6,10,next_parity,40,,
rnn_only,6,11,incoming_bit,0,1.0,
rnn_only,6,11,incoming_bit,1,0.9866554054054054,
rnn_only,6,11,incoming_bit,2,1.0,
rnn_only,6,11,incoming_bit,3,1.0,
rnn_only,6,11,incoming_bit,4,1.0,
rnn_only,6,11,incoming_bit,5,1.0,
rnn_only,6,11,incoming_bit,6,1.0,
rnn_only,6,11,incoming_bit,7,1.0,
rnn_only,6,11,incoming_bit,8,1.0,
rnn_only,6,11,incoming_bit,9,1.0,
rnn_only,6,11,incoming_bit,10,1.0,
rnn_only,6,11,incoming_bit,11,1.0,
rnn_only,6,11,incoming_bit,12,1.0,
rnn_only,6,11,incoming_bit,13,1.0,
rnn_only,6,11,incoming_bit,14,1.0,
rnn_only,6,11,incoming_bit,15,1.0,
rnn_only,6,11,incoming_bit,16,1.0,
rnn_only,6,11,incoming_bit,17,1.0,
rnn_only,6,11,incoming_bit,18,1.0,
rnn_only,6,11,incoming_bit,19,1.0,
rnn_only,6,11,incoming_bit,20,1.0,
rnn_only,6,11,incoming_bit,21,1.0,
rnn_only,6,11,incoming_bit,22,1.0,
rnn_only,6,11,incoming_bit,23,1.0,
rnn_only,6,11,incoming_bit,24,1.0,
rnn_only,6,11,incoming_bit,25,1.0,
rnn_only,6,11,incoming_bit,26,1.0,
rnn_only,6,11,incoming_bit,27,1.0,
rnn_only,6,11,incoming_bit,28,1.0,
rnn_only,6,11,incoming_bit,29,1.0,
rnn_only,6,11,incoming_bit,30,1.0,
rnn_only,6,11,incoming_bit,31,1.0,
rnn_only,6,11,incoming_bit,32,1.0,
rnn_only,6,11,incoming_bit,33,1.0,
rnn_only,6,11,incoming_bit,34,1.0,
rnn_only,6,11,incoming_bit,35,1.0,
rnn_only,6,11,incoming_bit,36,1.0,
rnn_only,6,11,incoming_bit,37,1.0,
rnn_only,6,11,incoming_bit,38,1.0,
rnn_only,6,11,incoming_bit,39,1.0,
rnn_only,6,11,incoming_bit,40,1.0,
rnn_only,6,11,incoming_bit,41,0.9999999999999999,
rnn_only,6,11,incoming_bit,42,1.0,
rnn_only,6,11,incoming_bit,43,1.0,
rnn_only,6,11,outgoing_bit,0,0.895777027027027,
rnn_only,6,11,outgoing_bit,1,0.8975903614457831,
rnn_only,6,11,outgoing_bit,2,0.9101449275362319,
rnn_only,6,11,outgoing_bit,3,0.8731368563685638,
rnn_only,6,11,outgoing_bit,4,0.9298128342245989,
rnn_only,6,11,outgoing_bit,5,0.8651059085841695,
rnn_only,6,11,outgoing_bit,6,0.853494623655914,
rnn_only,6,11,outgoing_bit,7,0.8566957299351665,
rnn_only,6,11,outgoing_bit,8,0.8973891924711597,
rnn_only,6,11,outgoing_bit,9,0.9252421307506054,
rnn_only,6,11,outgoing_bit,10,0.904539800995025,
rnn_only,6,11,outgoing_bit,11,0.9047202797202798,
rnn_only,6,11,outgoing_bit,12,0.8184976118106817,
rnn_only,6,11,outgoing_bit,13,0.8653576437587658,
rnn_only,6,11,outgoing_bit,14,0.8725490196078431,
rnn_only,6,11,outgoing_bit,15,0.8745519713261649,
rnn_only,6,11,outgoing_bit,16,0.7980769230769231,
rnn_only,6,11,outgoing_bit,17,0.8549346016646848,
rnn_only,6,11,outgoing_bit,18,0.8235294117647058,
rnn_only,6,11,outgoing_bit,19,0.89196675900277,
rnn_only,6,11,outgoing_bit,20,0.826923076923077,
rnn_only,6,11,outgoing_bit,21,0.863095238095238,
rnn_only,6,11,outgoing_bit,22,0.7222222222222222,
rnn_only,6,11,outgoing_bit,23,0.7159090909090908,
rnn_only,6,11,outgoing_bit,24,0.8333333333333334,
rnn_only,6,11,outgoing_bit,25,0.6931818181818182,
rnn_only,6,11,outgoing_bit,26,0.8428571428571429,
rnn_only,6,11,outgoing_bit,27,0.8,
rnn_only,6,11,outgoing_bit,28,0.8977272727272727,
rnn_only,6,11,outgoing_bit,29,0.6923076923076923,
rnn_only,6,11,outgoing_bit,30,0.8214285714285714,
rnn_only,6,11,outgoing_bit,31,0.7159090909090908,
rnn_only,6,11,outgoing_bit,32,0.7777777777777777,
rnn_only,6,11,outgoing_bit,33,,
rnn_only,6,11,outgoing_bit,34,,
rnn_only,6,11,outgoing_bit,35,,
rnn_only,6,11,outgoing_bit,36,,
rnn_only,6,11,outgoing_bit,37,,
rnn_only,6,11,outgoing_bit,38,,
rnn_only,6,11,outgoing_bit,39,,
rnn_only,6,11,outgoing_bit,40,,
rnn_only,6,11,outgoing_bit,41,,
rnn_only,6,11,outgoing_bit,42,,
rnn_only,6,11,outgoing_bit,43,,
rnn_only,6,11,next_parity,0,,
rnn_only,6,11,next_parity,1,0.560967360054118,
rnn_only,6,11,next_parity,2,0.46592254354811435,
rnn_only,6,11,next_parity,3,0.525,
rnn_only,6,11,next_parity,4,0.5333333333333333,
rnn_only,6,11,next_parity,5,0.47679324894514763,
rnn_only,6,11,next_parity,6,0.5198660714285713,
rnn_only,6,11,next_parity,7,0.44895644283121594,
rnn_only,6,11,next_parity,8,0.5168918918918919,
rnn_only,6,11,next_parity,9,0.5121516164994426,
rnn_only,6,11,next_parity,10,0.5490909090909091,
rnn_only,6,11,next_parity,11,0.5834845735027223,
rnn_only,6,11,next_parity,12,0.5332728372655777,
rnn_only,6,11,next_parity,13,0.4549019607843138,
rnn_only,6,11,next_parity,14,0.3776223776223776,
rnn_only,6,11,next_parity,15,0.4931129476584023,
rnn_only,6,11,next_parity,16,0.3863354037267081,
rnn_only,6,11,next_parity,17,0.5600475624256838,
rnn_only,6,11,next_parity,18,0.6464646464646464,
rnn_only,6,11,next_parity,19,0.3341260404280618,
rnn_only,6,11,next_parity,20,0.5910364145658263,
rnn_only,6,11,next_parity,21,0.6204986149584487,
rnn_only,6,11,next_parity,22,0.43039772727272735,
rnn_only,6,11,next_parity,23,0.5966386554621849,
rnn_only,6,11,next_parity,24,0.431547619047619,
rnn_only,6,11,next_parity,25,0.6363636363636364,
rnn_only,6,11,next_parity,26,0.5444444444444445,
rnn_only,6,11,next_parity,27,0.6363636363636364,
rnn_only,6,11,next_parity,28,0.5222222222222223,
rnn_only,6,11,next_parity,29,0.26136363636363635,
rnn_only,6,11,next_parity,30,0.44047619047619047,
rnn_only,6,11,next_parity,31,0.4743589743589744,
rnn_only,6,11,next_parity,32,0.7159090909090908,
rnn_only,6,11,next_parity,33,0.3977272727272727,
rnn_only,6,11,next_parity,34,0.4571428571428572,
rnn_only,6,11,next_parity,35,,
rnn_only,6,11,next_parity,36,,
rnn_only,6,11,next_parity,37,,
rnn_only,6,11,next_parity,38,,
rnn_only,6,11,next_parity,39,,
rnn_only,6,11,next_parity,40,,
rnn_only,6,11,next_parity,41,,
rnn_only,6,11,next_parity,42,,
rnn_only,6,11,next_parity,43,,
rnn_only,6,12,incoming_bit,0,1.0,
rnn_only,6,12,incoming_bit,1,1.0,
rnn_only,6,12,incoming_bit,2,1.0,
rnn_only,6,12,incoming_bit,3,1.0,
rnn_only,6,12,incoming_bit,4,1.0,
rnn_only,6,12,incoming_bit,5,1.0,
rnn_only,6,12,incoming_bit,6,1.0,
rnn_only,6,12,incoming_bit,7,1.0,
rnn_only,6,12,incoming_bit,8,1.0,
rnn_only,6,12,incoming_bit,9,1.0,
rnn_only,6,12,incoming_bit,10,1.0,
rnn_only,6,12,incoming_bit,11,1.0,
rnn_only,6,12,incoming_bit,12,1.0,
rnn_only,6,12,incoming_bit,13,1.0,
rnn_only,6,12,incoming_bit,14,1.0,
rnn_only,6,12,incoming_bit,15,1.0,
rnn_only,6,12,incoming_bit,16,1.0,
rnn_only,6,12,incoming_bit,17,1.0,
rnn_only,6,12,incoming_bit,18,1.0,
rnn_only,6,12,incoming_bit,19,1.0,
rnn_only,6,12,incoming_bit,20,1.0,
rnn_only,6,12,incoming_bit,21,1.0,
rnn_only,6,12,incoming_bit,22,1.0,
rnn_only,6,12,incoming_bit,23,1.0,
rnn_only,6,12,incoming_bit,24,1.0,
rnn_only,6,12,incoming_bit,25,1.0,
rnn_only,6,12,incoming_bit,26,1.0,
rnn_only,6,12,incoming_bit,27,1.0,
rnn_only,6,12,incoming_bit,28,1.0,
rnn_only,6,12,incoming_bit,29,1.0,
rnn_only,6,12,incoming_bit,30,1.0,
rnn_only,6,12,incoming_bit,31,1.0,
rnn_only,6,12,incoming_bit,32,1.0,
rnn_only,6,12,incoming_bit,33,1.0,
rnn_only,6,12,incoming_bit,34,1.0,
rnn_only,6,12,incoming_bit,35,1.0,
rnn_only,6,12,incoming_bit,36,1.0,
rnn_only,6,12,incoming_bit,37,1.0,
rnn_only,6,12,incoming_bit,38,1.0,
rnn_only,6,12,incoming_bit,39,1.0,
rnn_only,6,12,incoming_bit,40,1.0,
rnn_only,6,12,incoming_bit,41,1.0,
rnn_only,6,12,incoming_bit,42,1.0,
rnn_only,6,12,incoming_bit,43,1.0,
rnn_only,6,12,incoming_bit,44,1.0,
rnn_only,6,12,incoming_bit,45,1.0,
rnn_only,6,12,incoming_bit,46,1.0,
rnn_only,6,12,incoming_bit,47,1.0,
rnn_only,6,12,incoming_bit,48,1.0,
rnn_only,6,12,outgoing_bit,0,0.8333333333333334,
rnn_only,6,12,outgoing_bit,1,0.9033248081841433,
rnn_only,6,12,outgoing_bit,2,0.8790799932352444,
rnn_only,6,12,outgoing_bit,3,0.8856275303643725,
rnn_only,6,12,outgoing_bit,4,0.8884417616811983,
rnn_only,6,12,outgoing_bit,5,0.8662207357859532,
rnn_only,6,12,outgoing_bit,6,0.839126559714795,
rnn_only,6,12,outgoing_bit,7,0.8280936454849499,
rnn_only,6,12,outgoing_bit,8,0.870825456836799,
rnn_only,6,12,outgoing_bit,9,0.8922702373706635,
rnn_only,6,12,outgoing_bit,10,0.8539019963702359,
rnn_only,6,12,outgoing_bit,11,0.8321190042501517,
rnn_only,6,12,outgoing_bit,12,0.8587622549019609,
rnn_only,6,12,outgoing_bit,13,0.8216145833333333,
rnn_only,6,12,outgoing_bit,14,0.8414965986394558,
rnn_only,6,12,outgoing_bit,15,0.8857142857142858,
rnn_only,6,12,outgoing_bit,16,0.8522267206477733,
rnn_only,6,12,outgoing_bit,17,0.8585034013605443,
rnn_only,6,12,outgoing_bit,18,0.8306342780026991,
rnn_only,6,12,outgoing_bit,19,0.8658536585365854,
rnn_only,6,12,outgoing_bit,20,0.9108108108108108,
rnn_only,6,12,outgoing_bit,21,0.893877551020408,
rnn_only,6,12,outgoing_bit,22,0.8319838056680162,
rnn_only,6,12,outgoing_bit,23,0.8807588075880759,
rnn_only,6,12,outgoing_bit,24,0.7624831309041836,
rnn_only,6,12,outgoing_bit,25,0.8787878787878788,
rnn_only,6,12,outgoing_bit,26,0.8130904183535763,
rnn_only,6,12,outgoing_bit,27,0.8278236914600551,
rnn_only,6,12,outgoing_bit,28,0.8358108108108109,
rnn_only,6,12,outgoing_bit,29,0.7968960863697706,
rnn_only,6,12,outgoing_bit,30,0.8900134952766532,
rnn_only,6,12,outgoing_bit,31,0.8936314363143633,
rnn_only,6,12,outgoing_bit,32,0.8719512195121951,
rnn_only,6,12,outgoing_bit,33,0.875,
rnn_only,6,12,outgoing_bit,34,0.8446833930704898,
rnn_only,6,12,outgoing_bit,35,0.8845238095238095,
rnn_only,6,12,outgoing_bit,36,0.8333333333333334,
rnn_only,6,12,outgoing_bit,37,,
rnn_only,6,12,outgoing_bit,38,,
rnn_only,6,12,outgoing_bit,39,,
rnn_only,6,12,outgoing_bit,40,,
rnn_only,6,12,outgoing_bit,41,,
rnn_only,6,12,outgoing_bit,42,,
rnn_only,6,12,outgoing_bit,43,,
rnn_only,6,12,outgoing_bit,44,,
rnn_only,6,12,outgoing_bit,45,,
rnn_only,6,12,outgoing_bit,46,,
rnn_only,6,12,outgoing_bit,47,,
rnn_only,6,12,outgoing_bit,48,,
rnn_only,6,12,next_parity,0,,
rnn_only,6,12,next_parity,1,0.4482700421940928,
rnn_only,6,12,next_parity,2,0.5523415977961433,
rnn_only,6,12,next_parity,3,0.5034669372568916,
rnn_only,6,12,next_parity,4,0.5352564102564102,
rnn_only,6,12,next_parity,5,0.5244932432432432,
rnn_only,6,12,next_parity,6,0.427361853832442,
rnn_only,6,12,next_parity,7,0.462876254180602,
rnn_only,6,12,next_parity,8,0.5231388329979879,
rnn_only,6,12,next_parity,9,0.48326970581630363,
rnn_only,6,12,next_parity,10,0.5231284236153378,
rnn_only,6,12,next_parity,11,0.5922890103217973,
rnn_only,6,12,next_parity,12,0.5423006695069994,
rnn_only,6,12,next_parity,13,0.4362026862026862,
rnn_only,6,12,next_parity,14,0.41880341880341887,
rnn_only,6,12,next_parity,15,0.5062961354754668,
rnn_only,6,12,next_parity,16,0.4692202462380301,
rnn_only,6,12,next_parity,17,0.5206611570247933,
rnn_only,6,12,next_parity,18,0.5619834710743802,
rnn_only,6,12,next_parity,19,0.5517006802721088,
rnn_only,6,12,next_parity,20,0.5328317373461012,
rnn_only,6,12,next_parity,21,0.4638849929873773,
rnn_only,6,12,next_parity,22,0.4227642276422765,
rnn_only,6,12,next_parity,23,0.4094594594594594,
rnn_only,6,12,next_parity,24,0.48084815321477425,
rnn_only,6,12,next_parity,25,0.4884823848238482,
rnn_only,6,12,next_parity,26,0.5067567567567568,
rnn_only,6,12,next_parity,27,0.47021276595744677,
rnn_only,6,12,next_parity,28,0.5901084010840109,
rnn_only,6,12,next_parity,29,0.5510204081632653,
rnn_only,6,12,next_parity,30,0.3313008130081301,
rnn_only,6,12,next_parity,31,0.5364864864864864,
rnn_only,6,12,next_parity,32,0.5398110661268556,
rnn_only,6,12,next_parity,33,0.4681571815718157,
rnn_only,6,12,next_parity,34,0.5549932523616734,
rnn_only,6,12,next_parity,35,0.5663082437275986,
rnn_only,6,12,next_parity,36,0.4963942307692307,
rnn_only,6,12,next_parity,37,0.45280764635603343,
rnn_only,6,12,next_parity,38,0.8333333333333333,
rnn_only,6,12,next_parity,39,,
rnn_only,6,12,next_parity,40,,
rnn_only,6,12,next_parity,41,,
rnn_only,6,12,next_parity,42,,
rnn_only,6,12,next_parity,43,,
rnn_only,6,12,next_parity,44,,
rnn_only,6,12,next_parity,45,,
rnn_only,6,12,next_parity,46,,
rnn_only,6,12,next_parity,47,,
rnn_only,6,12,next_parity,48,,
rnn_only,6,13,incoming_bit,0,1.0,
rnn_only,6,13,incoming_bit,1,1.0,
rnn_only,6,13,incoming_bit,2,1.0,
rnn_only,6,13,incoming_bit,3,1.0,
rnn_only,6,13,incoming_bit,4,1.0,
rnn_only,6,13,incoming_bit,5,1.0,
rnn_only,6,13,incoming_bit,6,1.0,
rnn_only,6,13,incoming_bit,7,1.0,
rnn_only,6,13,incoming_bit,8,1.0,
rnn_only,6,13,incoming_bit,9,1.0,
rnn_only,6,13,incoming_bit,10,1.0,
rnn_only,6,13,incoming_bit,11,1.0,
rnn_only,6,13,incoming_bit,12,1.0,
rnn_only,6,13,incoming_bit,13,1.0,
rnn_only,6,13,incoming_bit,14,1.0,
rnn_only,6,13,incoming_bit,15,1.0,
rnn_only,6,13,incoming_bit,16,1.0,
rnn_only,6,13,incoming_bit,17,1.0,
rnn_only,6,13,incoming_bit,18,1.0,
rnn_only,6,13,incoming_bit,19,1.0,
rnn_only,6,13,incoming_bit,20,1.0,
rnn_only,6,13,incoming_bit,21,1.0,
rnn_only,6,13,incoming_bit,22,1.0,
rnn_only,6,13,incoming_bit,23,1.0,
rnn_only,6,13,incoming_bit,24,1.0,
rnn_only,6,13,incoming_bit,25,1.0,
rnn_only,6,13,incoming_bit,26,1.0,
rnn_only,6,13,incoming_bit,27,1.0,
rnn_only,6,13,incoming_bit,28,1.0,
rnn_only,6,13,incoming_bit,29,1.0,
rnn_only,6,13,incoming_bit,30,1.0,
rnn_only,6,13,incoming_bit,31,1.0,
rnn_only,6,13,incoming_bit,32,1.0,
rnn_only,6,13,incoming_bit,33,1.0,
rnn_only,6,13,incoming_bit,34,1.0,
rnn_only,6,13,incoming_bit,35,1.0,
rnn_only,6,13,incoming_bit,36,1.0,
rnn_only,6,13,incoming_bit,37,1.0,
rnn_only,6,13,incoming_bit,38,1.0,
rnn_only,6,13,incoming_bit,39,1.0,
rnn_only,6,13,incoming_bit,40,1.0,
rnn_only,6,13,incoming_bit,41,1.0,
rnn_only,6,13,incoming_bit,42,1.0,
rnn_only,6,13,incoming_bit,43,1.0,
rnn_only,6,13,incoming_bit,44,1.0,
rnn_only,6,13,incoming_bit,45,1.0,
rnn_only,6,13,incoming_bit,46,1.0,
rnn_only,6,13,incoming_bit,47,1.0,
rnn_only,6,13,incoming_bit,48,1.0,
rnn_only,6,13,incoming_bit,49,1.0,
rnn_only,6,13,incoming_bit,50,0.9999999999999999,
rnn_only,6,13,incoming_bit,51,1.0,
rnn_only,6,13,incoming_bit,52,1.0,
rnn_only,6,13,outgoing_bit,0,0.8663960764417385,
rnn_only,6,13,outgoing_bit,1,0.8515306122448979,
rnn_only,6,13,outgoing_bit,2,0.8610829959514169,
rnn_only,6,13,outgoing_bit,3,0.8697635135135133,
rnn_only,6,13,outgoing_bit,4,0.8530657748049052,
rnn_only,6,13,outgoing_bit,5,0.9104477611940298,
rnn_only,6,13,outgoing_bit,6,0.8527183600713012,
rnn_only,6,13,outgoing_bit,7,0.8792562724014338,
rnn_only,6,13,outgoing_bit,8,0.7893462469733656,
rnn_only,6,13,outgoing_bit,9,0.8775757575757577,
rnn_only,6,13,outgoing_bit,10,0.886060606060606,
rnn_only,6,13,outgoing_bit,11,0.9181375532562386,
rnn_only,6,13,outgoing_bit,12,0.8627808136004858,
rnn_only,6,13,outgoing_bit,13,0.8515151515151516,
rnn_only,6,13,outgoing_bit,14,0.8797718297498902,
rnn_only,6,13,outgoing_bit,15,0.9109856708640902,
rnn_only,6,13,outgoing_bit,16,0.8387237762237763,
rnn_only,6,13,outgoing_bit,17,0.82141290039491,
rnn_only,6,13,outgoing_bit,18,0.8425925925925927,
rnn_only,6,13,outgoing_bit,19,0.8584455058619193,
rnn_only,6,13,outgoing_bit,20,0.9178260869565218,
rnn_only,6,13,outgoing_bit,21,0.8881088196577447,
rnn_only,6,13,outgoing_bit,22,0.8130718954248366,
rnn_only,6,13,outgoing_bit,23,0.7972210160660008,
rnn_only,6,13,outgoing_bit,24,0.9166301009214568,
rnn_only,6,13,outgoing_bit,25,0.8356521739130435,
rnn_only,6,13,outgoing_bit,26,0.8926086956521739,
rnn_only,6,13,outgoing_bit,27,0.7986928104575164,
rnn_only,6,13,outgoing_bit,28,0.8871459694989107,
rnn_only,6,13,outgoing_bit,29,0.8725045372050817,
rnn_only,6,13,outgoing_bit,30,0.8252723311546841,
rnn_only,6,13,outgoing_bit,31,0.9069565217391304,
rnn_only,6,13,outgoing_bit,32,0.8798076923076923,
rnn_only,6,13,outgoing_bit,33,0.868421052631579,
rnn_only,6,13,outgoing_bit,34,0.7816804407713498,
rnn_only,6,13,outgoing_bit,35,0.8628378378378379,
rnn_only,6,13,outgoing_bit,36,0.6833333333333333,
rnn_only,6,13,outgoing_bit,37,0.9444444444444444,
rnn_only,6,13,outgoing_bit,38,0.8111111111111111,
rnn_only,6,13,outgoing_bit,39,0.8,
rnn_only,6,13,outgoing_bit,40,,
rnn_only,6,13,outgoing_bit,41,,
rnn_only,6,13,outgoing_bit,42,,
rnn_only,6,13,outgoing_bit,43,,
rnn_only,6,13,outgoing_bit,44,,
rnn_only,6,13,outgoing_bit,45,,
rnn_only,6,13,outgoing_bit,46,,
rnn_only,6,13,outgoing_bit,47,,
rnn_only,6,13,outgoing_bit,48,,
rnn_only,6,13,outgoing_bit,49,,
rnn_only,6,13,outgoing_bit,50,,
rnn_only,6,13,outgoing_bit,51,,
rnn_only,6,13,outgoing_bit,52,,
rnn_only,6,13,next_parity,0,,
rnn_only,6,13,next_parity,1,0.5621940928270042,
rnn_only,6,13,next_parity,2,0.49219858156028373,
rnn_only,6,13,next_parity,3,0.5391156462585034,
rnn_only,6,13,next_parity,4,0.5029696249787884,
rnn_only,6,13,next_parity,5,0.5487516869095816,
rnn_only,6,13,next_parity,6,0.45254010695187163,
rnn_only,6,13,next_parity,7,0.4914158305462653,
rnn_only,6,13,next_parity,8,0.4759626338573707,
rnn_only,6,13,next_parity,9,0.5156074556478779,
rnn_only,6,13,next_parity,10,0.5869696969696969,
rnn_only,6,13,next_parity,11,0.42599502487562185,
rnn_only,6,13,next_parity,12,0.5685714285714286,
rnn_only,6,13,next_parity,13,0.5206938527084601,
rnn_only,6,13,next_parity,14,0.557168784029038,
rnn_only,6,13,next_parity,15,0.38930348258706465,
rnn_only,6,13,next_parity,16,0.45625286303252405,
rnn_only,6,13,next_parity,17,0.4117391304347826,
rnn_only,6,13,next_parity,18,0.5137254901960784,
rnn_only,6,13,next_parity,19,0.547276688453159,
rnn_only,6,13,next_parity,20,0.5253496503496504,
rnn_only,6,13,next_parity,21,0.435084672166739,
rnn_only,6,13,next_parity,22,0.5360869565217391,
rnn_only,6,13,next_parity,23,0.4925699300699301,
rnn_only,6,13,next_parity,24,0.4585537918871252,
rnn_only,6,13,next_parity,25,0.4776053215077605,
rnn_only,6,13,next_parity,26,0.5502622377622378,
rnn_only,6,13,next_parity,27,0.5216049382716049,
rnn_only,6,13,next_parity,28,0.4978298611111111,
rnn_only,6,13,next_parity,29,0.5943478260869566,
rnn_only,6,13,next_parity,30,0.5004340277777778,
rnn_only,6,13,next_parity,31,0.572048611111111,
rnn_only,6,13,next_parity,32,0.5002171081198438,
rnn_only,6,13,next_parity,33,0.5344129554655871,
rnn_only,6,13,next_parity,34,0.501525054466231,
rnn_only,6,13,next_parity,35,0.4533783783783784,
rnn_only,6,13,next_parity,36,0.55420054200542,
rnn_only,6,13,next_parity,37,0.5614864864864865,
rnn_only,6,13,next_parity,38,0.5070028011204483,
rnn_only,6,13,next_parity,39,0.3717948717948718,
rnn_only,6,13,next_parity,40,0.47619047619047616,
rnn_only,6,13,next_parity,41,0.5056818181818181,
rnn_only,6,13,next_parity,42,,
rnn_only,6,13,next_parity,43,,
rnn_only,6,13,next_parity,44,,
rnn_only,6,13,next_parity,45,,
rnn_only,6,13,next_parity,46,,
rnn_only,6,13,next_parity,47,,
rnn_only,6,13,next_parity,48,,
rnn_only,6,13,next_parity,49,,
rnn_only,6,13,next_parity,50,,
rnn_only,6,13,next_parity,51,,
rnn_only,6,13,next_parity,52,,
rnn_only,6,14,incoming_bit,0,1.0,
rnn_only,6,14,incoming_bit,1,1.0,
rnn_only,6,14,incoming_bit,2,1.0,
rnn_only,6,14,incoming_bit,3,1.0,
rnn_only,6,14,incoming_bit,4,1.0,
rnn_only,6,14,incoming_bit,5,1.0,
rnn_only,6,14,incoming_bit,6,1.0,
rnn_only,6,14,incoming_bit,7,1.0,
rnn_only,6,14,incoming_bit,8,1.0,
rnn_only,6,14,incoming_bit,9,1.0,
rnn_only,6,14,incoming_bit,10,1.0,
rnn_only,6,14,incoming_bit,11,1.0,
rnn_only,6,14,incoming_bit,12,1.0,
rnn_only,6,14,incoming_bit,13,1.0,
rnn_only,6,14,incoming_bit,14,1.0,
rnn_only,6,14,incoming_bit,15,1.0,
rnn_only,6,14,incoming_bit,16,1.0,
rnn_only,6,14,incoming_bit,17,1.0,
rnn_only,6,14,incoming_bit,18,1.0,
rnn_only,6,14,incoming_bit,19,1.0,
rnn_only,6,14,incoming_bit,20,1.0,
rnn_only,6,14,incoming_bit,21,1.0,
rnn_only,6,14,incoming_bit,22,1.0,
rnn_only,6,14,incoming_bit,23,1.0,
rnn_only,6,14,incoming_bit,24,1.0,
rnn_only,6,14,incoming_bit,25,1.0,
rnn_only,6,14,incoming_bit,26,1.0,
rnn_only,6,14,incoming_bit,27,1.0,
rnn_only,6,14,incoming_bit,28,1.0,
rnn_only,6,14,incoming_bit,29,0.9904718693284936,
rnn_only,6,14,incoming_bit,30,1.0,
rnn_only,6,14,incoming_bit,31,1.0,
rnn_only,6,14,incoming_bit,32,1.0,
rnn_only,6,14,incoming_bit,33,1.0,
rnn_only,6,14,incoming_bit,34,1.0,
rnn_only,6,14,incoming_bit,35,1.0,
rnn_only,6,14,incoming_bit,36,1.0,
rnn_only,6,14,incoming_bit,37,1.0,
rnn_only,6,14,incoming_bit,38,1.0,
rnn_only,6,14,incoming_bit,39,1.0,
rnn_only,6,14,incoming_bit,40,1.0,
rnn_only,6,14,incoming_bit,41,1.0,
rnn_only,6,14,incoming_bit,42,1.0,
rnn_only,6,14,incoming_bit,43,1.0,
rnn_only,6,14,incoming_bit,44,1.0,
rnn_only,6,14,incoming_bit,45,1.0,
rnn_only,6,14,incoming_bit,46,1.0,
rnn_only,6,14,incoming_bit,47,1.0,
rnn_only,6,14,incoming_bit,48,1.0,
rnn_only,6,14,incoming_bit,49,1.0,
rnn_only,6,14,incoming_bit,50,1.0,
rnn_only,6,14,incoming_bit,51,1.0,
rnn_only,6,14,incoming_bit,52,1.0,
rnn_only,6,14,incoming_bit,53,1.0,
rnn_only,6,14,outgoing_bit,0,0.861619241192412,
rnn_only,6,14,outgoing_bit,1,0.8882124133265685,
rnn_only,6,14,outgoing_bit,2,0.8868243243243243,
rnn_only,6,14,outgoing_bit,3,0.8792172739541161,
rnn_only,6,14,outgoing_bit,4,0.8682795698924731,
rnn_only,6,14,outgoing_bit,5,0.8566964285714285,
rnn_only,6,14,outgoing_bit,6,0.82174688057041,
rnn_only,6,14,outgoing_bit,7,0.8830654553924995,
rnn_only,6,14,outgoing_bit,8,0.8199023199023199,
rnn_only,6,14,outgoing_bit,9,0.8599877450980392,
rnn_only,6,14,outgoing_bit,10,0.8559999999999999,
rnn_only,6,14,outgoing_bit,11,0.8581862446743762,
rnn_only,6,14,outgoing_bit,12,0.8421855921855921,
rnn_only,6,14,outgoing_bit,13,0.9119611414693382,
rnn_only,6,14,outgoing_bit,14,0.9120476408612,
rnn_only,6,14,outgoing_bit,15,0.8543478260869565,
rnn_only,6,14,outgoing_bit,16,0.8407196138657305,
rnn_only,6,14,outgoing_bit,17,0.871434839842036,
rnn_only,6,14,outgoing_bit,18,0.7582272926722247,
rnn_only,6,14,outgoing_bit,19,0.8732088580112897,
rnn_only,6,14,outgoing_bit,20,0.8501089324618737,
rnn_only,6,14,outgoing_bit,21,0.9046563192904656,
rnn_only,6,14,outgoing_bit,22,0.8320105820105821,
rnn_only,6,14,outgoing_bit,23,0.8547826086956521,
rnn_only,6,14,outgoing_bit,24,0.8019973947025619,
rnn_only,6,14,outgoing_bit,25,0.8129464285714285,
rnn_only,6,14,outgoing_bit,26,0.8013071895424836,
rnn_only,6,14,outgoing_bit,27,0.8768518518518519,
rnn_only,6,14,outgoing_bit,28,0.90239651416122,
rnn_only,6,14,outgoing_bit,29,0.8671328671328671,
rnn_only,6,14,outgoing_bit,30,0.9120535714285714,
rnn_only,6,14,outgoing_bit,31,0.8317307692307693,
rnn_only,6,14,outgoing_bit,32,0.8836300477637864,
rnn_only,6,14,outgoing_bit,33,0.8884353741496599,
rnn_only,6,14,outgoing_bit,34,0.8773712737127372,
rnn_only,6,14,outgoing_bit,35,0.8702702702702704,
rnn_only,6,14,outgoing_bit,36,0.9411764705882353,
rnn_only,6,14,outgoing_bit,37,0.48863636363636365,
rnn_only,6,14,outgoing_bit,38,0.7142857142857143,
rnn_only,6,14,outgoing_bit,39,0.6444444444444445,
rnn_only,6,14,outgoing_bit,40,,
rnn_only,6,14,outgoing_bit,41,,
rnn_only,6,14,outgoing_bit,42,,
rnn_only,6,14,outgoing_bit,43,,
rnn_only,6,14,outgoing_bit,44,,
rnn_only,6,14,outgoing_bit,45,,
rnn_only,6,14,outgoing_bit,46,,
rnn_only,6,14,outgoing_bit,47,,
rnn_only,6,14,outgoing_bit,48,,
rnn_only,6,14,outgoing_bit,49,,
rnn_only,6,14,outgoing_bit,50,,
rnn_only,6,14,outgoing_bit,51,,
rnn_only,6,14,outgoing_bit,52,,
rnn_only,6,14,outgoing_bit,53,,
rnn_only,6,14,next_parity,0,,
rnn_only,6,14,next_parity,1,0.4980603811772643,
rnn_only,6,14,next_parity,2,0.5111149110807114,
rnn_only,6,14,next_parity,3,0.49105937921727394,
rnn_only,6,14,next_parity,4,0.6040920716112532,
rnn_only,6,14,next_parity,5,0.5603913630229419,
rnn_only,6,14,next_parity,6,0.5007824726134584,
rnn_only,6,14,next_parity,7,0.5360451977401129,
rnn_only,6,14,next_parity,8,0.5378940308517773,
rnn_only,6,14,next_parity,9,0.4808377896613191,
rnn_only,6,14,next_parity,10,0.4573283858998145,
rnn_only,6,14,next_parity,11,0.5064615384615385,
rnn_only,6,14,next_parity,12,0.48307692307692307,
rnn_only,6,14,next_parity,13,0.5538648813146683,
rnn_only,6,14,next_parity,14,0.5287569573283859,
rnn_only,6,14,next_parity,15,0.5693099273607748,
rnn_only,6,14,next_parity,16,0.4347826086956522,
rnn_only,6,14,next_parity,17,0.42361111111111116,
rnn_only,6,14,next_parity,18,0.5847902097902098,
rnn_only,6,14,next_parity,19,0.46649029982363316,
rnn_only,6,14,next_parity,20,0.511304347826087,
rnn_only,6,14,next_parity,21,0.4703817463799912,
rnn_only,6,14,next_parity,22,0.5196678321678322,
rnn_only,6,14,next_parity,23,0.5146994295743746,
rnn_only,6,14,next_parity,24,0.550680122860904,
rnn_only,6,14,next_parity,25,0.5177951388888888,
rnn_only,6,14,next_parity,26,0.5621739130434783,
rnn_only,6,14,next_parity,27,0.5239139973672663,
rnn_only,6,14,next_parity,28,0.45956521739130435,
rnn_only,6,14,next_parity,29,0.5570994355188885,
rnn_only,6,14,next_parity,30,0.46623093681917216,
rnn_only,6,14,next_parity,31,0.4908854166666667,
rnn_only,6,14,next_parity,32,0.5917391304347827,
rnn_only,6,14,next_parity,33,0.49401330376940134,
rnn_only,6,14,next_parity,34,0.4793747286148502,
rnn_only,6,14,next_parity,35,0.42638888888888893,
rnn_only,6,14,next_parity,36,0.5311653116531165,
rnn_only,6,14,next_parity,37,0.4903581267217631,
rnn_only,6,14,next_parity,38,0.5833333333333333,
rnn_only,6,14,next_parity,39,0.3295454545454546,
rnn_only,6,14,next_parity,40,0.40476190476190477,
rnn_only,6,14,next_parity,41,0.2727272727272727,
rnn_only,6,14,next_parity,42,,
rnn_only,6,14,next_parity,43,,
rnn_only,6,14,next_parity,44,,
rnn_only,6,14,next_parity,45,,
rnn_only,6,14,next_parity,46,,
rnn_only,6,14,next_parity,47,,
rnn_only,6,14,next_parity,48,,
rnn_only,6,14,next_parity,49,,
rnn_only,6,14,next_parity,50,,
rnn_only,6,14,next_parity,51,,
rnn_only,6,14,next_parity,52,,
rnn_only,6,14,next_parity,53,,
rnn_only,6,15,incoming_bit,0,1.0,
rnn_only,6,15,incoming_bit,1,1.0,
rnn_only,6,15,incoming_bit,2,1.0,
rnn_only,6,15,incoming_bit,3,1.0,
rnn_only,6,15,incoming_bit,4,1.0,
rnn_only,6,15,incoming_bit,5,0.9741946365322989,
rnn_only,6,15,incoming_bit,6,1.0,
rnn_only,6,15,incoming_bit,7,1.0,
rnn_only,6,15,incoming_bit,8,1.0,
rnn_only,6,15,incoming_bit,9,1.0,
rnn_only,6,15,incoming_bit,10,1.0,
rnn_only,6,15,incoming_bit,11,1.0,
rnn_only,6,15,incoming_bit,12,1.0,
rnn_only,6,15,incoming_bit,13,1.0,
rnn_only,6,15,incoming_bit,14,1.0,
rnn_only,6,15,incoming_bit,15,1.0,
rnn_only,6,15,incoming_bit,16,1.0,
rnn_only,6,15,incoming_bit,17,1.0,
rnn_only,6,15,incoming_bit,18,1.0,
rnn_only,6,15,incoming_bit,19,1.0,
rnn_only,6,15,incoming_bit,20,0.9999999999999999,
rnn_only,6,15,incoming_bit,21,1.0,
rnn_only,6,15,incoming_bit,22,1.0,
rnn_only,6,15,incoming_bit,23,1.0,
rnn_only,6,15,incoming_bit,24,1.0,
rnn_only,6,15,incoming_bit,25,1.0,
rnn_only,6,15,incoming_bit,26,1.0,
rnn_only,6,15,incoming_bit,27,1.0,
rnn_only,6,15,incoming_bit,28,1.0,
rnn_only,6,15,incoming_bit,29,1.0,
rnn_only,6,15,incoming_bit,30,1.0,
rnn_only,6,15,incoming_bit,31,1.0,
rnn_only,6,15,incoming_bit,32,1.0,
rnn_only,6,15,incoming_bit,33,1.0,
rnn_only,6,15,incoming_bit,34,1.0,
rnn_only,6,15,incoming_bit,35,1.0,
rnn_only,6,15,incoming_bit,36,1.0,
rnn_only,6,15,incoming_bit,37,1.0,
rnn_only,6,15,incoming_bit,38,1.0,
rnn_only,6,15,incoming_bit,39,1.0,
rnn_only,6,15,incoming_bit,40,1.0,
rnn_only,6,15,incoming_bit,41,1.0,
rnn_only,6,15,incoming_bit,42,1.0,
rnn_only,6,15,incoming_bit,43,1.0,
rnn_only,6,15,incoming_bit,44,1.0,
rnn_only,6,15,incoming_bit,45,1.0,
rnn_only,6,15,incoming_bit,46,1.0,
rnn_only,6,15,incoming_bit,47,1.0,
rnn_only,6,15,incoming_bit,48,1.0,
rnn_only,6,15,incoming_bit,49,1.0,
rnn_only,6,15,incoming_bit,50,1.0,
rnn_only,6,15,incoming_bit,51,1.0,
rnn_only,6,15,incoming_bit,52,1.0,
rnn_only,6,15,incoming_bit,53,0.9944598337950138,
rnn_only,6,15,incoming_bit,54,1.0,
rnn_only,6,15,incoming_bit,55,1.0,
rnn_only,6,15,incoming_bit,56,1.0,
rnn_only,6,15,incoming_bit,57,1.0,
rnn_only,6,15,incoming_bit,58,1.0,
rnn_only,6,15,incoming_bit,59,1.0,
rnn_only,6,15,outgoing_bit,0,0.8901960784313725,
rnn_only,6,15,outgoing_bit,1,0.8728225942837815,
rnn_only,6,15,outgoing_bit,2,0.9006497948016416,
rnn_only,6,15,outgoing_bit,3,0.8719635627530364,
rnn_only,6,15,outgoing_bit,4,0.8369347293383828,
rnn_only,6,15,outgoing_bit,5,0.8412486064659978,
rnn_only,6,15,outgoing_bit,6,0.8546265328874024,
rnn_only,6,15,outgoing_bit,7,0.8690770267235572,
rnn_only,6,15,outgoing_bit,8,0.9033333333333333,
rnn_only,6,15,outgoing_bit,9,0.841833636915604,
rnn_only,6,15,outgoing_bit,10,0.8824786324786325,
rnn_only,6,15,outgoing_bit,11,0.7946158499697519,
rnn_only,6,15,outgoing_bit,12,0.8481411468178954,
rnn_only,6,15,outgoing_bit,13,0.7963980463980463,
rnn_only,6,15,outgoing_bit,14,0.8649475524475525,
rnn_only,6,15,outgoing_bit,15,0.8690958164642375,
rnn_only,6,15,outgoing_bit,16,0.8250108554059922,
rnn_only,6,15,outgoing_bit,17,0.9006535947712418,
rnn_only,6,15,outgoing_bit,18,0.7750759878419454,
rnn_only,6,15,outgoing_bit,19,0.8069328652917946,
rnn_only,6,15,outgoing_bit,20,0.834201388888889,
rnn_only,6,15,outgoing_bit,21,0.8801563178462875,
rnn_only,6,15,outgoing_bit,22,0.8366071428571428,
rnn_only,6,15,outgoing_bit,23,0.8540178571428572,
rnn_only,6,15,outgoing_bit,24,0.8679982631350412,
rnn_only,6,15,outgoing_bit,25,0.8923143725575337,
rnn_only,6,15,outgoing_bit,26,0.875,
rnn_only,6,15,outgoing_bit,27,0.8567086409031698,
rnn_only,6,15,outgoing_bit,28,0.86,
rnn_only,6,15,outgoing_bit,29,0.8736888111888111,
rnn_only,6,15,outgoing_bit,30,0.8173076923076924,
rnn_only,6,15,outgoing_bit,31,0.8674057649667405,
rnn_only,6,15,outgoing_bit,32,0.8725045372050817,
rnn_only,6,15,outgoing_bit,33,0.8603238866396762,
rnn_only,6,15,outgoing_bit,34,0.8250688705234159,
rnn_only,6,15,outgoing_bit,35,0.8768707482993198,
rnn_only,6,15,outgoing_bit,36,0.8557575757575758,
rnn_only,6,15,outgoing_bit,37,0.6984615384615385,
rnn_only,6,15,outgoing_bit,38,0.7894736842105263,
rnn_only,6,15,outgoing_bit,39,0.8227146814404432,
rnn_only,6,15,outgoing_bit,40,0.8222222222222222,
rnn_only,6,15,outgoing_bit,41,0.858974358974359,
rnn_only,6,15,outgoing_bit,42,0.8714285714285714,
rnn_only,6,15,outgoing_bit,43,0.782051282051282,
rnn_only,6,15,outgoing_bit,44,0.8636363636363636,
rnn_only,6,15,outgoing_bit,45,,
rnn_only,6,15,outgoing_bit,46,,
rnn_only,6,15,outgoing_bit,47,,
rnn_only,6,15,outgoing_bit,48,,
rnn_only,6,15,outgoing_bit,49,,
rnn_only,6,15,outgoing_bit,50,,
rnn_only,6,15,outgoing_bit,51,,
rnn_only,6,15,outgoing_bit,52,,
rnn_only,6,15,outgoing_bit,53,,
rnn_only,6,15,outgoing_bit,54,,
rnn_only,6,15,outgoing_bit,55,,
rnn_only,6,15,outgoing_bit,56,,
rnn_only,6,15,outgoing_bit,57,,
rnn_only,6,15,outgoing_bit,58,,
rnn_only,6,15,outgoing_bit,59,,
rnn_only,6,15,next_parity,0,,
rnn_only,6,15,next_parity,1,0.5141843971631206,
rnn_only,6,15,next_parity,2,0.5434027777777778,
rnn_only,6,15,next_parity,3,0.5840108401084012,
rnn_only,6,15,next_parity,4,0.447108843537415,
rnn_only,6,15,next_parity,5,0.46773648648648647,
rnn_only,6,15,next_parity,6,0.5069196428571429,
rnn_only,6,15,next_parity,7,0.5235228539576366,
rnn_only,6,15,next_parity,8,0.5172491039426523,
rnn_only,6,15,next_parity,9,0.5005569169079973,
rnn_only,6,15,next_parity,10,0.5363196125907991,
rnn_only,6,15,next_parity,11,0.4258474576271186,
rnn_only,6,15,next_parity,12,0.5069570477918935,
rnn_only,6,15,next_parity,13,0.43314676616915426,
rnn_only,6,15,next_parity,14,0.44240196078431376,
rnn_only,6,15,next_parity,15,0.46459096459096466,
rnn_only,6,15,next_parity,16,0.54363873208858,
rnn_only,6,15,next_parity,17,0.5321869488536155,
rnn_only,6,15,next_parity,18,0.5586056644880175,
rnn_only,6,15,next_parity,19,0.529513888888889,
rnn_only,6,15,next_parity,20,0.4678260869565217,
rnn_only,6,15,next_parity,21,0.557391304347826,
rnn_only,6,15,next_parity,22,0.4392482517482517,
rnn_only,6,15,next_parity,23,0.49544072948328266,
rnn_only,6,15,next_parity,24,0.4557734204793028,
rnn_only,6,15,next_parity,25,0.5039130434782608,
rnn_only,6,15,next_parity,26,0.5379157427937915,
rnn_only,6,15,next_parity,27,0.4867724867724867,
rnn_only,6,15,next_parity,28,0.6164079822616408,
rnn_only,6,15,next_parity,29,0.3875831485587583,
rnn_only,6,15,next_parity,30,0.5126086956521739,
rnn_only,6,15,next_parity,31,0.5427702996092053,
rnn_only,6,15,next_parity,32,0.46200607902735563,
rnn_only,6,15,next_parity,33,0.40530814215024735,
rnn_only,6,15,next_parity,34,0.4969618055555556,
rnn_only,6,15,next_parity,35,0.5341997264021887,
rnn_only,6,15,next_parity,36,0.5364864864864864,
rnn_only,6,15,next_parity,37,0.6108108108108109,
rnn_only,6,15,next_parity,38,0.48798076923076933,
rnn_only,6,15,next_parity,39,0.49702380952380953,
rnn_only,6,15,next_parity,40,0.3697478991596639,
rnn_only,6,15,next_parity,41,0.4875346260387811,
rnn_only,6,15,next_parity,42,0.49999999999999994,
rnn_only,6,15,next_parity,43,0.5909090909090909,
rnn_only,6,15,next_parity,44,0.3846153846153846,
rnn_only,6,15,next_parity,45,0.869047619047619,
rnn_only,6,15,next_parity,46,0.375,
rnn_only,6,15,next_parity,47,,
rnn_only,6,15,next_parity,48,,
rnn_only,6,15,next_parity,49,,
rnn_only,6,15,next_parity,50,,
rnn_only,6,15,next_parity,51,,
rnn_only,6,15,next_parity,52,,
rnn_only,6,15,next_parity,53,,
rnn_only,6,15,next_parity,54,,
rnn_only,6,15,next_parity,55,,
rnn_only,6,15,next_parity,56,,
rnn_only,6,15,next_parity,57,,
rnn_only,6,15,next_parity,58,,
rnn_only,6,15,next_parity,59,,
rnn_only,7,2,incoming_bit,0,1.0,
rnn_only,7,2,incoming_bit,1,1.0,
rnn_only,7,2,incoming_bit,2,1.0,
rnn_only,7,2,incoming_bit,3,1.0,
rnn_only,7,2,incoming_bit,4,1.0,
rnn_only,7,2,incoming_bit,5,1.0,
rnn_only,7,2,incoming_bit,6,1.0,
rnn_only,7,2,incoming_bit,7,1.0,
rnn_only,7,2,incoming_bit,8,1.0,
rnn_only,7,2,outgoing_bit,0,1.0,
rnn_only,7,2,outgoing_bit,1,0.9999999999999999,
rnn_only,7,2,outgoing_bit,2,1.0,
rnn_only,7,2,outgoing_bit,3,1.0,
rnn_only,7,2,outgoing_bit,4,1.0,
rnn_only,7,2,outgoing_bit,5,1.0,
rnn_only,7,2,outgoing_bit,6,1.0,
rnn_only,7,2,outgoing_bit,7,,
rnn_only,7,2,outgoing_bit,8,,
rnn_only,7,2,next_parity,0,,
rnn_only,7,2,next_parity,1,0.47409370725034194,
rnn_only,7,2,next_parity,2,0.48448422847399825,
rnn_only,7,2,next_parity,3,0.5082022661931337,
rnn_only,7,2,next_parity,4,0.5218417945690672,
rnn_only,7,2,next_parity,5,0.4954337899543379,
rnn_only,7,2,next_parity,6,0.46428571428571425,
rnn_only,7,2,next_parity,7,0.6768115942028985,
rnn_only,7,2,next_parity,8,0.5227272727272727,
rnn_only,7,3,incoming_bit,0,1.0,
rnn_only,7,3,incoming_bit,1,1.0,
rnn_only,7,3,incoming_bit,2,1.0,
rnn_only,7,3,incoming_bit,3,1.0,
rnn_only,7,3,incoming_bit,4,1.0,
rnn_only,7,3,incoming_bit,5,1.0,
rnn_only,7,3,incoming_bit,6,1.0,
rnn_only,7,3,incoming_bit,7,1.0,
rnn_only,7,3,incoming_bit,8,1.0,
rnn_only,7,3,incoming_bit,9,1.0,
rnn_only,7,3,incoming_bit,10,1.0,
rnn_only,7,3,incoming_bit,11,1.0,
rnn_only,7,3,outgoing_bit,0,0.9989837398373983,
rnn_only,7,3,outgoing_bit,1,0.9977981029810299,
rnn_only,7,3,outgoing_bit,2,0.9949186991869919,
rnn_only,7,3,outgoing_bit,3,0.9993212285762769,
rnn_only,7,3,outgoing_bit,4,0.9921568627450981,
rnn_only,7,3,outgoing_bit,5,0.9985974754558204,
rnn_only,7,3,outgoing_bit,6,1.0,
rnn_only,7,3,outgoing_bit,7,0.997972972972973,
rnn_only,7,3,outgoing_bit,8,1.0,
rnn_only,7,3,outgoing_bit,9,,
rnn_only,7,3,outgoing_bit,10,,
rnn_only,7,3,outgoing_bit,11,,
rnn_only,7,3,next_parity,0,,
rnn_only,7,3,next_parity,1,0.5357694287184765,
rnn_only,7,3,next_parity,2,0.49621212121212127,
rnn_only,7,3,next_parity,3,0.5767263427109974,
rnn_only,7,3,next_parity,4,0.5178036312356779,
rnn_only,7,3,next_parity,5,0.5422499578343734,
rnn_only,7,3,next_parity,6,0.5549999999999999,
rnn_only,7,3,next_parity,7,0.3790650406504065,
rnn_only,7,3,next_parity,8,0.35714285714285715,
rnn_only,7,3,next_parity,9,0.4920138888888889,
rnn_only,7,3,next_parity,10,0.37500000000000006,
rnn_only,7,3,next_parity,11,,
rnn_only,7,4,incoming_bit,0,1.0,
rnn_only,7,4,incoming_bit,1,1.0,
rnn_only,7,4,incoming_bit,2,1.0,
rnn_only,7,4,incoming_bit,3,1.0,
rnn_only,7,4,incoming_bit,4,1.0,
rnn_only,7,4,incoming_bit,5,1.0,
rnn_only,7,4,incoming_bit,6,1.0,
rnn_only,7,4,incoming_bit,7,1.0,
rnn_only,7,4,incoming_bit,8,1.0,
rnn_only,7,4,incoming_bit,9,1.0,
rnn_only,7,4,incoming_bit,10,1.0,
rnn_only,7,4,incoming_bit,11,1.0,
rnn_only,7,4,incoming_bit,12,1.0,
rnn_only,7,4,incoming_bit,13,1.0,
rnn_only,7,4,incoming_bit,14,1.0,
rnn_only,7,4,incoming_bit,15,1.0,
rnn_only,7,4,incoming_bit,16,1.0,
rnn_only,7,4,outgoing_bit,0,0.9381775067750678,
rnn_only,7,4,outgoing_bit,1,0.978744939271255,
rnn_only,7,4,outgoing_bit,2,0.9803156287120313,
rnn_only,7,4,outgoing_bit,3,0.9633350960690993,
rnn_only,7,4,outgoing_bit,4,0.9599128540305011,
rnn_only,7,4,outgoing_bit,5,0.9545454545454546,
rnn_only,7,4,outgoing_bit,6,0.9730094466936571,
rnn_only,7,4,outgoing_bit,7,0.9365721997300944,
rnn_only,7,4,outgoing_bit,8,0.9055555555555556,
rnn_only,7,4,outgoing_bit,9,0.8781163434903048,
rnn_only,7,4,outgoing_bit,10,0.8879551820728291,
rnn_only,7,4,outgoing_bit,11,1.0,
rnn_only,7,4,outgoing_bit,12,1.0,
rnn_only,7,4,outgoing_bit,13,,
rnn_only,7,4,outgoing_bit,14,,
rnn_only,7,4,outgoing_bit,15,,
rnn_only,7,4,outgoing_bit,16,,
rnn_only,7,4,next_parity,0,,
rnn_only,7,4,next_parity,1,0.5117088070592228,
rnn_only,7,4,next_parity,2,0.5187554019014693,
rnn_only,7,4,next_parity,3,0.49913569576490924,
rnn_only,7,4,next_parity,4,0.4989769820971867,
rnn_only,7,4,next_parity,5,0.4669457526600384,
rnn_only,7,4,next_parity,6,0.5538428137212333,
rnn_only,7,4,next_parity,7,0.43103448275862066,
rnn_only,7,4,next_parity,8,0.34893617021276596,
rnn_only,7,4,next_parity,9,0.4312330623306233,
rnn_only,7,4,next_parity,10,0.5630252100840336,
rnn_only,7,4,next_parity,11,0.412202380952381,
rnn_only,7,4,next_parity,12,0.3739130434782609,
rnn_only,7,4,next_parity,13,0.43333333333333335,
rnn_only,7,4,next_parity,14,0.5166666666666667,
rnn_only,7,4,next_parity,15,,
rnn_only,7,4,next_parity,16,,
rnn_only,7,5,incoming_bit,0,1.0,
rnn_only,7,5,incoming_bit,1,1.0,
rnn_only,7,5,incoming_bit,2,1.0,
rnn_only,7,5,incoming_bit,3,1.0,
rnn_only,7,5,incoming_bit,4,1.0,
rnn_only,7,5,incoming_bit,5,1.0,
rnn_only,7,5,incoming_bit,6,1.0,
rnn_only,7,5,incoming_bit,7,0.9999999999999999,
rnn_only,7,5,incoming_bit,8,1.0,
rnn_only,7,5,incoming_bit,9,1.0,
rnn_only,7,5,incoming_bit,10,0.9999999999999999,
rnn_only,7,5,incoming_bit,11,1.0,
rnn_only,7,5,incoming_bit,12,1.0,
rnn_only,7,5,incoming_bit,13,1.0,
rnn_only,7,5,incoming_bit,14,1.0,
rnn_only,7,5,incoming_bit,15,1.0,
rnn_only,7,5,incoming_bit,16,1.0,
rnn_only,7,5,incoming_bit,17,1.0,
rnn_only,7,5,incoming_bit,18,1.0,
rnn_only,7,5,incoming_bit,19,1.0,
rnn_only,7,5,outgoing_bit,0,0.9397569444444445,
rnn_only,7,5,outgoing_bit,1,0.9597069597069597,
rnn_only,7,5,outgoing_bit,2,0.9664109121909634,
rnn_only,7,5,outgoing_bit,3,0.9755102040816327,
rnn_only,7,5,outgoing_bit,4,0.9842300556586271,
rnn_only,7,5,outgoing_bit,5,0.9403247038174638,
rnn_only,7,5,outgoing_bit,6,0.936375603334796,
rnn_only,7,5,outgoing_bit,7,0.9500000000000001,
rnn_only,7,5,outgoing_bit,8,0.9130434782608695,
rnn_only,7,5,outgoing_bit,9,0.9639751552795031,
rnn_only,7,5,outgoing_bit,10,0.9197368421052632,
rnn_only,7,5,outgoing_bit,11,0.9048751486325801,
rnn_only,7,5,outgoing_bit,12,0.9552631578947368,
rnn_only,7,5,outgoing_bit,13,0.9638888888888889,
rnn_only,7,5,outgoing_bit,14,0.8749999999999999,
rnn_only,7,5,outgoing_bit,15,,
rnn_only,7,5,outgoing_bit,16,,
rnn_only,7,5,outgoing_bit,17,,
rnn_only,7,5,outgoing_bit,18,,
rnn_only,7,5,outgoing_bit,19,,
rnn_only,7,5,next_parity,0,,
rnn_only,7,5,next_parity,1,0.579539641943734,
rnn_only,7,5,next_parity,2,0.5167682926829269,
rnn_only,7,5,next_parity,3,0.5405657181571816,
rnn_only,7,5,next_parity,4,0.53384484228474,
rnn_only,7,5,next_parity,5,0.46824324324324323,
rnn_only,7,5,next_parity,6,0.4686147186147186,
rnn_only,7,5,next_parity,7,0.49065217391304344,
rnn_only,7,5,next_parity,8,0.5526546731022378,
rnn_only,7,5,next_parity,9,0.605446623093682,
rnn_only,7,5,next_parity,10,0.44523809523809527,
rnn_only,7,5,next_parity,11,0.5967548076923077,
rnn_only,7,5,next_parity,12,0.6266427718040621,
rnn_only,7,5,next_parity,13,0.4920343137254902,
rnn_only,7,5,next_parity,14,0.42247596153846156,
rnn_only,7,5,next_parity,15,0.3805555555555556,
rnn_only,7,5,next_parity,16,0.625,
rnn_only,7,5,next_parity,17,,
rnn_only,7,5,next_parity,18,,
rnn_only,7,5,next_parity,19,,
rnn_only,7,6,incoming_bit,0,1.0,
rnn_only,7,6,incoming_bit,1,0.9999999999999999,
rnn_only,7,6,incoming_bit,2,1.0,
rnn_only,7,6,incoming_bit,3,1.0,
rnn_only,7,6,incoming_bit,4,1.0,
rnn_only,7,6,incoming_bit,5,1.0,
rnn_only,7,6,incoming_bit,6,1.0,
rnn_only,7,6,incoming_bit,7,1.0,
rnn_only,7,6,incoming_bit,8,1.0,
rnn_only,7,6,incoming_bit,9,1.0,
rnn_only,7,6,incoming_bit,10,1.0,
rnn_only,7,6,incoming_bit,11,1.0,
rnn_only,7,6,incoming_bit,12,1.0,
rnn_only,7,6,incoming_bit,13,1.0,
rnn_only,7,6,incoming_bit,14,1.0,
rnn_only,7,6,incoming_bit,15,1.0,
rnn_only,7,6,incoming_bit,16,1.0,
rnn_only,7,6,incoming_bit,17,1.0,
rnn_only,7,6,incoming_bit,18,1.0,
rnn_only,7,6,incoming_bit,19,1.0,
rnn_only,7,6,outgoing_bit,0,0.9618673050615594,
rnn_only,7,6,outgoing_bit,1,0.9406392694063928,
rnn_only,7,6,outgoing_bit,2,0.9806910569105691,
rnn_only,7,6,outgoing_bit,3,0.9333783100016867,
rnn_only,7,6,outgoing_bit,4,0.9272321428571428,
rnn_only,7,6,outgoing_bit,5,0.8285714285714285,
rnn_only,7,6,outgoing_bit,6,0.8951388888888889,
rnn_only,7,6,outgoing_bit,7,0.9277027027027027,
rnn_only,7,6,outgoing_bit,8,0.8559556786703602,
rnn_only,7,6,outgoing_bit,9,0.9194444444444445,
rnn_only,7,6,outgoing_bit,10,0.9635854341736694,
rnn_only,7,6,outgoing_bit,11,0.9667590027700831,
rnn_only,7,6,outgoing_bit,12,0.9275362318840581,
rnn_only,7,6,outgoing_bit,13,0.9772727272727273,
rnn_only,7,6,outgoing_bit,14,,
rnn_only,7,6,outgoing_bit,15,,
rnn_only,7,6,outgoing_bit,16,,
rnn_only,7,6,outgoing_bit,17,,
rnn_only,7,6,outgoing_bit,18,,
rnn_only,7,6,outgoing_bit,19,,
rnn_only,7,6,next_parity,0,,
rnn_only,7,6,next_parity,1,0.5181972789115646,
rnn_only,7,6,next_parity,2,0.47826822256046003,
rnn_only,7,6,next_parity,3,0.45719677474695486,
rnn_only,7,6,next_parity,4,0.503987782114373,
rnn_only,7,6,next_parity,5,0.45981532147742815,
rnn_only,7,6,next_parity,6,0.5734204793028322,
rnn_only,7,6,next_parity,7,0.6005830903790087,
rnn_only,7,6,next_parity,8,0.4714285714285714,
rnn_only,7,6,next_parity,9,0.5420138888888888,
rnn_only,7,6,next_parity,10,0.5744047619047619,
rnn_only,7,6,next_parity,11,0.41111111111111115,
rnn_only,7,6,next_parity,12,0.4155124653739612,
rnn_only,7,6,next_parity,13,0.6972222222222222,
rnn_only,7,6,next_parity,14,0.5497159090909091,
rnn_only,7,6,next_parity,15,0.5333333333333334,
rnn_only,7,6,next_parity,16,,
rnn_only,7,6,next_parity,17,,
rnn_only,7,6,next_parity,18,,
rnn_only,7,6,next_parity,19,,
rnn_only,7,7,incoming_bit,0,1.0,
rnn_only,7,7,incoming_bit,1,1.0,
rnn_only,7,7,incoming_bit,2,1.0,
rnn_only,7,7,incoming_bit,3,1.0,
rnn_only,7,7,incoming_bit,4,1.0,
rnn_only,7,7,incoming_bit,5,1.0,
rnn_only,7,7,incoming_bit,6,1.0,
rnn_only,7,7,incoming_bit,7,1.0,
rnn_only,7,7,incoming_bit,8,1.0,
rnn_only,7,7,incoming_bit,9,1.0,
rnn_only,7,7,incoming_bit,10,1.0,
rnn_only,7,7,incoming_bit,11,1.0,
rnn_only,7,7,incoming_bit,12,1.0,
rnn_only,7,7,incoming_bit,13,1.0,
rnn_only,7,7,incoming_bit,14,1.0,
rnn_only,7,7,incoming_bit,15,1.0,
rnn_only,7,7,incoming_bit,16,1.0,
rnn_only,7,7,incoming_bit,17,1.0,
rnn_only,7,7,incoming_bit,18,1.0,
rnn_only,7,7,incoming_bit,19,1.0,
rnn_only,7,7,incoming_bit,20,1.0,
rnn_only,7,7,outgoing_bit,0,0.8545918367346939,
rnn_only,7,7,outgoing_bit,1,0.945109439124487,
rnn_only,7,7,outgoing_bit,2,0.9056441928289587,
rnn_only,7,7,outgoing_bit,3,0.9441632928475033,
rnn_only,7,7,outgoing_bit,4,0.9284774023694603,
rnn_only,7,7,outgoing_bit,5,0.8137651821862348,
rnn_only,7,7,outgoing_bit,6,0.8844594594594595,
rnn_only,7,7,outgoing_bit,7,0.90625,
rnn_only,7,7,outgoing_bit,8,0.9307479224376731,
rnn_only,7,7,outgoing_bit,9,0.9666666666666667,
rnn_only,7,7,outgoing_bit,10,0.9166666666666666,
rnn_only,7,7,outgoing_bit,11,0.8916666666666666,
rnn_only,7,7,outgoing_bit,12,0.8777777777777779,
rnn_only,7,7,outgoing_bit,13,0.9523809523809523,
rnn_only,7,7,outgoing_bit,14,,
rnn_only,7,7,outgoing_bit,15,,
rnn_only,7,7,outgoing_bit,16,,
rnn_only,7,7,outgoing_bit,17,,
rnn_only,7,7,outgoing_bit,18,,
rnn_only,7,7,outgoing_bit,19,,
rnn_only,7,7,outgoing_bit,20,,
rnn_only,7,7,next_parity,0,,
rnn_only,7,7,next_parity,1,0.48257902298850575,
rnn_only,7,7,next_parity,2,0.46963458569222855,
rnn_only,7,7,next_parity,3,0.47400820793433657,
rnn_only,7,7,next_parity,4,0.5428716387620497,
rnn_only,7,7,next_parity,5,0.5454776422764228,
rnn_only,7,7,next_parity,6,0.47886710239651414,
rnn_only,7,7,next_parity,7,0.4928571428571429,
rnn_only,7,7,next_parity,8,0.5104166666666667,
rnn_only,7,7,next_parity,9,0.5111788617886179,
rnn_only,7,7,next_parity,10,0.556786703601108,
rnn_only,7,7,next_parity,11,0.5714285714285715,
rnn_only,7,7,next_parity,12,0.4347826086956522,
rnn_only,7,7,next_parity,13,0.5770308123249299,
rnn_only,7,7,next_parity,14,0.5405797101449276,
rnn_only,7,7,next_parity,15,0.6583333333333333,
rnn_only,7,7,next_parity,16,,
rnn_only,7,7,next_parity,17,,
rnn_only,7,7,next_parity,18,,
rnn_only,7,7,next_parity,19,,
rnn_only,7,7,next_parity,20,,
rnn_only,7,8,incoming_bit,0,1.0,
rnn_only,7,8,incoming_bit,1,1.0,
rnn_only,7,8,incoming_bit,2,1.0,
rnn_only,7,8,incoming_bit,3,1.0,
rnn_only,7,8,incoming_bit,4,1.0,
rnn_only,7,8,incoming_bit,5,1.0,
rnn_only,7,8,incoming_bit,6,1.0,
rnn_only,7,8,incoming_bit,7,1.0,
rnn_only,7,8,incoming_bit,8,1.0,
rnn_only,7,8,incoming_bit,9,1.0,
rnn_only,7,8,incoming_bit,10,1.0,
rnn_only,7,8,incoming_bit,11,1.0,
rnn_only,7,8,incoming_bit,12,1.0,
rnn_only,7,8,incoming_bit,13,1.0,
rnn_only,7,8,incoming_bit,14,1.0,
rnn_only,7,8,incoming_bit,15,1.0,
rnn_only,7,8,incoming_bit,16,1.0,
rnn_only,7,8,incoming_bit,17,1.0,
rnn_only,7,8,incoming_bit,18,1.0,
rnn_only,7,8,incoming_bit,19,1.0,
rnn_only,7,8,incoming_bit,20,1.0,
rnn_only,7,8,incoming_bit,21,1.0,
rnn_only,7,8,outgoing_bit,0,0.8468286099865047,
rnn_only,7,8,outgoing_bit,1,0.9118243243243243,
rnn_only,7,8,outgoing_bit,2,0.8753373819163293,
rnn_only,7,8,outgoing_bit,3,0.925,
rnn_only,7,8,outgoing_bit,4,0.8304093567251462,
rnn_only,7,8,outgoing_bit,5,0.8060810810810811,
rnn_only,7,8,outgoing_bit,6,0.9069767441860466,
rnn_only,7,8,outgoing_bit,7,0.9247606019151846,
rnn_only,7,8,outgoing_bit,8,0.8231884057971015,
rnn_only,7,8,outgoing_bit,9,0.7805555555555556,
rnn_only,7,8,outgoing_bit,10,0.7983193277310925,
rnn_only,7,8,outgoing_bit,11,0.9710144927536232,
rnn_only,7,8,outgoing_bit,12,0.9439775910364145,
rnn_only,7,8,outgoing_bit,13,0.9,
rnn_only,7,8,outgoing_bit,14,,
rnn_only,7,8,outgoing_bit,15,,
rnn_only,7,8,outgoing_bit,16,,
rnn_only,7,8,outgoing_bit,17,,
rnn_only,7,8,outgoing_bit,18,,
rnn_only,7,8,outgoing_bit,19,,
rnn_only,7,8,outgoing_bit,20,,
rnn_only,7,8,outgoing_bit,21,,
rnn_only,7,8,next_parity,0,,
rnn_only,7,8,next_parity,1,0.5298469387755103,
rnn_only,7,8,next_parity,2,0.42517006802721086,
rnn_only,7,8,next_parity,3,0.5399493243243244,
rnn_only,7,8,next_parity,4,0.4795054200542006,
rnn_only,7,8,next_parity,5,0.5318027210884354,
rnn_only,7,8,next_parity,6,0.39969135802469136,
rnn_only,7,8,next_parity,7,0.4371527777777778,
rnn_only,7,8,next_parity,8,0.5769493844049247,
rnn_only,7,8,next_parity,9,0.5469594594594595,
rnn_only,7,8,next_parity,10,0.5761772853185595,
rnn_only,7,8,next_parity,11,0.4733893557422969,
rnn_only,7,8,next_parity,12,0.4916666666666667,
rnn_only,7,8,next_parity,13,0.6134453781512605,
rnn_only,7,8,next_parity,14,0.5246376811594202,
rnn_only,7,8,next_parity,15,0.6022727272727273,
rnn_only,7,8,next_parity,16,,
rnn_only,7,8,next_parity,17,,
rnn_only,7,8,next_parity,18,,
rnn_only,7,8,next_parity,19,,
rnn_only,7,8,next_parity,20,,
rnn_only,7,8,next_parity,21,,
rnn_only,7,9,incoming_bit,0,1.0,
rnn_only,7,9,incoming_bit,1,1.0,
rnn_only,7,9,incoming_bit,2,1.0,
rnn_only,7,9,incoming_bit,3,1.0,
rnn_only,7,9,incoming_bit,4,1.0,
rnn_only,7,9,incoming_bit,5,1.0,
rnn_only,7,9,incoming_bit,6,1.0,
rnn_only,7,9,incoming_bit,7,1.0,
rnn_only,7,9,incoming_bit,8,1.0,
rnn_only,7,9,incoming_bit,9,1.0,
rnn_only,7,9,incoming_bit,10,1.0,
rnn_only,7,9,incoming_bit,11,1.0,
rnn_only,7,9,incoming_bit,12,1.0,
rnn_only,7,9,incoming_bit,13,1.0,
rnn_only,7,9,incoming_bit,14,1.0,
rnn_only,7,9,incoming_bit,15,1.0,
rnn_only,7,9,incoming_bit,16,1.0,
rnn_only,7,9,incoming_bit,17,1.0,
rnn_only,7,9,incoming_bit,18,1.0,
rnn_only,7,9,incoming_bit,19,1.0,
rnn_only,7,9,incoming_bit,20,1.0,
rnn_only,7,9,incoming_bit,21,1.0,
rnn_only,7,9,incoming_bit,22,1.0,
rnn_only,7,9,outgoing_bit,0,0.8866554054054053,
rnn_only,7,9,outgoing_bit,1,0.9058007779468966,
rnn_only,7,9,outgoing_bit,2,0.8722362869198312,
rnn_only,7,9,outgoing_bit,3,0.9272017648057017,
rnn_only,7,9,outgoing_bit,4,0.8935698447893569,
rnn_only,7,9,outgoing_bit,5,0.8387533875338753,
rnn_only,7,9,outgoing_bit,6,0.8041666666666667,
rnn_only,7,9,outgoing_bit,7,0.8704453441295547,
rnn_only,7,9,outgoing_bit,8,0.736231884057971,
rnn_only,7,9,outgoing_bit,9,0.8207282913165266,
rnn_only,7,9,outgoing_bit,10,0.7535014005602241,
rnn_only,7,9,outgoing_bit,11,0.8202898550724638,
rnn_only,7,9,outgoing_bit,12,0.8869565217391304,
rnn_only,7,9,outgoing_bit,13,0.8333333333333333,
rnn_only,7,9,outgoing_bit,14,,
rnn_only,7,9,outgoing_bit,15,,
rnn_only,7,9,outgoing_bit,16,,
rnn_only,7,9,outgoing_bit,17,,
rnn_only,7,9,outgoing_bit,18,,
rnn_only,7,9,outgoing_bit,19,,
rnn_only,7,9,outgoing_bit,20,,
rnn_only,7,9,outgoing_bit,21,,
rnn_only,7,9,outgoing_bit,22,,
rnn_only,7,9,next_parity,0,,
rnn_only,7,9,next_parity,1,0.4729591836734694,
rnn_only,7,9,next_parity,2,0.5076949095213935,
rnn_only,7,9,next_parity,3,0.5442567567567568,
rnn_only,7,9,next_parity,4,0.5313083319192261,
rnn_only,7,9,next_parity,5,0.4386904761904762,
rnn_only,7,9,next_parity,6,0.5026143790849673,
rnn_only,7,9,next_parity,7,0.5861833105335157,
rnn_only,7,9,next_parity,8,0.3702664796633941,
rnn_only,7,9,next_parity,9,0.5790013679890561,
rnn_only,7,9,next_parity,10,0.6123076923076923,
rnn_only,7,9,next_parity,11,0.5770308123249299,
rnn_only,7,9,next_parity,12,0.6164772727272727,
rnn_only,7,9,next_parity,13,0.4861111111111111,
rnn_only,7,9,next_parity,14,0.48115942028985503,
rnn_only,7,9,next_parity,15,0.5166666666666667,
rnn_only,7,9,next_parity,16,,
rnn_only,7,9,next_parity,17,,
rnn_only,7,9,next_parity,18,,
rnn_only,7,9,next_parity,19,,
rnn_only,7,9,next_parity,20,,
rnn_only,7,9,next_parity,21,,
rnn_only,7,9,next_parity,22,,
rnn_only,7,10,incoming_bit,0,1.0,
rnn_only,7,10,incoming_bit,1,1.0,
rnn_only,7,10,incoming_bit,2,1.0,
rnn_only,7,10,incoming_bit,3,1.0,
rnn_only,7,10,incoming_bit,4,1.0,
rnn_only,7,10,incoming_bit,5,1.0,
rnn_only,7,10,incoming_bit,6,1.0,
rnn_only,7,10,incoming_bit,7,1.0,
rnn_only,7,10,incoming_bit,8,1.0,
rnn_only,7,10,incoming_bit,9,1.0,
rnn_only,7,10,incoming_bit,10,1.0,
rnn_only,7,10,incoming_bit,11,1.0,
rnn_only,7,10,incoming_bit,12,1.0,
rnn_only,7,10,incoming_bit,13,1.0,
rnn_only,7,10,incoming_bit,14,0.9999999999999999,
rnn_only,7,10,incoming_bit,15,1.0,
rnn_only,7,10,incoming_bit,16,1.0,
rnn_only,7,10,incoming_bit,17,1.0,
rnn_only,7,10,incoming_bit,18,1.0,
rnn_only,7,10,incoming_bit,19,1.0,
rnn_only,7,10,incoming_bit,20,1.0,
rnn_only,7,10,incoming_bit,21,1.0,
rnn_only,7,10,incoming_bit,22,1.0,
rnn_only,7,10,incoming_bit,23,1.0,
rnn_only,7,10,incoming_bit,24,1.0,
rnn_only,7,10,incoming_bit,25,1.0,
rnn_only,7,10,incoming_bit,26,1.0,
rnn_only,7,10,incoming_bit,27,1.0,
rnn_only,7,10,incoming_bit,28,1.0,
rnn_only,7,10,incoming_bit,29,1.0,
rnn_only,7,10,incoming_bit,30,1.0,
rnn_only,7,10,incoming_bit,31,1.0,
rnn_only,7,10,incoming_bit,32,1.0,
rnn_only,7,10,incoming_bit,33,0.8888888888888888,
rnn_only,7,10,incoming_bit,34,1.0,
rnn_only,7,10,incoming_bit,35,1.0,
rnn_only,7,10,incoming_bit,36,1.0,
rnn_only,7,10,incoming_bit,37,1.0,
rnn_only,7,10,incoming_bit,38,1.0,
rnn_only,7,10,incoming_bit,39,1.0,
rnn_only,7,10,incoming_bit,40,1.0,
rnn_only,7,10,outgoing_bit,0,0.86916680807738,
rnn_only,7,10,outgoing_bit,1,0.914565105506948,
rnn_only,7,10,outgoing_bit,2,0.8447488584474886,
rnn_only,7,10,outgoing_bit,3,0.8570945374598343,
rnn_only,7,10,outgoing_bit,4,0.8797814207650272,
rnn_only,7,10,outgoing_bit,5,0.8870967741935484,
rnn_only,7,10,outgoing_bit,6,0.7880244755244756,
rnn_only,7,10,outgoing_bit,7,0.8880174291938998,
rnn_only,7,10,outgoing_bit,8,0.9018181818181817,
rnn_only,7,10,outgoing_bit,9,0.8841698841698841,
rnn_only,7,10,outgoing_bit,10,0.8488095238095238,
rnn_only,7,10,outgoing_bit,11,0.7842424242424243,
rnn_only,7,10,outgoing_bit,12,0.7776442307692308,
rnn_only,7,10,outgoing_bit,13,0.8347338935574229,
rnn_only,7,10,outgoing_bit,14,0.6222222222222222,
rnn_only,7,10,outgoing_bit,15,0.7,
rnn_only,7,10,outgoing_bit,16,0.8111111111111111,
rnn_only,7,10,outgoing_bit,17,0.7261904761904762,
rnn_only,7,10,outgoing_bit,18,0.9545454545454546,
rnn_only,7,10,outgoing_bit,19,0.7555555555555555,
rnn_only,7,10,outgoing_bit,20,0.8222222222222222,
rnn_only,7,10,outgoing_bit,21,0.6818181818181819,
rnn_only,7,10,outgoing_bit,22,0.8181818181818182,
rnn_only,7,10,outgoing_bit,23,0.9333333333333333,
rnn_only,7,10,outgoing_bit,24,0.9111111111111111,
rnn_only,7,10,outgoing_bit,25,0.8409090909090908,
rnn_only,7,10,outgoing_bit,26,0.9555555555555556,
rnn_only,7,10,outgoing_bit,27,0.8636363636363636,
rnn_only,7,10,outgoing_bit,28,0.9666666666666667,
rnn_only,7,10,outgoing_bit,29,0.8522727272727273,
rnn_only,7,10,outgoing_bit,30,0.8444444444444444,
rnn_only,7,10,outgoing_bit,31,,
rnn_only,7,10,outgoing_bit,32,,
rnn_only,7,10,outgoing_bit,33,,
rnn_only,7,10,outgoing_bit,34,,
rnn_only,7,10,outgoing_bit,35,,
rnn_only,7,10,outgoing_bit,36,,
rnn_only,7,10,outgoing_bit,37,,
rnn_only,7,10,outgoing_bit,38,,
rnn_only,7,10,outgoing_bit,39,,
rnn_only,7,10,outgoing_bit,40,,
rnn_only,7,10,next_parity,0,,
rnn_only,7,10,next_parity,1,0.4867346938775511,
rnn_only,7,10,next_parity,2,0.5160472972972974,
rnn_only,7,10,next_parity,3,0.4457644628099174,
rnn_only,7,10,next_parity,4,0.43108405208861833,
rnn_only,7,10,next_parity,5,0.5152376033057852,
rnn_only,7,10,next_parity,6,0.4940657334144857,
rnn_only,7,10,next_parity,7,0.44223985890652556,
rnn_only,7,10,next_parity,8,0.5837742504409171,
rnn_only,7,10,next_parity,9,0.46499999999999997,
rnn_only,7,10,next_parity,10,0.4086538461538462,
rnn_only,7,10,next_parity,11,0.42925089179548154,
rnn_only,7,10,next_parity,12,0.6028537455410227,
rnn_only,7,10,next_parity,13,0.43137254901960786,
rnn_only,7,10,next_parity,14,0.6201923076923077,
rnn_only,7,10,next_parity,15,0.4439775910364146,
rnn_only,7,10,next_parity,16,0.47777777777777775,
rnn_only,7,10,next_parity,17,0.5444444444444445,
rnn_only,7,10,next_parity,18,0.5888888888888888,
rnn_only,7,10,next_parity,19,0.15555555555555556,
rnn_only,7,10,next_parity,20,0.36363636363636365,
rnn_only,7,10,next_parity,21,0.4523809523809524,
rnn_only,7,10,next_parity,22,0.43333333333333335,
rnn_only,7,10,next_parity,23,0.6666666666666667,
rnn_only,7,10,next_parity,24,0.5666666666666667,
rnn_only,7,10,next_parity,25,0.5238095238095238,
rnn_only,7,10,next_parity,26,0.4444444444444444,
rnn_only,7,10,next_parity,27,0.35555555555555557,
rnn_only,7,10,next_parity,28,0.4888888888888889,
rnn_only,7,10,next_parity,29,0.5454545454545454,
rnn_only,7,10,next_parity,30,0.7564102564102564,
rnn_only,7,10,next_parity,31,0.3522727272727273,
rnn_only,7,10,next_parity,32,0.6590909090909091,
rnn_only,7,10,next_parity,33,,
rnn_only,7,10,next_parity,34,,
rnn_only,7,10,next_parity,35,,
rnn_only,7,10,next_parity,36,,
rnn_only,7,10,next_parity,37,,
rnn_only,7,10,next_parity,38,,
rnn_only,7,10,next_parity,39,,
rnn_only,7,10,next_parity,40,,
rnn_only,7,11,incoming_bit,0,1.0,
rnn_only,7,11,incoming_bit,1,1.0,
rnn_only,7,11,incoming_bit,2,1.0,
rnn_only,7,11,incoming_bit,3,1.0,
rnn_only,7,11,incoming_bit,4,1.0,
rnn_only,7,11,incoming_bit,5,1.0,
rnn_only,7,11,incoming_bit,6,1.0,
rnn_only,7,11,incoming_bit,7,1.0,
rnn_only,7,11,incoming_bit,8,1.0,
rnn_only,7,11,incoming_bit,9,1.0,
rnn_only,7,11,incoming_bit,10,1.0,
rnn_only,7,11,incoming_bit,11,1.0,
rnn_only,7,11,incoming_bit,12,1.0,
rnn_only,7,11,incoming_bit,13,1.0,
rnn_only,7,11,incoming_bit,14,1.0,
rnn_only,7,11,incoming_bit,15,1.0,
rnn_only,7,11,incoming_bit,16,1.0,
rnn_only,7,11,incoming_bit,17,1.0,
rnn_only,7,11,incoming_bit,18,1.0,
rnn_only,7,11,incoming_bit,19,1.0,
rnn_only,7,11,incoming_bit,20,1.0,
rnn_only,7,11,incoming_bit,21,1.0,
rnn_only,7,11,incoming_bit,22,1.0,
rnn_only,7,11,incoming_bit,23,1.0,
rnn_only,7,11,incoming_bit,24,0.9999999999999999,
rnn_only,7,11,incoming_bit,25,1.0,
rnn_only,7,11,incoming_bit,26,1.0,
rnn_only,7,11,incoming_bit,27,1.0,
rnn_only,7,11,incoming_bit,28,1.0,
rnn_only,7,11,incoming_bit,29,1.0,
rnn_only,7,11,incoming_bit,30,1.0,
rnn_only,7,11,incoming_bit,31,1.0,
rnn_only,7,11,incoming_bit,32,1.0,
rnn_only,7,11,incoming_bit,33,1.0,
rnn_only,7,11,incoming_bit,34,1.0,
rnn_only,7,11,incoming_bit,35,1.0,
rnn_only,7,11,incoming_bit,36,1.0,
rnn_only,7,11,incoming_bit,37,1.0,
rnn_only,7,11,incoming_bit,38,1.0,
rnn_only,7,11,incoming_bit,39,1.0,
rnn_only,7,11,incoming_bit,40,1.0,
rnn_only,7,11,incoming_bit,41,1.0,
rnn_only,7,11,incoming_bit,42,1.0,
rnn_only,7,11,incoming_bit,43,1.0,
rnn_only,7,11,outgoing_bit,0,0.8902027027027027,
rnn_only,7,11,outgoing_bit,1,0.8461734260987612,
rnn_only,7,11,outgoing_bit,2,0.905541346973572,
rnn_only,7,11,outgoing_bit,3,0.8682249322493225,
rnn_only,7,11,outgoing_bit,4,0.9048573975044563,
rnn_only,7,11,outgoing_bit,5,0.9206243032329989,
rnn_only,7,11,outgoing_bit,6,0.8281810035842294,
rnn_only,7,11,outgoing_bit,7,0.8562486027274759,
rnn_only,7,11,outgoing_bit,8,0.879477838494232,
rnn_only,7,11,outgoing_bit,9,0.9167675544794189,
rnn_only,7,11,outgoing_bit,10,0.8498134328358209,
rnn_only,7,11,outgoing_bit,11,0.8920454545454545,
rnn_only,7,11,outgoing_bit,12,0.7555362570560138,
rnn_only,7,11,outgoing_bit,13,0.9095371669004207,
rnn_only,7,11,outgoing_bit,14,0.8370098039215687,
rnn_only,7,11,outgoing_bit,15,0.8422939068100359,
rnn_only,7,11,outgoing_bit,16,0.8052884615384616,
rnn_only,7,11,outgoing_bit,17,0.7776456599286564,
rnn_only,7,11,outgoing_bit,18,0.8179271708683473,
rnn_only,7,11,outgoing_bit,19,0.8559556786703602,
rnn_only,7,11,outgoing_bit,20,0.8333333333333333,
rnn_only,7,11,outgoing_bit,21,0.8303571428571429,
rnn_only,7,11,outgoing_bit,22,0.625,
rnn_only,7,11,outgoing_bit,23,0.7954545454545454,
rnn_only,7,11,outgoing_bit,24,0.6666666666666666,
rnn_only,7,11,outgoing_bit,25,0.5568181818181819,
rnn_only,7,11,outgoing_bit,26,0.8,
rnn_only,7,11,outgoing_bit,27,0.7666666666666666,
rnn_only,7,11,outgoing_bit,28,0.8181818181818182,
rnn_only,7,11,outgoing_bit,29,0.6666666666666667,
rnn_only,7,11,outgoing_bit,30,0.7142857142857143,
rnn_only,7,11,outgoing_bit,31,0.7840909090909092,
rnn_only,7,11,outgoing_bit,32,0.7777777777777777,
rnn_only,7,11,outgoing_bit,33,,
rnn_only,7,11,outgoing_bit,34,,
rnn_only,7,11,outgoing_bit,35,,
rnn_only,7,11,outgoing_bit,36,,
rnn_only,7,11,outgoing_bit,37,,
rnn_only,7,11,outgoing_bit,38,,
rnn_only,7,11,outgoing_bit,39,,
rnn_only,7,11,outgoing_bit,40,,
rnn_only,7,11,outgoing_bit,41,,
rnn_only,7,11,outgoing_bit,42,,
rnn_only,7,11,outgoing_bit,43,,
rnn_only,7,11,next_parity,0,,
rnn_only,7,11,next_parity,1,0.5416878065279891,
rnn_only,7,11,next_parity,2,0.5180111618467783,
rnn_only,7,11,next_parity,3,0.4819727891156462,
rnn_only,7,11,next_parity,4,0.4783122362869198,
rnn_only,7,11,next_parity,5,0.48506329113924057,
rnn_only,7,11,next_parity,6,0.6194196428571428,
rnn_only,7,11,next_parity,7,0.5759981851179674,
rnn_only,7,11,next_parity,8,0.5292792792792793,
rnn_only,7,11,next_parity,9,0.5406911928651058,
rnn_only,7,11,next_parity,10,0.6093939393939395,
rnn_only,7,11,next_parity,11,0.49334543254688445,
rnn_only,7,11,next_parity,12,0.5399274047186933,
rnn_only,7,11,next_parity,13,0.5542483660130719,
rnn_only,7,11,next_parity,14,0.4104020979020979,
rnn_only,7,11,next_parity,15,0.5943526170798898,
rnn_only,7,11,next_parity,16,0.4434782608695652,
rnn_only,7,11,next_parity,17,0.6087990487514863,
rnn_only,7,11,next_parity,18,0.571969696969697,
rnn_only,7,11,next_parity,19,0.3507728894173603,
rnn_only,7,11,next_parity,20,0.38655462184873945,
rnn_only,7,11,next_parity,21,0.4598337950138504,
rnn_only,7,11,next_parity,22,0.4161931818181819,
rnn_only,7,11,next_parity,23,0.44537815126050423,
rnn_only,7,11,next_parity,24,0.5,
rnn_only,7,11,next_parity,25,0.5227272727272727,
rnn_only,7,11,next_parity,26,0.5444444444444445,
rnn_only,7,11,next_parity,27,0.6477272727272727,
rnn_only,7,11,next_parity,28,0.5888888888888888,
rnn_only,7,11,next_parity,29,0.42045454545454547,
rnn_only,7,11,next_parity,30,0.2857142857142857,
rnn_only,7,11,next_parity,31,0.48717948717948717,
rnn_only,7,11,next_parity,32,0.4204545454545454,
rnn_only,7,11,next_parity,33,0.4204545454545454,
rnn_only,7,11,next_parity,34,0.5,
rnn_only,7,11,next_parity,35,,
rnn_only,7,11,next_parity,36,,
rnn_only,7,11,next_parity,37,,
rnn_only,7,11,next_parity,38,,
rnn_only,7,11,next_parity,39,,
rnn_only,7,11,next_parity,40,,
rnn_only,7,11,next_parity,41,,
rnn_only,7,11,next_parity,42,,
rnn_only,7,11,next_parity,43,,
rnn_only,7,12,incoming_bit,0,1.0,
rnn_only,7,12,incoming_bit,1,1.0,
rnn_only,7,12,incoming_bit,2,1.0,
rnn_only,7,12,incoming_bit,3,1.0,
rnn_only,7,12,incoming_bit,4,1.0,
rnn_only,7,12,incoming_bit,5,1.0,
rnn_only,7,12,incoming_bit,6,1.0,
rnn_only,7,12,incoming_bit,7,1.0,
rnn_only,7,12,incoming_bit,8,1.0,
rnn_only,7,12,incoming_bit,9,1.0,
rnn_only,7,12,incoming_bit,10,1.0,
rnn_only,7,12,incoming_bit,11,1.0,
rnn_only,7,12,incoming_bit,12,1.0,
rnn_only,7,12,incoming_bit,13,1.0,
rnn_only,7,12,incoming_bit,14,1.0,
rnn_only,7,12,incoming_bit,15,1.0,
rnn_only,7,12,incoming_bit,16,1.0,
rnn_only,7,12,incoming_bit,17,1.0,
rnn_only,7,12,incoming_bit,18,1.0,
rnn_only,7,12,incoming_bit,19,1.0,
rnn_only,7,12,incoming_bit,20,1.0,
rnn_only,7,12,incoming_bit,21,1.0,
rnn_only,7,12,incoming_bit,22,1.0,
rnn_only,7,12,incoming_bit,23,1.0,
rnn_only,7,12,incoming_bit,24,1.0,
rnn_only,7,12,incoming_bit,25,1.0,
rnn_only,7,12,incoming_bit,26,1.0,
rnn_only,7,12,incoming_bit,27,1.0,
rnn_only,7,12,incoming_bit,28,1.0,
rnn_only,7,12,incoming_bit,29,1.0,
rnn_only,7,12,incoming_bit,30,1.0,
rnn_only,7,12,incoming_bit,31,1.0,
rnn_only,7,12,incoming_bit,32,1.0,
rnn_only,7,12,incoming_bit,33,1.0,
rnn_only,7,12,incoming_bit,34,1.0,
rnn_only,7,12,incoming_bit,35,1.0,
rnn_only,7,12,incoming_bit,36,1.0,
rnn_only,7,12,incoming_bit,37,1.0,
rnn_only,7,12,incoming_bit,38,1.0,
rnn_only,7,12,incoming_bit,39,1.0,
rnn_only,7,12,incoming_bit,40,1.0,
rnn_only,7,12,incoming_bit,41,1.0,
rnn_only,7,12,incoming_bit,42,1.0,
rnn_only,7,12,incoming_bit,43,1.0,
rnn_only,7,12,incoming_bit,44,1.0,
rnn_only,7,12,incoming_bit,45,1.0,
rnn_only,7,12,incoming_bit,46,1.0,
rnn_only,7,12,incoming_bit,47,1.0,
rnn_only,7,12,incoming_bit,48,1.0,
rnn_only,7,12,outgoing_bit,0,0.8173209366391184,
rnn_only,7,12,outgoing_bit,1,0.8881500426257459,
rnn_only,7,12,outgoing_bit,2,0.8966683578555724,
rnn_only,7,12,outgoing_bit,3,0.8237179487179488,
rnn_only,7,12,outgoing_bit,4,0.9023027051196065,
rnn_only,7,12,outgoing_bit,5,0.8356744704570792,
rnn_only,7,12,outgoing_bit,6,0.8299910873440285,
rnn_only,7,12,outgoing_bit,7,0.7908584169453735,
rnn_only,7,12,outgoing_bit,8,0.8453056080655323,
rnn_only,7,12,outgoing_bit,9,0.8320146074254413,
rnn_only,7,12,outgoing_bit,10,0.8475499092558985,
rnn_only,7,12,outgoing_bit,11,0.8469945355191257,
rnn_only,7,12,outgoing_bit,12,0.7919730392156862,
rnn_only,7,12,outgoing_bit,13,0.8042534722222222,
rnn_only,7,12,outgoing_bit,14,0.8156462585034013,
rnn_only,7,12,outgoing_bit,15,0.8442176870748299,
rnn_only,7,12,outgoing_bit,16,0.8184885290148448,
rnn_only,7,12,outgoing_bit,17,0.8857142857142857,
rnn_only,7,12,outgoing_bit,18,0.7813765182186235,
rnn_only,7,12,outgoing_bit,19,0.8692411924119241,
rnn_only,7,12,outgoing_bit,20,0.8756756756756757,
rnn_only,7,12,outgoing_bit,21,0.8047619047619048,
rnn_only,7,12,outgoing_bit,22,0.8326585695006747,
rnn_only,7,12,outgoing_bit,23,0.8550135501355014,
rnn_only,7,12,outgoing_bit,24,0.7543859649122807,
rnn_only,7,12,outgoing_bit,25,0.8512396694214877,
rnn_only,7,12,outgoing_bit,26,0.790148448043185,
rnn_only,7,12,outgoing_bit,27,0.8071625344352618,
rnn_only,7,12,outgoing_bit,28,0.8412162162162161,
rnn_only,7,12,outgoing_bit,29,0.816464237516869,
rnn_only,7,12,outgoing_bit,30,0.8846153846153846,
rnn_only,7,12,outgoing_bit,31,0.8394308943089431,
rnn_only,7,12,outgoing_bit,32,0.8584010840108401,
rnn_only,7,12,outgoing_bit,33,0.8590686274509804,
rnn_only,7,12,outgoing_bit,34,0.7562724014336918,
rnn_only,7,12,outgoing_bit,35,0.8630952380952381,
rnn_only,7,12,outgoing_bit,36,0.8333333333333334,
rnn_only,7,12,outgoing_bit,37,,
rnn_only,7,12,outgoing_bit,38,,
rnn_only,7,12,outgoing_bit,39,,
rnn_only,7,12,outgoing_bit,40,,
rnn_only,7,12,outgoing_bit,41,,
rnn_only,7,12,outgoing_bit,42,,
rnn_only,7,12,outgoing_bit,43,,
rnn_only,7,12,outgoing_bit,44,,
rnn_only,7,12,outgoing_bit,45,,
rnn_only,7,12,outgoing_bit,46,,
rnn_only,7,12,outgoing_bit,47,,
rnn_only,7,12,outgoing_bit,48,,
rnn_only,7,12,next_parity,0,,
rnn_only,7,12,next_parity,1,0.5061603375527426,
rnn_only,7,12,next_parity,2,0.48174931129476584,
rnn_only,7,12,next_parity,3,0.5156434973786572,
rnn_only,7,12,next_parity,4,0.5119770580296896,
rnn_only,7,12,next_parity,5,0.5055743243243243,
rnn_only,7,12,next_parity,6,0.42557932263814613,
rnn_only,7,12,next_parity,7,0.4274247491638796,
rnn_only,7,12,next_parity,8,0.49139280125195617,
rnn_only,7,12,next_parity,9,0.47540983606557374,
rnn_only,7,12,next_parity,10,0.5377358490566038,
rnn_only,7,12,next_parity,11,0.5564663023679417,
rnn_only,7,12,next_parity,12,0.5566037735849056,
rnn_only,7,12,next_parity,13,0.434065934065934,
rnn_only,7,12,next_parity,14,0.46123321123321115,
rnn_only,7,12,next_parity,15,0.5497177594442033,
rnn_only,7,12,next_parity,16,0.43502051983584133,
rnn_only,7,12,next_parity,17,0.4958677685950413,
rnn_only,7,12,next_parity,18,0.48553719008264457,
rnn_only,7,12,next_parity,19,0.5687074829931973,
rnn_only,7,12,next_parity,20,0.4952120383036936,
rnn_only,7,12,next_parity,21,0.4726507713884993,
rnn_only,7,12,next_parity,22,0.44579945799457993,
rnn_only,7,12,next_parity,23,0.40675675675675677,
rnn_only,7,12,next_parity,24,0.4794801641586867,
rnn_only,7,12,next_parity,25,0.5602981029810299,
rnn_only,7,12,next_parity,26,0.5060810810810811,
rnn_only,7,12,next_parity,27,0.46737588652482276,
rnn_only,7,12,next_parity,28,0.5298102981029811,
rnn_only,7,12,next_parity,29,0.48707482993197276,
rnn_only,7,12,next_parity,30,0.37601626016260165,
rnn_only,7,12,next_parity,31,0.4621621621621621,
rnn_only,7,12,next_parity,32,0.4473684210526315,
rnn_only,7,12,next_parity,33,0.42073170731707316,
rnn_only,7,12,next_parity,34,0.5661268556005399,
rnn_only,7,12,next_parity,35,0.5256869772998805,
rnn_only,7,12,next_parity,36,0.5492788461538461,
rnn_only,7,12,next_parity,37,0.45997610513739545,
rnn_only,7,12,next_parity,38,0.9,
rnn_only,7,12,next_parity,39,,
rnn_only,7,12,next_parity,40,,
rnn_only,7,12,next_parity,41,,
rnn_only,7,12,next_parity,42,,
rnn_only,7,12,next_parity,43,,
rnn_only,7,12,next_parity,44,,
rnn_only,7,12,next_parity,45,,
rnn_only,7,12,next_parity,46,,
rnn_only,7,12,next_parity,47,,
rnn_only,7,12,next_parity,48,,
rnn_only,7,13,incoming_bit,0,1.0,
rnn_only,7,13,incoming_bit,1,1.0,
rnn_only,7,13,incoming_bit,2,1.0,
rnn_only,7,13,incoming_bit,3,1.0,
rnn_only,7,13,incoming_bit,4,1.0,
rnn_only,7,13,incoming_bit,5,1.0,
rnn_only,7,13,incoming_bit,6,1.0,
rnn_only,7,13,incoming_bit,7,1.0,
rnn_only,7,13,incoming_bit,8,1.0,
rnn_only,7,13,incoming_bit,9,1.0,
rnn_only,7,13,incoming_bit,10,1.0,
rnn_only,7,13,incoming_bit,11,1.0,
rnn_only,7,13,incoming_bit,12,1.0,
rnn_only,7,13,incoming_bit,13,1.0,
rnn_only,7,13,incoming_bit,14,1.0,
rnn_only,7,13,incoming_bit,15,1.0,
rnn_only,7,13,incoming_bit,16,1.0,
rnn_only,7,13,incoming_bit,17,1.0,
rnn_only,7,13,incoming_bit,18,1.0,
rnn_only,7,13,incoming_bit,19,1.0,
rnn_only,7,13,incoming_bit,20,1.0,
rnn_only,7,13,incoming_bit,21,1.0,
rnn_only,7,13,incoming_bit,22,1.0,
rnn_only,7,13,incoming_bit,23,1.0,
rnn_only,7,13,incoming_bit,24,1.0,
rnn_only,7,13,incoming_bit,25,1.0,
rnn_only,7,13,incoming_bit,26,1.0,
rnn_only,7,13,incoming_bit,27,1.0,
rnn_only,7,13,incoming_bit,28,1.0,
rnn_only,7,13,incoming_bit,29,1.0,
rnn_only,7,13,incoming_bit,30,1.0,
rnn_only,7,13,incoming_bit,31,1.0,
rnn_only,7,13,incoming_bit,32,1.0,
rnn_only,7,13,incoming_bit,33,1.0,
rnn_only,7,13,incoming_bit,34,1.0,
rnn_only,7,13,incoming_bit,35,1.0,
rnn_only,7,13,incoming_bit,36,1.0,
rnn_only,7,13,incoming_bit,37,1.0,
rnn_only,7,13,incoming_bit,38,1.0,
rnn_only,7,13,incoming_bit,39,1.0,
rnn_only,7,13,incoming_bit,40,1.0,
rnn_only,7,13,incoming_bit,41,1.0,
rnn_only,7,13,incoming_bit,42,1.0,
rnn_only,7,13,incoming_bit,43,1.0,
rnn_only,7,13,incoming_bit,44,1.0,
rnn_only,7,13,incoming_bit,45,1.0,
rnn_only,7,13,incoming_bit,46,1.0,
rnn_only,7,13,incoming_bit,47,1.0,
rnn_only,7,13,incoming_bit,48,1.0,
rnn_only,7,13,incoming_bit,49,1.0,
rnn_only,7,13,incoming_bit,50,1.0,
rnn_only,7,13,incoming_bit,51,1.0,
rnn_only,7,13,incoming_bit,52,1.0,
rnn_only,7,13,outgoing_bit,0,0.8706240487062404,
rnn_only,7,13,outgoing_bit,1,0.8792517006802721,
rnn_only,7,13,outgoing_bit,2,0.8730600539811065,
rnn_only,7,13,outgoing_bit,3,0.8366554054054054,
rnn_only,7,13,outgoing_bit,4,0.8292084726867336,
rnn_only,7,13,outgoing_bit,5,0.8765872131877924,
rnn_only,7,13,outgoing_bit,6,0.8618538324420677,
rnn_only,7,13,outgoing_bit,7,0.8617831541218638,
rnn_only,7,13,outgoing_bit,8,0.7605932203389831,
rnn_only,7,13,outgoing_bit,9,0.8757575757575757,
rnn_only,7,13,outgoing_bit,10,0.8351515151515151,
rnn_only,7,13,outgoing_bit,11,0.8633597078514912,
rnn_only,7,13,outgoing_bit,12,0.928354584092289,
rnn_only,7,13,outgoing_bit,13,0.8260606060606059,
rnn_only,7,13,outgoing_bit,14,0.8832821412900396,
rnn_only,7,13,outgoing_bit,15,0.8562744246634825,
rnn_only,7,13,outgoing_bit,16,0.8312937062937064,
rnn_only,7,13,outgoing_bit,17,0.8174637999122422,
rnn_only,7,13,outgoing_bit,18,0.8249559082892416,
rnn_only,7,13,outgoing_bit,19,0.817629179331307,
rnn_only,7,13,outgoing_bit,20,0.8652173913043478,
rnn_only,7,13,outgoing_bit,21,0.85388328214129,
rnn_only,7,13,outgoing_bit,22,0.8762527233115469,
rnn_only,7,13,outgoing_bit,23,0.7629179331306991,
rnn_only,7,13,outgoing_bit,24,0.8933742869679684,
rnn_only,7,13,outgoing_bit,25,0.8108695652173913,
rnn_only,7,13,outgoing_bit,26,0.8682608695652174,
rnn_only,7,13,outgoing_bit,27,0.75119825708061,
rnn_only,7,13,outgoing_bit,28,0.9145969498910675,
rnn_only,7,13,outgoing_bit,29,0.8974591651542649,
rnn_only,7,13,outgoing_bit,30,0.8531590413943355,
rnn_only,7,13,outgoing_bit,31,0.9239130434782609,
rnn_only,7,13,outgoing_bit,32,0.8500874125874126,
rnn_only,7,13,outgoing_bit,33,0.8468286099865048,
rnn_only,7,13,outgoing_bit,34,0.7947658402203857,
rnn_only,7,13,outgoing_bit,35,0.8574324324324324,
rnn_only,7,13,outgoing_bit,36,0.675,
rnn_only,7,13,outgoing_bit,37,0.9111111111111111,
rnn_only,7,13,outgoing_bit,38,0.5777777777777777,
rnn_only,7,13,outgoing_bit,39,0.6777777777777778,
rnn_only,7,13,outgoing_bit,40,,
rnn_only,7,13,outgoing_bit,41,,
rnn_only,7,13,outgoing_bit,42,,
rnn_only,7,13,outgoing_bit,43,,
rnn_only,7,13,outgoing_bit,44,,
rnn_only,7,13,outgoing_bit,45,,
rnn_only,7,13,outgoing_bit,46,,
rnn_only,7,13,outgoing_bit,47,,
rnn_only,7,13,outgoing_bit,48,,
rnn_only,7,13,outgoing_bit,49,,
rnn_only,7,13,outgoing_bit,50,,
rnn_only,7,13,outgoing_bit,51,,
rnn_only,7,13,outgoing_bit,52,,
rnn_only,7,13,next_parity,0,,
rnn_only,7,13,next_parity,1,0.5292827004219409,
rnn_only,7,13,next_parity,2,0.5285460992907801,
rnn_only,7,13,next_parity,3,0.4954081632653061,
rnn_only,7,13,next_parity,4,0.47785508230103524,
rnn_only,7,13,next_parity,5,0.5210863697705803,
rnn_only,7,13,next_parity,6,0.49086452762923355,
rnn_only,7,13,next_parity,7,0.5389074693422519,
rnn_only,7,13,next_parity,8,0.44224196855775805,
rnn_only,7,13,next_parity,9,0.45542331012800363,
rnn_only,7,13,next_parity,10,0.5536363636363637,
rnn_only,7,13,next_parity,11,0.4306592039800995,
rnn_only,7,13,next_parity,12,0.567936507936508,
rnn_only,7,13,next_parity,13,0.5164333536214243,
rnn_only,7,13,next_parity,14,0.5895341802782819,
rnn_only,7,13,next_parity,15,0.4135572139303483,
rnn_only,7,13,next_parity,16,0.40494732020155755,
rnn_only,7,13,next_parity,17,0.42652173913043473,
rnn_only,7,13,next_parity,18,0.518082788671024,
rnn_only,7,13,next_parity,19,0.5424836601307189,
rnn_only,7,13,next_parity,20,0.48033216783216787,
rnn_only,7,13,next_parity,21,0.489795918367347,
rnn_only,7,13,next_parity,22,0.5143478260869565,
rnn_only,7,13,next_parity,23,0.5651223776223776,
rnn_only,7,13,next_parity,24,0.5343915343915344,
rnn_only,7,13,next_parity,25,0.4674057649667406,
rnn_only,7,13,next_parity,26,0.48732517482517484,
rnn_only,7,13,next_parity,27,0.4695767195767196,
rnn_only,7,13,next_parity,28,0.4574652777777778,
rnn_only,7,13,next_parity,29,0.5869565217391304,
rnn_only,7,13,next_parity,30,0.4149305555555556,
rnn_only,7,13,next_parity,31,0.5091145833333334,
rnn_only,7,13,next_parity,32,0.54363873208858,
rnn_only,7,13,next_parity,33,0.4930274403958615,
rnn_only,7,13,next_parity,34,0.43529411764705883,
rnn_only,7,13,next_parity,35,0.5506756756756757,
rnn_only,7,13,next_parity,36,0.5474254742547426,
rnn_only,7,13,next_parity,37,0.6317567567567568,
rnn_only,7,13,next_parity,38,0.4761904761904763,
rnn_only,7,13,next_parity,39,0.5,
rnn_only,7,13,next_parity,40,0.4880952380952381,
rnn_only,7,13,next_parity,41,0.36363636363636365,
rnn_only,7,13,next_parity,42,,
rnn_only,7,13,next_parity,43,,
rnn_only,7,13,next_parity,44,,
rnn_only,7,13,next_parity,45,,
rnn_only,7,13,next_parity,46,,
rnn_only,7,13,next_parity,47,,
rnn_only,7,13,next_parity,48,,
rnn_only,7,13,next_parity,49,,
rnn_only,7,13,next_parity,50,,
rnn_only,7,13,next_parity,51,,
rnn_only,7,13,next_parity,52,,
rnn_only,7,14,incoming_bit,0,1.0,
rnn_only,7,14,incoming_bit,1,1.0,
rnn_only,7,14,incoming_bit,2,1.0,
rnn_only,7,14,incoming_bit,3,1.0,
rnn_only,7,14,incoming_bit,4,1.0,
rnn_only,7,14,incoming_bit,5,1.0,
rnn_only,7,14,incoming_bit,6,1.0,
rnn_only,7,14,incoming_bit,7,1.0,
rnn_only,7,14,incoming_bit,8,1.0,
rnn_only,7,14,incoming_bit,9,1.0,
rnn_only,7,14,incoming_bit,10,1.0,
rnn_only,7,14,incoming_bit,11,1.0,
rnn_only,7,14,incoming_bit,12,1.0,
rnn_only,7,14,incoming_bit,13,1.0,
rnn_only,7,14,incoming_bit,14,1.0,
rnn_only,7,14,incoming_bit,15,1.0,
rnn_only,7,14,incoming_bit,16,1.0,
rnn_only,7,14,incoming_bit,17,1.0,
rnn_only,7,14,incoming_bit,18,1.0,
rnn_only,7,14,incoming_bit,19,1.0,
rnn_only,7,14,incoming_bit,20,1.0,
rnn_only,7,14,incoming_bit,21,1.0,
rnn_only,7,14,incoming_bit,22,1.0,
rnn_only,7,14,incoming_bit,23,1.0,
rnn_only,7,14,incoming_bit,24,1.0,
rnn_only,7,14,incoming_bit,25,1.0,
rnn_only,7,14,incoming_bit,26,1.0,
rnn_only,7,14,incoming_bit,27,1.0,
rnn_only,7,14,incoming_bit,28,1.0,
rnn_only,7,14,incoming_bit,29,1.0,
rnn_only,7,14,incoming_bit,30,1.0,
rnn_only,7,14,incoming_bit,31,1.0,
rnn_only,7,14,incoming_bit,32,1.0,
rnn_only,7,14,incoming_bit,33,1.0,
rnn_only,7,14,incoming_bit,34,1.0,
rnn_only,7,14,incoming_bit,35,1.0,
rnn_only,7,14,incoming_bit,36,1.0,
rnn_only,7,14,incoming_bit,37,1.0,
rnn_only,7,14,incoming_bit,38,1.0,
rnn_only,7,14,incoming_bit,39,1.0,
rnn_only,7,14,incoming_bit,40,1.0,
rnn_only,7,14,incoming_bit,41,1.0,
rnn_only,7,14,incoming_bit,42,1.0,
rnn_only,7,14,incoming_bit,43,0.9999999999999999,
rnn_only,7,14,incoming_bit,44,1.0,
rnn_only,7,14,incoming_bit,45,1.0,
rnn_only,7,14,incoming_bit,46,1.0,
rnn_only,7,14,incoming_bit,47,0.9999999999999999,
rnn_only,7,14,incoming_bit,48,0.9999999999999999,
rnn_only,7,14,incoming_bit,49,1.0,
rnn_only,7,14,incoming_bit,50,1.0,
rnn_only,7,14,incoming_bit,51,1.0,
rnn_only,7,14,incoming_bit,52,1.0,
rnn_only,7,14,incoming_bit,53,1.0,
rnn_only,7,14,outgoing_bit,0,0.8707655826558266,
rnn_only,7,14,outgoing_bit,1,0.9003889734483342,
rnn_only,7,14,outgoing_bit,2,0.8748310810810812,
rnn_only,7,14,outgoing_bit,3,0.8520580296896086,
rnn_only,7,14,outgoing_bit,4,0.8729838709677419,
rnn_only,7,14,outgoing_bit,5,0.8542410714285714,
rnn_only,7,14,outgoing_bit,6,0.8119429590017825,
rnn_only,7,14,outgoing_bit,7,0.8816678313533659,
rnn_only,7,14,outgoing_bit,8,0.8128815628815629,
rnn_only,7,14,outgoing_bit,9,0.860906862745098,
rnn_only,7,14,outgoing_bit,10,0.876,
rnn_only,7,14,outgoing_bit,11,0.8682288496652465,
rnn_only,7,14,outgoing_bit,12,0.7939560439560439,
rnn_only,7,14,outgoing_bit,13,0.8579234972677596,
rnn_only,7,14,outgoing_bit,14,0.8836463582226294,
rnn_only,7,14,outgoing_bit,15,0.8686956521739131,
rnn_only,7,14,outgoing_bit,16,0.8258007898200965,
rnn_only,7,14,outgoing_bit,17,0.8736287845546293,
rnn_only,7,14,outgoing_bit,18,0.8086880210618693,
rnn_only,7,14,outgoing_bit,19,0.8415110725141121,
rnn_only,7,14,outgoing_bit,20,0.8348583877995642,
rnn_only,7,14,outgoing_bit,21,0.8988913525498891,
rnn_only,7,14,outgoing_bit,22,0.8977072310405644,
rnn_only,7,14,outgoing_bit,23,0.8526086956521739,
rnn_only,7,14,outgoing_bit,24,0.8345636126791142,
rnn_only,7,14,outgoing_bit,25,0.7803571428571429,
rnn_only,7,14,outgoing_bit,26,0.8139433551198256,
rnn_only,7,14,outgoing_bit,27,0.787962962962963,
rnn_only,7,14,outgoing_bit,28,0.8444444444444444,
rnn_only,7,14,outgoing_bit,29,0.8448426573426573,
rnn_only,7,14,outgoing_bit,30,0.8741071428571429,
rnn_only,7,14,outgoing_bit,31,0.7731643356643356,
rnn_only,7,14,outgoing_bit,32,0.8202344767694312,
rnn_only,7,14,outgoing_bit,33,0.8768707482993197,
rnn_only,7,14,outgoing_bit,34,0.8624661246612466,
rnn_only,7,14,outgoing_bit,35,0.789864864864865,
rnn_only,7,14,outgoing_bit,36,0.9243697478991597,
rnn_only,7,14,outgoing_bit,37,0.44318181818181823,
rnn_only,7,14,outgoing_bit,38,0.6071428571428572,
rnn_only,7,14,outgoing_bit,39,0.5444444444444445,
rnn_only,7,14,outgoing_bit,40,,
rnn_only,7,14,outgoing_bit,41,,
rnn_only,7,14,outgoing_bit,42,,
rnn_only,7,14,outgoing_bit,43,,
rnn_only,7,14,outgoing_bit,44,,
rnn_only,7,14,outgoing_bit,45,,
rnn_only,7,14,outgoing_bit,46,,
rnn_only,7,14,outgoing_bit,47,,
rnn_only,7,14,outgoing_bit,48,,
rnn_only,7,14,outgoing_bit,49,,
rnn_only,7,14,outgoing_bit,50,,
rnn_only,7,14,outgoing_bit,51,,
rnn_only,7,14,outgoing_bit,52,,
rnn_only,7,14,outgoing_bit,53,,
rnn_only,7,14,next_parity,0,,
rnn_only,7,14,next_parity,1,0.5235284196323158,
rnn_only,7,14,next_parity,2,0.5193228454172366,
rnn_only,7,14,next_parity,3,0.4807692307692307,
rnn_only,7,14,next_parity,4,0.5520886615515771,
rnn_only,7,14,next_parity,5,0.4502361673414305,
rnn_only,7,14,next_parity,6,0.48513302034428796,
rnn_only,7,14,next_parity,7,0.56,
rnn_only,7,14,next_parity,8,0.5191146881287726,
rnn_only,7,14,next_parity,9,0.5574866310160428,
rnn_only,7,14,next_parity,10,0.4721706864564007,
rnn_only,7,14,next_parity,11,0.49907692307692314,
rnn_only,7,14,next_parity,12,0.4846153846153846,
rnn_only,7,14,next_parity,13,0.521911138161899,
rnn_only,7,14,next_parity,14,0.5191713048855906,
rnn_only,7,14,next_parity,15,0.50272397094431,
rnn_only,7,14,next_parity,16,0.4243478260869565,
rnn_only,7,14,next_parity,17,0.5296296296296297,
rnn_only,7,14,next_parity,18,0.5192307692307692,
rnn_only,7,14,next_parity,19,0.37037037037037035,
rnn_only,7,14,next_parity,20,0.5108695652173914,
rnn_only,7,14,next_parity,21,0.49758666081614744,
rnn_only,7,14,next_parity,22,0.5148601398601399,
rnn_only,7,14,next_parity,23,0.5208424747696359,
rnn_only,7,14,next_parity,24,0.46906537955243527,
rnn_only,7,14,next_parity,25,0.5403645833333333,
rnn_only,7,14,next_parity,26,0.5052173913043478,
rnn_only,7,14,next_parity,27,0.5164545853444493,
rnn_only,7,14,next_parity,28,0.47,
rnn_only,7,14,next_parity,29,0.630481980026053,
rnn_only,7,14,next_parity,30,0.49324618736383447,
rnn_only,7,14,next_parity,31,0.5668402777777777,
rnn_only,7,14,next_parity,32,0.6243478260869565,
rnn_only,7,14,next_parity,33,0.40753880266075393,
rnn_only,7,14,next_parity,34,0.5249674337820234,
rnn_only,7,14,next_parity,35,0.5097222222222222,
rnn_only,7,14,next_parity,36,0.4281842818428185,
rnn_only,7,14,next_parity,37,0.5440771349862259,
rnn_only,7,14,next_parity,38,0.55,
rnn_only,7,14,next_parity,39,0.3863636363636364,
rnn_only,7,14,next_parity,40,0.3928571428571429,
rnn_only,7,14,next_parity,41,0.38636363636363635,
rnn_only,7,14,next_parity,42,,
rnn_only,7,14,next_parity,43,,
rnn_only,7,14,next_parity,44,,
rnn_only,7,14,next_parity,45,,
rnn_only,7,14,next_parity,46,,
rnn_only,7,14,next_parity,47,,
rnn_only,7,14,next_parity,48,,
rnn_only,7,14,next_parity,49,,
rnn_only,7,14,next_parity,50,,
rnn_only,7,14,next_parity,51,,
rnn_only,7,14,next_parity,52,,
rnn_only,7,14,next_parity,53,,
rnn_only,7,15,incoming_bit,0,1.0,
rnn_only,7,15,incoming_bit,1,1.0,
rnn_only,7,15,incoming_bit,2,1.0,
rnn_only,7,15,incoming_bit,3,1.0,
rnn_only,7,15,incoming_bit,4,1.0,
rnn_only,7,15,incoming_bit,5,1.0,
rnn_only,7,15,incoming_bit,6,1.0,
rnn_only,7,15,incoming_bit,7,1.0,
rnn_only,7,15,incoming_bit,8,1.0,
rnn_only,7,15,incoming_bit,9,1.0,
rnn_only,7,15,incoming_bit,10,1.0,
rnn_only,7,15,incoming_bit,11,1.0,
rnn_only,7,15,incoming_bit,12,1.0,
rnn_only,7,15,incoming_bit,13,1.0,
rnn_only,7,15,incoming_bit,14,1.0,
rnn_only,7,15,incoming_bit,15,1.0,
rnn_only,7,15,incoming_bit,16,1.0,
rnn_only,7,15,incoming_bit,17,1.0,
rnn_only,7,15,incoming_bit,18,1.0,
rnn_only,7,15,incoming_bit,19,1.0,
rnn_only,7,15,incoming_bit,20,1.0,
rnn_only,7,15,incoming_bit,21,1.0,
rnn_only,7,15,incoming_bit,22,0.9999999999999999,
rnn_only,7,15,incoming_bit,23,1.0,
rnn_only,7,15,incoming_bit,24,1.0,
rnn_only,7,15,incoming_bit,25,1.0,
rnn_only,7,15,incoming_bit,26,1.0,
rnn_only,7,15,incoming_bit,27,0.9875983061101029,
rnn_only,7,15,incoming_bit,28,0.9814814814814815,
rnn_only,7,15,incoming_bit,29,1.0,
rnn_only,7,15,incoming_bit,30,1.0,
rnn_only,7,15,incoming_bit,31,1.0,
rnn_only,7,15,incoming_bit,32,1.0,
rnn_only,7,15,incoming_bit,33,1.0,
rnn_only,7,15,incoming_bit,34,1.0,
rnn_only,7,15,incoming_bit,35,1.0,
rnn_only,7,15,incoming_bit,36,1.0,
rnn_only,7,15,incoming_bit,37,1.0,
rnn_only,7,15,incoming_bit,38,1.0,
rnn_only,7,15,incoming_bit,39,1.0,
rnn_only,7,15,incoming_bit,40,1.0,
rnn_only,7,15,incoming_bit,41,1.0,
rnn_only,7,15,incoming_bit,42,1.0,
rnn_only,7,15,incoming_bit,43,1.0,
rnn_only,7,15,incoming_bit,44,1.0,
rnn_only,7,15,incoming_bit,45,1.0,
rnn_only,7,15,incoming_bit,46,0.9999999999999999,
rnn_only,7,15,incoming_bit,47,1.0,
rnn_only,7,15,incoming_bit,48,1.0,
rnn_only,7,15,incoming_bit,49,1.0,
rnn_only,7,15,incoming_bit,50,1.0,
rnn_only,7,15,incoming_bit,51,1.0,
rnn_only,7,15,incoming_bit,52,1.0,
rnn_only,7,15,incoming_bit,53,1.0,
rnn_only,7,15,incoming_bit,54,1.0,
rnn_only,7,15,incoming_bit,55,1.0,
rnn_only,7,15,incoming_bit,56,1.0,
rnn_only,7,15,incoming_bit,57,1.0,
rnn_only,7,15,incoming_bit,58,1.0,
rnn_only,7,15,incoming_bit,59,1.0,
rnn_only,7,15,outgoing_bit,0,0.86615515771526,
rnn_only,7,15,outgoing_bit,1,0.8303737527481819,
rnn_only,7,15,outgoing_bit,2,0.8654240766073872,
rnn_only,7,15,outgoing_bit,3,0.8480094466936572,
rnn_only,7,15,outgoing_bit,4,0.7955001113833815,
rnn_only,7,15,outgoing_bit,5,0.8519509476031214,
rnn_only,7,15,outgoing_bit,6,0.8738015607580825,
rnn_only,7,15,outgoing_bit,7,0.8553783965865709,
rnn_only,7,15,outgoing_bit,8,0.8633333333333333,
rnn_only,7,15,outgoing_bit,9,0.840922890103218,
rnn_only,7,15,outgoing_bit,10,0.8379120879120879,
rnn_only,7,15,outgoing_bit,11,0.793708408953418,
rnn_only,7,15,outgoing_bit,12,0.8311279143037177,
rnn_only,7,15,outgoing_bit,13,0.7414529914529915,
rnn_only,7,15,outgoing_bit,14,0.8343531468531469,
rnn_only,7,15,outgoing_bit,15,0.8250112460638777,
rnn_only,7,15,outgoing_bit,16,0.7451150673035172,
rnn_only,7,15,outgoing_bit,17,0.8753812636165577,
rnn_only,7,15,outgoing_bit,18,0.8213200173686496,
rnn_only,7,15,outgoing_bit,19,0.8688021061869241,
rnn_only,7,15,outgoing_bit,20,0.8307291666666666,
rnn_only,7,15,outgoing_bit,21,0.8371689101172384,
rnn_only,7,15,outgoing_bit,22,0.8263392857142856,
rnn_only,7,15,outgoing_bit,23,0.8321428571428571,
rnn_only,7,15,outgoing_bit,24,0.771168041684759,
rnn_only,7,15,outgoing_bit,25,0.8367346938775511,
rnn_only,7,15,outgoing_bit,26,0.8366071428571429,
rnn_only,7,15,outgoing_bit,27,0.8419452887537995,
rnn_only,7,15,outgoing_bit,28,0.8504347826086956,
rnn_only,7,15,outgoing_bit,29,0.853583916083916,
rnn_only,7,15,outgoing_bit,30,0.7941433566433568,
rnn_only,7,15,outgoing_bit,31,0.8669623059866962,
rnn_only,7,15,outgoing_bit,32,0.8770417422867514,
rnn_only,7,15,outgoing_bit,33,0.849527665317139,
rnn_only,7,15,outgoing_bit,34,0.7865013774104683,
rnn_only,7,15,outgoing_bit,35,0.8401360544217688,
rnn_only,7,15,outgoing_bit,36,0.8703030303030304,
rnn_only,7,15,outgoing_bit,37,0.76,
rnn_only,7,15,outgoing_bit,38,0.6260387811634349,
rnn_only,7,15,outgoing_bit,39,0.7811634349030472,
rnn_only,7,15,outgoing_bit,40,0.7777777777777777,
rnn_only,7,15,outgoing_bit,41,0.641025641025641,
rnn_only,7,15,outgoing_bit,42,0.6857142857142857,
rnn_only,7,15,outgoing_bit,43,0.6923076923076923,
rnn_only,7,15,outgoing_bit,44,0.6931818181818181,
rnn_only,7,15,outgoing_bit,45,,
rnn_only,7,15,outgoing_bit,46,,
rnn_only,7,15,outgoing_bit,47,,
rnn_only,7,15,outgoing_bit,48,,
rnn_only,7,15,outgoing_bit,49,,
rnn_only,7,15,outgoing_bit,50,,
rnn_only,7,15,outgoing_bit,51,,
rnn_only,7,15,outgoing_bit,52,,
rnn_only,7,15,outgoing_bit,53,,
rnn_only,7,15,outgoing_bit,54,,
rnn_only,7,15,outgoing_bit,55,,
rnn_only,7,15,outgoing_bit,56,,
rnn_only,7,15,outgoing_bit,57,,
rnn_only,7,15,outgoing_bit,58,,
rnn_only,7,15,outgoing_bit,59,,
rnn_only,7,15,next_parity,0,,
rnn_only,7,15,next_parity,1,0.4551418439716312,
rnn_only,7,15,next_parity,2,0.5630208333333333,
rnn_only,7,15,next_parity,3,0.5818089430894309,
rnn_only,7,15,next_parity,4,0.44761904761904764,
rnn_only,7,15,next_parity,5,0.4876689189189189,
rnn_only,7,15,next_parity,6,0.5287946428571428,
rnn_only,7,15,next_parity,7,0.559866220735786,
rnn_only,7,15,next_parity,8,0.4464605734767025,
rnn_only,7,15,next_parity,9,0.4762753397193139,
rnn_only,7,15,next_parity,10,0.5260290556900726,
rnn_only,7,15,next_parity,11,0.5121065375302664,
rnn_only,7,15,next_parity,12,0.5245009074410163,
rnn_only,7,15,next_parity,13,0.4421641791044777,
rnn_only,7,15,next_parity,14,0.4227941176470589,
rnn_only,7,15,next_parity,15,0.503052503052503,
rnn_only,7,15,next_parity,16,0.5440729483282675,
rnn_only,7,15,next_parity,17,0.5348324514991182,
rnn_only,7,15,next_parity,18,0.4627450980392157,
rnn_only,7,15,next_parity,19,0.5399305555555556,
rnn_only,7,15,next_parity,20,0.5099999999999999,
rnn_only,7,15,next_parity,21,0.47695652173913045,
rnn_only,7,15,next_parity,22,0.49213286713286714,
rnn_only,7,15,next_parity,23,0.5662179765523231,
rnn_only,7,15,next_parity,24,0.5586056644880175,
rnn_only,7,15,next_parity,25,0.41739130434782606,
rnn_only,7,15,next_parity,26,0.5126385809312638,
rnn_only,7,15,next_parity,27,0.4470899470899471,
rnn_only,7,15,next_parity,28,0.6753880266075388,
rnn_only,7,15,next_parity,29,0.4310421286031042,
rnn_only,7,15,next_parity,30,0.6252173913043477,
rnn_only,7,15,next_parity,31,0.47894051237516283,
rnn_only,7,15,next_parity,32,0.42943986105080334,
rnn_only,7,15,next_parity,33,0.49032838506522713,
rnn_only,7,15,next_parity,34,0.603298611111111,
rnn_only,7,15,next_parity,35,0.5718194254445964,
rnn_only,7,15,next_parity,36,0.4993243243243244,
rnn_only,7,15,next_parity,37,0.533108108108108,
rnn_only,7,15,next_parity,38,0.5745192307692308,
rnn_only,7,15,next_parity,39,0.48809523809523814,
rnn_only,7,15,next_parity,40,0.4453781512605043,
rnn_only,7,15,next_parity,41,0.4626038781163435,
rnn_only,7,15,next_parity,42,0.31666666666666665,
rnn_only,7,15,next_parity,43,0.46590909090909094,
rnn_only,7,15,next_parity,44,0.3717948717948718,
rnn_only,7,15,next_parity,45,0.7976190476190476,
rnn_only,7,15,next_parity,46,0.42045454545454547,
rnn_only,7,15,next_parity,47,,
rnn_only,7,15,next_parity,48,,
rnn_only,7,15,next_parity,49,,
rnn_only,7,15,next_parity,50,,
rnn_only,7,15,next_parity,51,,
rnn_only,7,15,next_parity,52,,
rnn_only,7,15,next_parity,53,,
rnn_only,7,15,next_parity,54,,
rnn_only,7,15,next_parity,55,,
rnn_only,7,15,next_parity,56,,
rnn_only,7,15,next_parity,57,,
rnn_only,7,15,next_parity,58,,
rnn_only,7,15,next_parity,59,,
rnn_only,8,2,incoming_bit,0,1.0,
rnn_only,8,2,incoming_bit,1,1.0,
rnn_only,8,2,incoming_bit,2,1.0,
rnn_only,8,2,incoming_bit,3,1.0,
rnn_only,8,2,incoming_bit,4,1.0,
rnn_only,8,2,incoming_bit,5,1.0,
rnn_only,8,2,incoming_bit,6,1.0,
rnn_only,8,2,incoming_bit,7,1.0,
rnn_only,8,2,incoming_bit,8,1.0,
rnn_only,8,2,outgoing_bit,0,1.0,
rnn_only,8,2,outgoing_bit,1,1.0,
rnn_only,8,2,outgoing_bit,2,1.0,
rnn_only,8,2,outgoing_bit,3,1.0,
rnn_only,8,2,outgoing_bit,4,1.0,
rnn_only,8,2,outgoing_bit,5,1.0,
rnn_only,8,2,outgoing_bit,6,1.0,
rnn_only,8,2,outgoing_bit,7,,
rnn_only,8,2,outgoing_bit,8,,
rnn_only,8,2,next_parity,0,,
rnn_only,8,2,next_parity,1,0.4418604651162791,
rnn_only,8,2,next_parity,2,0.5190963341858482,
rnn_only,8,2,next_parity,3,0.49357348215795704,
rnn_only,8,2,next_parity,4,0.5360094451003542,
rnn_only,8,2,next_parity,5,0.5056654828344326,
rnn_only,8,2,next_parity,6,0.4595238095238095,
rnn_only,8,2,next_parity,7,0.6797101449275362,
rnn_only,8,2,next_parity,8,0.5227272727272727,
rnn_only,8,3,incoming_bit,0,1.0,
rnn_only,8,3,incoming_bit,1,1.0,
rnn_only,8,3,incoming_bit,2,1.0,
rnn_only,8,3,incoming_bit,3,1.0,
rnn_only,8,3,incoming_bit,4,1.0,
rnn_only,8,3,incoming_bit,5,1.0,
rnn_only,8,3,incoming_bit,6,1.0,
rnn_only,8,3,incoming_bit,7,1.0,
rnn_only,8,3,incoming_bit,8,1.0,
rnn_only,8,3,incoming_bit,9,1.0,
rnn_only,8,3,incoming_bit,10,1.0,
rnn_only,8,3,incoming_bit,11,1.0,
rnn_only,8,3,outgoing_bit,0,1.0,
rnn_only,8,3,outgoing_bit,1,1.0,
rnn_only,8,3,outgoing_bit,2,1.0,
rnn_only,8,3,outgoing_bit,3,1.0,
rnn_only,8,3,outgoing_bit,4,0.999128540305011,
rnn_only,8,3,outgoing_bit,5,1.0,
rnn_only,8,3,outgoing_bit,6,1.0,
rnn_only,8,3,outgoing_bit,7,1.0,
rnn_only,8,3,outgoing_bit,8,1.0,
rnn_only,8,3,outgoing_bit,9,,
rnn_only,8,3,outgoing_bit,10,,
rnn_only,8,3,outgoing_bit,11,,
rnn_only,8,3,next_parity,0,,
rnn_only,8,3,next_parity,1,0.5069480185280494,
rnn_only,8,3,next_parity,2,0.5161845730027549,
rnn_only,8,3,next_parity,3,0.5710997442455242,
rnn_only,8,3,next_parity,4,0.5354309888947647,
rnn_only,8,3,next_parity,5,0.5357564513408669,
rnn_only,8,3,next_parity,6,0.5419565217391303,
rnn_only,8,3,next_parity,7,0.37161246612466126,
rnn_only,8,3,next_parity,8,0.3414965986394558,
rnn_only,8,3,next_parity,9,0.5378472222222221,
rnn_only,8,3,next_parity,10,0.3579545454545454,
rnn_only,8,3,next_parity,11,,
rnn_only,8,4,incoming_bit,0,1.0,
rnn_only,8,4,incoming_bit,1,1.0,
rnn_only,8,4,incoming_bit,2,1.0,
rnn_only,8,4,incoming_bit,3,1.0,
rnn_only,8,4,incoming_bit,4,1.0,
rnn_only,8,4,incoming_bit,5,1.0,
rnn_only,8,4,incoming_bit,6,1.0,
rnn_only,8,4,incoming_bit,7,1.0,
rnn_only,8,4,incoming_bit,8,1.0,
rnn_only,8,4,incoming_bit,9,1.0,
rnn_only,8,4,incoming_bit,10,1.0,
rnn_only,8,4,incoming_bit,11,1.0,
rnn_only,8,4,incoming_bit,12,1.0,
rnn_only,8,4,incoming_bit,13,1.0,
rnn_only,8,4,incoming_bit,14,1.0,
rnn_only,8,4,incoming_bit,15,1.0,
rnn_only,8,4,incoming_bit,16,1.0,
rnn_only,8,4,outgoing_bit,0,0.9618902439024389,
rnn_only,8,4,outgoing_bit,1,0.9829622132253711,
rnn_only,8,4,outgoing_bit,2,0.9821822501272696,
rnn_only,8,4,outgoing_bit,3,0.9735589635113696,
rnn_only,8,4,outgoing_bit,4,0.9803921568627451,
rnn_only,8,4,outgoing_bit,5,0.9325068870523416,
rnn_only,8,4,outgoing_bit,6,0.97638326585695,
rnn_only,8,4,outgoing_bit,7,0.9284750337381916,
rnn_only,8,4,outgoing_bit,8,0.8916666666666667,
rnn_only,8,4,outgoing_bit,9,0.889196675900277,
rnn_only,8,4,outgoing_bit,10,0.9327731092436975,
rnn_only,8,4,outgoing_bit,11,1.0,
rnn_only,8,4,outgoing_bit,12,1.0,
rnn_only,8,4,outgoing_bit,13,,
rnn_only,8,4,outgoing_bit,14,,
rnn_only,8,4,outgoing_bit,15,,
rnn_only,8,4,outgoing_bit,16,,
rnn_only,8,4,next_parity,0,,
rnn_only,8,4,next_parity,1,0.5054301713897844,
rnn_only,8,4,next_parity,2,0.5654278305963699,
rnn_only,8,4,next_parity,3,0.5343993085566119,
rnn_only,8,4,next_parity,4,0.50153452685422,
rnn_only,8,4,next_parity,5,0.5023547880690737,
rnn_only,8,4,next_parity,6,0.5473295701259228,
rnn_only,8,4,next_parity,7,0.464080459770115,
rnn_only,8,4,next_parity,8,0.4457446808510639,
rnn_only,8,4,next_parity,9,0.4495257452574526,
rnn_only,8,4,next_parity,10,0.49299719887955185,
rnn_only,8,4,next_parity,11,0.38541666666666663,
rnn_only,8,4,next_parity,12,0.3855072463768116,
rnn_only,8,4,next_parity,13,0.4569444444444444,
rnn_only,8,4,next_parity,14,0.49444444444444446,
rnn_only,8,4,next_parity,15,,
rnn_only,8,4,next_parity,16,,
rnn_only,8,5,incoming_bit,0,1.0,
rnn_only,8,5,incoming_bit,1,1.0,
rnn_only,8,5,incoming_bit,2,1.0,
rnn_only,8,5,incoming_bit,3,1.0,
rnn_only,8,5,incoming_bit,4,1.0,
rnn_only,8,5,incoming_bit,5,1.0,
rnn_only,8,5,incoming_bit,6,1.0,
rnn_only,8,5,incoming_bit,7,1.0,
rnn_only,8,5,incoming_bit,8,1.0,
rnn_only,8,5,incoming_bit,9,1.0,
rnn_only,8,5,incoming_bit,10,1.0,
rnn_only,8,5,incoming_bit,11,1.0,
rnn_only,8,5,incoming_bit,12,1.0,
rnn_only,8,5,incoming_bit,13,1.0,
rnn_only,8,5,incoming_bit,14,1.0,
rnn_only,8,5,incoming_bit,15,1.0,
rnn_only,8,5,incoming_bit,16,1.0,
rnn_only,8,5,incoming_bit,17,1.0,
rnn_only,8,5,incoming_bit,18,1.0,
rnn_only,8,5,incoming_bit,19,1.0,
rnn_only,8,5,outgoing_bit,0,0.9381944444444444,
rnn_only,8,5,outgoing_bit,1,0.9677306820163962,
rnn_only,8,5,outgoing_bit,2,0.9624893435635123,
rnn_only,8,5,outgoing_bit,3,0.9624149659863946,
rnn_only,8,5,outgoing_bit,4,0.9718614718614718,
rnn_only,8,5,outgoing_bit,5,0.9578762615182097,
rnn_only,8,5,outgoing_bit,6,0.9499780605528741,
rnn_only,8,5,outgoing_bit,7,0.9421739130434782,
rnn_only,8,5,outgoing_bit,8,0.9304347826086956,
rnn_only,8,5,outgoing_bit,9,0.9590062111801243,
rnn_only,8,5,outgoing_bit,10,0.9197368421052632,
rnn_only,8,5,outgoing_bit,11,0.9143876337693222,
rnn_only,8,5,outgoing_bit,12,0.9263157894736842,
rnn_only,8,5,outgoing_bit,13,0.9583333333333334,
rnn_only,8,5,outgoing_bit,14,1.0,
rnn_only,8,5,outgoing_bit,15,,
rnn_only,8,5,outgoing_bit,16,,
rnn_only,8,5,outgoing_bit,17,,
rnn_only,8,5,outgoing_bit,18,,
rnn_only,8,5,outgoing_bit,19,,
rnn_only,8,5,next_parity,0,,
rnn_only,8,5,next_parity,1,0.5497016197783462,
rnn_only,8,5,next_parity,2,0.5037262872628726,
rnn_only,8,5,next_parity,3,0.5365006775067751,
rnn_only,8,5,next_parity,4,0.5372549019607843,
rnn_only,8,5,next_parity,5,0.4893581081081081,
rnn_only,8,5,next_parity,6,0.5075757575757576,
rnn_only,8,5,next_parity,7,0.5423913043478261,
rnn_only,8,5,next_parity,8,0.5351031154014919,
rnn_only,8,5,next_parity,9,0.5701525054466231,
rnn_only,8,5,next_parity,10,0.475,
rnn_only,8,5,next_parity,11,0.5414663461538461,
rnn_only,8,5,next_parity,12,0.6505376344086021,
rnn_only,8,5,next_parity,13,0.45526960784313725,
rnn_only,8,5,next_parity,14,0.4020432692307693,
rnn_only,8,5,next_parity,15,0.35000000000000003,
rnn_only,8,5,next_parity,16,0.625,
rnn_only,8,5,next_parity,17,,
rnn_only,8,5,next_parity,18,,
rnn_only,8,5,next_parity,19,,
rnn_only,8,6,incoming_bit,0,1.0,
rnn_only,8,6,incoming_bit,1,1.0,
rnn_only,8,6,incoming_bit,2,1.0,
rnn_only,8,6,incoming_bit,3,1.0,
rnn_only,8,6,incoming_bit,4,1.0,
rnn_only,8,6,incoming_bit,5,1.0,
rnn_only,8,6,incoming_bit,6,0.9999999999999999,
rnn_only,8,6,incoming_bit,7,1.0,
rnn_only,8,6,incoming_bit,8,1.0,
rnn_only,8,6,incoming_bit,9,1.0,
rnn_only,8,6,incoming_bit,10,1.0,
rnn_only,8,6,incoming_bit,11,1.0,
rnn_only,8,6,incoming_bit,12,1.0,
rnn_only,8,6,incoming_bit,13,1.0,
rnn_only,8,6,incoming_bit,14,1.0,
rnn_only,8,6,incoming_bit,15,1.0,
rnn_only,8,6,incoming_bit,16,1.0,
rnn_only,8,6,incoming_bit,17,1.0,
rnn_only,8,6,incoming_bit,18,1.0,
rnn_only,8,6,incoming_bit,19,1.0,
rnn_only,8,6,outgoing_bit,0,0.9598153214774281,
rnn_only,8,6,outgoing_bit,1,0.943176052765094,
rnn_only,8,6,outgoing_bit,2,0.9723915989159893,
rnn_only,8,6,outgoing_bit,3,0.9482206105582729,
rnn_only,8,6,outgoing_bit,4,0.9125000000000001,
rnn_only,8,6,outgoing_bit,5,0.8204081632653061,
rnn_only,8,6,outgoing_bit,6,0.9340277777777778,
rnn_only,8,6,outgoing_bit,7,0.9216216216216216,
rnn_only,8,6,outgoing_bit,8,0.8808864265927978,
rnn_only,8,6,outgoing_bit,9,0.9111111111111112,
rnn_only,8,6,outgoing_bit,10,0.9187675070028011,
rnn_only,8,6,outgoing_bit,11,0.9667590027700831,
rnn_only,8,6,outgoing_bit,12,0.8985507246376812,
rnn_only,8,6,outgoing_bit,13,0.875,
rnn_only,8,6,outgoing_bit,14,,
rnn_only,8,6,outgoing_bit,15,,
rnn_only,8,6,outgoing_bit,16,,
rnn_only,8,6,outgoing_bit,17,,
rnn_only,8,6,outgoing_bit,18,,
rnn_only,8,6,outgoing_bit,19,,
rnn_only,8,6,next_parity,0,,
rnn_only,8,6,next_parity,1,0.48078231292517004,
rnn_only,8,6,next_parity,2,0.4990698461018096,
rnn_only,8,6,next_parity,3,0.4623434551381026,
rnn_only,8,6,next_parity,4,0.45952825386051244,
rnn_only,8,6,next_parity,5,0.45571135430916554,
rnn_only,8,6,next_parity,6,0.5629629629629629,
rnn_only,8,6,next_parity,7,0.5779883381924198,
rnn_only,8,6,next_parity,8,0.4272108843537415,
rnn_only,8,6,next_parity,9,0.5211805555555555,
rnn_only,8,6,next_parity,10,0.5714285714285714,
rnn_only,8,6,next_parity,11,0.4611111111111111,
rnn_only,8,6,next_parity,12,0.5152354570637119,
rnn_only,8,6,next_parity,13,0.6777777777777778,
rnn_only,8,6,next_parity,14,0.5951704545454546,
rnn_only,8,6,next_parity,15,0.5888888888888889,
rnn_only,8,6,next_parity,16,,
rnn_only,8,6,next_parity,17,,
rnn_only,8,6,next_parity,18,,
rnn_only,8,6,next_parity,19,,
rnn_only,8,7,incoming_bit,0,1.0,
rnn_only,8,7,incoming_bit,1,1.0,
rnn_only,8,7,incoming_bit,2,1.0,
rnn_only,8,7,incoming_bit,3,1.0,
rnn_only,8,7,incoming_bit,4,1.0,
rnn_only,8,7,incoming_bit,5,1.0,
rnn_only,8,7,incoming_bit,6,1.0,
rnn_only,8,7,incoming_bit,7,0.9999999999999999,
rnn_only,8,7,incoming_bit,8,1.0,
rnn_only,8,7,incoming_bit,9,1.0,
rnn_only,8,7,incoming_bit,10,1.0,
rnn_only,8,7,incoming_bit,11,1.0,
rnn_only,8,7,incoming_bit,12,1.0,
rnn_only,8,7,incoming_bit,13,1.0,
rnn_only,8,7,incoming_bit,14,1.0,
rnn_only,8,7,incoming_bit,15,1.0,
rnn_only,8,7,incoming_bit,16,1.0,
rnn_only,8,7,incoming_bit,17,1.0,
rnn_only,8,7,incoming_bit,18,1.0,
rnn_only,8,7,incoming_bit,19,1.0,
rnn_only,8,7,incoming_bit,20,1.0,
rnn_only,8,7,outgoing_bit,0,0.8605442176870749,
rnn_only,8,7,outgoing_bit,1,0.9401504787961696,
rnn_only,8,7,outgoing_bit,2,0.9111339852461829,
rnn_only,8,7,outgoing_bit,3,0.9278002699055331,
rnn_only,8,7,outgoing_bit,4,0.9043440105309346,
rnn_only,8,7,outgoing_bit,5,0.8556005398110661,
rnn_only,8,7,outgoing_bit,6,0.8851351351351351,
rnn_only,8,7,outgoing_bit,7,0.8881944444444445,
rnn_only,8,7,outgoing_bit,8,0.8587257617728532,
rnn_only,8,7,outgoing_bit,9,0.9388888888888889,
rnn_only,8,7,outgoing_bit,10,0.9083333333333333,
rnn_only,8,7,outgoing_bit,11,0.8861111111111111,
rnn_only,8,7,outgoing_bit,12,0.7999999999999999,
rnn_only,8,7,outgoing_bit,13,0.9523809523809524,
rnn_only,8,7,outgoing_bit,14,,
rnn_only,8,7,outgoing_bit,15,,
rnn_only,8,7,outgoing_bit,16,,
rnn_only,8,7,outgoing_bit,17,,
rnn_only,8,7,outgoing_bit,18,,
rnn_only,8,7,outgoing_bit,19,,
rnn_only,8,7,outgoing_bit,20,,
rnn_only,8,7,next_parity,0,,
rnn_only,8,7,next_parity,1,0.5193965517241379,
rnn_only,8,7,next_parity,2,0.4687768056270372,
rnn_only,8,7,next_parity,3,0.46597127222982215,
rnn_only,8,7,next_parity,4,0.5885337392186708,
rnn_only,8,7,next_parity,5,0.5517445799457994,
rnn_only,8,7,next_parity,6,0.4915032679738562,
rnn_only,8,7,next_parity,7,0.47244897959183674,
rnn_only,8,7,next_parity,8,0.49999999999999994,
rnn_only,8,7,next_parity,9,0.4339430894308944,
rnn_only,8,7,next_parity,10,0.4958448753462604,
rnn_only,8,7,next_parity,11,0.5154061624649859,
rnn_only,8,7,next_parity,12,0.4666666666666667,
rnn_only,8,7,next_parity,13,0.6106442577030813,
rnn_only,8,7,next_parity,14,0.610144927536232,
rnn_only,8,7,next_parity,15,0.6666666666666667,
rnn_only,8,7,next_parity,16,,
rnn_only,8,7,next_parity,17,,
rnn_only,8,7,next_parity,18,,
rnn_only,8,7,next_parity,19,,
rnn_only,8,7,next_parity,20,,
rnn_only,8,8,incoming_bit,0,1.0,
rnn_only,8,8,incoming_bit,1,1.0,
rnn_only,8,8,incoming_bit,2,1.0,
rnn_only,8,8,incoming_bit,3,1.0,
rnn_only,8,8,incoming_bit,4,1.0,
rnn_only,8,8,incoming_bit,5,1.0,
rnn_only,8,8,incoming_bit,6,1.0,
rnn_only,8,8,incoming_bit,7,1.0,
rnn_only,8,8,incoming_bit,8,1.0,
rnn_only,8,8,incoming_bit,9,1.0,
rnn_only,8,8,incoming_bit,10,1.0,
rnn_only,8,8,incoming_bit,11,0.9999999999999999,
rnn_only,8,8,incoming_bit,12,1.0,
rnn_only,8,8,incoming_bit,13,1.0,
rnn_only,8,8,incoming_bit,14,1.0,
rnn_only,8,8,incoming_bit,15,1.0,
rnn_only,8,8,incoming_bit,16,1.0,
rnn_only,8,8,incoming_bit,17,1.0,
rnn_only,8,8,incoming_bit,18,1.0,
rnn_only,8,8,incoming_bit,19,1.0,
rnn_only,8,8,incoming_bit,20,1.0,
rnn_only,8,8,incoming_bit,21,1.0,
rnn_only,8,8,outgoing_bit,0,0.835357624831309,
rnn_only,8,8,outgoing_bit,1,0.8846283783783784,
rnn_only,8,8,outgoing_bit,2,0.9058704453441295,
rnn_only,8,8,outgoing_bit,3,0.9018707482993197,
rnn_only,8,8,outgoing_bit,4,0.7975708502024292,
rnn_only,8,8,outgoing_bit,5,0.8189189189189189,
rnn_only,8,8,outgoing_bit,6,0.899452804377565,
rnn_only,8,8,outgoing_bit,7,0.9056087551299589,
rnn_only,8,8,outgoing_bit,8,0.8492753623188406,
rnn_only,8,8,outgoing_bit,9,0.7722222222222221,
rnn_only,8,8,outgoing_bit,10,0.7731092436974789,
rnn_only,8,8,outgoing_bit,11,0.9594202898550726,
rnn_only,8,8,outgoing_bit,12,0.9243697478991596,
rnn_only,8,8,outgoing_bit,13,0.9666666666666668,
rnn_only,8,8,outgoing_bit,14,,
rnn_only,8,8,outgoing_bit,15,,
rnn_only,8,8,outgoing_bit,16,,
rnn_only,8,8,outgoing_bit,17,,
rnn_only,8,8,outgoing_bit,18,,
rnn_only,8,8,outgoing_bit,19,,
rnn_only,8,8,outgoing_bit,20,,
rnn_only,8,8,outgoing_bit,21,,
rnn_only,8,8,next_parity,0,,
rnn_only,8,8,next_parity,1,0.5143707482993197,
rnn_only,8,8,next_parity,2,0.44880952380952377,
rnn_only,8,8,next_parity,3,0.5362331081081081,
rnn_only,8,8,next_parity,4,0.42598238482384826,
rnn_only,8,8,next_parity,5,0.5166666666666666,
rnn_only,8,8,next_parity,6,0.3873456790123457,
rnn_only,8,8,next_parity,7,0.44201388888888893,
rnn_only,8,8,next_parity,8,0.5386456908344732,
rnn_only,8,8,next_parity,9,0.5483108108108108,
rnn_only,8,8,next_parity,10,0.6011080332409973,
rnn_only,8,8,next_parity,11,0.5238095238095238,
rnn_only,8,8,next_parity,12,0.475,
rnn_only,8,8,next_parity,13,0.5882352941176472,
rnn_only,8,8,next_parity,14,0.4318840579710145,
rnn_only,8,8,next_parity,15,0.5,
rnn_only,8,8,next_parity,16,,
rnn_only,8,8,next_parity,17,,
rnn_only,8,8,next_parity,18,,
rnn_only,8,8,next_parity,19,,
rnn_only,8,8,next_parity,20,,
rnn_only,8,8,next_parity,21,,
rnn_only,8,9,incoming_bit,0,1.0,
rnn_only,8,9,incoming_bit,1,1.0,
rnn_only,8,9,incoming_bit,2,1.0,
rnn_only,8,9,incoming_bit,3,1.0,
rnn_only,8,9,incoming_bit,4,1.0,
rnn_only,8,9,incoming_bit,5,1.0,
rnn_only,8,9,incoming_bit,6,1.0,
rnn_only,8,9,incoming_bit,7,1.0,
rnn_only,8,9,incoming_bit,8,1.0,
rnn_only,8,9,incoming_bit,9,1.0,
rnn_only,8,9,incoming_bit,10,1.0,
rnn_only,8,9,incoming_bit,11,1.0,
rnn_only,8,9,incoming_bit,12,1.0,
rnn_only,8,9,incoming_bit,13,1.0,
rnn_only,8,9,incoming_bit,14,1.0,
rnn_only,8,9,incoming_bit,15,1.0,
rnn_only,8,9,incoming_bit,16,1.0,
rnn_only,8,9,incoming_bit,17,1.0,
rnn_only,8,9,incoming_bit,18,1.0,
rnn_only,8,9,incoming_bit,19,1.0,
rnn_only,8,9,incoming_bit,20,1.0,
rnn_only,8,9,incoming_bit,21,1.0,
rnn_only,8,9,incoming_bit,22,1.0,
rnn_only,8,9,outgoing_bit,0,0.8518581081081081,
rnn_only,8,9,outgoing_bit,1,0.8919330289193304,
rnn_only,8,9,outgoing_bit,2,0.8904641350210971,
rnn_only,8,9,outgoing_bit,3,0.8447310368233498,
rnn_only,8,9,outgoing_bit,4,0.8651884700665189,
rnn_only,8,9,outgoing_bit,5,0.8414634146341463,
rnn_only,8,9,outgoing_bit,6,0.7951388888888888,
rnn_only,8,9,outgoing_bit,7,0.8630229419703105,
rnn_only,8,9,outgoing_bit,8,0.8260869565217391,
rnn_only,8,9,outgoing_bit,9,0.834733893557423,
rnn_only,8,9,outgoing_bit,10,0.7338935574229692,
rnn_only,8,9,outgoing_bit,11,0.8579710144927537,
rnn_only,8,9,outgoing_bit,12,0.8492753623188406,
rnn_only,8,9,outgoing_bit,13,0.7333333333333334,
rnn_only,8,9,outgoing_bit,14,,
rnn_only,8,9,outgoing_bit,15,,
rnn_only,8,9,outgoing_bit,16,,
rnn_only,8,9,outgoing_bit,17,,
rnn_only,8,9,outgoing_bit,18,,
rnn_only,8,9,outgoing_bit,19,,
rnn_only,8,9,outgoing_bit,20,,
rnn_only,8,9,outgoing_bit,21,,
rnn_only,8,9,outgoing_bit,22,,
rnn_only,8,9,next_parity,0,,
rnn_only,8,9,next_parity,1,0.45153061224489793,
rnn_only,8,9,next_parity,2,0.537121596482327,
rnn_only,8,9,next_parity,3,0.5212837837837838,
rnn_only,8,9,next_parity,4,0.5406414389954183,
rnn_only,8,9,next_parity,5,0.4123299319727891,
rnn_only,8,9,next_parity,6,0.5209150326797385,
rnn_only,8,9,next_parity,7,0.5430916552667578,
rnn_only,8,9,next_parity,8,0.47405329593267886,
rnn_only,8,9,next_parity,9,0.4189466484268127,
rnn_only,8,9,next_parity,10,0.6092307692307692,
rnn_only,8,9,next_parity,11,0.4761904761904762,
rnn_only,8,9,next_parity,12,0.5539772727272727,
rnn_only,8,9,next_parity,13,0.5361111111111111,
rnn_only,8,9,next_parity,14,0.4666666666666667,
rnn_only,8,9,next_parity,15,0.38333333333333336,
rnn_only,8,9,next_parity,16,,
rnn_only,8,9,next_parity,17,,
rnn_only,8,9,next_parity,18,,
rnn_only,8,9,next_parity,19,,
rnn_only,8,9,next_parity,20,,
rnn_only,8,9,next_parity,21,,
rnn_only,8,9,next_parity,22,,
rnn_only,8,10,incoming_bit,0,1.0,
rnn_only,8,10,incoming_bit,1,1.0,
rnn_only,8,10,incoming_bit,2,1.0,
rnn_only,8,10,incoming_bit,3,1.0,
rnn_only,8,10,incoming_bit,4,1.0,
rnn_only,8,10,incoming_bit,5,1.0,
rnn_only,8,10,incoming_bit,6,1.0,
rnn_only,8,10,incoming_bit,7,1.0,
rnn_only,8,10,incoming_bit,8,1.0,
rnn_only,8,10,incoming_bit,9,0.9999999999999999,
rnn_only,8,10,incoming_bit,10,1.0,
rnn_only,8,10,incoming_bit,11,1.0,
rnn_only,8,10,incoming_bit,12,1.0,
rnn_only,8,10,incoming_bit,13,1.0,
rnn_only,8,10,incoming_bit,14,1.0,
rnn_only,8,10,incoming_bit,15,1.0,
rnn_only,8,10,incoming_bit,16,1.0,
rnn_only,8,10,incoming_bit,17,1.0,
rnn_only,8,10,incoming_bit,18,1.0,
rnn_only,8,10,incoming_bit,19,1.0,
rnn_only,8,10,incoming_bit,20,1.0,
rnn_only,8,10,incoming_bit,21,1.0,
rnn_only,8,10,incoming_bit,22,1.0,
rnn_only,8,10,incoming_bit,23,1.0,
rnn_only,8,10,incoming_bit,24,1.0,
rnn_only,8,10,incoming_bit,25,1.0,
rnn_only,8,10,incoming_bit,26,1.0,
rnn_only,8,10,incoming_bit,27,1.0,
rnn_only,8,10,incoming_bit,28,1.0,
rnn_only,8,10,incoming_bit,29,1.0,
rnn_only,8,10,incoming_bit,30,1.0,
rnn_only,8,10,incoming_bit,31,1.0,
rnn_only,8,10,incoming_bit,32,1.0,
rnn_only,8,10,incoming_bit,33,1.0,
rnn_only,8,10,incoming_bit,34,1.0,
rnn_only,8,10,incoming_bit,35,1.0,
rnn_only,8,10,incoming_bit,36,1.0,
rnn_only,8,10,incoming_bit,37,1.0,
rnn_only,8,10,incoming_bit,38,1.0,
rnn_only,8,10,incoming_bit,39,1.0,
rnn_only,8,10,incoming_bit,40,1.0,
rnn_only,8,10,outgoing_bit,0,0.8713728152044798,
rnn_only,8,10,outgoing_bit,1,0.9186824498198662,
rnn_only,8,10,outgoing_bit,2,0.8589548452562151,
rnn_only,8,10,outgoing_bit,3,0.82614578048368,
rnn_only,8,10,outgoing_bit,4,0.8257437765634488,
rnn_only,8,10,outgoing_bit,5,0.8932637571157496,
rnn_only,8,10,outgoing_bit,6,0.8422202797202798,
rnn_only,8,10,outgoing_bit,7,0.8736383442265795,
rnn_only,8,10,outgoing_bit,8,0.8593939393939394,
rnn_only,8,10,outgoing_bit,9,0.8442728442728442,
rnn_only,8,10,outgoing_bit,10,0.8214285714285714,
rnn_only,8,10,outgoing_bit,11,0.8290909090909091,
rnn_only,8,10,outgoing_bit,12,0.7944711538461539,
rnn_only,8,10,outgoing_bit,13,0.7927170868347339,
rnn_only,8,10,outgoing_bit,14,0.6111111111111112,
rnn_only,8,10,outgoing_bit,15,0.788888888888889,
rnn_only,8,10,outgoing_bit,16,0.8888888888888888,
rnn_only,8,10,outgoing_bit,17,0.6785714285714286,
rnn_only,8,10,outgoing_bit,18,0.9431818181818181,
rnn_only,8,10,outgoing_bit,19,0.7444444444444446,
rnn_only,8,10,outgoing_bit,20,0.8222222222222222,
rnn_only,8,10,outgoing_bit,21,0.75,
rnn_only,8,10,outgoing_bit,22,0.8409090909090908,
rnn_only,8,10,outgoing_bit,23,0.9444444444444445,
rnn_only,8,10,outgoing_bit,24,0.7777777777777778,
rnn_only,8,10,outgoing_bit,25,0.75,
rnn_only,8,10,outgoing_bit,26,0.8666666666666666,
rnn_only,8,10,outgoing_bit,27,0.7954545454545454,
rnn_only,8,10,outgoing_bit,28,0.9000000000000001,
rnn_only,8,10,outgoing_bit,29,0.9431818181818181,
rnn_only,8,10,outgoing_bit,30,0.8666666666666667,
rnn_only,8,10,outgoing_bit,31,,
rnn_only,8,10,outgoing_bit,32,,
rnn_only,8,10,outgoing_bit,33,,
rnn_only,8,10,outgoing_bit,34,,
rnn_only,8,10,outgoing_bit,35,,
rnn_only,8,10,outgoing_bit,36,,
rnn_only,8,10,outgoing_bit,37,,
rnn_only,8,10,outgoing_bit,38,,
rnn_only,8,10,outgoing_bit,39,,
rnn_only,8,10,outgoing_bit,40,,
rnn_only,8,10,next_parity,0,,
rnn_only,8,10,next_parity,1,0.4605442176870748,
rnn_only,8,10,next_parity,2,0.485472972972973,
rnn_only,8,10,next_parity,3,0.42527548209366395,
rnn_only,8,10,next_parity,4,0.4503636056147472,
rnn_only,8,10,next_parity,5,0.5195420110192838,
rnn_only,8,10,next_parity,6,0.5232805842970176,
rnn_only,8,10,next_parity,7,0.4395943562610229,
rnn_only,8,10,next_parity,8,0.47883597883597884,
rnn_only,8,10,next_parity,9,0.5006521739130435,
rnn_only,8,10,next_parity,10,0.5360576923076923,
rnn_only,8,10,next_parity,11,0.4577883472057076,
rnn_only,8,10,next_parity,12,0.5707491082045183,
rnn_only,8,10,next_parity,13,0.38970588235294124,
rnn_only,8,10,next_parity,14,0.5697115384615383,
rnn_only,8,10,next_parity,15,0.4607843137254902,
rnn_only,8,10,next_parity,16,0.6222222222222222,
rnn_only,8,10,next_parity,17,0.37777777777777777,
rnn_only,8,10,next_parity,18,0.5666666666666667,
rnn_only,8,10,next_parity,19,0.16666666666666669,
rnn_only,8,10,next_parity,20,0.48863636363636365,
rnn_only,8,10,next_parity,21,0.2976190476190476,
rnn_only,8,10,next_parity,22,0.4222222222222222,
rnn_only,8,10,next_parity,23,0.6777777777777778,
rnn_only,8,10,next_parity,24,0.6444444444444445,
rnn_only,8,10,next_parity,25,0.5238095238095237,
rnn_only,8,10,next_parity,26,0.5111111111111111,
rnn_only,8,10,next_parity,27,0.4111111111111111,
rnn_only,8,10,next_parity,28,0.48888888888888893,
rnn_only,8,10,next_parity,29,0.7045454545454546,
rnn_only,8,10,next_parity,30,0.7051282051282051,
rnn_only,8,10,next_parity,31,0.4772727272727273,
rnn_only,8,10,next_parity,32,0.5113636363636364,
rnn_only,8,10,next_parity,33,,
rnn_only,8,10,next_parity,34,,
rnn_only,8,10,next_parity,35,,
rnn_only,8,10,next_parity,36,,
rnn_only,8,10,next_parity,37,,
rnn_only,8,10,next_parity,38,,
rnn_only,8,10,next_parity,39,,
rnn_only,8,10,next_parity,40,,
rnn_only,8,11,incoming_bit,0,1.0,
rnn_only,8,11,incoming_bit,1,1.0,
rnn_only,8,11,incoming_bit,2,1.0,
rnn_only,8,11,incoming_bit,3,1.0,
rnn_only,8,11,incoming_bit,4,1.0,
rnn_only,8,11,incoming_bit,5,1.0,
rnn_only,8,11,incoming_bit,6,1.0,
rnn_only,8,11,incoming_bit,7,1.0,
rnn_only,8,11,incoming_bit,8,1.0,
rnn_only,8,11,incoming_bit,9,1.0,
rnn_only,8,11,incoming_bit,10,1.0,
rnn_only,8,11,incoming_bit,11,1.0,
rnn_only,8,11,incoming_bit,12,1.0,
rnn_only,8,11,incoming_bit,13,1.0,
rnn_only,8,11,incoming_bit,14,1.0,
rnn_only,8,11,incoming_bit,15,1.0,
rnn_only,8,11,incoming_bit,16,1.0,
rnn_only,8,11,incoming_bit,17,1.0,
rnn_only,8,11,incoming_bit,18,1.0,
rnn_only,8,11,incoming_bit,19,1.0,
rnn_only,8,11,incoming_bit,20,1.0,
rnn_only,8,11,incoming_bit,21,0.9999999999999999,
rnn_only,8,11,incoming_bit,22,1.0,
rnn_only,8,11,incoming_bit,23,1.0,
rnn_only,8,11,incoming_bit,24,1.0,
rnn_only,8,11,incoming_bit,25,1.0,
rnn_only,8,11,incoming_bit,26,1.0,
rnn_only,8,11,incoming_bit,27,1.0,
rnn_only,8,11,incoming_bit,28,1.0,
rnn_only,8,11,incoming_bit,29,1.0,
rnn_only,8,11,incoming_bit,30,1.0,
rnn_only,8,11,incoming_bit,31,1.0,
rnn_only,8,11,incoming_bit,32,1.0,
rnn_only,8,11,incoming_bit,33,1.0,
rnn_only,8,11,incoming_bit,34,1.0,
rnn_only,8,11,incoming_bit,35,1.0,
rnn_only,8,11,incoming_bit,36,1.0,
rnn_only,8,11,incoming_bit,37,1.0,
rnn_only,8,11,incoming_bit,38,1.0,
rnn_only,8,11,incoming_bit,39,1.0,
rnn_only,8,11,incoming_bit,40,1.0,
rnn_only,8,11,incoming_bit,41,1.0,
rnn_only,8,11,incoming_bit,42,1.0,
rnn_only,8,11,incoming_bit,43,1.0,
rnn_only,8,11,outgoing_bit,0,0.7988175675675675,
rnn_only,8,11,outgoing_bit,1,0.8527914474800612,
rnn_only,8,11,outgoing_bit,2,0.8470588235294118,
rnn_only,8,11,outgoing_bit,3,0.8606029810298103,
rnn_only,8,11,outgoing_bit,4,0.8970588235294118,
rnn_only,8,11,outgoing_bit,5,0.8519509476031215,
rnn_only,8,11,outgoing_bit,6,0.8387096774193549,
rnn_only,8,11,outgoing_bit,7,0.8209255533199195,
rnn_only,8,11,outgoing_bit,8,0.8239222829386763,
rnn_only,8,11,outgoing_bit,9,0.9176755447941889,
rnn_only,8,11,outgoing_bit,10,0.894589552238806,
rnn_only,8,11,outgoing_bit,11,0.9025349650349651,
rnn_only,8,11,outgoing_bit,12,0.7637863656100738,
rnn_only,8,11,outgoing_bit,13,0.844319775596073,
rnn_only,8,11,outgoing_bit,14,0.7818627450980392,
rnn_only,8,11,outgoing_bit,15,0.8422939068100358,
rnn_only,8,11,outgoing_bit,16,0.7548076923076923,
rnn_only,8,11,outgoing_bit,17,0.8145065398335316,
rnn_only,8,11,outgoing_bit,18,0.7955182072829132,
rnn_only,8,11,outgoing_bit,19,0.8116343490304709,
rnn_only,8,11,outgoing_bit,20,0.8076923076923077,
rnn_only,8,11,outgoing_bit,21,0.880952380952381,
rnn_only,8,11,outgoing_bit,22,0.6444444444444445,
rnn_only,8,11,outgoing_bit,23,0.7954545454545454,
rnn_only,8,11,outgoing_bit,24,0.7555555555555555,
rnn_only,8,11,outgoing_bit,25,0.6818181818181818,
rnn_only,8,11,outgoing_bit,26,0.9571428571428571,
rnn_only,8,11,outgoing_bit,27,0.9,
rnn_only,8,11,outgoing_bit,28,0.8522727272727273,
rnn_only,8,11,outgoing_bit,29,0.6153846153846153,
rnn_only,8,11,outgoing_bit,30,0.8095238095238095,
rnn_only,8,11,outgoing_bit,31,0.6931818181818181,
rnn_only,8,11,outgoing_bit,32,0.8222222222222222,
rnn_only,8,11,outgoing_bit,33,,
rnn_only,8,11,outgoing_bit,34,,
rnn_only,8,11,outgoing_bit,35,,
rnn_only,8,11,outgoing_bit,36,,
rnn_only,8,11,outgoing_bit,37,,
rnn_only,8,11,outgoing_bit,38,,
rnn_only,8,11,outgoing_bit,39,,
rnn_only,8,11,outgoing_bit,40,,
rnn_only,8,11,outgoing_bit,41,,
rnn_only,8,11,outgoing_bit,42,,
rnn_only,8,11,outgoing_bit,43,,
rnn_only,8,11,next_parity,0,,
rnn_only,8,11,next_parity,1,0.5168273296127177,
rnn_only,8,11,next_parity,2,0.47657703365465925,
rnn_only,8,11,next_parity,3,0.4863945578231292,
rnn_only,8,11,next_parity,4,0.5059915611814345,
rnn_only,8,11,next_parity,5,0.48658227848101265,
rnn_only,8,11,next_parity,6,0.6022321428571429,
rnn_only,8,11,next_parity,7,0.5587568058076225,
rnn_only,8,11,next_parity,8,0.5065315315315315,
rnn_only,8,11,next_parity,9,0.49141583054626525,
rnn_only,8,11,next_parity,10,0.6439393939393939,
rnn_only,8,11,next_parity,11,0.5629159104658197,
rnn_only,8,11,next_parity,12,0.5792498487598305,
rnn_only,8,11,next_parity,13,0.493681917211329,
rnn_only,8,11,next_parity,14,0.3924825174825175,
rnn_only,8,11,next_parity,15,0.5344352617079889,
rnn_only,8,11,next_parity,16,0.41987577639751555,
rnn_only,8,11,next_parity,17,0.6230677764565994,
rnn_only,8,11,next_parity,18,0.4987373737373737,
rnn_only,8,11,next_parity,19,0.380499405469679,
rnn_only,8,11,next_parity,20,0.5154061624649859,
rnn_only,8,11,next_parity,21,0.4792243767313019,
rnn_only,8,11,next_parity,22,0.40198863636363635,
rnn_only,8,11,next_parity,23,0.5042016806722689,
rnn_only,8,11,next_parity,24,0.6190476190476191,
rnn_only,8,11,next_parity,25,0.7386363636363636,
rnn_only,8,11,next_parity,26,0.6555555555555556,
rnn_only,8,11,next_parity,27,0.6136363636363636,
rnn_only,8,11,next_parity,28,0.5,
rnn_only,8,11,next_parity,29,0.34090909090909094,
rnn_only,8,11,next_parity,30,0.4166666666666667,
rnn_only,8,11,next_parity,31,0.44871794871794873,
rnn_only,8,11,next_parity,32,0.6818181818181819,
rnn_only,8,11,next_parity,33,0.3181818181818182,
rnn_only,8,11,next_parity,34,0.3142857142857143,
rnn_only,8,11,next_parity,35,,
rnn_only,8,11,next_parity,36,,
rnn_only,8,11,next_parity,37,,
rnn_only,8,11,next_parity,38,,
rnn_only,8,11,next_parity,39,,
rnn_only,8,11,next_parity,40,,
rnn_only,8,11,next_parity,41,,
rnn_only,8,11,next_parity,42,,
rnn_only,8,11,next_parity,43,,
rnn_only,8,12,incoming_bit,0,1.0,
rnn_only,8,12,incoming_bit,1,1.0,
rnn_only,8,12,incoming_bit,2,1.0,
rnn_only,8,12,incoming_bit,3,1.0,
rnn_only,8,12,incoming_bit,4,1.0,
rnn_only,8,12,incoming_bit,5,1.0,
rnn_only,8,12,incoming_bit,6,1.0,
rnn_only,8,12,incoming_bit,7,1.0,
rnn_only,8,12,incoming_bit,8,1.0,
rnn_only,8,12,incoming_bit,9,1.0,
rnn_only,8,12,incoming_bit,10,1.0,
rnn_only,8,12,incoming_bit,11,1.0,
rnn_only,8,12,incoming_bit,12,1.0,
rnn_only,8,12,incoming_bit,13,1.0,
rnn_only,8,12,incoming_bit,14,1.0,
rnn_only,8,12,incoming_bit,15,1.0,
rnn_only,8,12,incoming_bit,16,1.0,
rnn_only,8,12,incoming_bit,17,1.0,
rnn_only,8,12,incoming_bit,18,1.0,
rnn_only,8,12,incoming_bit,19,1.0,
rnn_only,8,12,incoming_bit,20,1.0,
rnn_only,8,12,incoming_bit,21,1.0,
rnn_only,8,12,incoming_bit,22,1.0,
rnn_only,8,12,incoming_bit,23,1.0,
rnn_only,8,12,incoming_bit,24,1.0,
rnn_only,8,12,incoming_bit,25,1.0,
rnn_only,8,12,incoming_bit,26,1.0,
rnn_only,8,12,incoming_bit,27,1.0,
rnn_only,8,12,incoming_bit,28,1.0,
rnn_only,8,12,incoming_bit,29,1.0,
rnn_only,8,12,incoming_bit,30,1.0,
rnn_only,8,12,incoming_bit,31,1.0,
rnn_only,8,12,incoming_bit,32,1.0,
rnn_only,8,12,incoming_bit,33,1.0,
rnn_only,8,12,incoming_bit,34,1.0,
rnn_only,8,12,incoming_bit,35,1.0,
rnn_only,8,12,incoming_bit,36,1.0,
rnn_only,8,12,incoming_bit,37,1.0,
rnn_only,8,12,incoming_bit,38,1.0,
rnn_only,8,12,incoming_bit,39,1.0,
rnn_only,8,12,incoming_bit,40,1.0,
rnn_only,8,12,incoming_bit,41,1.0,
rnn_only,8,12,incoming_bit,42,1.0,
rnn_only,8,12,incoming_bit,43,1.0,
rnn_only,8,12,incoming_bit,44,1.0,
rnn_only,8,12,incoming_bit,45,1.0,
rnn_only,8,12,incoming_bit,46,1.0,
rnn_only,8,12,incoming_bit,47,1.0,
rnn_only,8,12,incoming_bit,48,1.0,
rnn_only,8,12,outgoing_bit,0,0.7973484848484849,
rnn_only,8,12,outgoing_bit,1,0.849616368286445,
rnn_only,8,12,outgoing_bit,2,0.8953154067309318,
rnn_only,8,12,outgoing_bit,3,0.8763495276653172,
rnn_only,8,12,outgoing_bit,4,0.8394813324390789,
rnn_only,8,12,outgoing_bit,5,0.8035674470457078,
rnn_only,8,12,outgoing_bit,6,0.8266488413547236,
rnn_only,8,12,outgoing_bit,7,0.7712374581939799,
rnn_only,8,12,outgoing_bit,8,0.8364839319470698,
rnn_only,8,12,outgoing_bit,9,0.9080949482653682,
rnn_only,8,12,outgoing_bit,10,0.8021778584392014,
rnn_only,8,12,outgoing_bit,11,0.8269581056466302,
rnn_only,8,12,outgoing_bit,12,0.7824754901960784,
rnn_only,8,12,outgoing_bit,13,0.8216145833333333,
rnn_only,8,12,outgoing_bit,14,0.7435374149659864,
rnn_only,8,12,outgoing_bit,15,0.8448979591836735,
rnn_only,8,12,outgoing_bit,16,0.8225371120107962,
rnn_only,8,12,outgoing_bit,17,0.8496598639455781,
rnn_only,8,12,outgoing_bit,18,0.7658569500674763,
rnn_only,8,12,outgoing_bit,19,0.7920054200542006,
rnn_only,8,12,outgoing_bit,20,0.8594594594594595,
rnn_only,8,12,outgoing_bit,21,0.8231292517006803,
rnn_only,8,12,outgoing_bit,22,0.8070175438596491,
rnn_only,8,12,outgoing_bit,23,0.8346883468834689,
rnn_only,8,12,outgoing_bit,24,0.6828609986504723,
rnn_only,8,12,outgoing_bit,25,0.8367768595041322,
rnn_only,8,12,outgoing_bit,26,0.7611336032388664,
rnn_only,8,12,outgoing_bit,27,0.800275482093664,
rnn_only,8,12,outgoing_bit,28,0.777027027027027,
rnn_only,8,12,outgoing_bit,29,0.766531713900135,
rnn_only,8,12,outgoing_bit,30,0.8380566801619432,
rnn_only,8,12,outgoing_bit,31,0.8502710027100271,
rnn_only,8,12,outgoing_bit,32,0.8380758807588076,
rnn_only,8,12,outgoing_bit,33,0.8504901960784315,
rnn_only,8,12,outgoing_bit,34,0.8183990442054958,
rnn_only,8,12,outgoing_bit,35,0.8583333333333334,
rnn_only,8,12,outgoing_bit,36,0.7666666666666667,
rnn_only,8,12,outgoing_bit,37,,
rnn_only,8,12,outgoing_bit,38,,
rnn_only,8,12,outgoing_bit,39,,
rnn_only,8,12,outgoing_bit,40,,
rnn_only,8,12,outgoing_bit,41,,
rnn_only,8,12,outgoing_bit,42,,
rnn_only,8,12,outgoing_bit,43,,
rnn_only,8,12,outgoing_bit,44,,
rnn_only,8,12,outgoing_bit,45,,
rnn_only,8,12,outgoing_bit,46,,
rnn_only,8,12,outgoing_bit,47,,
rnn_only,8,12,outgoing_bit,48,,
rnn_only,8,12,next_parity,0,,
rnn_only,8,12,next_parity,1,0.5090295358649788,
rnn_only,8,12,next_parity,2,0.4758953168044077,
rnn_only,8,12,next_parity,3,0.5141214273634365,
rnn_only,8,12,next_parity,4,0.5180499325236168,
rnn_only,8,12,next_parity,5,0.5148648648648648,
rnn_only,8,12,next_parity,6,0.4634581105169341,
rnn_only,8,12,next_parity,7,0.5092530657748049,
rnn_only,8,12,next_parity,8,0.46523585960205677,
rnn_only,8,12,next_parity,9,0.48259600269481245,
rnn_only,8,12,next_parity,10,0.546865489957395,
rnn_only,8,12,next_parity,11,0.6150576806314512,
rnn_only,8,12,next_parity,12,0.5730371272063299,
rnn_only,8,12,next_parity,13,0.4798534798534798,
rnn_only,8,12,next_parity,14,0.4822954822954823,
rnn_only,8,12,next_parity,15,0.47286148501953973,
rnn_only,8,12,next_parity,16,0.4863201094391245,
rnn_only,8,12,next_parity,17,0.5392561983471075,
rnn_only,8,12,next_parity,18,0.6329201101928374,
rnn_only,8,12,next_parity,19,0.5680272108843537,
rnn_only,8,12,next_parity,20,0.5389876880984953,
rnn_only,8,12,next_parity,21,0.5098176718092566,
rnn_only,8,12,next_parity,22,0.45189701897018975,
rnn_only,8,12,next_parity,23,0.4155405405405405,
rnn_only,8,12,next_parity,24,0.5047879616963065,
rnn_only,8,12,next_parity,25,0.4932249322493225,
rnn_only,8,12,next_parity,26,0.4324324324324324,
rnn_only,8,12,next_parity,27,0.6120567375886525,
rnn_only,8,12,next_parity,28,0.5813008130081301,
rnn_only,8,12,next_parity,29,0.5040816326530613,
rnn_only,8,12,next_parity,30,0.43902439024390244,
rnn_only,8,12,next_parity,31,0.5547297297297298,
rnn_only,8,12,next_parity,32,0.5209176788124157,
rnn_only,8,12,next_parity,33,0.4613821138211382,
rnn_only,8,12,next_parity,34,0.5634278002699054,
rnn_only,8,12,next_parity,35,0.5364396654719237,
rnn_only,8,12,next_parity,36,0.5408653846153846,
rnn_only,8,12,next_parity,37,0.42174432497013137,
rnn_only,8,12,next_parity,38,0.9333333333333332,
rnn_only,8,12,next_parity,39,,
rnn_only,8,12,next_parity,40,,
rnn_only,8,12,next_parity,41,,
rnn_only,8,12,next_parity,42,,
rnn_only,8,12,next_parity,43,,
rnn_only,8,12,next_parity,44,,
rnn_only,8,12,next_parity,45,,
rnn_only,8,12,next_parity,46,,
rnn_only,8,12,next_parity,47,,
rnn_only,8,12,next_parity,48,,
rnn_only,8,13,incoming_bit,0,1.0,
rnn_only,8,13,incoming_bit,1,1.0,
rnn_only,8,13,incoming_bit,2,1.0,
rnn_only,8,13,incoming_bit,3,1.0,
rnn_only,8,13,incoming_bit,4,1.0,
rnn_only,8,13,incoming_bit,5,1.0,
rnn_only,8,13,incoming_bit,6,1.0,
rnn_only,8,13,incoming_bit,7,1.0,
rnn_only,8,13,incoming_bit,8,1.0,
rnn_only,8,13,incoming_bit,9,1.0,
rnn_only,8,13,incoming_bit,10,1.0,
rnn_only,8,13,incoming_bit,11,1.0,
rnn_only,8,13,incoming_bit,12,1.0,
rnn_only,8,13,incoming_bit,13,1.0,
rnn_only,8,13,incoming_bit,14,1.0,
rnn_only,8,13,incoming_bit,15,0.9998313090418354,
rnn_only,8,13,incoming_bit,16,1.0,
rnn_only,8,13,incoming_bit,17,1.0,
rnn_only,8,13,incoming_bit,18,1.0,
rnn_only,8,13,incoming_bit,19,1.0,
rnn_only,8,13,incoming_bit,20,1.0,
rnn_only,8,13,incoming_bit,21,1.0,
rnn_only,8,13,incoming_bit,22,1.0,
rnn_only,8,13,incoming_bit,23,1.0,
rnn_only,8,13,incoming_bit,24,1.0,
rnn_only,8,13,incoming_bit,25,1.0,
rnn_only,8,13,incoming_bit,26,1.0,
rnn_only,8,13,incoming_bit,27,1.0,
rnn_only,8,13,incoming_bit,28,1.0,
rnn_only,8,13,incoming_bit,29,1.0,
rnn_only,8,13,incoming_bit,30,1.0,
rnn_only,8,13,incoming_bit,31,1.0,
rnn_only,8,13,incoming_bit,32,1.0,
rnn_only,8,13,incoming_bit,33,1.0,
rnn_only,8,13,incoming_bit,34,1.0,
rnn_only,8,13,incoming_bit,35,1.0,
rnn_only,8,13,incoming_bit,36,1.0,
rnn_only,8,13,incoming_bit,37,1.0,
rnn_only,8,13,incoming_bit,38,1.0,
rnn_only,8,13,incoming_bit,39,1.0,
rnn_only,8,13,incoming_bit,40,1.0,
rnn_only,8,13,incoming_bit,41,1.0,
rnn_only,8,13,incoming_bit,42,1.0,
rnn_only,8,13,incoming_bit,43,1.0,
rnn_only,8,13,incoming_bit,44,1.0,
rnn_only,8,13,incoming_bit,45,1.0,
rnn_only,8,13,incoming_bit,46,1.0,
rnn_only,8,13,incoming_bit,47,1.0,
rnn_only,8,13,incoming_bit,48,1.0,
rnn_only,8,13,incoming_bit,49,1.0,
rnn_only,8,13,incoming_bit,50,1.0,
rnn_only,8,13,incoming_bit,51,1.0,
rnn_only,8,13,incoming_bit,52,1.0,
rnn_only,8,13,outgoing_bit,0,0.8368002705902249,
rnn_only,8,13,outgoing_bit,1,0.8355442176870749,
rnn_only,8,13,outgoing_bit,2,0.8639507422402158,
rnn_only,8,13,outgoing_bit,3,0.779054054054054,
rnn_only,8,13,outgoing_bit,4,0.8680044593088072,
rnn_only,8,13,outgoing_bit,5,0.9180218311427935,
rnn_only,8,13,outgoing_bit,6,0.8825757575757576,
rnn_only,8,13,outgoing_bit,7,0.8947132616487455,
rnn_only,8,13,outgoing_bit,8,0.798728813559322,
rnn_only,8,13,outgoing_bit,9,0.8596969696969697,
rnn_only,8,13,outgoing_bit,10,0.8418181818181818,
rnn_only,8,13,outgoing_bit,11,0.8779671332927571,
rnn_only,8,13,outgoing_bit,12,0.9049787492410444,
rnn_only,8,13,outgoing_bit,13,0.8054545454545453,
rnn_only,8,13,outgoing_bit,14,0.8758227292672225,
rnn_only,8,13,outgoing_bit,15,0.808076422058185,
rnn_only,8,13,outgoing_bit,16,0.8251748251748252,
rnn_only,8,13,outgoing_bit,17,0.7498903027643704,
rnn_only,8,13,outgoing_bit,18,0.8165784832451499,
rnn_only,8,13,outgoing_bit,19,0.7711680416847589,
rnn_only,8,13,outgoing_bit,20,0.8382608695652173,
rnn_only,8,13,outgoing_bit,21,0.8113207547169811,
rnn_only,8,13,outgoing_bit,22,0.7947712418300654,
rnn_only,8,13,outgoing_bit,23,0.7264437689969605,
rnn_only,8,13,outgoing_bit,24,0.8630978499341817,
rnn_only,8,13,outgoing_bit,25,0.7682608695652174,
rnn_only,8,13,outgoing_bit,26,0.8660869565217392,
rnn_only,8,13,outgoing_bit,27,0.7712418300653594,
rnn_only,8,13,outgoing_bit,28,0.8030501089324618,
rnn_only,8,13,outgoing_bit,29,0.8638838475499092,
rnn_only,8,13,outgoing_bit,30,0.8283224400871461,
rnn_only,8,13,outgoing_bit,31,0.8656521739130435,
rnn_only,8,13,outgoing_bit,32,0.7954545454545454,
rnn_only,8,13,outgoing_bit,33,0.858974358974359,
rnn_only,8,13,outgoing_bit,34,0.7982093663911846,
rnn_only,8,13,outgoing_bit,35,0.7804054054054054,
rnn_only,8,13,outgoing_bit,36,0.7694444444444444,
rnn_only,8,13,outgoing_bit,37,0.8666666666666667,
rnn_only,8,13,outgoing_bit,38,0.5111111111111112,
rnn_only,8,13,outgoing_bit,39,0.5555555555555556,
rnn_only,8,13,outgoing_bit,40,,
rnn_only,8,13,outgoing_bit,41,,
rnn_only,8,13,outgoing_bit,42,,
rnn_only,8,13,outgoing_bit,43,,
rnn_only,8,13,outgoing_bit,44,,
rnn_only,8,13,outgoing_bit,45,,
rnn_only,8,13,outgoing_bit,46,,
rnn_only,8,13,outgoing_bit,47,,
rnn_only,8,13,outgoing_bit,48,,
rnn_only,8,13,outgoing_bit,49,,
rnn_only,8,13,outgoing_bit,50,,
rnn_only,8,13,outgoing_bit,51,,
rnn_only,8,13,outgoing_bit,52,,
rnn_only,8,13,next_parity,0,,
rnn_only,8,13,next_parity,1,0.5733333333333334,
rnn_only,8,13,next_parity,2,0.45354609929078016,
rnn_only,8,13,next_parity,3,0.5537414965986395,
rnn_only,8,13,next_parity,4,0.5275750890887494,
rnn_only,8,13,next_parity,5,0.48245614035087714,
rnn_only,8,13,next_parity,6,0.44474153297682706,
rnn_only,8,13,next_parity,7,0.42608695652173917,
rnn_only,8,13,next_parity,8,0.5078605604921393,
rnn_only,8,13,next_parity,9,0.5003368515607456,
rnn_only,8,13,next_parity,10,0.5193939393939394,
rnn_only,8,13,next_parity,11,0.39707711442786064,
rnn_only,8,13,next_parity,12,0.587936507936508,
rnn_only,8,13,next_parity,13,0.586427267194157,
rnn_only,8,13,next_parity,14,0.5435571687840289,
rnn_only,8,13,next_parity,15,0.5186567164179106,
rnn_only,8,13,next_parity,16,0.42418689876317,
rnn_only,8,13,next_parity,17,0.5282608695652173,
rnn_only,8,13,next_parity,18,0.5263616557734204,
rnn_only,8,13,next_parity,19,0.5904139433551198,
rnn_only,8,13,next_parity,20,0.5572552447552448,
rnn_only,8,13,next_parity,21,0.5297438124185845,
rnn_only,8,13,next_parity,22,0.5004347826086957,
rnn_only,8,13,next_parity,23,0.48732517482517484,
rnn_only,8,13,next_parity,24,0.5216049382716049,
rnn_only,8,13,next_parity,25,0.46607538802660753,
rnn_only,8,13,next_parity,26,0.4965034965034965,
rnn_only,8,13,next_parity,27,0.501763668430335,
rnn_only,8,13,next_parity,28,0.48828125,
rnn_only,8,13,next_parity,29,0.6147826086956523,
rnn_only,8,13,next_parity,30,0.4739583333333333,
rnn_only,8,13,next_parity,31,0.5607638888888888,
rnn_only,8,13,next_parity,32,0.5097698653929656,
rnn_only,8,13,next_parity,33,0.5348627980206928,
rnn_only,8,13,next_parity,34,0.5381263616557734,
rnn_only,8,13,next_parity,35,0.5060810810810811,
rnn_only,8,13,next_parity,36,0.5840108401084011,
rnn_only,8,13,next_parity,37,0.55,
rnn_only,8,13,next_parity,38,0.4677871148459384,
rnn_only,8,13,next_parity,39,0.41025641025641024,
rnn_only,8,13,next_parity,40,0.4285714285714285,
rnn_only,8,13,next_parity,41,0.5170454545454546,
rnn_only,8,13,next_parity,42,,
rnn_only,8,13,next_parity,43,,
rnn_only,8,13,next_parity,44,,
rnn_only,8,13,next_parity,45,,
rnn_only,8,13,next_parity,46,,
rnn_only,8,13,next_parity,47,,
rnn_only,8,13,next_parity,48,,
rnn_only,8,13,next_parity,49,,
rnn_only,8,13,next_parity,50,,
rnn_only,8,13,next_parity,51,,
rnn_only,8,13,next_parity,52,,
rnn_only,8,14,incoming_bit,0,1.0,
rnn_only,8,14,incoming_bit,1,1.0,
rnn_only,8,14,incoming_bit,2,1.0,
rnn_only,8,14,incoming_bit,3,1.0,
rnn_only,8,14,incoming_bit,4,1.0,
rnn_only,8,14,incoming_bit,5,1.0,
rnn_only,8,14,incoming_bit,6,1.0,
rnn_only,8,14,incoming_bit,7,1.0,
rnn_only,8,14,incoming_bit,8,1.0,
rnn_only,8,14,incoming_bit,9,1.0,
rnn_only,8,14,incoming_bit,10,1.0,
rnn_only,8,14,incoming_bit,11,1.0,
rnn_only,8,14,incoming_bit,12,1.0,
rnn_only,8,14,incoming_bit,13,1.0,
rnn_only,8,14,incoming_bit,14,1.0,
rnn_only,8,14,incoming_bit,15,1.0,
rnn_only,8,14,incoming_bit,16,1.0,
rnn_only,8,14,incoming_bit,17,1.0,
rnn_only,8,14,incoming_bit,18,1.0,
rnn_only,8,14,incoming_bit,19,1.0,
rnn_only,8,14,incoming_bit,20,1.0,
rnn_only,8,14,incoming_bit,21,1.0,
rnn_only,8,14,incoming_bit,22,1.0,
rnn_only,8,14,incoming_bit,23,1.0,
rnn_only,8,14,incoming_bit,24,1.0,
rnn_only,8,14,incoming_bit,25,1.0,
rnn_only,8,14,incoming_bit,26,1.0,
rnn_only,8,14,incoming_bit,27,1.0,
rnn_only,8,14,incoming_bit,28,1.0,
rnn_only,8,14,incoming_bit,29,1.0,
rnn_only,8,14,incoming_bit,30,1.0,
rnn_only,8,14,incoming_bit,31,1.0,
rnn_only,8,14,incoming_bit,32,1.0,
rnn_only,8,14,incoming_bit,33,1.0,
rnn_only,8,14,incoming_bit,34,1.0,
rnn_only,8,14,incoming_bit,35,1.0,
rnn_only,8,14,incoming_bit,36,1.0,
rnn_only,8,14,incoming_bit,37,1.0,
rnn_only,8,14,incoming_bit,38,1.0,
rnn_only,8,14,incoming_bit,39,1.0,
rnn_only,8,14,incoming_bit,40,1.0,
rnn_only,8,14,incoming_bit,41,1.0,
rnn_only,8,14,incoming_bit,42,1.0,
rnn_only,8,14,incoming_bit,43,1.0,
rnn_only,8,14,incoming_bit,44,1.0,
rnn_only,8,14,incoming_bit,45,1.0,
rnn_only,8,14,incoming_bit,46,1.0,
rnn_only,8,14,incoming_bit,47,1.0,
rnn_only,8,14,incoming_bit,48,1.0,
rnn_only,8,14,incoming_bit,49,1.0,
rnn_only,8,14,incoming_bit,50,1.0,
rnn_only,8,14,incoming_bit,51,1.0,
rnn_only,8,14,incoming_bit,52,1.0,
rnn_only,8,14,incoming_bit,53,1.0,
rnn_only,8,14,outgoing_bit,0,0.798611111111111,
rnn_only,8,14,outgoing_bit,1,0.8905800777946897,
rnn_only,8,14,outgoing_bit,2,0.8738175675675676,
rnn_only,8,14,outgoing_bit,3,0.8066801619433198,
rnn_only,8,14,outgoing_bit,4,0.8294130824372761,
rnn_only,8,14,outgoing_bit,5,0.8685267857142857,
rnn_only,8,14,outgoing_bit,6,0.7916666666666666,
rnn_only,8,14,outgoing_bit,7,0.796412764966224,
rnn_only,8,14,outgoing_bit,8,0.7646520146520147,
rnn_only,8,14,outgoing_bit,9,0.8832720588235294,
rnn_only,8,14,outgoing_bit,10,0.8501538461538461,
rnn_only,8,14,outgoing_bit,11,0.8925745587340231,
rnn_only,8,14,outgoing_bit,12,0.7802197802197801,
rnn_only,8,14,outgoing_bit,13,0.8272616879174257,
rnn_only,8,14,outgoing_bit,14,0.923957856161246,
rnn_only,8,14,outgoing_bit,15,0.8243478260869566,
rnn_only,8,14,outgoing_bit,16,0.8051777095217201,
rnn_only,8,14,outgoing_bit,17,0.8929354980254498,
rnn_only,8,14,outgoing_bit,18,0.7972795085563844,
rnn_only,8,14,outgoing_bit,19,0.860616587060356,
rnn_only,8,14,outgoing_bit,20,0.8222222222222222,
rnn_only,8,14,outgoing_bit,21,0.8638580931263858,
rnn_only,8,14,outgoing_bit,22,0.8192239858906526,
rnn_only,8,14,outgoing_bit,23,0.8695652173913044,
rnn_only,8,14,outgoing_bit,24,0.8267477203647415,
rnn_only,8,14,outgoing_bit,25,0.8312499999999999,
rnn_only,8,14,outgoing_bit,26,0.7899782135076253,
rnn_only,8,14,outgoing_bit,27,0.8333333333333333,
rnn_only,8,14,outgoing_bit,28,0.8901960784313726,
rnn_only,8,14,outgoing_bit,29,0.8273601398601399,
rnn_only,8,14,outgoing_bit,30,0.8183035714285715,
rnn_only,8,14,outgoing_bit,31,0.7683566433566433,
rnn_only,8,14,outgoing_bit,32,0.793747286148502,
rnn_only,8,14,outgoing_bit,33,0.8170068027210885,
rnn_only,8,14,outgoing_bit,34,0.8475609756097562,
rnn_only,8,14,outgoing_bit,35,0.6581081081081082,
rnn_only,8,14,outgoing_bit,36,0.9327731092436975,
rnn_only,8,14,outgoing_bit,37,0.34090909090909094,
rnn_only,8,14,outgoing_bit,38,0.6547619047619047,
rnn_only,8,14,outgoing_bit,39,0.5,
rnn_only,8,14,outgoing_bit,40,,
rnn_only,8,14,outgoing_bit,41,,
rnn_only,8,14,outgoing_bit,42,,
rnn_only,8,14,outgoing_bit,43,,
rnn_only,8,14,outgoing_bit,44,,
rnn_only,8,14,outgoing_bit,45,,
rnn_only,8,14,outgoing_bit,46,,
rnn_only,8,14,outgoing_bit,47,,
rnn_only,8,14,outgoing_bit,48,,
rnn_only,8,14,outgoing_bit,49,,
rnn_only,8,14,outgoing_bit,50,,
rnn_only,8,14,outgoing_bit,51,,
rnn_only,8,14,outgoing_bit,52,,
rnn_only,8,14,outgoing_bit,53,,
rnn_only,8,14,next_parity,0,,
rnn_only,8,14,next_parity,1,0.467026480013493,
rnn_only,8,14,next_parity,2,0.597469220246238,
rnn_only,8,14,next_parity,3,0.5330634278002699,
rnn_only,8,14,next_parity,4,0.5549872122762148,
rnn_only,8,14,next_parity,5,0.5232793522267207,
rnn_only,8,14,next_parity,6,0.4804381846635368,
rnn_only,8,14,next_parity,7,0.5337853107344633,
rnn_only,8,14,next_parity,8,0.4782025486250838,
rnn_only,8,14,next_parity,9,0.44474153297682706,
rnn_only,8,14,next_parity,10,0.4795918367346939,
rnn_only,8,14,next_parity,11,0.5864615384615386,
rnn_only,8,14,next_parity,12,0.5246153846153846,
rnn_only,8,14,next_parity,13,0.5161290322580645,
rnn_only,8,14,next_parity,14,0.4743351886209029,
rnn_only,8,14,next_parity,15,0.5411622276029056,
rnn_only,8,14,next_parity,16,0.5178260869565217,
rnn_only,8,14,next_parity,17,0.45972222222222225,
rnn_only,8,14,next_parity,18,0.6092657342657343,
rnn_only,8,14,next_parity,19,0.3298059964726631,
rnn_only,8,14,next_parity,20,0.4669565217391305,
rnn_only,8,14,next_parity,21,0.5274243089074155,
rnn_only,8,14,next_parity,22,0.4182692307692307,
rnn_only,8,14,next_parity,23,0.524352786309785,
rnn_only,8,14,next_parity,24,0.44931987713909616,
rnn_only,8,14,next_parity,25,0.5538194444444444,
rnn_only,8,14,next_parity,26,0.48717391304347823,
rnn_only,8,14,next_parity,27,0.5651601579640193,
rnn_only,8,14,next_parity,28,0.5178260869565218,
rnn_only,8,14,next_parity,29,0.5505861919235779,
rnn_only,8,14,next_parity,30,0.4679738562091503,
rnn_only,8,14,next_parity,31,0.4691840277777778,
rnn_only,8,14,next_parity,32,0.5847826086956522,
rnn_only,8,14,next_parity,33,0.5254988913525499,
rnn_only,8,14,next_parity,34,0.5110725141120278,
rnn_only,8,14,next_parity,35,0.44791666666666674,
rnn_only,8,14,next_parity,36,0.4410569105691057,
rnn_only,8,14,next_parity,37,0.4855371900826446,
rnn_only,8,14,next_parity,38,0.6166666666666666,
rnn_only,8,14,next_parity,39,0.3409090909090909,
rnn_only,8,14,next_parity,40,0.2380952380952381,
rnn_only,8,14,next_parity,41,0.6477272727272727,
rnn_only,8,14,next_parity,42,,
rnn_only,8,14,next_parity,43,,
rnn_only,8,14,next_parity,44,,
rnn_only,8,14,next_parity,45,,
rnn_only,8,14,next_parity,46,,
rnn_only,8,14,next_parity,47,,
rnn_only,8,14,next_parity,48,,
rnn_only,8,14,next_parity,49,,
rnn_only,8,14,next_parity,50,,
rnn_only,8,14,next_parity,51,,
rnn_only,8,14,next_parity,52,,
rnn_only,8,14,next_parity,53,,
rnn_only,8,15,incoming_bit,0,1.0,
rnn_only,8,15,incoming_bit,1,1.0,
rnn_only,8,15,incoming_bit,2,1.0,
rnn_only,8,15,incoming_bit,3,1.0,
rnn_only,8,15,incoming_bit,4,1.0,
rnn_only,8,15,incoming_bit,5,1.0,
rnn_only,8,15,incoming_bit,6,1.0,
rnn_only,8,15,incoming_bit,7,1.0,
rnn_only,8,15,incoming_bit,8,1.0,
rnn_only,8,15,incoming_bit,9,1.0,
rnn_only,8,15,incoming_bit,10,1.0,
rnn_only,8,15,incoming_bit,11,1.0,
rnn_only,8,15,incoming_bit,12,1.0,
rnn_only,8,15,incoming_bit,13,1.0,
rnn_only,8,15,incoming_bit,14,1.0,
rnn_only,8,15,incoming_bit,15,1.0,
rnn_only,8,15,incoming_bit,16,1.0,
rnn_only,8,15,incoming_bit,17,1.0,
rnn_only,8,15,incoming_bit,18,1.0,
rnn_only,8,15,incoming_bit,19,1.0,
rnn_only,8,15,incoming_bit,20,1.0,
rnn_only,8,15,incoming_bit,21,1.0,
rnn_only,8,15,incoming_bit,22,1.0,
rnn_only,8,15,incoming_bit,23,1.0,
rnn_only,8,15,incoming_bit,24,1.0,
rnn_only,8,15,incoming_bit,25,1.0,
rnn_only,8,15,incoming_bit,26,1.0,
rnn_only,8,15,incoming_bit,27,0.9827586206896551,
rnn_only,8,15,incoming_bit,28,0.9814814814814815,
rnn_only,8,15,incoming_bit,29,1.0,
rnn_only,8,15,incoming_bit,30,1.0,
rnn_only,8,15,incoming_bit,31,1.0,
rnn_only,8,15,incoming_bit,32,1.0,
rnn_only,8,15,incoming_bit,33,1.0,
rnn_only,8,15,incoming_bit,34,1.0,
rnn_only,8,15,incoming_bit,35,1.0,
rnn_only,8,15,incoming_bit,36,1.0,
rnn_only,8,15,incoming_bit,37,1.0,
rnn_only,8,15,incoming_bit,38,1.0,
rnn_only,8,15,incoming_bit,39,1.0,
rnn_only,8,15,incoming_bit,40,1.0,
rnn_only,8,15,incoming_bit,41,1.0,
rnn_only,8,15,incoming_bit,42,1.0,
rnn_only,8,15,incoming_bit,43,1.0,
rnn_only,8,15,incoming_bit,44,1.0,
rnn_only,8,15,incoming_bit,45,1.0,
rnn_only,8,15,incoming_bit,46,0.9999999999999999,
rnn_only,8,15,incoming_bit,47,1.0,
rnn_only,8,15,incoming_bit,48,1.0,
rnn_only,8,15,incoming_bit,49,1.0,
rnn_only,8,15,incoming_bit,50,1.0,
rnn_only,8,15,incoming_bit,51,1.0,
rnn_only,8,15,incoming_bit,52,1.0,
rnn_only,8,15,incoming_bit,53,1.0,
rnn_only,8,15,incoming_bit,54,1.0,
rnn_only,8,15,incoming_bit,55,1.0,
rnn_only,8,15,incoming_bit,56,1.0,
rnn_only,8,15,incoming_bit,57,1.0,
rnn_only,8,15,incoming_bit,58,1.0,
rnn_only,8,15,incoming_bit,59,1.0,
rnn_only,8,15,outgoing_bit,0,0.8820119352088661,
rnn_only,8,15,outgoing_bit,1,0.8415355995264672,
rnn_only,8,15,outgoing_bit,2,0.8826949384404925,
rnn_only,8,15,outgoing_bit,3,0.8281039136302295,
rnn_only,8,15,outgoing_bit,4,0.7839162396970372,
rnn_only,8,15,outgoing_bit,5,0.8082497212931996,
rnn_only,8,15,outgoing_bit,6,0.8668896321070234,
rnn_only,8,15,outgoing_bit,7,0.844374578935549,
rnn_only,8,15,outgoing_bit,8,0.8075757575757575,
rnn_only,8,15,outgoing_bit,9,0.8708257437765635,
rnn_only,8,15,outgoing_bit,10,0.807997557997558,
rnn_only,8,15,outgoing_bit,11,0.7861464004839686,
rnn_only,8,15,outgoing_bit,12,0.7460617517328293,
rnn_only,8,15,outgoing_bit,13,0.7774725274725275,
rnn_only,8,15,outgoing_bit,14,0.8487762237762237,
rnn_only,8,15,outgoing_bit,15,0.8146648672964462,
rnn_only,8,15,outgoing_bit,16,0.7794181502388189,
rnn_only,8,15,outgoing_bit,17,0.8919389978213508,
rnn_only,8,15,outgoing_bit,18,0.795701259227095,
rnn_only,8,15,outgoing_bit,19,0.7766564282580078,
rnn_only,8,15,outgoing_bit,20,0.8663194444444444,
rnn_only,8,15,outgoing_bit,21,0.8501953973078592,
rnn_only,8,15,outgoing_bit,22,0.8504464285714286,
rnn_only,8,15,outgoing_bit,23,0.7915178571428572,
rnn_only,8,15,outgoing_bit,24,0.8458532349109857,
rnn_only,8,15,outgoing_bit,25,0.8267477203647416,
rnn_only,8,15,outgoing_bit,26,0.8504464285714286,
rnn_only,8,15,outgoing_bit,27,0.8445505861919236,
rnn_only,8,15,outgoing_bit,28,0.8452173913043478,
rnn_only,8,15,outgoing_bit,29,0.8444055944055944,
rnn_only,8,15,outgoing_bit,30,0.8225524475524476,
rnn_only,8,15,outgoing_bit,31,0.8771618625277161,
rnn_only,8,15,outgoing_bit,32,0.7604355716878403,
rnn_only,8,15,outgoing_bit,33,0.8488529014844804,
rnn_only,8,15,outgoing_bit,34,0.8505509641873279,
rnn_only,8,15,outgoing_bit,35,0.810204081632653,
rnn_only,8,15,outgoing_bit,36,0.8363636363636364,
rnn_only,8,15,outgoing_bit,37,0.8276923076923077,
rnn_only,8,15,outgoing_bit,38,0.7174515235457064,
rnn_only,8,15,outgoing_bit,39,0.7977839335180056,
rnn_only,8,15,outgoing_bit,40,0.6777777777777778,
rnn_only,8,15,outgoing_bit,41,0.5128205128205128,
rnn_only,8,15,outgoing_bit,42,0.7714285714285714,
rnn_only,8,15,outgoing_bit,43,0.5641025641025641,
rnn_only,8,15,outgoing_bit,44,0.7954545454545454,
rnn_only,8,15,outgoing_bit,45,,
rnn_only,8,15,outgoing_bit,46,,
rnn_only,8,15,outgoing_bit,47,,
rnn_only,8,15,outgoing_bit,48,,
rnn_only,8,15,outgoing_bit,49,,
rnn_only,8,15,outgoing_bit,50,,
rnn_only,8,15,outgoing_bit,51,,
rnn_only,8,15,outgoing_bit,52,,
rnn_only,8,15,outgoing_bit,53,,
rnn_only,8,15,outgoing_bit,54,,
rnn_only,8,15,outgoing_bit,55,,
rnn_only,8,15,outgoing_bit,56,,
rnn_only,8,15,outgoing_bit,57,,
rnn_only,8,15,outgoing_bit,58,,
rnn_only,8,15,outgoing_bit,59,,
rnn_only,8,15,next_parity,0,,
rnn_only,8,15,next_parity,1,0.4579787234042554,
rnn_only,8,15,next_parity,2,0.5517361111111111,
rnn_only,8,15,next_parity,3,0.5670731707317074,
rnn_only,8,15,next_parity,4,0.46479591836734696,
rnn_only,8,15,next_parity,5,0.4775337837837838,
rnn_only,8,15,next_parity,6,0.4651785714285715,
rnn_only,8,15,next_parity,7,0.453288740245262,
rnn_only,8,15,next_parity,8,0.5360663082437276,
rnn_only,8,15,next_parity,9,0.530407663176654,
rnn_only,8,15,next_parity,10,0.5986682808716707,
rnn_only,8,15,next_parity,11,0.5066585956416465,
rnn_only,8,15,next_parity,12,0.501209921355112,
rnn_only,8,15,next_parity,13,0.48476368159203986,
rnn_only,8,15,next_parity,14,0.40900735294117646,
rnn_only,8,15,next_parity,15,0.4194139194139195,
rnn_only,8,15,next_parity,16,0.5484151107251412,
rnn_only,8,15,next_parity,17,0.5185185185185185,
rnn_only,8,15,next_parity,18,0.44313725490196076,
rnn_only,8,15,next_parity,19,0.4587673611111111,
rnn_only,8,15,next_parity,20,0.4930434782608695,
rnn_only,8,15,next_parity,21,0.5539130434782609,
rnn_only,8,15,next_parity,22,0.4702797202797203,
rnn_only,8,15,next_parity,23,0.5701259227095092,
rnn_only,8,15,next_parity,24,0.5198257080610023,
rnn_only,8,15,next_parity,25,0.5078260869565218,
rnn_only,8,15,next_parity,26,0.539689578713969,
rnn_only,8,15,next_parity,27,0.45238095238095244,
rnn_only,8,15,next_parity,28,0.6172949002217295,
rnn_only,8,15,next_parity,29,0.45631929046563197,
rnn_only,8,15,next_parity,30,0.6073913043478261,
rnn_only,8,15,next_parity,31,0.55188884064264,
rnn_only,8,15,next_parity,32,0.4502822405557968,
rnn_only,8,15,next_parity,33,0.5456590193432299,
rnn_only,8,15,next_parity,34,0.4852430555555556,
rnn_only,8,15,next_parity,35,0.5731874145006839,
rnn_only,8,15,next_parity,36,0.5337837837837838,
rnn_only,8,15,next_parity,37,0.5885135135135136,
rnn_only,8,15,next_parity,38,0.5697115384615384,
rnn_only,8,15,next_parity,39,0.6190476190476191,
rnn_only,8,15,next_parity,40,0.41736694677871156,
rnn_only,8,15,next_parity,41,0.46260387811634346,
rnn_only,8,15,next_parity,42,0.3,
rnn_only,8,15,next_parity,43,0.5227272727272727,
rnn_only,8,15,next_parity,44,0.5,
rnn_only,8,15,next_parity,45,0.4642857142857143,
rnn_only,8,15,next_parity,46,0.3181818181818182,
rnn_only,8,15,next_parity,47,,
rnn_only,8,15,next_parity,48,,
rnn_only,8,15,next_parity,49,,
rnn_only,8,15,next_parity,50,,
rnn_only,8,15,next_parity,51,,
rnn_only,8,15,next_parity,52,,
rnn_only,8,15,next_parity,53,,
rnn_only,8,15,next_parity,54,,
rnn_only,8,15,next_parity,55,,
rnn_only,8,15,next_parity,56,,
rnn_only,8,15,next_parity,57,,
rnn_only,8,15,next_parity,58,,
rnn_only,8,15,next_parity,59,,
cb_rnn,1,2,incoming_bit,0,1.0,1.0
cb_rnn,1,2,incoming_bit,1,1.0,1.0
cb_rnn,1,2,incoming_bit,2,1.0,1.0
cb_rnn,1,2,incoming_bit,3,1.0,1.0
cb_rnn,1,2,incoming_bit,4,1.0,1.0
cb_rnn,1,2,incoming_bit,5,1.0,1.0
cb_rnn,1,2,incoming_bit,6,1.0,1.0
cb_rnn,1,2,incoming_bit,7,1.0,1.0
cb_rnn,1,2,incoming_bit,8,1.0,1.0
cb_rnn,1,2,outgoing_bit,0,1.0,1.0
cb_rnn,1,2,outgoing_bit,1,1.0,1.0
cb_rnn,1,2,outgoing_bit,2,0.9966216216216217,0.9999999999999999
cb_rnn,1,2,outgoing_bit,3,0.9986359761295823,1.0
cb_rnn,1,2,outgoing_bit,4,0.994389901823282,1.0
cb_rnn,1,2,outgoing_bit,5,1.0,1.0
cb_rnn,1,2,outgoing_bit,6,1.0,1.0
cb_rnn,1,2,outgoing_bit,7,,
cb_rnn,1,2,outgoing_bit,8,,
cb_rnn,1,2,next_parity,0,,
cb_rnn,1,2,next_parity,1,0.44134746922024626,0.46896374829001364
cb_rnn,1,2,next_parity,2,0.5205456095481671,0.48269394714407504
cb_rnn,1,2,next_parity,3,0.5322171486555048,0.5220700152207001
cb_rnn,1,2,next_parity,4,0.5476471580367683,0.5580199021757463
cb_rnn,1,2,next_parity,5,0.5334009808895654,0.5337392186707255
cb_rnn,1,2,next_parity,6,0.44387755102040816,0.46802721088435373
cb_rnn,1,2,next_parity,7,0.6666666666666666,0.6376811594202899
cb_rnn,1,2,next_parity,8,0.5227272727272727,0.5227272727272727
cb_rnn,1,3,incoming_bit,0,1.0,1.0
cb_rnn,1,3,incoming_bit,1,1.0,1.0
cb_rnn,1,3,incoming_bit,2,1.0,1.0
cb_rnn,1,3,incoming_bit,3,1.0,1.0
cb_rnn,1,3,incoming_bit,4,1.0,1.0
cb_rnn,1,3,incoming_bit,5,1.0,1.0
cb_rnn,1,3,incoming_bit,6,1.0,1.0
cb_rnn,1,3,incoming_bit,7,1.0,1.0
cb_rnn,1,3,incoming_bit,8,1.0,1.0
cb_rnn,1,3,incoming_bit,9,1.0,1.0
cb_rnn,1,3,incoming_bit,10,1.0,1.0
cb_rnn,1,3,incoming_bit,11,1.0,1.0
cb_rnn,1,3,outgoing_bit,0,0.986619241192412,0.9996612466124661
cb_rnn,1,3,outgoing_bit,1,0.9852642276422764,1.0
cb_rnn,1,3,outgoing_bit,2,0.9961043360433603,1.0
cb_rnn,1,3,outgoing_bit,3,0.9910062786356694,0.9984727642966231
cb_rnn,1,3,outgoing_bit,4,0.9651416122004357,1.0
cb_rnn,1,3,outgoing_bit,5,0.982468443197756,1.0
cb_rnn,1,3,outgoing_bit,6,0.987603305785124,0.9972451790633609
cb_rnn,1,3,outgoing_bit,7,1.0,1.0
cb_rnn,1,3,outgoing_bit,8,0.8636363636363638,0.8863636363636364
cb_rnn,1,3,outgoing_bit,9,,
cb_rnn,1,3,outgoing_bit,10,,
cb_rnn,1,3,outgoing_bit,11,,
cb_rnn,1,3,next_parity,0,,
cb_rnn,1,3,next_parity,1,0.49982844398696175,0.4965688797392349
cb_rnn,1,3,next_parity,2,0.49354338842975204,0.5083505509641874
cb_rnn,1,3,next_parity,3,0.573913043478261,0.521227621483376
cb_rnn,1,3,next_parity,4,0.5483870967741935,0.5952758681473648
cb_rnn,1,3,next_parity,5,0.5184685444425704,0.5571765896441221
cb_rnn,1,3,next_parity,6,0.5358695652173913,0.6145652173913043
cb_rnn,1,3,next_parity,7,0.3628048780487805,0.3946476964769648
cb_rnn,1,3,next_parity,8,0.3547619047619047,0.39353741496598643
cb_rnn,1,3,next_parity,9,0.5020833333333333,0.5190972222222222
cb_rnn,1,3,next_parity,10,0.35795454545454547,0.35795454545454547
cb_rnn,1,3,next_parity,11,,
cb_rnn,1,4,incoming_bit,0,1.0,1.0
cb_rnn,1,4,incoming_bit,1,1.0,1.0
cb_rnn,1,4,incoming_bit,2,1.0,1.0
cb_rnn,1,4,incoming_bit,3,1.0,1.0
cb_rnn,1,4,incoming_bit,4,1.0,1.0
cb_rnn,1,4,incoming_bit,5,1.0,1.0
cb_rnn,1,4,incoming_bit,6,1.0,1.0
cb_rnn,1,4,incoming_bit,7,1.0,1.0
cb_rnn,1,4,incoming_bit,8,1.0,1.0
cb_rnn,1,4,incoming_bit,9,1.0,1.0
cb_rnn,1,4,incoming_bit,10,1.0,1.0
cb_rnn,1,4,incoming_bit,11,1.0,1.0
cb_rnn,1,4,incoming_bit,12,1.0,1.0
cb_rnn,1,4,incoming_bit,13,1.0,1.0
cb_rnn,1,4,incoming_bit,14,1.0,1.0
cb_rnn,1,4,incoming_bit,15,1.0,1.0
cb_rnn,1,4,incoming_bit,16,1.0,1.0
cb_rnn,1,4,outgoing_bit,0,0.9447831978319783,0.9427506775067751
cb_rnn,1,4,outgoing_bit,1,0.9488866396761134,0.9660931174089068
cb_rnn,1,4,outgoing_bit,2,0.96894620736467,0.9621584931274393
cb_rnn,1,4,outgoing_bit,3,0.9400669839591045,0.9621011810329632
cb_rnn,1,4,outgoing_bit,4,0.9337690631808279,0.9559912854030501
cb_rnn,1,4,outgoing_bit,5,0.9201101928374655,0.9104683195592287
cb_rnn,1,4,outgoing_bit,6,0.9662618083670715,0.9669365721997301
cb_rnn,1,4,outgoing_bit,7,0.9203778677462888,0.9095816464237517
cb_rnn,1,4,outgoing_bit,8,0.8861111111111111,0.7999999999999999
cb_rnn,1,4,outgoing_bit,9,0.8753462603878116,0.8725761772853186
cb_rnn,1,4,outgoing_bit,10,0.8851540616246498,0.9047619047619048
cb_rnn,1,4,outgoing_bit,11,1.0,0.9750000000000001
cb_rnn,1,4,outgoing_bit,12,0.9659090909090909,0.8068181818181819
cb_rnn,1,4,outgoing_bit,13,,
cb_rnn,1,4,outgoing_bit,14,,
cb_rnn,1,4,outgoing_bit,15,,
cb_rnn,1,4,outgoing_bit,16,,
cb_rnn,1,4,next_parity,0,,
cb_rnn,1,4,next_parity,1,0.5139148141863228,0.5005090785677924
cb_rnn,1,4,next_parity,2,0.5003457216940363,0.512618841832325
cb_rnn,1,4,next_parity,3,0.5375108038029386,0.47666378565254974
cb_rnn,1,4,next_parity,4,0.4655583972719523,0.4783461210571185
cb_rnn,1,4,next_parity,5,0.4955520669806384,0.5047967905110762
cb_rnn,1,4,next_parity,6,0.5373425966131135,0.5525401650021711
cb_rnn,1,4,next_parity,7,0.42816091954022995,0.41163793103448276
cb_rnn,1,4,next_parity,8,0.3982269503546099,0.4372340425531915
cb_rnn,1,4,next_parity,9,0.47222222222222227,0.5677506775067751
cb_rnn,1,4,next_parity,10,0.5756302521008403,0.5588235294117647
cb_rnn,1,4,next_parity,11,0.4345238095238095,0.4479166666666667
cb_rnn,1,4,next_parity,12,0.2884057971014493,0.3710144927536232
cb_rnn,1,4,next_parity,13,0.4055555555555556,0.55
cb_rnn,1,4,next_parity,14,0.49444444444444446,0.5055555555555555
cb_rnn,1,4,next_parity,15,,
cb_rnn,1,4,next_parity,16,,
cb_rnn,1,5,incoming_bit,0,1.0,1.0
cb_rnn,1,5,incoming_bit,1,1.0,1.0
cb_rnn,1,5,incoming_bit,2,1.0,1.0
cb_rnn,1,5,incoming_bit,3,1.0,1.0
cb_rnn,1,5,incoming_bit,4,1.0,1.0
cb_rnn,1,5,incoming_bit,5,1.0,1.0
cb_rnn,1,5,incoming_bit,6,1.0,1.0
cb_rnn,1,5,incoming_bit,7,1.0,1.0
cb_rnn,1,5,incoming_bit,8,1.0,1.0
cb_rnn,1,5,incoming_bit,9,1.0,1.0
cb_rnn,1,5,incoming_bit,10,1.0,1.0
cb_rnn,1,5,incoming_bit,11,1.0,1.0
cb_rnn,1,5,incoming_bit,12,1.0,1.0
cb_rnn,1,5,incoming_bit,13,1.0,1.0
cb_rnn,1,5,incoming_bit,14,1.0,1.0
cb_rnn,1,5,incoming_bit,15,1.0,1.0
cb_rnn,1,5,incoming_bit,16,1.0,1.0
cb_rnn,1,5,incoming_bit,17,1.0,1.0
cb_rnn,1,5,incoming_bit,18,1.0,1.0
cb_rnn,1,5,incoming_bit,19,1.0,1.0
cb_rnn,1,5,outgoing_bit,0,0.9208333333333334,0.9251736111111111
cb_rnn,1,5,outgoing_bit,1,0.9488923774638061,0.9234257805686377
cb_rnn,1,5,outgoing_bit,2,0.955157715260017,0.9391304347826087
cb_rnn,1,5,outgoing_bit,3,0.9664965986394558,0.926530612244898
cb_rnn,1,5,outgoing_bit,4,0.963821892393321,0.9109461966604825
cb_rnn,1,5,outgoing_bit,5,0.9359368143922773,0.9074155331285652
cb_rnn,1,5,outgoing_bit,6,0.9074155331285652,0.8740675734971479
cb_rnn,1,5,outgoing_bit,7,0.9091304347826086,0.8304347826086956
cb_rnn,1,5,outgoing_bit,8,0.9254658385093167,0.8807453416149068
cb_rnn,1,5,outgoing_bit,9,0.9416149068322981,0.9055900621118013
cb_rnn,1,5,outgoing_bit,10,0.8381578947368421,0.7973684210526316
cb_rnn,1,5,outgoing_bit,11,0.8953626634958383,0.920332936979786
cb_rnn,1,5,outgoing_bit,12,0.9052631578947368,0.8526315789473684
cb_rnn,1,5,outgoing_bit,13,0.9611111111111111,0.8361111111111111
cb_rnn,1,5,outgoing_bit,14,0.8636363636363636,0.8181818181818182
cb_rnn,1,5,outgoing_bit,15,,
cb_rnn,1,5,outgoing_bit,16,,
cb_rnn,1,5,outgoing_bit,17,,
cb_rnn,1,5,outgoing_bit,18,,
cb_rnn,1,5,outgoing_bit,19,,
cb_rnn,1,5,next_parity,0,,
cb_rnn,1,5,next_parity,1,0.5329923273657289,0.5057118499573743
cb_rnn,1,5,next_parity,2,0.5581808943089431,0.5437838753387533
cb_rnn,1,5,next_parity,3,0.5199864498644986,0.49237804878048785
cb_rnn,1,5,next_parity,4,0.5531969309462916,0.5445012787723786
cb_rnn,1,5,next_parity,5,0.5204391891891891,0.5332770270270272
cb_rnn,1,5,next_parity,6,0.43150896722325294,0.45856524427953
cb_rnn,1,5,next_parity,7,0.4639130434782609,0.4769565217391304
cb_rnn,1,5,next_parity,8,0.5697674418604651,0.5219394471259324
cb_rnn,1,5,next_parity,9,0.6071895424836601,0.5684095860566449
cb_rnn,1,5,next_parity,10,0.4773809523809524,0.49166666666666664
cb_rnn,1,5,next_parity,11,0.6358173076923077,0.610576923076923
cb_rnn,1,5,next_parity,12,0.6099163679808841,0.7066905615292711
cb_rnn,1,5,next_parity,13,0.42401960784313725,0.3823529411764706
cb_rnn,1,5,next_parity,14,0.3936298076923077,0.31550480769230765
cb_rnn,1,5,next_parity,15,0.3541666666666667,0.4958333333333333
cb_rnn,1,5,next_parity,16,0.6964285714285714,0.6964285714285714
cb_rnn,1,5,next_parity,17,,
cb_rnn,1,5,next_parity,18,,
cb_rnn,1,5,next_parity,19,,
cb_rnn,1,6,incoming_bit,0,1.0,1.0
cb_rnn,1,6,incoming_bit,1,1.0,1.0
cb_rnn,1,6,incoming_bit,2,1.0,1.0
cb_rnn,1,6,incoming_bit,3,1.0,1.0
cb_rnn,1,6,incoming_bit,4,1.0,1.0
cb_rnn,1,6,incoming_bit,5,1.0,1.0
cb_rnn,1,6,incoming_bit,6,1.0,1.0
cb_rnn,1,6,incoming_bit,7,1.0,1.0
cb_rnn,1,6,incoming_bit,8,1.0,1.0
cb_rnn,1,6,incoming_bit,9,1.0,1.0
cb_rnn,1,6,incoming_bit,10,1.0,1.0
cb_rnn,1,6,incoming_bit,11,1.0,1.0
cb_rnn,1,6,incoming_bit,12,1.0,1.0
cb_rnn,1,6,incoming_bit,13,1.0,0.9999999999999999
cb_rnn,1,6,incoming_bit,14,1.0,1.0
cb_rnn,1,6,incoming_bit,15,1.0,1.0
cb_rnn,1,6,incoming_bit,16,1.0,1.0
cb_rnn,1,6,incoming_bit,17,1.0,1.0
cb_rnn,1,6,incoming_bit,18,1.0,1.0
cb_rnn,1,6,incoming_bit,19,1.0,1.0
cb_rnn,1,6,outgoing_bit,0,0.966313269493844,0.9201436388508892
cb_rnn,1,6,outgoing_bit,1,0.9142567224759006,0.8554033485540335
cb_rnn,1,6,outgoing_bit,2,0.9698509485094851,0.8578929539295392
cb_rnn,1,6,outgoing_bit,3,0.9278124472929669,0.8384213189407995
cb_rnn,1,6,outgoing_bit,4,0.9022321428571429,0.8508928571428571
cb_rnn,1,6,outgoing_bit,5,0.7408163265306122,0.6421768707482993
cb_rnn,1,6,outgoing_bit,6,0.8409722222222222,0.7708333333333334
cb_rnn,1,6,outgoing_bit,7,0.9013513513513514,0.789864864864865
cb_rnn,1,6,outgoing_bit,8,0.894736842105263,0.8836565096952909
cb_rnn,1,6,outgoing_bit,9,0.9222222222222223,0.7999999999999999
cb_rnn,1,6,outgoing_bit,10,0.8627450980392157,0.8347338935574229
cb_rnn,1,6,outgoing_bit,11,0.9141274238227146,0.8227146814404431
cb_rnn,1,6,outgoing_bit,12,0.817391304347826,0.5594202898550724
cb_rnn,1,6,outgoing_bit,13,0.6931818181818181,0.5340909090909091
cb_rnn,1,6,outgoing_bit,14,,
cb_rnn,1,6,outgoing_bit,15,,
cb_rnn,1,6,outgoing_bit,16,,
cb_rnn,1,6,outgoing_bit,17,,
cb_rnn,1,6,outgoing_bit,18,,
cb_rnn,1,6,outgoing_bit,19,,
cb_rnn,1,6,next_parity,0,,
cb_rnn,1,6,next_parity,1,0.6254251700680272,0.5606292517006802
cb_rnn,1,6,next_parity,2,0.5377135125993574,0.49205141214273634
cb_rnn,1,6,next_parity,3,0.5048035683650712,0.4764110482072396
cb_rnn,1,6,next_parity,4,0.5195995248600035,0.5216358391311726
cb_rnn,1,6,next_parity,5,0.4463064295485636,0.41843365253077974
cb_rnn,1,6,next_parity,6,0.4886710239651416,0.4716775599128541
cb_rnn,1,6,next_parity,7,0.5575801749271136,0.5750728862973761
cb_rnn,1,6,next_parity,8,0.37244897959183676,0.38401360544217683
cb_rnn,1,6,next_parity,9,0.4670138888888889,0.48020833333333335
cb_rnn,1,6,next_parity,10,0.5386904761904762,0.4464285714285714
cb_rnn,1,6,next_parity,11,0.4444444444444444,0.3555555555555555
cb_rnn,1,6,next_parity,12,0.3850415512465374,0.4265927977839335
cb_rnn,1,6,next_parity,13,0.6763888888888889,0.7375
cb_rnn,1,6,next_parity,14,0.5099431818181818,0.5213068181818181
cb_rnn,1,6,next_parity,15,0.5722222222222223,0.5555555555555556
cb_rnn,1,6,next_parity,16,,
cb_rnn,1,6,next_parity,17,,
cb_rnn,1,6,next_parity,18,,
cb_rnn,1,6,next_parity,19,,
cb_rnn,1,7,incoming_bit,0,1.0,1.0
cb_rnn,1,7,incoming_bit,1,1.0,1.0
cb_rnn,1,7,incoming_bit,2,1.0,1.0
cb_rnn,1,7,incoming_bit,3,1.0,1.0
cb_rnn,1,7,incoming_bit,4,1.0,1.0
cb_rnn,1,7,incoming_bit,5,1.0,1.0
cb_rnn,1,7,incoming_bit,6,1.0,1.0
cb_rnn,1,7,incoming_bit,7,1.0,1.0
cb_rnn,1,7,incoming_bit,8,1.0,1.0
cb_rnn,1,7,incoming_bit,9,1.0,1.0
cb_rnn,1,7,incoming_bit,10,1.0,1.0
cb_rnn,1,7,incoming_bit,11,1.0,1.0
cb_rnn,1,7,incoming_bit,12,1.0,1.0
cb_rnn,1,7,incoming_bit,13,1.0,1.0
cb_rnn,1,7,incoming_bit,14,1.0,1.0
cb_rnn,1,7,incoming_bit,15,1.0,1.0
cb_rnn,1,7,incoming_bit,16,1.0,1.0
cb_rnn,1,7,incoming_bit,17,1.0,1.0
cb_rnn,1,7,incoming_bit,18,1.0,1.0
cb_rnn,1,7,incoming_bit,19,1.0,1.0
cb_rnn,1,7,incoming_bit,20,1.0,1.0
cb_rnn,1,7,outgoing_bit,0,0.8326530612244898,0.7688775510204082
cb_rnn,1,7,outgoing_bit,1,0.9416894664842681,0.8958618331053352
cb_rnn,1,7,outgoing_bit,2,0.8932921598902042,0.8157488419969119
cb_rnn,1,7,outgoing_bit,3,0.8733130904183535,0.7277327935222673
cb_rnn,1,7,outgoing_bit,4,0.9047827994734533,0.8297498903027644
cb_rnn,1,7,outgoing_bit,5,0.8711201079622133,0.7348178137651822
cb_rnn,1,7,outgoing_bit,6,0.8797297297297297,0.7736486486486487
cb_rnn,1,7,outgoing_bit,7,0.8805555555555555,0.7645833333333334
cb_rnn,1,7,outgoing_bit,8,0.8642659279778393,0.8365650969529086
cb_rnn,1,7,outgoing_bit,9,0.936111111111111,0.9027777777777777
cb_rnn,1,7,outgoing_bit,10,0.888888888888889,0.9222222222222222
cb_rnn,1,7,outgoing_bit,11,0.9222222222222223,0.8277777777777777
cb_rnn,1,7,outgoing_bit,12,0.7833333333333333,0.7055555555555555
cb_rnn,1,7,outgoing_bit,13,0.36904761904761907,0.3333333333333333
cb_rnn,1,7,outgoing_bit,14,,
cb_rnn,1,7,outgoing_bit,15,,
cb_rnn,1,7,outgoing_bit,16,,
cb_rnn,1,7,outgoing_bit,17,,
cb_rnn,1,7,outgoing_bit,18,,
cb_rnn,1,7,outgoing_bit,19,,
cb_rnn,1,7,outgoing_bit,20,,
cb_rnn,1,7,next_parity,0,,
cb_rnn,1,7,next_parity,1,0.46632543103448276,0.4833872126436782
cb_rnn,1,7,next_parity,2,0.4354949390976154,0.5065191284954538
cb_rnn,1,7,next_parity,3,0.4941005471956224,0.5187243502051984
cb_rnn,1,7,next_parity,4,0.5317097919837646,0.5384745476069678
cb_rnn,1,7,next_parity,5,0.5445460704607046,0.606029810298103
cb_rnn,1,7,next_parity,6,0.4925925925925926,0.44989106753812635
cb_rnn,1,7,next_parity,7,0.5377551020408163,0.523469387755102
cb_rnn,1,7,next_parity,8,0.503125,0.5739583333333333
cb_rnn,1,7,next_parity,9,0.5172764227642277,0.6107723577235773
cb_rnn,1,7,next_parity,10,0.40443213296398894,0.4376731301939058
cb_rnn,1,7,next_parity,11,0.484593837535014,0.5602240896358543
cb_rnn,1,7,next_parity,12,0.4173913043478261,0.48985507246376814
cb_rnn,1,7,next_parity,13,0.6904761904761905,0.738095238095238
cb_rnn,1,7,next_parity,14,0.5898550724637681,0.5521739130434783
cb_rnn,1,7,next_parity,15,0.6166666666666667,0.6166666666666667
cb_rnn,1,7,next_parity,16,,
cb_rnn,1,7,next_parity,17,,
cb_rnn,1,7,next_parity,18,,
cb_rnn,1,7,next_parity,19,,
cb_rnn,1,7,next_parity,20,,
cb_rnn,1,8,incoming_bit,0,1.0,1.0
cb_rnn,1,8,incoming_bit,1,1.0,1.0
cb_rnn,1,8,incoming_bit,2,1.0,1.0
cb_rnn,1,8,incoming_bit,3,1.0,1.0
cb_rnn,1,8,incoming_bit,4,1.0,1.0
cb_rnn,1,8,incoming_bit,5,1.0,1.0
cb_rnn,1,8,incoming_bit,6,1.0,1.0
cb_rnn,1,8,incoming_bit,7,1.0,1.0
cb_rnn,1,8,incoming_bit,8,1.0,1.0
cb_rnn,1,8,incoming_bit,9,1.0,0.9999999999999999
cb_rnn,1,8,incoming_bit,10,1.0,1.0
cb_rnn,1,8,incoming_bit,11,1.0,1.0
cb_rnn,1,8,incoming_bit,12,1.0,1.0
cb_rnn,1,8,incoming_bit,13,1.0,1.0
cb_rnn,1,8,incoming_bit,14,1.0,1.0
cb_rnn,1,8,incoming_bit,15,1.0,1.0
cb_rnn,1,8,incoming_bit,16,1.0,1.0
cb_rnn,1,8,incoming_bit,17,1.0,1.0
cb_rnn,1,8,incoming_bit,18,1.0,1.0
cb_rnn,1,8,incoming_bit,19,1.0,1.0
cb_rnn,1,8,incoming_bit,20,1.0,1.0
cb_rnn,1,8,incoming_bit,21,1.0,1.0
cb_rnn,1,8,outgoing_bit,0,0.8380566801619432,0.7596153846153846
cb_rnn,1,8,outgoing_bit,1,0.8827702702702702,0.8173986486486486
cb_rnn,1,8,outgoing_bit,2,0.8682523616734144,0.7616396761133603
cb_rnn,1,8,outgoing_bit,3,0.8724489795918368,0.7244897959183675
cb_rnn,1,8,outgoing_bit,4,0.7858749437696806,0.6810616284300495
cb_rnn,1,8,outgoing_bit,5,0.8783783783783784,0.8067567567567567
cb_rnn,1,8,outgoing_bit,6,0.9158686730506156,0.8679890560875513
cb_rnn,1,8,outgoing_bit,7,0.878248974008208,0.8385772913816689
cb_rnn,1,8,outgoing_bit,8,0.8608695652173913,0.808695652173913
cb_rnn,1,8,outgoing_bit,9,0.8277777777777778,0.8777777777777778
cb_rnn,1,8,outgoing_bit,10,0.7675070028011205,0.700280112044818
cb_rnn,1,8,outgoing_bit,11,0.9826086956521739,0.9130434782608696
cb_rnn,1,8,outgoing_bit,12,0.7507002801120448,0.5994397759103642
cb_rnn,1,8,outgoing_bit,13,0.7555555555555556,0.7333333333333334
cb_rnn,1,8,outgoing_bit,14,,
cb_rnn,1,8,outgoing_bit,15,,
cb_rnn,1,8,outgoing_bit,16,,
cb_rnn,1,8,outgoing_bit,17,,
cb_rnn,1,8,outgoing_bit,18,,
cb_rnn,1,8,outgoing_bit,19,,
cb_rnn,1,8,outgoing_bit,20,,
cb_rnn,1,8,outgoing_bit,21,,
cb_rnn,1,8,next_parity,0,,
cb_rnn,1,8,next_parity,1,0.5225340136054422,0.49430272108843537
cb_rnn,1,8,next_parity,2,0.47346938775510206,0.5420068027210885
cb_rnn,1,8,next_parity,3,0.4663006756756757,0.48741554054054054
cb_rnn,1,8,next_parity,4,0.44224254742547425,0.4596883468834688
cb_rnn,1,8,next_parity,5,0.5420068027210885,0.5506802721088435
cb_rnn,1,8,next_parity,6,0.503968253968254,0.5008818342151675
cb_rnn,1,8,next_parity,7,0.45416666666666666,0.44375000000000003
cb_rnn,1,8,next_parity,8,0.5448016415868673,0.5523255813953488
cb_rnn,1,8,next_parity,9,0.6070945945945946,0.6246621621621622
cb_rnn,1,8,next_parity,10,0.6565096952908587,0.6260387811634349
cb_rnn,1,8,next_parity,11,0.5042016806722689,0.4901960784313726
cb_rnn,1,8,next_parity,12,0.5,0.49166666666666664
cb_rnn,1,8,next_parity,13,0.5686274509803921,0.5826330532212884
cb_rnn,1,8,next_parity,14,0.5072463768115942,0.6
cb_rnn,1,8,next_parity,15,0.47727272727272724,0.5340909090909092
cb_rnn,1,8,next_parity,16,,
cb_rnn,1,8,next_parity,17,,
cb_rnn,1,8,next_parity,18,,
cb_rnn,1,8,next_parity,19,,
cb_rnn,1,8,next_parity,20,,
cb_rnn,1,8,next_parity,21,,
cb_rnn,1,9,incoming_bit,0,1.0,1.0
cb_rnn,1,9,incoming_bit,1,1.0,1.0
cb_rnn,1,9,incoming_bit,2,1.0,1.0
cb_rnn,1,9,incoming_bit,3,1.0,1.0
cb_rnn,1,9,incoming_bit,4,1.0,1.0
cb_rnn,1,9,incoming_bit,5,0.986842105263158,1.0
cb_rnn,1,9,incoming_bit,6,1.0,1.0
cb_rnn,1,9,incoming_bit,7,1.0,1.0
cb_rnn,1,9,incoming_bit,8,0.9999999999999999,1.0
cb_rnn,1,9,incoming_bit,9,1.0,1.0
cb_rnn,1,9,incoming_bit,10,1.0,1.0
cb_rnn,1,9,incoming_bit,11,1.0,1.0
cb_rnn,1,9,incoming_bit,12,1.0,1.0
cb_rnn,1,9,incoming_bit,13,1.0,1.0
cb_rnn,1,9,incoming_bit,14,1.0,1.0
cb_rnn,1,9,incoming_bit,15,1.0,1.0
cb_rnn,1,9,incoming_bit,16,1.0,0.9999999999999999
cb_rnn,1,9,incoming_bit,17,1.0,1.0
cb_rnn,1,9,incoming_bit,18,1.0,1.0
cb_rnn,1,9,incoming_bit,19,1.0,1.0
cb_rnn,1,9,incoming_bit,20,1.0,1.0
cb_rnn,1,9,incoming_bit,21,1.0,1.0
cb_rnn,1,9,incoming_bit,22,1.0,1.0
cb_rnn,1,9,outgoing_bit,0,0.7947635135135135,0.6964527027027027
cb_rnn,1,9,outgoing_bit,1,0.8834770843903264,0.7138508371385083
cb_rnn,1,9,outgoing_bit,2,0.8852320675105485,0.6386497890295358
cb_rnn,1,9,outgoing_bit,3,0.8744272866112337,0.722382487697268
cb_rnn,1,9,outgoing_bit,4,0.8580931263858094,0.7117516629711752
cb_rnn,1,9,outgoing_bit,5,0.7940379403794039,0.6693766937669378
cb_rnn,1,9,outgoing_bit,6,0.7881944444444444,0.69375
cb_rnn,1,9,outgoing_bit,7,0.717948717948718,0.5526315789473685
cb_rnn,1,9,outgoing_bit,8,0.8028985507246377,0.7826086956521738
cb_rnn,1,9,outgoing_bit,9,0.8683473389355743,0.7899159663865546
cb_rnn,1,9,outgoing_bit,10,0.7507002801120448,0.5238095238095238
cb_rnn,1,9,outgoing_bit,11,0.7739130434782608,0.536231884057971
cb_rnn,1,9,outgoing_bit,12,0.672463768115942,0.48405797101449277
cb_rnn,1,9,outgoing_bit,13,0.7222222222222222,0.7111111111111111
cb_rnn,1,9,outgoing_bit,14,,
cb_rnn,1,9,outgoing_bit,15,,
cb_rnn,1,9,outgoing_bit,16,,
cb_rnn,1,9,outgoing_bit,17,,
cb_rnn,1,9,outgoing_bit,18,,
cb_rnn,1,9,outgoing_bit,19,,
cb_rnn,1,9,outgoing_bit,20,,
cb_rnn,1,9,outgoing_bit,21,,
cb_rnn,1,9,outgoing_bit,22,,
cb_rnn,1,9,next_parity,0,,
cb_rnn,1,9,next_parity,1,0.5399659863945578,0.5916666666666668
cb_rnn,1,9,next_parity,2,0.5256215119228818,0.5092169795366142
cb_rnn,1,9,next_parity,3,0.47812499999999997,0.5387668918918919
cb_rnn,1,9,next_parity,4,0.5355506533174954,0.4948243678941117
cb_rnn,1,9,next_parity,5,0.44651360544217683,0.44022108843537416
cb_rnn,1,9,next_parity,6,0.585838779956427,0.44248366013071894
cb_rnn,1,9,next_parity,7,0.5868673050615595,0.5601915184678522
cb_rnn,1,9,next_parity,8,0.49018232819074337,0.5189340813464236
cb_rnn,1,9,next_parity,9,0.5444596443228454,0.5656634746922025
cb_rnn,1,9,next_parity,10,0.5169230769230769,0.5076923076923077
cb_rnn,1,9,next_parity,11,0.5546218487394958,0.4509803921568628
cb_rnn,1,9,next_parity,12,0.6221590909090908,0.5767045454545454
cb_rnn,1,9,next_parity,13,0.5916666666666667,0.6916666666666667
cb_rnn,1,9,next_parity,14,0.408695652173913,0.5391304347826087
cb_rnn,1,9,next_parity,15,0.5611111111111111,0.4722222222222223
cb_rnn,1,9,next_parity,16,,
cb_rnn,1,9,next_parity,17,,
cb_rnn,1,9,next_parity,18,,
cb_rnn,1,9,next_parity,19,,
cb_rnn,1,9,next_parity,20,,
cb_rnn,1,9,next_parity,21,,
cb_rnn,1,9,next_parity,22,,
cb_rnn,1,10,incoming_bit,0,1.0,1.0
cb_rnn,1,10,incoming_bit,1,1.0,1.0
cb_rnn,1,10,incoming_bit,2,1.0,1.0
cb_rnn,1,10,incoming_bit,3,1.0,1.0
cb_rnn,1,10,incoming_bit,4,1.0,1.0
cb_rnn,1,10,incoming_bit,5,1.0,1.0
cb_rnn,1,10,incoming_bit,6,1.0,1.0
cb_rnn,1,10,incoming_bit,7,0.9864864864864864,1.0
cb_rnn,1,10,incoming_bit,8,1.0,1.0
cb_rnn,1,10,incoming_bit,9,1.0,1.0
cb_rnn,1,10,incoming_bit,10,1.0,1.0
cb_rnn,1,10,incoming_bit,11,1.0,1.0
cb_rnn,1,10,incoming_bit,12,1.0,1.0
cb_rnn,1,10,incoming_bit,13,1.0,1.0
cb_rnn,1,10,incoming_bit,14,0.9999999999999999,1.0
cb_rnn,1,10,incoming_bit,15,1.0,1.0
cb_rnn,1,10,incoming_bit,16,1.0,1.0
cb_rnn,1,10,incoming_bit,17,1.0,1.0
cb_rnn,1,10,incoming_bit,18,1.0,1.0
cb_rnn,1,10,incoming_bit,19,1.0,1.0
cb_rnn,1,10,incoming_bit,20,1.0,1.0
cb_rnn,1,10,incoming_bit,21,1.0,1.0
cb_rnn,1,10,incoming_bit,22,1.0,1.0
cb_rnn,1,10,incoming_bit,23,1.0,1.0
cb_rnn,1,10,incoming_bit,24,1.0,1.0
cb_rnn,1,10,incoming_bit,25,1.0,1.0
cb_rnn,1,10,incoming_bit,26,1.0,1.0
cb_rnn,1,10,incoming_bit,27,1.0,1.0
cb_rnn,1,10,incoming_bit,28,1.0,1.0
cb_rnn,1,10,incoming_bit,29,1.0,1.0
cb_rnn,1,10,incoming_bit,30,1.0,1.0
cb_rnn,1,10,incoming_bit,31,1.0,1.0
cb_rnn,1,10,incoming_bit,32,1.0,1.0
cb_rnn,1,10,incoming_bit,33,1.0,1.0
cb_rnn,1,10,incoming_bit,34,1.0,1.0
cb_rnn,1,10,incoming_bit,35,1.0,1.0
cb_rnn,1,10,incoming_bit,36,1.0,1.0
cb_rnn,1,10,incoming_bit,37,1.0,1.0
cb_rnn,1,10,incoming_bit,38,1.0,1.0
cb_rnn,1,10,incoming_bit,39,1.0,1.0
cb_rnn,1,10,incoming_bit,40,1.0,1.0
cb_rnn,1,10,outgoing_bit,0,0.8174104870184965,0.7524181231970134
cb_rnn,1,10,outgoing_bit,1,0.8745925544690342,0.7574197975639047
cb_rnn,1,10,outgoing_bit,2,0.8444106206663284,0.7420936918653813
cb_rnn,1,10,outgoing_bit,3,0.8102486047691527,0.7446304752240824
cb_rnn,1,10,outgoing_bit,4,0.8105646630236794,0.7380085003035823
cb_rnn,1,10,outgoing_bit,5,0.8197343453510437,0.7291271347248577
cb_rnn,1,10,outgoing_bit,6,0.8015734265734266,0.673513986013986
cb_rnn,1,10,outgoing_bit,7,0.8156862745098039,0.6967320261437908
cb_rnn,1,10,outgoing_bit,8,0.8363636363636364,0.749090909090909
cb_rnn,1,10,outgoing_bit,9,0.8275418275418276,0.7413127413127413
cb_rnn,1,10,outgoing_bit,10,0.7166666666666668,0.6821428571428572
cb_rnn,1,10,outgoing_bit,11,0.7515151515151515,0.6533333333333333
cb_rnn,1,10,outgoing_bit,12,0.7920673076923077,0.7487980769230769
cb_rnn,1,10,outgoing_bit,13,0.689075630252101,0.5826330532212884
cb_rnn,1,10,outgoing_bit,14,0.6888888888888889,0.5333333333333333
cb_rnn,1,10,outgoing_bit,15,0.7888888888888889,0.7333333333333334
cb_rnn,1,10,outgoing_bit,16,0.8555555555555556,0.7
cb_rnn,1,10,outgoing_bit,17,0.8333333333333334,0.5833333333333333
cb_rnn,1,10,outgoing_bit,18,0.8863636363636364,0.7613636363636364
cb_rnn,1,10,outgoing_bit,19,0.7333333333333333,0.6666666666666667
cb_rnn,1,10,outgoing_bit,20,0.8,0.7
cb_rnn,1,10,outgoing_bit,21,0.75,0.6818181818181819
cb_rnn,1,10,outgoing_bit,22,0.8068181818181818,0.6704545454545454
cb_rnn,1,10,outgoing_bit,23,0.9222222222222223,0.8777777777777778
cb_rnn,1,10,outgoing_bit,24,0.7222222222222222,0.6666666666666666
cb_rnn,1,10,outgoing_bit,25,0.75,0.8409090909090909
cb_rnn,1,10,outgoing_bit,26,0.7888888888888889,0.8
cb_rnn,1,10,outgoing_bit,27,0.8977272727272727,0.3522727272727273
cb_rnn,1,10,outgoing_bit,28,0.9500000000000001,0.85
cb_rnn,1,10,outgoing_bit,29,0.8863636363636364,0.7954545454545454
cb_rnn,1,10,outgoing_bit,30,0.7000000000000001,0.4555555555555555
cb_rnn,1,10,outgoing_bit,31,,
cb_rnn,1,10,outgoing_bit,32,,
cb_rnn,1,10,outgoing_bit,33,,
cb_rnn,1,10,outgoing_bit,34,,
cb_rnn,1,10,outgoing_bit,35,,
cb_rnn,1,10,outgoing_bit,36,,
cb_rnn,1,10,outgoing_bit,37,,
cb_rnn,1,10,outgoing_bit,38,,
cb_rnn,1,10,outgoing_bit,39,,
cb_rnn,1,10,outgoing_bit,40,,
cb_rnn,1,10,next_parity,0,,
cb_rnn,1,10,next_parity,1,0.4668367346938775,0.48622448979591837
cb_rnn,1,10,next_parity,2,0.4572635135135135,0.4883445945945946
cb_rnn,1,10,next_parity,3,0.478133608815427,0.48364325068870523
cb_rnn,1,10,next_parity,4,0.41222729578893963,0.44334517165567394
cb_rnn,1,10,next_parity,5,0.543818870523416,0.5317665289256198
cb_rnn,1,10,next_parity,6,0.44476567255021304,0.45359099208764453
cb_rnn,1,10,next_parity,7,0.5326278659611993,0.5992063492063492
cb_rnn,1,10,next_parity,8,0.5608465608465608,0.5022045855379188
cb_rnn,1,10,next_parity,9,0.5156521739130435,0.5347826086956522
cb_rnn,1,10,next_parity,10,0.375,0.48076923076923084
cb_rnn,1,10,next_parity,11,0.31866825208085614,0.4340071343638525
cb_rnn,1,10,next_parity,12,0.6397146254458977,0.5873959571938169
cb_rnn,1,10,next_parity,13,0.49509803921568624,0.4889705882352941
cb_rnn,1,10,next_parity,14,0.5997596153846154,0.5685096153846153
cb_rnn,1,10,next_parity,15,0.3403361344537816,0.4551820728291317
cb_rnn,1,10,next_parity,16,0.5777777777777777,0.5333333333333333
cb_rnn,1,10,next_parity,17,0.5333333333333333,0.3666666666666667
cb_rnn,1,10,next_parity,18,0.43333333333333335,0.47777777777777775
cb_rnn,1,10,next_parity,19,0.2777777777777778,0.34444444444444444
cb_rnn,1,10,next_parity,20,0.375,0.4545454545454546
cb_rnn,1,10,next_parity,21,0.4523809523809524,0.45238095238095244
cb_rnn,1,10,next_parity,22,0.4666666666666667,0.4
cb_rnn,1,10,next_parity,23,0.6666666666666666,0.5444444444444445
cb_rnn,1,10,next_parity,24,0.4666666666666667,0.6777777777777778
cb_rnn,1,10,next_parity,25,0.46428571428571425,0.36904761904761907
cb_rnn,1,10,next_parity,26,0.4888888888888889,0.45555555555555555
cb_rnn,1,10,next_parity,27,0.5333333333333334,0.5333333333333333
cb_rnn,1,10,next_parity,28,0.3222222222222222,0.4
cb_rnn,1,10,next_parity,29,0.5909090909090909,0.625
cb_rnn,1,10,next_parity,30,0.7948717948717948,0.7435897435897435
cb_rnn,1,10,next_parity,31,0.1477272727272727,0.20454545454545453
cb_rnn,1,10,next_parity,32,0.5,0.38636363636363635
cb_rnn,1,10,next_parity,33,,
cb_rnn,1,10,next_parity,34,,
cb_rnn,1,10,next_parity,35,,
cb_rnn,1,10,next_parity,36,,
cb_rnn,1,10,next_parity,37,,
cb_rnn,1,10,next_parity,38,,
cb_rnn,1,10,next_parity,39,,
cb_rnn,1,10,next_parity,40,,
cb_rnn,1,11,incoming_bit,0,1.0,1.0
cb_rnn,1,11,incoming_bit,1,0.9878378378378379,1.0
cb_rnn,1,11,incoming_bit,2,1.0,1.0
cb_rnn,1,11,incoming_bit,3,1.0,1.0
cb_rnn,1,11,incoming_bit,4,1.0,1.0
cb_rnn,1,11,incoming_bit,5,1.0,1.0
cb_rnn,1,11,incoming_bit,6,1.0,1.0
cb_rnn,1,11,incoming_bit,7,1.0,1.0
cb_rnn,1,11,incoming_bit,8,1.0,1.0
cb_rnn,1,11,incoming_bit,9,1.0,1.0
cb_rnn,1,11,incoming_bit,10,1.0,1.0
cb_rnn,1,11,incoming_bit,11,1.0,1.0
cb_rnn,1,11,incoming_bit,12,1.0,1.0
cb_rnn,1,11,incoming_bit,13,1.0,1.0
cb_rnn,1,11,incoming_bit,14,1.0,1.0
cb_rnn,1,11,incoming_bit,15,1.0,1.0
cb_rnn,1,11,incoming_bit,16,0.9952702702702703,1.0
cb_rnn,1,11,incoming_bit,17,1.0,1.0
cb_rnn,1,11,incoming_bit,18,1.0,1.0
cb_rnn,1,11,incoming_bit,19,1.0,1.0
cb_rnn,1,11,incoming_bit,20,1.0,1.0
cb_rnn,1,11,incoming_bit,21,1.0,1.0
cb_rnn,1,11,incoming_bit,22,1.0,1.0
cb_rnn,1,11,incoming_bit,23,1.0,1.0
cb_rnn,1,11,incoming_bit,24,1.0,1.0
cb_rnn,1,11,incoming_bit,25,1.0,1.0
cb_rnn,1,11,incoming_bit,26,1.0,1.0
cb_rnn,1,11,incoming_bit,27,1.0,1.0
cb_rnn,1,11,incoming_bit,28,1.0,1.0
cb_rnn,1,11,incoming_bit,29,1.0,1.0
cb_rnn,1,11,incoming_bit,30,1.0,1.0
cb_rnn,1,11,incoming_bit,31,1.0,1.0
cb_rnn,1,11,incoming_bit,32,1.0,1.0
cb_rnn,1,11,incoming_bit,33,1.0,1.0
cb_rnn,1,11,incoming_bit,34,1.0,1.0
cb_rnn,1,11,incoming_bit,35,1.0,1.0
cb_rnn,1,11,incoming_bit,36,1.0,1.0
cb_rnn,1,11,incoming_bit,37,1.0,1.0
cb_rnn,1,11,incoming_bit,38,1.0,1.0
cb_rnn,1,11,incoming_bit,39,1.0,1.0
cb_rnn,1,11,incoming_bit,40,1.0,1.0
cb_rnn,1,11,incoming_bit,41,1.0,1.0
cb_rnn,1,11,incoming_bit,42,1.0,1.0
cb_rnn,1,11,incoming_bit,43,1.0,1.0
cb_rnn,1,11,outgoing_bit,0,0.8668918918918919,0.6787162162162163
cb_rnn,1,11,outgoing_bit,1,0.8270829798065501,0.7458001018157135
cb_rnn,1,11,outgoing_bit,2,0.8042625745950553,0.6397271952259164
cb_rnn,1,11,outgoing_bit,3,0.801659891598916,0.722730352303523
cb_rnn,1,11,outgoing_bit,4,0.9070855614973262,0.7865418894830659
cb_rnn,1,11,outgoing_bit,5,0.8381270903010033,0.6657748049052398
cb_rnn,1,11,outgoing_bit,6,0.8357974910394266,0.7340949820788532
cb_rnn,1,11,outgoing_bit,7,0.8674267829197407,0.7062374245472837
cb_rnn,1,11,outgoing_bit,8,0.8582270795385549,0.7325440194292653
cb_rnn,1,11,outgoing_bit,9,0.8628934624697336,0.7675544794188862
cb_rnn,1,11,outgoing_bit,10,0.8392412935323383,0.6523631840796019
cb_rnn,1,11,outgoing_bit,11,0.895979020979021,0.7731643356643357
cb_rnn,1,11,outgoing_bit,12,0.7416413373860182,0.6235345201910552
cb_rnn,1,11,outgoing_bit,13,0.8190743338008415,0.6809256661991585
cb_rnn,1,11,outgoing_bit,14,0.7267156862745099,0.7561274509803921
cb_rnn,1,11,outgoing_bit,15,0.7753882915173238,0.7311827956989247
cb_rnn,1,11,outgoing_bit,16,0.8593750000000001,0.7307692307692307
cb_rnn,1,11,outgoing_bit,17,0.7122473246135553,0.6956004756242569
cb_rnn,1,11,outgoing_bit,18,0.7843137254901961,0.7899159663865546
cb_rnn,1,11,outgoing_bit,19,0.7257617728531857,0.6842105263157895
cb_rnn,1,11,outgoing_bit,20,0.8173076923076923,0.6602564102564102
cb_rnn,1,11,outgoing_bit,21,0.8303571428571429,0.7857142857142857
cb_rnn,1,11,outgoing_bit,22,0.6722222222222223,0.6194444444444445
cb_rnn,1,11,outgoing_bit,23,0.8636363636363636,0.7954545454545454
cb_rnn,1,11,outgoing_bit,24,0.7222222222222223,0.47777777777777775
cb_rnn,1,11,outgoing_bit,25,0.5,0.7613636363636364
cb_rnn,1,11,outgoing_bit,26,0.5142857142857142,0.48571428571428565
cb_rnn,1,11,outgoing_bit,27,0.6222222222222222,0.5333333333333333
cb_rnn,1,11,outgoing_bit,28,0.6590909090909091,0.5113636363636364
cb_rnn,1,11,outgoing_bit,29,0.7564102564102564,0.23076923076923073
cb_rnn,1,11,outgoing_bit,30,0.6785714285714286,0.5476190476190477
cb_rnn,1,11,outgoing_bit,31,0.4659090909090909,0.42045454545454547
cb_rnn,1,11,outgoing_bit,32,0.7666666666666666,0.39999999999999997
cb_rnn,1,11,outgoing_bit,33,,
cb_rnn,1,11,outgoing_bit,34,,
cb_rnn,1,11,outgoing_bit,35,,
cb_rnn,1,11,outgoing_bit,36,,
cb_rnn,1,11,outgoing_bit,37,,
cb_rnn,1,11,outgoing_bit,38,,
cb_rnn,1,11,outgoing_bit,39,,
cb_rnn,1,11,outgoing_bit,40,,
cb_rnn,1,11,outgoing_bit,41,,
cb_rnn,1,11,outgoing_bit,42,,
cb_rnn,1,11,outgoing_bit,43,,
cb_rnn,1,11,next_parity,0,,
cb_rnn,1,11,next_parity,1,0.5242685607982411,0.5342465753424657
cb_rnn,1,11,next_parity,2,0.4706578724843565,0.4992389649923897
cb_rnn,1,11,next_parity,3,0.5343537414965986,0.47278911564625853
cb_rnn,1,11,next_parity,4,0.5584810126582278,0.530295358649789
cb_rnn,1,11,next_parity,5,0.5729957805907173,0.5113924050632912
cb_rnn,1,11,next_parity,6,0.5843750000000001,0.5803571428571429
cb_rnn,1,11,next_parity,7,0.4823049001814882,0.4866152450090744
cb_rnn,1,11,next_parity,8,0.56509009009009,0.5659909909909909
cb_rnn,1,11,next_parity,9,0.5264214046822743,0.5032329988851728
cb_rnn,1,11,next_parity,10,0.6639393939393939,0.6112121212121212
cb_rnn,1,11,next_parity,11,0.5562613430127041,0.5895341802782819
cb_rnn,1,11,next_parity,12,0.5689655172413793,0.46491228070175433
cb_rnn,1,11,next_parity,13,0.4915032679738562,0.4958605664488017
cb_rnn,1,11,next_parity,14,0.48601398601398604,0.3968531468531469
cb_rnn,1,11,next_parity,15,0.5041322314049588,0.6005509641873278
cb_rnn,1,11,next_parity,16,0.4074534161490684,0.3875776397515528
cb_rnn,1,11,next_parity,17,0.6064209274673008,0.619500594530321
cb_rnn,1,11,next_parity,18,0.6275252525252525,0.5391414141414141
cb_rnn,1,11,next_parity,19,0.3650416171224733,0.3495838287752675
cb_rnn,1,11,next_parity,20,0.5630252100840336,0.5406162464985994
cb_rnn,1,11,next_parity,21,0.551246537396122,0.5290858725761773
cb_rnn,1,11,next_parity,22,0.38210227272727276,0.3508522727272727
cb_rnn,1,11,next_parity,23,0.5294117647058822,0.4369747899159664
cb_rnn,1,11,next_parity,24,0.5178571428571429,0.5922619047619048
cb_rnn,1,11,next_parity,25,0.4204545454545454,0.6022727272727273
cb_rnn,1,11,next_parity,26,0.42222222222222217,0.4777777777777778
cb_rnn,1,11,next_parity,27,0.6931818181818181,0.48863636363636365
cb_rnn,1,11,next_parity,28,0.4666666666666667,0.4666666666666667
cb_rnn,1,11,next_parity,29,0.4090909090909091,0.6136363636363636
cb_rnn,1,11,next_parity,30,0.5119047619047619,0.35714285714285715
cb_rnn,1,11,next_parity,31,0.34615384615384615,0.5384615384615384
cb_rnn,1,11,next_parity,32,0.5909090909090908,0.5113636363636364
cb_rnn,1,11,next_parity,33,0.5113636363636364,0.6477272727272727
cb_rnn,1,11,next_parity,34,0.22857142857142854,0.14285714285714282
cb_rnn,1,11,next_parity,35,,
cb_rnn,1,11,next_parity,36,,
cb_rnn,1,11,next_parity,37,,
cb_rnn,1,11,next_parity,38,,
cb_rnn,1,11,next_parity,39,,
cb_rnn,1,11,next_parity,40,,
cb_rnn,1,11,next_parity,41,,
cb_rnn,1,11,next_parity,42,,
cb_rnn,1,11,next_parity,43,,
cb_rnn,1,12,incoming_bit,0,1.0,1.0
cb_rnn,1,12,incoming_bit,1,1.0,1.0
cb_rnn,1,12,incoming_bit,2,1.0,1.0
cb_rnn,1,12,incoming_bit,3,1.0,1.0
cb_rnn,1,12,incoming_bit,4,1.0,1.0
cb_rnn,1,12,incoming_bit,5,1.0,1.0
cb_rnn,1,12,incoming_bit,6,1.0,1.0
cb_rnn,1,12,incoming_bit,7,1.0,1.0
cb_rnn,1,12,incoming_bit,8,0.9858843537414966,1.0
cb_rnn,1,12,incoming_bit,9,0.9876543209876543,1.0
cb_rnn,1,12,incoming_bit,10,1.0,1.0
cb_rnn,1,12,incoming_bit,11,1.0,1.0
cb_rnn,1,12,incoming_bit,12,1.0,1.0
cb_rnn,1,12,incoming_bit,13,1.0,1.0
cb_rnn,1,12,incoming_bit,14,1.0,1.0
cb_rnn,1,12,incoming_bit,15,1.0,1.0
cb_rnn,1,12,incoming_bit,16,1.0,1.0
cb_rnn,1,12,incoming_bit,17,1.0,1.0
cb_rnn,1,12,incoming_bit,18,0.9838709677419356,1.0
cb_rnn,1,12,incoming_bit,19,1.0,1.0
cb_rnn,1,12,incoming_bit,20,1.0,1.0
cb_rnn,1,12,incoming_bit,21,1.0,1.0
cb_rnn,1,12,incoming_bit,22,1.0,1.0
cb_rnn,1,12,incoming_bit,23,1.0,1.0
cb_rnn,1,12,incoming_bit,24,1.0,1.0
cb_rnn,1,12,incoming_bit,25,1.0,1.0
cb_rnn,1,12,incoming_bit,26,1.0,1.0
cb_rnn,1,12,incoming_bit,27,1.0,1.0
cb_rnn,1,12,incoming_bit,28,1.0,1.0
cb_rnn,1,12,incoming_bit,29,1.0,1.0
cb_rnn,1,12,incoming_bit,30,1.0,1.0
cb_rnn,1,12,incoming_bit,31,1.0,1.0
cb_rnn,1,12,incoming_bit,32,1.0,1.0
cb_rnn,1,12,incoming_bit,33,1.0,1.0
cb_rnn,1,12,incoming_bit,34,1.0,1.0
cb_rnn,1,12,incoming_bit,35,1.0,1.0
cb_rnn,1,12,incoming_bit,36,1.0,1.0
cb_rnn,1,12,incoming_bit,37,1.0,1.0
cb_rnn,1,12,incoming_bit,38,1.0,0.9999999999999999
cb_rnn,1,12,incoming_bit,39,1.0,1.0
cb_rnn,1,12,incoming_bit,40,1.0,1.0
cb_rnn,1,12,incoming_bit,41,1.0,1.0
cb_rnn,1,12,incoming_bit,42,0.9999999999999999,1.0
cb_rnn,1,12,incoming_bit,43,1.0,1.0
cb_rnn,1,12,incoming_bit,44,1.0,1.0
cb_rnn,1,12,incoming_bit,45,1.0,0.9999999999999999
cb_rnn,1,12,incoming_bit,46,1.0,1.0
cb_rnn,1,12,incoming_bit,47,1.0,1.0
cb_rnn,1,12,incoming_bit,48,1.0,1.0
cb_rnn,1,12,outgoing_bit,0,0.709538567493113,0.5638774104683195
cb_rnn,1,12,outgoing_bit,1,0.7902813299232737,0.6726342710997444
cb_rnn,1,12,outgoing_bit,2,0.7882631489937426,0.6600710299340437
cb_rnn,1,12,outgoing_bit,3,0.8080296896086369,0.7036099865047234
cb_rnn,1,12,outgoing_bit,4,0.8884417616811984,0.7194276771741559
cb_rnn,1,12,outgoing_bit,5,0.7723522853957637,0.6263099219620959
cb_rnn,1,12,outgoing_bit,6,0.766042780748663,0.6749108734402851
cb_rnn,1,12,outgoing_bit,7,0.7295429208472686,0.6218506131549609
cb_rnn,1,12,outgoing_bit,8,0.7684310018903592,0.6739130434782609
cb_rnn,1,12,outgoing_bit,9,0.792757151552039,0.6981132075471699
cb_rnn,1,12,outgoing_bit,10,0.7810042347247429,0.6763460375075621
cb_rnn,1,12,outgoing_bit,11,0.7231329690346084,0.5634486945962356
cb_rnn,1,12,outgoing_bit,12,0.7034313725490197,0.6259191176470588
cb_rnn,1,12,outgoing_bit,13,0.7894965277777778,0.6796875
cb_rnn,1,12,outgoing_bit,14,0.7863945578231293,0.6931972789115647
cb_rnn,1,12,outgoing_bit,15,0.7673469387755102,0.6476190476190476
cb_rnn,1,12,outgoing_bit,16,0.7017543859649122,0.6680161943319839
cb_rnn,1,12,outgoing_bit,17,0.6931972789115647,0.6551020408163265
cb_rnn,1,12,outgoing_bit,18,0.7334682860998651,0.6106612685560053
cb_rnn,1,12,outgoing_bit,19,0.7540650406504065,0.6517615176151761
cb_rnn,1,12,outgoing_bit,20,0.8662162162162163,0.6094594594594595
cb_rnn,1,12,outgoing_bit,21,0.7884353741496598,0.7680272108843538
cb_rnn,1,12,outgoing_bit,22,0.7584345479082321,0.5991902834008097
cb_rnn,1,12,outgoing_bit,23,0.7398373983739837,0.69579945799458
cb_rnn,1,12,outgoing_bit,24,0.7017543859649122,0.6572199730094467
cb_rnn,1,12,outgoing_bit,25,0.7699724517906336,0.6391184573002755
cb_rnn,1,12,outgoing_bit,26,0.7199730094466936,0.5303643724696356
cb_rnn,1,12,outgoing_bit,27,0.7596418732782368,0.5977961432506887
cb_rnn,1,12,outgoing_bit,28,0.7695945945945946,0.6405405405405404
cb_rnn,1,12,outgoing_bit,29,0.630229419703104,0.5748987854251012
cb_rnn,1,12,outgoing_bit,30,0.810391363022942,0.5877192982456141
cb_rnn,1,12,outgoing_bit,31,0.8211382113821138,0.712059620596206
cb_rnn,1,12,outgoing_bit,32,0.7533875338753387,0.6016260162601627
cb_rnn,1,12,outgoing_bit,33,0.7598039215686274,0.5563725490196079
cb_rnn,1,12,outgoing_bit,34,0.7729988052568697,0.6093189964157706
cb_rnn,1,12,outgoing_bit,35,0.7023809523809523,0.588095238095238
cb_rnn,1,12,outgoing_bit,36,0.4666666666666667,0.23333333333333336
cb_rnn,1,12,outgoing_bit,37,,
cb_rnn,1,12,outgoing_bit,38,,
cb_rnn,1,12,outgoing_bit,39,,
cb_rnn,1,12,outgoing_bit,40,,
cb_rnn,1,12,outgoing_bit,41,,
cb_rnn,1,12,outgoing_bit,42,,
cb_rnn,1,12,outgoing_bit,43,,
cb_rnn,1,12,outgoing_bit,44,,
cb_rnn,1,12,outgoing_bit,45,,
cb_rnn,1,12,outgoing_bit,46,,
cb_rnn,1,12,outgoing_bit,47,,
cb_rnn,1,12,outgoing_bit,48,,
cb_rnn,1,12,next_parity,0,,
cb_rnn,1,12,next_parity,1,0.44624472573839663,0.4391561181434599
cb_rnn,1,12,next_parity,2,0.5547520661157025,0.5046487603305785
cb_rnn,1,12,next_parity,3,0.54337899543379,0.5279891763910028
cb_rnn,1,12,next_parity,4,0.49527665317139,0.5290148448043185
cb_rnn,1,12,next_parity,5,0.4596283783783784,0.46925675675675677
cb_rnn,1,12,next_parity,6,0.44808377896613183,0.40597147950089124
cb_rnn,1,12,next_parity,7,0.5509476031215161,0.5522853957636565
cb_rnn,1,12,next_parity,8,0.47127207690587974,0.4426559356136821
cb_rnn,1,12,next_parity,9,0.4626094767572423,0.5522119919155625
cb_rnn,1,12,next_parity,10,0.48417528910529517,0.44887401095556906
cb_rnn,1,12,next_parity,11,0.5440194292653309,0.5415907710989678
cb_rnn,1,12,next_parity,12,0.49330493000608644,0.5027388922702374
cb_rnn,1,12,next_parity,13,0.5128205128205128,0.4362026862026862
cb_rnn,1,12,next_parity,14,0.5097680097680098,0.4627594627594628
cb_rnn,1,12,next_parity,15,0.5080330004342163,0.46678245766391663
cb_rnn,1,12,next_parity,16,0.487688098495212,0.4302325581395349
cb_rnn,1,12,next_parity,17,0.5599173553719008,0.40633608815426997
cb_rnn,1,12,next_parity,18,0.5977961432506887,0.5034435261707988
cb_rnn,1,12,next_parity,19,0.39455782312925175,0.4931972789115646
cb_rnn,1,12,next_parity,20,0.6149110807113544,0.5225718194254445
cb_rnn,1,12,next_parity,21,0.5336605890603086,0.4810659186535765
cb_rnn,1,12,next_parity,22,0.3739837398373984,0.4776422764227642
cb_rnn,1,12,next_parity,23,0.3864864864864865,0.41486486486486485
cb_rnn,1,12,next_parity,24,0.4384404924760602,0.5410396716826265
cb_rnn,1,12,next_parity,25,0.55420054200542,0.4505420054200542
cb_rnn,1,12,next_parity,26,0.5486486486486486,0.4391891891891892
cb_rnn,1,12,next_parity,27,0.4794326241134752,0.45602836879432623
cb_rnn,1,12,next_parity,28,0.6327913279132792,0.5873983739837398
cb_rnn,1,12,next_parity,29,0.5306122448979592,0.5605442176870747
cb_rnn,1,12,next_parity,30,0.3868563685636856,0.45799457994579945
cb_rnn,1,12,next_parity,31,0.49662162162162166,0.520945945945946
cb_rnn,1,12,next_parity,32,0.5620782726045884,0.6018893387314441
cb_rnn,1,12,next_parity,33,0.4180216802168022,0.44579945799458
cb_rnn,1,12,next_parity,34,0.5323886639676113,0.5360998650472334
cb_rnn,1,12,next_parity,35,0.5232974910394266,0.5400238948626046
cb_rnn,1,12,next_parity,36,0.4927884615384615,0.5348557692307692
cb_rnn,1,12,next_parity,37,0.39068100358422936,0.3560334528076463
cb_rnn,1,12,next_parity,38,0.888888888888889,0.8888888888888888
cb_rnn,1,12,next_parity,39,,
cb_rnn,1,12,next_parity,40,,
cb_rnn,1,12,next_parity,41,,
cb_rnn,1,12,next_parity,42,,
cb_rnn,1,12,next_parity,43,,
cb_rnn,1,12,next_parity,44,,
cb_rnn,1,12,next_parity,45,,
cb_rnn,1,12,next_parity,46,,
cb_rnn,1,12,next_parity,47,,
cb_rnn,1,12,next_parity,48,,
cb_rnn,1,13,incoming_bit,0,1.0,1.0
cb_rnn,1,13,incoming_bit,1,1.0,1.0
cb_rnn,1,13,incoming_bit,2,1.0,1.0
cb_rnn,1,13,incoming_bit,3,1.0,1.0
cb_rnn,1,13,incoming_bit,4,1.0,1.0
cb_rnn,1,13,incoming_bit,5,1.0,1.0
cb_rnn,1,13,incoming_bit,6,1.0,1.0
cb_rnn,1,13,incoming_bit,7,1.0,1.0
cb_rnn,1,13,incoming_bit,8,1.0,1.0
cb_rnn,1,13,incoming_bit,9,1.0,1.0
cb_rnn,1,13,incoming_bit,10,1.0,1.0
cb_rnn,1,13,incoming_bit,11,1.0,1.0
cb_rnn,1,13,incoming_bit,12,1.0,1.0
cb_rnn,1,13,incoming_bit,13,1.0,1.0
cb_rnn,1,13,incoming_bit,14,1.0,1.0
cb_rnn,1,13,incoming_bit,15,1.0,1.0
cb_rnn,1,13,incoming_bit,16,1.0,1.0
cb_rnn,1,13,incoming_bit,17,1.0,1.0
cb_rnn,1,13,incoming_bit,18,1.0,1.0
cb_rnn,1,13,incoming_bit,19,1.0,1.0
cb_rnn,1,13,incoming_bit,20,1.0,1.0
cb_rnn,1,13,incoming_bit,21,1.0,1.0
cb_rnn,1,13,incoming_bit,22,1.0,1.0
cb_rnn,1,13,incoming_bit,23,1.0,1.0
cb_rnn,1,13,incoming_bit,24,1.0,1.0
cb_rnn,1,13,incoming_bit,25,1.0,1.0
cb_rnn,1,13,incoming_bit,26,1.0,1.0
cb_rnn,1,13,incoming_bit,27,1.0,1.0
cb_rnn,1,13,incoming_bit,28,1.0,1.0
cb_rnn,1,13,incoming_bit,29,1.0,1.0
cb_rnn,1,13,incoming_bit,30,1.0,1.0
cb_rnn,1,13,incoming_bit,31,1.0,1.0
cb_rnn,1,13,incoming_bit,32,1.0,1.0
cb_rnn,1,13,incoming_bit,33,1.0,1.0
cb_rnn,1,13,incoming_bit,34,1.0,1.0
cb_rnn,1,13,incoming_bit,35,1.0,1.0
cb_rnn,1,13,incoming_bit,36,1.0,1.0
cb_rnn,1,13,incoming_bit,37,1.0,1.0
cb_rnn,1,13,incoming_bit,38,1.0,1.0
cb_rnn,1,13,incoming_bit,39,1.0,1.0
cb_rnn,1,13,incoming_bit,40,1.0,1.0
cb_rnn,1,13,incoming_bit,41,1.0,1.0
cb_rnn,1,13,incoming_bit,42,1.0,1.0
cb_rnn,1,13,incoming_bit,43,1.0,1.0
cb_rnn,1,13,incoming_bit,44,0.9999999999999999,0.9999999999999999
cb_rnn,1,13,incoming_bit,45,1.0,1.0
cb_rnn,1,13,incoming_bit,46,1.0,1.0
cb_rnn,1,13,incoming_bit,47,1.0,1.0
cb_rnn,1,13,incoming_bit,48,1.0,1.0
cb_rnn,1,13,incoming_bit,49,1.0,1.0
cb_rnn,1,13,incoming_bit,50,1.0,1.0
cb_rnn,1,13,incoming_bit,51,1.0,1.0
cb_rnn,1,13,incoming_bit,52,1.0,1.0
cb_rnn,1,13,outgoing_bit,0,0.8253001860307797,0.734990698461018
cb_rnn,1,13,outgoing_bit,1,0.7715986394557823,0.7270408163265306
cb_rnn,1,13,outgoing_bit,2,0.844298245614035,0.6648110661268556
cb_rnn,1,13,outgoing_bit,3,0.7682432432432433,0.6555743243243244
cb_rnn,1,13,outgoing_bit,4,0.8167224080267559,0.7377926421404681
cb_rnn,1,13,outgoing_bit,5,0.8578748050790822,0.7284473156605035
cb_rnn,1,13,outgoing_bit,6,0.859180035650624,0.7257130124777184
cb_rnn,1,13,outgoing_bit,7,0.7909946236559139,0.7166218637992832
cb_rnn,1,13,outgoing_bit,8,0.7938861985472154,0.6074455205811138
cb_rnn,1,13,outgoing_bit,9,0.7639393939393939,0.7066666666666667
cb_rnn,1,13,outgoing_bit,10,0.7333333333333334,0.5887878787878789
cb_rnn,1,13,outgoing_bit,11,0.8484479610468654,0.7641509433962265
cb_rnn,1,13,outgoing_bit,12,0.855191256830601,0.6223436551305405
cb_rnn,1,13,outgoing_bit,13,0.723030303030303,0.6651515151515152
cb_rnn,1,13,outgoing_bit,14,0.7709521720052654,0.6261518209741114
cb_rnn,1,13,outgoing_bit,15,0.84020842379505,0.705601389491967
cb_rnn,1,13,outgoing_bit,16,0.7770979020979021,0.6333041958041958
cb_rnn,1,13,outgoing_bit,17,0.7196138657305836,0.6292233435717419
cb_rnn,1,13,outgoing_bit,18,0.7724867724867724,0.6124338624338624
cb_rnn,1,13,outgoing_bit,19,0.7737733391228832,0.6426400347372992
cb_rnn,1,13,outgoing_bit,20,0.8321739130434782,0.7713043478260869
cb_rnn,1,13,outgoing_bit,21,0.8222904782799474,0.627906976744186
cb_rnn,1,13,outgoing_bit,22,0.7956427015250545,0.6954248366013072
cb_rnn,1,13,outgoing_bit,23,0.7173252279635258,0.5900998697351282
cb_rnn,1,13,outgoing_bit,24,0.8420359806932864,0.6836331724440544
cb_rnn,1,13,outgoing_bit,25,0.688695652173913,0.6347826086956522
cb_rnn,1,13,outgoing_bit,26,0.7434782608695651,0.7891304347826087
cb_rnn,1,13,outgoing_bit,27,0.7398692810457517,0.6257080610021786
cb_rnn,1,13,outgoing_bit,28,0.8318082788671024,0.7202614379084967
cb_rnn,1,13,outgoing_bit,29,0.7912885662431942,0.7078039927404719
cb_rnn,1,13,outgoing_bit,30,0.8122004357298475,0.6962962962962963
cb_rnn,1,13,outgoing_bit,31,0.8708695652173913,0.8056521739130434
cb_rnn,1,13,outgoing_bit,32,0.826923076923077,0.7211538461538461
cb_rnn,1,13,outgoing_bit,33,0.7543859649122808,0.6099865047233468
cb_rnn,1,13,outgoing_bit,34,0.7231404958677686,0.5668044077134986
cb_rnn,1,13,outgoing_bit,35,0.7141891891891892,0.602027027027027
cb_rnn,1,13,outgoing_bit,36,0.7361111111111112,0.5416666666666667
cb_rnn,1,13,outgoing_bit,37,0.5888888888888889,0.5666666666666667
cb_rnn,1,13,outgoing_bit,38,0.5111111111111111,0.5222222222222223
cb_rnn,1,13,outgoing_bit,39,0.3222222222222222,0.24444444444444444
cb_rnn,1,13,outgoing_bit,40,,
cb_rnn,1,13,outgoing_bit,41,,
cb_rnn,1,13,outgoing_bit,42,,
cb_rnn,1,13,outgoing_bit,43,,
cb_rnn,1,13,outgoing_bit,44,,
cb_rnn,1,13,outgoing_bit,45,,
cb_rnn,1,13,outgoing_bit,46,,
cb_rnn,1,13,outgoing_bit,47,,
cb_rnn,1,13,outgoing_bit,48,,
cb_rnn,1,13,outgoing_bit,49,,
cb_rnn,1,13,outgoing_bit,50,,
cb_rnn,1,13,outgoing_bit,51,,
cb_rnn,1,13,outgoing_bit,52,,
cb_rnn,1,13,next_parity,0,,
cb_rnn,1,13,next_parity,1,0.4828691983122363,0.4968776371308017
cb_rnn,1,13,next_parity,2,0.4473404255319149,0.44663120567375886
cb_rnn,1,13,next_parity,3,0.44268707482993197,0.4290816326530612
cb_rnn,1,13,next_parity,4,0.5078907178007805,0.5260478533853725
cb_rnn,1,13,next_parity,5,0.4423076923076923,0.4559716599190283
cb_rnn,1,13,next_parity,6,0.45476827094474154,0.4872994652406417
cb_rnn,1,13,next_parity,7,0.5540691192865107,0.510144927536232
cb_rnn,1,13,next_parity,8,0.4249259512417407,0.4868990658464343
cb_rnn,1,13,next_parity,9,0.47585897147990125,0.4439703570626544
cb_rnn,1,13,next_parity,10,0.5793939393939394,0.5969696969696969
cb_rnn,1,13,next_parity,11,0.5357587064676618,0.5177238805970149
cb_rnn,1,13,next_parity,12,0.586031746031746,0.5495238095238095
cb_rnn,1,13,next_parity,13,0.47869750456482046,0.44491783323189293
cb_rnn,1,13,next_parity,14,0.6088929219600726,0.52994555353902
cb_rnn,1,13,next_parity,15,0.4741915422885572,0.4477611940298507
cb_rnn,1,13,next_parity,16,0.43105817682088876,0.48969308291342195
cb_rnn,1,13,next_parity,17,0.38956521739130434,0.4308695652173913
cb_rnn,1,13,next_parity,18,0.4949891067538127,0.5281045751633987
cb_rnn,1,13,next_parity,19,0.608714596949891,0.5782135076252723
cb_rnn,1,13,next_parity,20,0.527534965034965,0.5292832167832168
cb_rnn,1,13,next_parity,21,0.5514546244029527,0.6660877116804169
cb_rnn,1,13,next_parity,22,0.5430434782608696,0.53
cb_rnn,1,13,next_parity,23,0.5537587412587412,0.5327797202797202
cb_rnn,1,13,next_parity,24,0.5352733686067019,0.5008818342151675
cb_rnn,1,13,next_parity,25,0.48115299334811534,0.5405764966740577
cb_rnn,1,13,next_parity,26,0.4777097902097902,0.4418706293706294
cb_rnn,1,13,next_parity,27,0.5238095238095238,0.4149029982363316
cb_rnn,1,13,next_parity,28,0.4609375,0.3858506944444444
cb_rnn,1,13,next_parity,29,0.47826086956521746,0.4804347826086956
cb_rnn,1,13,next_parity,30,0.4952256944444444,0.5290798611111112
cb_rnn,1,13,next_parity,31,0.5026041666666667,0.4800347222222222
cb_rnn,1,13,next_parity,32,0.6096396005210595,0.5597047329570125
cb_rnn,1,13,next_parity,33,0.5357624831309042,0.5838956365272154
cb_rnn,1,13,next_parity,34,0.4688453159041394,0.5119825708061002
cb_rnn,1,13,next_parity,35,0.5087837837837839,0.47229729729729725
cb_rnn,1,13,next_parity,36,0.5501355013550135,0.551490514905149
cb_rnn,1,13,next_parity,37,0.4452702702702703,0.47094594594594597
cb_rnn,1,13,next_parity,38,0.380952380952381,0.33333333333333337
cb_rnn,1,13,next_parity,39,0.6025641025641025,0.5128205128205129
cb_rnn,1,13,next_parity,40,0.3928571428571429,0.2142857142857143
cb_rnn,1,13,next_parity,41,0.5568181818181819,0.4772727272727273
cb_rnn,1,13,next_parity,42,,
cb_rnn,1,13,next_parity,43,,
cb_rnn,1,13,next_parity,44,,
cb_rnn,1,13,next_parity,45,,
cb_rnn,1,13,next_parity,46,,
cb_rnn,1,13,next_parity,47,,
cb_rnn,1,13,next_parity,48,,
cb_rnn,1,13,next_parity,49,,
cb_rnn,1,13,next_parity,50,,
cb_rnn,1,13,next_parity,51,,
cb_rnn,1,13,next_parity,52,,
cb_rnn,1,14,incoming_bit,0,1.0,1.0
cb_rnn,1,14,incoming_bit,1,1.0,1.0
cb_rnn,1,14,incoming_bit,2,1.0,1.0
cb_rnn,1,14,incoming_bit,3,1.0,1.0
cb_rnn,1,14,incoming_bit,4,1.0,1.0
cb_rnn,1,14,incoming_bit,5,1.0,1.0
cb_rnn,1,14,incoming_bit,6,1.0,1.0
cb_rnn,1,14,incoming_bit,7,1.0,1.0
cb_rnn,1,14,incoming_bit,8,1.0,1.0
cb_rnn,1,14,incoming_bit,9,1.0,1.0
cb_rnn,1,14,incoming_bit,10,1.0,1.0
cb_rnn,1,14,incoming_bit,11,1.0,1.0
cb_rnn,1,14,incoming_bit,12,1.0,1.0
cb_rnn,1,14,incoming_bit,13,1.0,1.0
cb_rnn,1,14,incoming_bit,14,1.0,1.0
cb_rnn,1,14,incoming_bit,15,1.0,1.0
cb_rnn,1,14,incoming_bit,16,1.0,1.0
cb_rnn,1,14,incoming_bit,17,1.0,0.9999999999999999
cb_rnn,1,14,incoming_bit,18,1.0,1.0
cb_rnn,1,14,incoming_bit,19,1.0,1.0
cb_rnn,1,14,incoming_bit,20,0.9930695282807959,1.0
cb_rnn,1,14,incoming_bit,21,1.0,1.0
cb_rnn,1,14,incoming_bit,22,1.0,1.0
cb_rnn,1,14,incoming_bit,23,1.0,1.0
cb_rnn,1,14,incoming_bit,24,1.0,1.0
cb_rnn,1,14,incoming_bit,25,1.0,1.0
cb_rnn,1,14,incoming_bit,26,1.0,1.0
cb_rnn,1,14,incoming_bit,27,1.0,1.0
cb_rnn,1,14,incoming_bit,28,1.0,1.0
cb_rnn,1,14,incoming_bit,29,1.0,1.0
cb_rnn,1,14,incoming_bit,30,1.0,1.0
cb_rnn,1,14,incoming_bit,31,1.0,1.0
cb_rnn,1,14,incoming_bit,32,1.0,1.0
cb_rnn,1,14,incoming_bit,33,1.0,1.0
cb_rnn,1,14,incoming_bit,34,1.0,1.0
cb_rnn,1,14,incoming_bit,35,1.0,1.0
cb_rnn,1,14,incoming_bit,36,1.0,1.0
cb_rnn,1,14,incoming_bit,37,1.0,1.0
cb_rnn,1,14,incoming_bit,38,1.0,1.0
cb_rnn,1,14,incoming_bit,39,1.0,1.0
cb_rnn,1,14,incoming_bit,40,1.0,1.0
cb_rnn,1,14,incoming_bit,41,0.9999999999999999,1.0
cb_rnn,1,14,incoming_bit,42,1.0,1.0
cb_rnn,1,14,incoming_bit,43,1.0,1.0
cb_rnn,1,14,incoming_bit,44,1.0,1.0
cb_rnn,1,14,incoming_bit,45,1.0,1.0
cb_rnn,1,14,incoming_bit,46,1.0,1.0
cb_rnn,1,14,incoming_bit,47,1.0,1.0
cb_rnn,1,14,incoming_bit,48,1.0,1.0
cb_rnn,1,14,incoming_bit,49,1.0,1.0
cb_rnn,1,14,incoming_bit,50,1.0,1.0
cb_rnn,1,14,incoming_bit,51,1.0,1.0
cb_rnn,1,14,incoming_bit,52,1.0,1.0
cb_rnn,1,14,incoming_bit,53,1.0,1.0
cb_rnn,1,14,outgoing_bit,0,0.8246951219512195,0.6986788617886178
cb_rnn,1,14,outgoing_bit,1,0.8192119059698968,0.6614239810586844
cb_rnn,1,14,outgoing_bit,2,0.8131756756756756,0.6792229729729731
cb_rnn,1,14,outgoing_bit,3,0.7537112010796221,0.6761133603238867
cb_rnn,1,14,outgoing_bit,4,0.8243727598566308,0.6872759856630825
cb_rnn,1,14,outgoing_bit,5,0.8345982142857143,0.6520089285714286
cb_rnn,1,14,outgoing_bit,6,0.6822638146167559,0.6452762923351159
cb_rnn,1,14,outgoing_bit,7,0.7796412764966224,0.6291637549499184
cb_rnn,1,14,outgoing_bit,8,0.7915140415140416,0.6477411477411478
cb_rnn,1,14,outgoing_bit,9,0.7601102941176471,0.5946691176470589
cb_rnn,1,14,outgoing_bit,10,0.727076923076923,0.544
cb_rnn,1,14,outgoing_bit,11,0.7909312233718808,0.6317711503347535
cb_rnn,1,14,outgoing_bit,12,0.706959706959707,0.6330891330891331
cb_rnn,1,14,outgoing_bit,13,0.8178506375227687,0.713418336369156
cb_rnn,1,14,outgoing_bit,14,0.7796610169491526,0.5657352267521759
cb_rnn,1,14,outgoing_bit,15,0.7478260869565218,0.6491304347826087
cb_rnn,1,14,outgoing_bit,16,0.7117156647652478,0.49802544975866603
cb_rnn,1,14,outgoing_bit,17,0.7955243527863098,0.7599824484422992
cb_rnn,1,14,outgoing_bit,18,0.6831943835015357,0.6327336551118912
cb_rnn,1,14,outgoing_bit,19,0.8111159357359966,0.6239687364307426
cb_rnn,1,14,outgoing_bit,20,0.7572984749455337,0.7089324618736383
cb_rnn,1,14,outgoing_bit,21,0.7503325942350333,0.6097560975609756
cb_rnn,1,14,outgoing_bit,22,0.8073192239858905,0.6953262786596119
cb_rnn,1,14,outgoing_bit,23,0.8369565217391304,0.6560869565217391
cb_rnn,1,14,outgoing_bit,24,0.6647850629613548,0.5527572731220147
cb_rnn,1,14,outgoing_bit,25,0.7401785714285715,0.6611607142857142
cb_rnn,1,14,outgoing_bit,26,0.7163398692810458,0.5843137254901961
cb_rnn,1,14,outgoing_bit,27,0.8273148148148147,0.649537037037037
cb_rnn,1,14,outgoing_bit,28,0.7760348583877995,0.5529411764705883
cb_rnn,1,14,outgoing_bit,29,0.8326048951048951,0.6433566433566433
cb_rnn,1,14,outgoing_bit,30,0.771875,0.675
cb_rnn,1,14,outgoing_bit,31,0.6429195804195804,0.5834790209790209
cb_rnn,1,14,outgoing_bit,32,0.6934433347807207,0.4958749457229701
cb_rnn,1,14,outgoing_bit,33,0.754421768707483,0.617687074829932
cb_rnn,1,14,outgoing_bit,34,0.787940379403794,0.5630081300813009
cb_rnn,1,14,outgoing_bit,35,0.7412162162162161,0.5249999999999999
cb_rnn,1,14,outgoing_bit,36,0.6442577030812325,0.6358543417366946
cb_rnn,1,14,outgoing_bit,37,0.5454545454545454,0.26136363636363635
cb_rnn,1,14,outgoing_bit,38,0.619047619047619,0.4285714285714286
cb_rnn,1,14,outgoing_bit,39,0.38888888888888895,0.2777777777777778
cb_rnn,1,14,outgoing_bit,40,,
cb_rnn,1,14,outgoing_bit,41,,
cb_rnn,1,14,outgoing_bit,42,,
cb_rnn,1,14,outgoing_bit,43,,
cb_rnn,1,14,outgoing_bit,44,,
cb_rnn,1,14,outgoing_bit,45,,
cb_rnn,1,14,outgoing_bit,46,,
cb_rnn,1,14,outgoing_bit,47,,
cb_rnn,1,14,outgoing_bit,48,,
cb_rnn,1,14,outgoing_bit,49,,
cb_rnn,1,14,outgoing_bit,50,,
cb_rnn,1,14,outgoing_bit,51,,
cb_rnn,1,14,outgoing_bit,52,,
cb_rnn,1,14,outgoing_bit,53,,
cb_rnn,1,14,next_parity,0,,
cb_rnn,1,14,next_parity,1,0.4655085174565694,0.49165120593692024
cb_rnn,1,14,next_parity,2,0.5603625170998632,0.5083789329685362
cb_rnn,1,14,next_parity,3,0.4384278002699055,0.45597165991902844
cb_rnn,1,14,next_parity,4,0.5062233589087809,0.48491048593350383
cb_rnn,1,14,next_parity,5,0.42392037786774633,0.4718286099865047
cb_rnn,1,14,next_parity,6,0.46814218645204564,0.45472837022132795
cb_rnn,1,14,next_parity,7,0.48836158192090395,0.5367231638418078
cb_rnn,1,14,next_parity,8,0.5396825396825398,0.5629331544824503
cb_rnn,1,14,next_parity,9,0.5563725490196078,0.4754901960784313
cb_rnn,1,14,next_parity,10,0.4115646258503401,0.4230055658627087
cb_rnn,1,14,next_parity,11,0.4646153846153847,0.4350769230769231
cb_rnn,1,14,next_parity,12,0.5569230769230769,0.5043076923076923
cb_rnn,1,14,next_parity,13,0.5444309190505173,0.4659160073037127
cb_rnn,1,14,next_parity,14,0.47959183673469385,0.5262832405689548
cb_rnn,1,14,next_parity,15,0.4951573849878935,0.538135593220339
cb_rnn,1,14,next_parity,16,0.4895652173913043,0.4765217391304348
cb_rnn,1,14,next_parity,17,0.44907407407407407,0.450462962962963
cb_rnn,1,14,next_parity,18,0.6005244755244755,0.46372377622377614
cb_rnn,1,14,next_parity,19,0.4153439153439153,0.35361552028218696
cb_rnn,1,14,next_parity,20,0.4730434782608696,0.4952173913043478
cb_rnn,1,14,next_parity,21,0.4589732338745064,0.46116717858709966
cb_rnn,1,14,next_parity,22,0.5017482517482518,0.4611013986013986
cb_rnn,1,14,next_parity,23,0.4563405002193945,0.5546292233435717
cb_rnn,1,14,next_parity,24,0.44361562088635376,0.509433962264151
cb_rnn,1,14,next_parity,25,0.5390625,0.5169270833333334
cb_rnn,1,14,next_parity,26,0.538695652173913,0.5726086956521739
cb_rnn,1,14,next_parity,27,0.5098727512066696,0.4475647213690216
cb_rnn,1,14,next_parity,28,0.5108695652173914,0.5243478260869565
cb_rnn,1,14,next_parity,29,0.5914025184541902,0.5345201910551455
cb_rnn,1,14,next_parity,30,0.5677559912854031,0.4657952069716775
cb_rnn,1,14,next_parity,31,0.4839409722222222,0.49826388888888884
cb_rnn,1,14,next_parity,32,0.4691304347826087,0.5152173913043478
cb_rnn,1,14,next_parity,33,0.4594235033259424,0.51529933481153
cb_rnn,1,14,next_parity,34,0.5271385149804602,0.4937038645245332
cb_rnn,1,14,next_parity,35,0.49722222222222223,0.44513888888888886
cb_rnn,1,14,next_parity,36,0.49186991869918706,0.4573170731707317
cb_rnn,1,14,next_parity,37,0.4703856749311294,0.38705234159779617
cb_rnn,1,14,next_parity,38,0.5222222222222223,0.37222222222222223
cb_rnn,1,14,next_parity,39,0.34090909090909094,0.34090909090909094
cb_rnn,1,14,next_parity,40,0.5238095238095237,0.6904761904761905
cb_rnn,1,14,next_parity,41,0.5113636363636364,0.5909090909090909
cb_rnn,1,14,next_parity,42,,
cb_rnn,1,14,next_parity,43,,
cb_rnn,1,14,next_parity,44,,
cb_rnn,1,14,next_parity,45,,
cb_rnn,1,14,next_parity,46,,
cb_rnn,1,14,next_parity,47,,
cb_rnn,1,14,next_parity,48,,
cb_rnn,1,14,next_parity,49,,
cb_rnn,1,14,next_parity,50,,
cb_rnn,1,14,next_parity,51,,
cb_rnn,1,14,next_parity,52,,
cb_rnn,1,14,next_parity,53,,
cb_rnn,1,15,incoming_bit,0,1.0,1.0
cb_rnn,1,15,incoming_bit,1,1.0,1.0
cb_rnn,1,15,incoming_bit,2,1.0,1.0
cb_rnn,1,15,incoming_bit,3,1.0,1.0
cb_rnn,1,15,incoming_bit,4,1.0,1.0
cb_rnn,1,15,incoming_bit,5,1.0,1.0
cb_rnn,1,15,incoming_bit,6,1.0,1.0
cb_rnn,1,15,incoming_bit,7,1.0,1.0
cb_rnn,1,15,incoming_bit,8,1.0,1.0
cb_rnn,1,15,incoming_bit,9,1.0,1.0
cb_rnn,1,15,incoming_bit,10,1.0,1.0
cb_rnn,1,15,incoming_bit,11,1.0,1.0
cb_rnn,1,15,incoming_bit,12,1.0,1.0
cb_rnn,1,15,incoming_bit,13,1.0,1.0
cb_rnn,1,15,incoming_bit,14,1.0,1.0
cb_rnn,1,15,incoming_bit,15,1.0,1.0
cb_rnn,1,15,incoming_bit,16,1.0,1.0
cb_rnn,1,15,incoming_bit,17,1.0,1.0
cb_rnn,1,15,incoming_bit,18,1.0,1.0
cb_rnn,1,15,incoming_bit,19,1.0,1.0
cb_rnn,1,15,incoming_bit,20,1.0,1.0
cb_rnn,1,15,incoming_bit,21,1.0,1.0
cb_rnn,1,15,incoming_bit,22,1.0,1.0
cb_rnn,1,15,incoming_bit,23,1.0,0.9999999999999999
cb_rnn,1,15,incoming_bit,24,1.0,1.0
cb_rnn,1,15,incoming_bit,25,1.0,1.0
cb_rnn,1,15,incoming_bit,26,1.0,1.0
cb_rnn,1,15,incoming_bit,27,0.9827586206896551,1.0
cb_rnn,1,15,incoming_bit,28,0.9814814814814815,1.0
cb_rnn,1,15,incoming_bit,29,1.0,1.0
cb_rnn,1,15,incoming_bit,30,1.0,1.0
cb_rnn,1,15,incoming_bit,31,1.0,1.0
cb_rnn,1,15,incoming_bit,32,1.0,1.0
cb_rnn,1,15,incoming_bit,33,1.0,1.0
cb_rnn,1,15,incoming_bit,34,1.0,1.0
cb_rnn,1,15,incoming_bit,35,1.0,1.0
cb_rnn,1,15,incoming_bit,36,1.0,1.0
cb_rnn,1,15,incoming_bit,37,1.0,1.0
cb_rnn,1,15,incoming_bit,38,1.0,1.0
cb_rnn,1,15,incoming_bit,39,1.0,1.0
cb_rnn,1,15,incoming_bit,40,1.0,1.0
cb_rnn,1,15,incoming_bit,41,1.0,1.0
cb_rnn,1,15,incoming_bit,42,1.0,1.0
cb_rnn,1,15,incoming_bit,43,1.0,1.0
cb_rnn,1,15,incoming_bit,44,1.0,1.0
cb_rnn,1,15,incoming_bit,45,1.0,1.0
cb_rnn,1,15,incoming_bit,46,1.0,1.0
cb_rnn,1,15,incoming_bit,47,0.9999999999999999,1.0
cb_rnn,1,15,incoming_bit,48,1.0,1.0
cb_rnn,1,15,incoming_bit,49,1.0,1.0
cb_rnn,1,15,incoming_bit,50,1.0,1.0
cb_rnn,1,15,incoming_bit,51,1.0,1.0
cb_rnn,1,15,incoming_bit,52,1.0,1.0
cb_rnn,1,15,incoming_bit,53,0.9002770083102493,1.0
cb_rnn,1,15,incoming_bit,54,1.0,1.0
cb_rnn,1,15,incoming_bit,55,1.0,1.0
cb_rnn,1,15,incoming_bit,56,1.0,1.0
cb_rnn,1,15,incoming_bit,57,1.0,1.0
cb_rnn,1,15,incoming_bit,58,1.0,1.0
cb_rnn,1,15,incoming_bit,59,1.0,1.0
cb_rnn,1,15,outgoing_bit,0,0.7921568627450979,0.6980392156862745
cb_rnn,1,15,outgoing_bit,1,0.8080500591916118,0.7089463893116861
cb_rnn,1,15,outgoing_bit,2,0.8449042407660738,0.7631668946648427
cb_rnn,1,15,outgoing_bit,3,0.7773279352226721,0.6752699055330634
cb_rnn,1,15,outgoing_bit,4,0.8335932278903988,0.6716417910447761
cb_rnn,1,15,outgoing_bit,5,0.7373467112597547,0.567001114827202
cb_rnn,1,15,outgoing_bit,6,0.7797101449275362,0.6149386845039018
cb_rnn,1,15,outgoing_bit,7,0.7657758814282506,0.6629238715472715
cb_rnn,1,15,outgoing_bit,8,0.7648484848484848,0.6221212121212121
cb_rnn,1,15,outgoing_bit,9,0.8072252580449302,0.6399514268366727
cb_rnn,1,15,outgoing_bit,10,0.7438949938949939,0.6391941391941393
cb_rnn,1,15,outgoing_bit,11,0.7410768300060495,0.5955837870538415
cb_rnn,1,15,outgoing_bit,12,0.7362948960302457,0.6906112161310649
cb_rnn,1,15,outgoing_bit,13,0.6959706959706959,0.6623931623931624
cb_rnn,1,15,outgoing_bit,14,0.8369755244755245,0.5952797202797203
cb_rnn,1,15,outgoing_bit,15,0.7854251012145749,0.6756635177687809
cb_rnn,1,15,outgoing_bit,16,0.7993920972644377,0.6843247937472862
cb_rnn,1,15,outgoing_bit,17,0.7411764705882352,0.7420479302832245
cb_rnn,1,15,outgoing_bit,18,0.7976552323056882,0.6517585757707339
cb_rnn,1,15,outgoing_bit,19,0.637999122422115,0.562966213251426
cb_rnn,1,15,outgoing_bit,20,0.7990451388888888,0.6414930555555555
cb_rnn,1,15,outgoing_bit,21,0.8158923143725575,0.6304819800260529
cb_rnn,1,15,outgoing_bit,22,0.7941964285714286,0.615625
cb_rnn,1,15,outgoing_bit,23,0.7325892857142856,0.6441964285714286
cb_rnn,1,15,outgoing_bit,24,0.8345636126791143,0.6222318714719931
cb_rnn,1,15,outgoing_bit,25,0.7468519322622666,0.653061224489796
cb_rnn,1,15,outgoing_bit,26,0.765625,0.6678571428571427
cb_rnn,1,15,outgoing_bit,27,0.7759444203213199,0.7038645245332175
cb_rnn,1,15,outgoing_bit,28,0.8017391304347825,0.7213043478260869
cb_rnn,1,15,outgoing_bit,29,0.8107517482517483,0.6595279720279721
cb_rnn,1,15,outgoing_bit,30,0.8033216783216783,0.6879370629370629
cb_rnn,1,15,outgoing_bit,31,0.811529933481153,0.7374722838137473
cb_rnn,1,15,outgoing_bit,32,0.7599818511796733,0.764519056261343
cb_rnn,1,15,outgoing_bit,33,0.7118758434547908,0.6133603238866396
cb_rnn,1,15,outgoing_bit,34,0.8106060606060607,0.6494490358126721
cb_rnn,1,15,outgoing_bit,35,0.7027210884353741,0.6768707482993197
cb_rnn,1,15,outgoing_bit,36,0.6496969696969697,0.6193939393939394
cb_rnn,1,15,outgoing_bit,37,0.6492307692307693,0.6092307692307692
cb_rnn,1,15,outgoing_bit,38,0.6481994459833794,0.6066481994459834
cb_rnn,1,15,outgoing_bit,39,0.6204986149584488,0.5013850415512465
cb_rnn,1,15,outgoing_bit,40,0.6222222222222222,0.5666666666666667
cb_rnn,1,15,outgoing_bit,41,0.41025641025641024,0.2948717948717948
cb_rnn,1,15,outgoing_bit,42,0.6857142857142857,0.5285714285714286
cb_rnn,1,15,outgoing_bit,43,0.6153846153846154,0.43589743589743585
cb_rnn,1,15,outgoing_bit,44,0.8522727272727273,0.7727272727272727
cb_rnn,1,15,outgoing_bit,45,,
cb_rnn,1,15,outgoing_bit,46,,
cb_rnn,1,15,outgoing_bit,47,,
cb_rnn,1,15,outgoing_bit,48,,
cb_rnn,1,15,outgoing_bit,49,,
cb_rnn,1,15,outgoing_bit,50,,
cb_rnn,1,15,outgoing_bit,51,,
cb_rnn,1,15,outgoing_bit,52,,
cb_rnn,1,15,outgoing_bit,53,,
cb_rnn,1,15,outgoing_bit,54,,
cb_rnn,1,15,outgoing_bit,55,,
cb_rnn,1,15,outgoing_bit,56,,
cb_rnn,1,15,outgoing_bit,57,,
cb_rnn,1,15,outgoing_bit,58,,
cb_rnn,1,15,outgoing_bit,59,,
cb_rnn,1,15,next_parity,0,,
cb_rnn,1,15,next_parity,1,0.5088652482269505,0.5184397163120568
cb_rnn,1,15,next_parity,2,0.5520833333333334,0.4944444444444444
cb_rnn,1,15,next_parity,3,0.5201558265582656,0.5423441734417345
cb_rnn,1,15,next_parity,4,0.4525510204081632,0.5154761904761904
cb_rnn,1,15,next_parity,5,0.4214527027027027,0.4307432432432432
cb_rnn,1,15,next_parity,6,0.5029017857142857,0.4160714285714286
cb_rnn,1,15,next_parity,7,0.3930880713489409,0.48606465997770343
cb_rnn,1,15,next_parity,8,0.40165770609318996,0.5407706093189965
cb_rnn,1,15,next_parity,9,0.49899754956560477,0.514368456226331
cb_rnn,1,15,next_parity,10,0.5541767554479419,0.49636803874092006
cb_rnn,1,15,next_parity,11,0.4222154963680387,0.45581113801452783
cb_rnn,1,15,next_parity,12,0.5024198427102239,0.5471869328493648
cb_rnn,1,15,next_parity,13,0.5973258706467662,0.4685945273631841
cb_rnn,1,15,next_parity,14,0.4163602941176471,0.3079044117647059
cb_rnn,1,15,next_parity,15,0.423992673992674,0.5045787545787546
cb_rnn,1,15,next_parity,16,0.6574033868866697,0.6487190620929223
cb_rnn,1,15,next_parity,17,0.5679012345679013,0.42416225749559083
cb_rnn,1,15,next_parity,18,0.4505446623093682,0.47015250544662307
cb_rnn,1,15,next_parity,19,0.5533854166666666,0.5073784722222222
cb_rnn,1,15,next_parity,20,0.4747826086956522,0.5104347826086957
cb_rnn,1,15,next_parity,21,0.5195652173913043,0.5639130434782609
cb_rnn,1,15,next_parity,22,0.513548951048951,0.5179195804195804
cb_rnn,1,15,next_parity,23,0.49674337820234477,0.6252713851498046
cb_rnn,1,15,next_parity,24,0.5080610021786492,0.5464052287581699
cb_rnn,1,15,next_parity,25,0.48913043478260865,0.4652173913043478
cb_rnn,1,15,next_parity,26,0.4399113082039911,0.43946784922394677
cb_rnn,1,15,next_parity,27,0.3928571428571428,0.4391534391534392
cb_rnn,1,15,next_parity,28,0.6106430155210644,0.6066518847006652
cb_rnn,1,15,next_parity,29,0.3858093126385809,0.4155210643015521
cb_rnn,1,15,next_parity,30,0.5469565217391305,0.52
cb_rnn,1,15,next_parity,31,0.5835866261398176,0.5397307859313938
cb_rnn,1,15,next_parity,32,0.5297438124185845,0.46244029526704306
cb_rnn,1,15,next_parity,33,0.4053081421502474,0.42780026990553305
cb_rnn,1,15,next_parity,34,0.4952256944444445,0.5164930555555556
cb_rnn,1,15,next_parity,35,0.5218878248974008,0.5916552667578658
cb_rnn,1,15,next_parity,36,0.5641891891891893,0.5729729729729729
cb_rnn,1,15,next_parity,37,0.47432432432432436,0.5351351351351351
cb_rnn,1,15,next_parity,38,0.5204326923076923,0.5048076923076923
cb_rnn,1,15,next_parity,39,0.5446428571428571,0.5654761904761905
cb_rnn,1,15,next_parity,40,0.5574229691876751,0.546218487394958
cb_rnn,1,15,next_parity,41,0.40443213296398894,0.47368421052631576
cb_rnn,1,15,next_parity,42,0.21666666666666667,0.35000000000000003
cb_rnn,1,15,next_parity,43,0.625,0.5568181818181818
cb_rnn,1,15,next_parity,44,0.35897435897435903,0.42307692307692313
cb_rnn,1,15,next_parity,45,0.5595238095238095,0.38095238095238093
cb_rnn,1,15,next_parity,46,0.3977272727272727,0.40909090909090906
cb_rnn,1,15,next_parity,47,,
cb_rnn,1,15,next_parity,48,,
cb_rnn,1,15,next_parity,49,,
cb_rnn,1,15,next_parity,50,,
cb_rnn,1,15,next_parity,51,,
cb_rnn,1,15,next_parity,52,,
cb_rnn,1,15,next_parity,53,,
cb_rnn,1,15,next_parity,54,,
cb_rnn,1,15,next_parity,55,,
cb_rnn,1,15,next_parity,56,,
cb_rnn,1,15,next_parity,57,,
cb_rnn,1,15,next_parity,58,,
cb_rnn,1,15,next_parity,59,,
cb_rnn,2,2,incoming_bit,0,1.0,0.9999999999999999
cb_rnn,2,2,incoming_bit,1,1.0,1.0
cb_rnn,2,2,incoming_bit,2,1.0,1.0
cb_rnn,2,2,incoming_bit,3,1.0,1.0
cb_rnn,2,2,incoming_bit,4,1.0,1.0
cb_rnn,2,2,incoming_bit,5,1.0,1.0
cb_rnn,2,2,incoming_bit,6,1.0,1.0
cb_rnn,2,2,incoming_bit,7,1.0,1.0
cb_rnn,2,2,incoming_bit,8,1.0,1.0
cb_rnn,2,2,outgoing_bit,0,0.9999999999999999,1.0
cb_rnn,2,2,outgoing_bit,1,1.0,1.0
cb_rnn,2,2,outgoing_bit,2,1.0,0.9999999999999999
cb_rnn,2,2,outgoing_bit,3,0.9996589940323956,0.9999999999999999
cb_rnn,2,2,outgoing_bit,4,0.9964936886395511,1.0
cb_rnn,2,2,outgoing_bit,5,1.0,1.0
cb_rnn,2,2,outgoing_bit,6,1.0,1.0
cb_rnn,2,2,outgoing_bit,7,,
cb_rnn,2,2,outgoing_bit,8,,
cb_rnn,2,2,next_parity,0,,
cb_rnn,2,2,next_parity,1,0.4645177838577291,0.4835841313269494
cb_rnn,2,2,next_parity,2,0.5009377664109121,0.49718670076726346
cb_rnn,2,2,next_parity,3,0.5060882800608828,0.5046507694909521
cb_rnn,2,2,next_parity,4,0.5846685781750718,0.5427559453533479
cb_rnn,2,2,next_parity,5,0.508709622864874,0.547606967698292
cb_rnn,2,2,next_parity,6,0.4636054421768707,0.44863945578231296
cb_rnn,2,2,next_parity,7,0.6666666666666666,0.6405797101449275
cb_rnn,2,2,next_parity,8,0.5227272727272727,0.5284090909090908
cb_rnn,2,3,incoming_bit,0,1.0,1.0
cb_rnn,2,3,incoming_bit,1,1.0,0.9999999999999999
cb_rnn,2,3,incoming_bit,2,1.0,1.0
cb_rnn,2,3,incoming_bit,3,1.0,1.0
cb_rnn,2,3,incoming_bit,4,1.0,1.0
cb_rnn,2,3,incoming_bit,5,1.0,1.0
cb_rnn,2,3,incoming_bit,6,1.0,1.0
cb_rnn,2,3,incoming_bit,7,1.0,1.0
cb_rnn,2,3,incoming_bit,8,1.0,1.0
cb_rnn,2,3,incoming_bit,9,1.0,1.0
cb_rnn,2,3,incoming_bit,10,1.0,1.0
cb_rnn,2,3,incoming_bit,11,1.0,1.0
cb_rnn,2,3,outgoing_bit,0,0.994410569105691,0.9955962059620596
cb_rnn,2,3,outgoing_bit,1,0.9949186991869918,0.9976287262872628
cb_rnn,2,3,outgoing_bit,2,0.9949186991869918,0.9993224932249323
cb_rnn,2,3,outgoing_bit,3,0.9954182928898693,0.9993212285762769
cb_rnn,2,3,outgoing_bit,4,0.9938997821350762,1.0
cb_rnn,2,3,outgoing_bit,5,0.9922861150070126,0.9845722300140253
cb_rnn,2,3,outgoing_bit,6,0.9951790633608816,1.0
cb_rnn,2,3,outgoing_bit,7,0.997972972972973,1.0
cb_rnn,2,3,outgoing_bit,8,1.0,0.75
cb_rnn,2,3,outgoing_bit,9,,
cb_rnn,2,3,outgoing_bit,10,,
cb_rnn,2,3,outgoing_bit,11,,
cb_rnn,2,3,next_parity,0,,
cb_rnn,2,3,next_parity,1,0.5436610053182365,0.511408474867044
cb_rnn,2,3,next_parity,2,0.5307334710743802,0.5236742424242424
cb_rnn,2,3,next_parity,3,0.5202898550724637,0.5025575447570333
cb_rnn,2,3,next_parity,4,0.5339326634937422,0.5993301604089547
cb_rnn,2,3,next_parity,5,0.5412379827964243,0.5602968460111317
cb_rnn,2,3,next_parity,6,0.5276086956521739,0.5519565217391305
cb_rnn,2,3,next_parity,7,0.40447154471544716,0.4163279132791328
cb_rnn,2,3,next_parity,8,0.38605442176870747,0.386734693877551
cb_rnn,2,3,next_parity,9,0.47326388888888893,0.5534722222222221
cb_rnn,2,3,next_parity,10,0.35795454545454547,0.36363636363636365
cb_rnn,2,3,next_parity,11,,
cb_rnn,2,4,incoming_bit,0,1.0,1.0
cb_rnn,2,4,incoming_bit,1,1.0,1.0
cb_rnn,2,4,incoming_bit,2,1.0,1.0
cb_rnn,2,4,incoming_bit,3,1.0,0.9999999999999999
cb_rnn,2,4,incoming_bit,4,1.0,1.0
cb_rnn,2,4,incoming_bit,5,1.0,1.0
cb_rnn,2,4,incoming_bit,6,1.0,1.0
cb_rnn,2,4,incoming_bit,7,1.0,1.0
cb_rnn,2,4,incoming_bit,8,1.0,1.0
cb_rnn,2,4,incoming_bit,9,1.0,1.0
cb_rnn,2,4,incoming_bit,10,1.0,1.0
cb_rnn,2,4,incoming_bit,11,1.0,1.0
cb_rnn,2,4,incoming_bit,12,1.0,1.0
cb_rnn,2,4,incoming_bit,13,1.0,1.0
cb_rnn,2,4,incoming_bit,14,1.0,1.0
cb_rnn,2,4,incoming_bit,15,1.0,1.0
cb_rnn,2,4,incoming_bit,16,1.0,1.0
cb_rnn,2,4,outgoing_bit,0,0.913109756097561,0.8851626016260162
cb_rnn,2,4,outgoing_bit,1,0.9505735492577598,0.9392712550607288
cb_rnn,2,4,outgoing_bit,2,0.9723400644832852,0.9384014932971322
cb_rnn,2,4,outgoing_bit,3,0.9571655208884188,0.9178565133086549
cb_rnn,2,4,outgoing_bit,4,0.9372549019607843,0.8736383442265796
cb_rnn,2,4,outgoing_bit,5,0.9242424242424242,0.8174931129476584
cb_rnn,2,4,outgoing_bit,6,0.9473684210526316,0.9210526315789475
cb_rnn,2,4,outgoing_bit,7,0.9257759784075573,0.8582995951417004
cb_rnn,2,4,outgoing_bit,8,0.8,0.7972222222222223
cb_rnn,2,4,outgoing_bit,9,0.9279778393351801,0.7700831024930748
cb_rnn,2,4,outgoing_bit,10,0.9271708683473389,0.8599439775910364
cb_rnn,2,4,outgoing_bit,11,1.0,0.9805555555555555
cb_rnn,2,4,outgoing_bit,12,0.9772727272727272,0.9090909090909091
cb_rnn,2,4,outgoing_bit,13,,
cb_rnn,2,4,outgoing_bit,14,,
cb_rnn,2,4,outgoing_bit,15,,
cb_rnn,2,4,outgoing_bit,16,,
cb_rnn,2,4,next_parity,0,,
cb_rnn,2,4,next_parity,1,0.5132360427625997,0.4765823858815544
cb_rnn,2,4,next_parity,2,0.51028522039758,0.5063094209161625
cb_rnn,2,4,next_parity,3,0.5611927398444253,0.5554883318928262
cb_rnn,2,4,next_parity,4,0.4399829497016199,0.48124467178175623
cb_rnn,2,4,next_parity,5,0.4864817721960579,0.5065410779696494
cb_rnn,2,4,next_parity,6,0.5026052974381242,0.5503690838037343
cb_rnn,2,4,next_parity,7,0.4173850574712644,0.425287356321839
cb_rnn,2,4,next_parity,8,0.3861702127659574,0.40177304964539007
cb_rnn,2,4,next_parity,9,0.4796747967479675,0.5745257452574526
cb_rnn,2,4,next_parity,10,0.46638655462184875,0.5784313725490197
cb_rnn,2,4,next_parity,11,0.375,0.48809523809523814
cb_rnn,2,4,next_parity,12,0.2985507246376812,0.3492753623188406
cb_rnn,2,4,next_parity,13,0.43333333333333335,0.5
cb_rnn,2,4,next_parity,14,0.49999999999999994,0.46111111111111114
cb_rnn,2,4,next_parity,15,,
cb_rnn,2,4,next_parity,16,,
cb_rnn,2,5,incoming_bit,0,1.0,1.0
cb_rnn,2,5,incoming_bit,1,1.0,1.0
cb_rnn,2,5,incoming_bit,2,1.0,1.0
cb_rnn,2,5,incoming_bit,3,1.0,1.0
cb_rnn,2,5,incoming_bit,4,1.0,1.0
cb_rnn,2,5,incoming_bit,5,1.0,1.0
cb_rnn,2,5,incoming_bit,6,0.9999999999999999,1.0
cb_rnn,2,5,incoming_bit,7,1.0,1.0
cb_rnn,2,5,incoming_bit,8,1.0,1.0
cb_rnn,2,5,incoming_bit,9,1.0,1.0
cb_rnn,2,5,incoming_bit,10,1.0,1.0
cb_rnn,2,5,incoming_bit,11,1.0,1.0
cb_rnn,2,5,incoming_bit,12,1.0,1.0
cb_rnn,2,5,incoming_bit,13,1.0,1.0
cb_rnn,2,5,incoming_bit,14,1.0,1.0
cb_rnn,2,5,incoming_bit,15,0.9999999999999999,1.0
cb_rnn,2,5,incoming_bit,16,1.0,1.0
cb_rnn,2,5,incoming_bit,17,1.0,1.0
cb_rnn,2,5,incoming_bit,18,1.0,1.0
cb_rnn,2,5,incoming_bit,19,1.0,1.0
cb_rnn,2,5,outgoing_bit,0,0.9361111111111111,0.9569444444444444
cb_rnn,2,5,outgoing_bit,1,0.9260422117564974,0.9242979242979243
cb_rnn,2,5,outgoing_bit,2,0.9442455242966752,0.9362318840579709
cb_rnn,2,5,outgoing_bit,3,0.9465986394557824,0.958843537414966
cb_rnn,2,5,outgoing_bit,4,0.9483611626468769,0.9267161410018553
cb_rnn,2,5,outgoing_bit,5,0.9425186485300571,0.9521720052654672
cb_rnn,2,5,outgoing_bit,6,0.9104870557261957,0.8652917946467749
cb_rnn,2,5,outgoing_bit,7,0.907391304347826,0.9265217391304348
cb_rnn,2,5,outgoing_bit,8,0.8869565217391304,0.893167701863354
cb_rnn,2,5,outgoing_bit,9,0.915527950310559,0.8944099378881987
cb_rnn,2,5,outgoing_bit,10,0.8263157894736842,0.7723684210526316
cb_rnn,2,5,outgoing_bit,11,0.9143876337693222,0.9619500594530321
cb_rnn,2,5,outgoing_bit,12,0.9105263157894739,0.8592105263157894
cb_rnn,2,5,outgoing_bit,13,0.9611111111111111,0.8611111111111112
cb_rnn,2,5,outgoing_bit,14,0.9431818181818181,0.8863636363636364
cb_rnn,2,5,outgoing_bit,15,,
cb_rnn,2,5,outgoing_bit,16,,
cb_rnn,2,5,outgoing_bit,17,,
cb_rnn,2,5,outgoing_bit,18,,
cb_rnn,2,5,outgoing_bit,19,,
cb_rnn,2,5,next_parity,0,,
cb_rnn,2,5,next_parity,1,0.5382779198635976,0.5121909633418584
cb_rnn,2,5,next_parity,2,0.5752879403794037,0.6110264227642277
cb_rnn,2,5,next_parity,3,0.5247289972899729,0.47798102981029805
cb_rnn,2,5,next_parity,4,0.5358056265984654,0.5281329923273657
cb_rnn,2,5,next_parity,5,0.49915540540540543,0.527027027027027
cb_rnn,2,5,next_parity,6,0.4191403834260978,0.47155225726654293
cb_rnn,2,5,next_parity,7,0.4465217391304348,0.5047826086956522
cb_rnn,2,5,next_parity,8,0.5842474769635806,0.5631856077226853
cb_rnn,2,5,next_parity,9,0.5631808278867103,0.6128540305010893
cb_rnn,2,5,next_parity,10,0.4976190476190476,0.5047619047619047
cb_rnn,2,5,next_parity,11,0.6237980769230769,0.546875
cb_rnn,2,5,next_parity,12,0.6362007168458781,0.7138590203106332
cb_rnn,2,5,next_parity,13,0.4779411764705882,0.4987745098039216
cb_rnn,2,5,next_parity,14,0.3864182692307693,0.32271634615384615
cb_rnn,2,5,next_parity,15,0.41805555555555557,0.46805555555555556
cb_rnn,2,5,next_parity,16,0.625,0.8273809523809524
cb_rnn,2,5,next_parity,17,,
cb_rnn,2,5,next_parity,18,,
cb_rnn,2,5,next_parity,19,,
cb_rnn,2,6,incoming_bit,0,1.0,1.0
cb_rnn,2,6,incoming_bit,1,1.0,1.0
cb_rnn,2,6,incoming_bit,2,1.0,1.0
cb_rnn,2,6,incoming_bit,3,1.0,1.0
cb_rnn,2,6,incoming_bit,4,1.0,1.0
cb_rnn,2,6,incoming_bit,5,1.0,1.0
cb_rnn,2,6,incoming_bit,6,1.0,1.0
cb_rnn,2,6,incoming_bit,7,1.0,1.0
cb_rnn,2,6,incoming_bit,8,1.0,1.0
cb_rnn,2,6,incoming_bit,9,1.0,1.0
cb_rnn,2,6,incoming_bit,10,1.0,0.9999999999999999
cb_rnn,2,6,incoming_bit,11,1.0,1.0
cb_rnn,2,6,incoming_bit,12,1.0,1.0
cb_rnn,2,6,incoming_bit,13,1.0,1.0
cb_rnn,2,6,incoming_bit,14,1.0,1.0
cb_rnn,2,6,incoming_bit,15,1.0,1.0
cb_rnn,2,6,incoming_bit,16,1.0,1.0
cb_rnn,2,6,incoming_bit,17,1.0,1.0
cb_rnn,2,6,incoming_bit,18,1.0,1.0
cb_rnn,2,6,incoming_bit,19,1.0,1.0
cb_rnn,2,6,outgoing_bit,0,0.9599863201094392,0.936217510259918
cb_rnn,2,6,outgoing_bit,1,0.8795873499069846,0.852359208523592
cb_rnn,2,6,outgoing_bit,2,0.946138211382114,0.9129403794037941
cb_rnn,2,6,outgoing_bit,3,0.8826108955979086,0.8374093439028503
cb_rnn,2,6,outgoing_bit,4,0.8660714285714285,0.8200892857142857
cb_rnn,2,6,outgoing_bit,5,0.7571428571428571,0.6959183673469388
cb_rnn,2,6,outgoing_bit,6,0.8388888888888889,0.8194444444444444
cb_rnn,2,6,outgoing_bit,7,0.8520270270270272,0.8074324324324325
cb_rnn,2,6,outgoing_bit,8,0.9002770083102493,0.8753462603878116
cb_rnn,2,6,outgoing_bit,9,0.9083333333333333,0.8333333333333333
cb_rnn,2,6,outgoing_bit,10,0.8879551820728291,0.7759103641456583
cb_rnn,2,6,outgoing_bit,11,0.9030470914127424,0.853185595567867
cb_rnn,2,6,outgoing_bit,12,0.7101449275362319,0.6173913043478261
cb_rnn,2,6,outgoing_bit,13,0.625,0.5227272727272727
cb_rnn,2,6,outgoing_bit,14,,
cb_rnn,2,6,outgoing_bit,15,,
cb_rnn,2,6,outgoing_bit,16,,
cb_rnn,2,6,outgoing_bit,17,,
cb_rnn,2,6,outgoing_bit,18,,
cb_rnn,2,6,outgoing_bit,19,,
cb_rnn,2,6,next_parity,0,,
cb_rnn,2,6,next_parity,1,0.5499149659863946,0.5524659863945579
cb_rnn,2,6,next_parity,2,0.49408083882969733,0.484779299847793
cb_rnn,2,6,next_parity,3,0.47812660833762227,0.4624292331446217
cb_rnn,2,6,next_parity,4,0.4895638893602579,0.5211267605633803
cb_rnn,2,6,next_parity,5,0.4519493844049248,0.4112517099863201
cb_rnn,2,6,next_parity,6,0.5270152505446623,0.5156862745098039
cb_rnn,2,6,next_parity,7,0.645408163265306,0.6013119533527697
cb_rnn,2,6,next_parity,8,0.4289115646258503,0.3948979591836735
cb_rnn,2,6,next_parity,9,0.534375,0.5302083333333334
cb_rnn,2,6,next_parity,10,0.5238095238095238,0.5625
cb_rnn,2,6,next_parity,11,0.40555555555555556,0.39999999999999997
cb_rnn,2,6,next_parity,12,0.4709141274238227,0.4293628808864266
cb_rnn,2,6,next_parity,13,0.7347222222222223,0.7069444444444445
cb_rnn,2,6,next_parity,14,0.5213068181818182,0.5440340909090908
cb_rnn,2,6,next_parity,15,0.5666666666666667,0.6388888888888888
cb_rnn,2,6,next_parity,16,,
cb_rnn,2,6,next_parity,17,,
cb_rnn,2,6,next_parity,18,,
cb_rnn,2,6,next_parity,19,,
cb_rnn,2,7,incoming_bit,0,1.0,1.0
cb_rnn,2,7,incoming_bit,1,1.0,1.0
cb_rnn,2,7,incoming_bit,2,1.0,1.0
cb_rnn,2,7,incoming_bit,3,1.0,1.0
cb_rnn,2,7,incoming_bit,4,1.0,1.0
cb_rnn,2,7,incoming_bit,5,1.0,1.0
cb_rnn,2,7,incoming_bit,6,0.9999999999999999,1.0
cb_rnn,2,7,incoming_bit,7,1.0,1.0
cb_rnn,2,7,incoming_bit,8,1.0,1.0
cb_rnn,2,7,incoming_bit,9,1.0,1.0
cb_rnn,2,7,incoming_bit,10,0.9999999999999999,1.0
cb_rnn,2,7,incoming_bit,11,1.0,1.0
cb_rnn,2,7,incoming_bit,12,1.0,1.0
cb_rnn,2,7,incoming_bit,13,1.0,0.9999999999999999
cb_rnn,2,7,incoming_bit,14,1.0,1.0
cb_rnn,2,7,incoming_bit,15,1.0,1.0
cb_rnn,2,7,incoming_bit,16,1.0,1.0
cb_rnn,2,7,incoming_bit,17,1.0,1.0
cb_rnn,2,7,incoming_bit,18,1.0,1.0
cb_rnn,2,7,incoming_bit,19,1.0,1.0
cb_rnn,2,7,incoming_bit,20,1.0,1.0
cb_rnn,2,7,outgoing_bit,0,0.8289115646258504,0.8183673469387756
cb_rnn,2,7,outgoing_bit,1,0.9369015047879616,0.8481532147742818
cb_rnn,2,7,outgoing_bit,2,0.8979241722422371,0.8219248584662893
cb_rnn,2,7,outgoing_bit,3,0.8561066126855601,0.6865721997300945
cb_rnn,2,7,outgoing_bit,4,0.8718736287845545,0.813953488372093
cb_rnn,2,7,outgoing_bit,5,0.8063427800269906,0.7503373819163293
cb_rnn,2,7,outgoing_bit,6,0.8844594594594595,0.7804054054054055
cb_rnn,2,7,outgoing_bit,7,0.8166666666666667,0.75
cb_rnn,2,7,outgoing_bit,8,0.8919667590027701,0.8393351800554016
cb_rnn,2,7,outgoing_bit,9,0.9111111111111111,0.8305555555555555
cb_rnn,2,7,outgoing_bit,10,0.8333333333333334,0.7861111111111111
cb_rnn,2,7,outgoing_bit,11,0.9138888888888889,0.8555555555555555
cb_rnn,2,7,outgoing_bit,12,0.7472222222222223,0.6083333333333334
cb_rnn,2,7,outgoing_bit,13,0.5357142857142857,0.5238095238095238
cb_rnn,2,7,outgoing_bit,14,,
cb_rnn,2,7,outgoing_bit,15,,
cb_rnn,2,7,outgoing_bit,16,,
cb_rnn,2,7,outgoing_bit,17,,
cb_rnn,2,7,outgoing_bit,18,,
cb_rnn,2,7,outgoing_bit,19,,
cb_rnn,2,7,outgoing_bit,20,,
cb_rnn,2,7,next_parity,0,,
cb_rnn,2,7,next_parity,1,0.5349317528735633,0.4347162356321839
cb_rnn,2,7,next_parity,2,0.4668896894836164,0.4818150626179448
cb_rnn,2,7,next_parity,3,0.5763508891928865,0.519921340629275
cb_rnn,2,7,next_parity,4,0.4637239979705733,0.5137831895822764
cb_rnn,2,7,next_parity,5,0.6016260162601628,0.549119241192412
cb_rnn,2,7,next_parity,6,0.4647058823529412,0.45991285403050114
cb_rnn,2,7,next_parity,7,0.4860544217687075,0.5384353741496598
cb_rnn,2,7,next_parity,8,0.5461805555555556,0.5184027777777778
cb_rnn,2,7,next_parity,9,0.5301490514905149,0.5274390243902439
cb_rnn,2,7,next_parity,10,0.4210526315789474,0.34903047091412737
cb_rnn,2,7,next_parity,11,0.5126050420168068,0.5938375350140056
cb_rnn,2,7,next_parity,12,0.4231884057971015,0.44927536231884063
cb_rnn,2,7,next_parity,13,0.6820728291316527,0.6624649859943977
cb_rnn,2,7,next_parity,14,0.49420289855072463,0.5260869565217392
cb_rnn,2,7,next_parity,15,0.5833333333333333,0.7
cb_rnn,2,7,next_parity,16,,
cb_rnn,2,7,next_parity,17,,
cb_rnn,2,7,next_parity,18,,
cb_rnn,2,7,next_parity,19,,
cb_rnn,2,7,next_parity,20,,
cb_rnn,2,8,incoming_bit,0,1.0,1.0
cb_rnn,2,8,incoming_bit,1,1.0,1.0
cb_rnn,2,8,incoming_bit,2,1.0,1.0
cb_rnn,2,8,incoming_bit,3,1.0,1.0
cb_rnn,2,8,incoming_bit,4,1.0,1.0
cb_rnn,2,8,incoming_bit,5,1.0,1.0
cb_rnn,2,8,incoming_bit,6,1.0,1.0
cb_rnn,2,8,incoming_bit,7,1.0,1.0
cb_rnn,2,8,incoming_bit,8,0.9999999999999999,1.0
cb_rnn,2,8,incoming_bit,9,1.0,0.9999999999999999
cb_rnn,2,8,incoming_bit,10,1.0,1.0
cb_rnn,2,8,incoming_bit,11,1.0,1.0
cb_rnn,2,8,incoming_bit,12,1.0,1.0
cb_rnn,2,8,incoming_bit,13,1.0,1.0
cb_rnn,2,8,incoming_bit,14,1.0,1.0
cb_rnn,2,8,incoming_bit,15,1.0,1.0
cb_rnn,2,8,incoming_bit,16,1.0,1.0
cb_rnn,2,8,incoming_bit,17,1.0,1.0
cb_rnn,2,8,incoming_bit,18,1.0,1.0
cb_rnn,2,8,incoming_bit,19,1.0,1.0
cb_rnn,2,8,incoming_bit,20,1.0,1.0
cb_rnn,2,8,incoming_bit,21,1.0,1.0
cb_rnn,2,8,outgoing_bit,0,0.8449730094466936,0.7925101214574899
cb_rnn,2,8,outgoing_bit,1,0.9008445945945946,0.8640202702702702
cb_rnn,2,8,outgoing_bit,2,0.8733130904183536,0.8456477732793523
cb_rnn,2,8,outgoing_bit,3,0.8518707482993197,0.7756802721088435
cb_rnn,2,8,outgoing_bit,4,0.7305443094916778,0.7597840755735492
cb_rnn,2,8,outgoing_bit,5,0.827027027027027,0.7702702702702702
cb_rnn,2,8,outgoing_bit,6,0.9117647058823529,0.8590971272229821
cb_rnn,2,8,outgoing_bit,7,0.8864569083447332,0.7859097127222981
cb_rnn,2,8,outgoing_bit,8,0.7449275362318841,0.7971014492753623
cb_rnn,2,8,outgoing_bit,9,0.7388888888888889,0.6972222222222222
cb_rnn,2,8,outgoing_bit,10,0.7787114845938375,0.7338935574229691
cb_rnn,2,8,outgoing_bit,11,0.9246376811594204,0.8695652173913043
cb_rnn,2,8,outgoing_bit,12,0.6974789915966386,0.6834733893557423
cb_rnn,2,8,outgoing_bit,13,0.8111111111111111,0.7777777777777778
cb_rnn,2,8,outgoing_bit,14,,
cb_rnn,2,8,outgoing_bit,15,,
cb_rnn,2,8,outgoing_bit,16,,
cb_rnn,2,8,outgoing_bit,17,,
cb_rnn,2,8,outgoing_bit,18,,
cb_rnn,2,8,outgoing_bit,19,,
cb_rnn,2,8,outgoing_bit,20,,
cb_rnn,2,8,outgoing_bit,21,,
cb_rnn,2,8,next_parity,0,,
cb_rnn,2,8,next_parity,1,0.5092687074829932,0.5062074829931973
cb_rnn,2,8,next_parity,2,0.551530612244898,0.5124149659863946
cb_rnn,2,8,next_parity,3,0.527956081081081,0.4232263513513514
cb_rnn,2,8,next_parity,4,0.4734078590785908,0.4339430894308943
cb_rnn,2,8,next_parity,5,0.4574829931972789,0.5052721088435375
cb_rnn,2,8,next_parity,6,0.49559082892416223,0.5048500881834215
cb_rnn,2,8,next_parity,7,0.4479166666666667,0.44930555555555557
cb_rnn,2,8,next_parity,8,0.5304377564979481,0.411422708618331
cb_rnn,2,8,next_parity,9,0.5956081081081082,0.6037162162162162
cb_rnn,2,8,next_parity,10,0.6177285318559558,0.5346260387811634
cb_rnn,2,8,next_parity,11,0.5182072829131653,0.4173669467787115
cb_rnn,2,8,next_parity,12,0.5916666666666666,0.4388888888888889
cb_rnn,2,8,next_parity,13,0.4677871148459384,0.6162464985994398
cb_rnn,2,8,next_parity,14,0.5681159420289854,0.5478260869565217
cb_rnn,2,8,next_parity,15,0.48863636363636365,0.5909090909090908
cb_rnn,2,8,next_parity,16,,
cb_rnn,2,8,next_parity,17,,
cb_rnn,2,8,next_parity,18,,
cb_rnn,2,8,next_parity,19,,
cb_rnn,2,8,next_parity,20,,
cb_rnn,2,8,next_parity,21,,
cb_rnn,2,9,incoming_bit,0,1.0,1.0
cb_rnn,2,9,incoming_bit,1,1.0,1.0
cb_rnn,2,9,incoming_bit,2,1.0,1.0
cb_rnn,2,9,incoming_bit,3,1.0,1.0
cb_rnn,2,9,incoming_bit,4,1.0,1.0
cb_rnn,2,9,incoming_bit,5,1.0,0.9999999999999999
cb_rnn,2,9,incoming_bit,6,1.0,1.0
cb_rnn,2,9,incoming_bit,7,1.0,1.0
cb_rnn,2,9,incoming_bit,8,1.0,1.0
cb_rnn,2,9,incoming_bit,9,1.0,1.0
cb_rnn,2,9,incoming_bit,10,1.0,0.9999999999999999
cb_rnn,2,9,incoming_bit,11,0.9999999999999999,1.0
cb_rnn,2,9,incoming_bit,12,1.0,0.9999999999999999
cb_rnn,2,9,incoming_bit,13,1.0,0.9999999999999999
cb_rnn,2,9,incoming_bit,14,1.0,1.0
cb_rnn,2,9,incoming_bit,15,1.0,1.0
cb_rnn,2,9,incoming_bit,16,1.0,1.0
cb_rnn,2,9,incoming_bit,17,1.0,1.0
cb_rnn,2,9,incoming_bit,18,1.0,1.0
cb_rnn,2,9,incoming_bit,19,1.0,1.0
cb_rnn,2,9,incoming_bit,20,1.0,1.0
cb_rnn,2,9,incoming_bit,21,1.0,1.0
cb_rnn,2,9,incoming_bit,22,1.0,1.0
cb_rnn,2,9,outgoing_bit,0,0.8069256756756756,0.7601351351351351
cb_rnn,2,9,outgoing_bit,1,0.8342634872315239,0.7968882124133265
cb_rnn,2,9,outgoing_bit,2,0.8572151898734178,0.7903797468354431
cb_rnn,2,9,outgoing_bit,3,0.8693365009333107,0.7639572374003055
cb_rnn,2,9,outgoing_bit,4,0.8243902439024391,0.7773835920177383
cb_rnn,2,9,outgoing_bit,5,0.8699186991869918,0.7581300813008132
cb_rnn,2,9,outgoing_bit,6,0.7743055555555556,0.7395833333333333
cb_rnn,2,9,outgoing_bit,7,0.8515519568151146,0.7408906882591093
cb_rnn,2,9,outgoing_bit,8,0.7536231884057972,0.6434782608695652
cb_rnn,2,9,outgoing_bit,9,0.8599439775910365,0.8403361344537815
cb_rnn,2,9,outgoing_bit,10,0.7450980392156863,0.6330532212885155
cb_rnn,2,9,outgoing_bit,11,0.6985507246376812,0.6376811594202898
cb_rnn,2,9,outgoing_bit,12,0.7507246376811594,0.49855072463768113
cb_rnn,2,9,outgoing_bit,13,0.7888888888888889,0.6
cb_rnn,2,9,outgoing_bit,14,,
cb_rnn,2,9,outgoing_bit,15,,
cb_rnn,2,9,outgoing_bit,16,,
cb_rnn,2,9,outgoing_bit,17,,
cb_rnn,2,9,outgoing_bit,18,,
cb_rnn,2,9,outgoing_bit,19,,
cb_rnn,2,9,outgoing_bit,20,,
cb_rnn,2,9,outgoing_bit,21,,
cb_rnn,2,9,outgoing_bit,22,,
cb_rnn,2,9,next_parity,0,,
cb_rnn,2,9,next_parity,1,0.4598639455782313,0.5238095238095238
cb_rnn,2,9,next_parity,2,0.5137831895822762,0.5222391341112802
cb_rnn,2,9,next_parity,3,0.4369087837837837,0.501097972972973
cb_rnn,2,9,next_parity,4,0.5299507890717801,0.5406414389954183
cb_rnn,2,9,next_parity,5,0.46828231292517003,0.4516156462585034
cb_rnn,2,9,next_parity,6,0.5758169934640524,0.483442265795207
cb_rnn,2,9,next_parity,7,0.554719562243502,0.5512995896032833
cb_rnn,2,9,next_parity,8,0.48597475455820477,0.46774193548387094
cb_rnn,2,9,next_parity,9,0.5636114911080712,0.5861833105335158
cb_rnn,2,9,next_parity,10,0.5876923076923076,0.4
cb_rnn,2,9,next_parity,11,0.49579831932773105,0.6498599439775911
cb_rnn,2,9,next_parity,12,0.5909090909090908,0.4943181818181819
cb_rnn,2,9,next_parity,13,0.5722222222222222,0.5666666666666667
cb_rnn,2,9,next_parity,14,0.5072463768115942,0.4434782608695652
cb_rnn,2,9,next_parity,15,0.538888888888889,0.5722222222222223
cb_rnn,2,9,next_parity,16,,
cb_rnn,2,9,next_parity,17,,
cb_rnn,2,9,next_parity,18,,
cb_rnn,2,9,next_parity,19,,
cb_rnn,2,9,next_parity,20,,
cb_rnn,2,9,next_parity,21,,
cb_rnn,2,9,next_parity,22,,
cb_rnn,2,10,incoming_bit,0,1.0,1.0
cb_rnn,2,10,incoming_bit,1,1.0,1.0
cb_rnn,2,10,incoming_bit,2,1.0,1.0
cb_rnn,2,10,incoming_bit,3,1.0,1.0
cb_rnn,2,10,incoming_bit,4,1.0,1.0
cb_rnn,2,10,incoming_bit,5,1.0,1.0
cb_rnn,2,10,incoming_bit,6,1.0,1.0
cb_rnn,2,10,incoming_bit,7,1.0,1.0
cb_rnn,2,10,incoming_bit,8,1.0,1.0
cb_rnn,2,10,incoming_bit,9,1.0,1.0
cb_rnn,2,10,incoming_bit,10,1.0,1.0
cb_rnn,2,10,incoming_bit,11,1.0,1.0
cb_rnn,2,10,incoming_bit,12,1.0,1.0
cb_rnn,2,10,incoming_bit,13,1.0,1.0
cb_rnn,2,10,incoming_bit,14,1.0,1.0
cb_rnn,2,10,incoming_bit,15,1.0,1.0
cb_rnn,2,10,incoming_bit,16,1.0,1.0
cb_rnn,2,10,incoming_bit,17,1.0,1.0
cb_rnn,2,10,incoming_bit,18,1.0,1.0
cb_rnn,2,10,incoming_bit,19,1.0,1.0
cb_rnn,2,10,incoming_bit,20,1.0,1.0
cb_rnn,2,10,incoming_bit,21,1.0,1.0
cb_rnn,2,10,incoming_bit,22,1.0,1.0
cb_rnn,2,10,incoming_bit,23,1.0,1.0
cb_rnn,2,10,incoming_bit,24,1.0,1.0
cb_rnn,2,10,incoming_bit,25,0.9886363636363636,1.0
cb_rnn,2,10,incoming_bit,26,1.0,1.0
cb_rnn,2,10,incoming_bit,27,1.0,1.0
cb_rnn,2,10,incoming_bit,28,1.0,1.0
cb_rnn,2,10,incoming_bit,29,1.0,1.0
cb_rnn,2,10,incoming_bit,30,1.0,1.0
cb_rnn,2,10,incoming_bit,31,1.0,1.0
cb_rnn,2,10,incoming_bit,32,1.0,1.0
cb_rnn,2,10,incoming_bit,33,1.0,1.0
cb_rnn,2,10,incoming_bit,34,1.0,1.0
cb_rnn,2,10,incoming_bit,35,1.0,1.0
cb_rnn,2,10,incoming_bit,36,1.0,1.0
cb_rnn,2,10,incoming_bit,37,1.0,1.0
cb_rnn,2,10,incoming_bit,38,1.0,1.0
cb_rnn,2,10,incoming_bit,39,1.0,1.0
cb_rnn,2,10,incoming_bit,40,1.0,1.0
cb_rnn,2,10,outgoing_bit,0,0.7928050229085355,0.743254708976752
cb_rnn,2,10,outgoing_bit,1,0.889174815577286,0.8085434894493052
cb_rnn,2,10,outgoing_bit,2,0.8337561305597835,0.7728733299509556
cb_rnn,2,10,outgoing_bit,3,0.7997632335531879,0.7461525452393032
cb_rnn,2,10,outgoing_bit,4,0.8120825743776563,0.7525804493017607
cb_rnn,2,10,outgoing_bit,5,0.8353889943074003,0.7689753320683113
cb_rnn,2,10,outgoing_bit,6,0.8548951048951049,0.7312062937062936
cb_rnn,2,10,outgoing_bit,7,0.7808278867102396,0.7198257080610022
cb_rnn,2,10,outgoing_bit,8,0.886060606060606,0.8496969696969696
cb_rnn,2,10,outgoing_bit,9,0.7490347490347491,0.6949806949806949
cb_rnn,2,10,outgoing_bit,10,0.7535714285714286,0.7797619047619048
cb_rnn,2,10,outgoing_bit,11,0.7369696969696969,0.8072727272727273
cb_rnn,2,10,outgoing_bit,12,0.8413461538461539,0.6814903846153846
cb_rnn,2,10,outgoing_bit,13,0.7170868347338936,0.7030812324929971
cb_rnn,2,10,outgoing_bit,14,0.48888888888888893,0.5888888888888889
cb_rnn,2,10,outgoing_bit,15,0.7444444444444445,0.6333333333333333
cb_rnn,2,10,outgoing_bit,16,0.8444444444444443,0.5777777777777777
cb_rnn,2,10,outgoing_bit,17,0.6666666666666666,0.5833333333333334
cb_rnn,2,10,outgoing_bit,18,0.7272727272727273,0.7386363636363636
cb_rnn,2,10,outgoing_bit,19,0.8999999999999999,0.8555555555555556
cb_rnn,2,10,outgoing_bit,20,0.6555555555555554,0.5555555555555556
cb_rnn,2,10,outgoing_bit,21,0.625,0.75
cb_rnn,2,10,outgoing_bit,22,0.7954545454545455,0.6590909090909091
cb_rnn,2,10,outgoing_bit,23,0.8111111111111111,0.8555555555555555
cb_rnn,2,10,outgoing_bit,24,0.7777777777777778,0.7222222222222222
cb_rnn,2,10,outgoing_bit,25,0.8068181818181819,0.9545454545454546
cb_rnn,2,10,outgoing_bit,26,0.8111111111111111,0.7
cb_rnn,2,10,outgoing_bit,27,0.5454545454545455,0.7159090909090908
cb_rnn,2,10,outgoing_bit,28,0.8166666666666668,0.9166666666666667
cb_rnn,2,10,outgoing_bit,29,0.8522727272727272,0.8295454545454545
cb_rnn,2,10,outgoing_bit,30,0.7,0.5888888888888889
cb_rnn,2,10,outgoing_bit,31,,
cb_rnn,2,10,outgoing_bit,32,,
cb_rnn,2,10,outgoing_bit,33,,
cb_rnn,2,10,outgoing_bit,34,,
cb_rnn,2,10,outgoing_bit,35,,
cb_rnn,2,10,outgoing_bit,36,,
cb_rnn,2,10,outgoing_bit,37,,
cb_rnn,2,10,outgoing_bit,38,,
cb_rnn,2,10,outgoing_bit,39,,
cb_rnn,2,10,outgoing_bit,40,,
cb_rnn,2,10,next_parity,0,,
cb_rnn,2,10,next_parity,1,0.4863945578231293,0.44455782312925174
cb_rnn,2,10,next_parity,2,0.47111486486486487,0.5422297297297297
cb_rnn,2,10,next_parity,3,0.4383608815426997,0.44197658402203854
cb_rnn,2,10,next_parity,4,0.39142567224759006,0.4749704041941485
cb_rnn,2,10,next_parity,5,0.5381370523415978,0.5360709366391185
cb_rnn,2,10,next_parity,6,0.47854534388314063,0.49650030432136333
cb_rnn,2,10,next_parity,7,0.6058201058201058,0.5802469135802468
cb_rnn,2,10,next_parity,8,0.4669312169312169,0.46604938271604934
cb_rnn,2,10,next_parity,9,0.46652173913043476,0.5308695652173914
cb_rnn,2,10,next_parity,10,0.35336538461538464,0.46754807692307687
cb_rnn,2,10,next_parity,11,0.43162901307966706,0.44946492271105826
cb_rnn,2,10,next_parity,12,0.6147443519619501,0.5707491082045184
cb_rnn,2,10,next_parity,13,0.474264705882353,0.3578431372549019
cb_rnn,2,10,next_parity,14,0.5420673076923077,0.5721153846153847
cb_rnn,2,10,next_parity,15,0.438375350140056,0.4215686274509804
cb_rnn,2,10,next_parity,16,0.6,0.5777777777777777
cb_rnn,2,10,next_parity,17,0.3222222222222222,0.6444444444444445
cb_rnn,2,10,next_parity,18,0.47777777777777775,0.5555555555555556
cb_rnn,2,10,next_parity,19,0.24444444444444444,0.35555555555555557
cb_rnn,2,10,next_parity,20,0.625,0.36363636363636365
cb_rnn,2,10,next_parity,21,0.5833333333333334,0.4761904761904762
cb_rnn,2,10,next_parity,22,0.43333333333333335,0.3666666666666667
cb_rnn,2,10,next_parity,23,0.5444444444444444,0.6555555555555556
cb_rnn,2,10,next_parity,24,0.7,0.8111111111111111
cb_rnn,2,10,next_parity,25,0.5714285714285714,0.3333333333333333
cb_rnn,2,10,next_parity,26,0.4555555555555556,0.4666666666666667
cb_rnn,2,10,next_parity,27,0.6555555555555554,0.4222222222222223
cb_rnn,2,10,next_parity,28,0.4666666666666667,0.4777777777777778
cb_rnn,2,10,next_parity,29,0.2727272727272727,0.5454545454545454
cb_rnn,2,10,next_parity,30,0.6538461538461537,0.5641025641025641
cb_rnn,2,10,next_parity,31,0.27272727272727276,0.28409090909090906
cb_rnn,2,10,next_parity,32,0.3977272727272727,0.3522727272727273
cb_rnn,2,10,next_parity,33,,
cb_rnn,2,10,next_parity,34,,
cb_rnn,2,10,next_parity,35,,
cb_rnn,2,10,next_parity,36,,
cb_rnn,2,10,next_parity,37,,
cb_rnn,2,10,next_parity,38,,
cb_rnn,2,10,next_parity,39,,
cb_rnn,2,10,next_parity,40,,
cb_rnn,2,11,incoming_bit,0,1.0,1.0
cb_rnn,2,11,incoming_bit,1,0.986570945945946,1.0
cb_rnn,2,11,incoming_bit,2,1.0,1.0
cb_rnn,2,11,incoming_bit,3,1.0,1.0
cb_rnn,2,11,incoming_bit,4,1.0,1.0
cb_rnn,2,11,incoming_bit,5,1.0,1.0
cb_rnn,2,11,incoming_bit,6,1.0,1.0
cb_rnn,2,11,incoming_bit,7,1.0,1.0
cb_rnn,2,11,incoming_bit,8,1.0,1.0
cb_rnn,2,11,incoming_bit,9,1.0,1.0
cb_rnn,2,11,incoming_bit,10,1.0,1.0
cb_rnn,2,11,incoming_bit,11,1.0,1.0
cb_rnn,2,11,incoming_bit,12,1.0,1.0
cb_rnn,2,11,incoming_bit,13,1.0,1.0
cb_rnn,2,11,incoming_bit,14,1.0,1.0
cb_rnn,2,11,incoming_bit,15,1.0,0.9999999999999999
cb_rnn,2,11,incoming_bit,16,1.0,1.0
cb_rnn,2,11,incoming_bit,17,1.0,1.0
cb_rnn,2,11,incoming_bit,18,1.0,1.0
cb_rnn,2,11,incoming_bit,19,0.9999999999999999,1.0
cb_rnn,2,11,incoming_bit,20,1.0,1.0
cb_rnn,2,11,incoming_bit,21,1.0,1.0
cb_rnn,2,11,incoming_bit,22,1.0,1.0
cb_rnn,2,11,incoming_bit,23,1.0,1.0
cb_rnn,2,11,incoming_bit,24,1.0,1.0
cb_rnn,2,11,incoming_bit,25,1.0,1.0
cb_rnn,2,11,incoming_bit,26,1.0,1.0
cb_rnn,2,11,incoming_bit,27,1.0,1.0
cb_rnn,2,11,incoming_bit,28,0.9999999999999999,1.0
cb_rnn,2,11,incoming_bit,29,1.0,1.0
cb_rnn,2,11,incoming_bit,30,1.0,1.0
cb_rnn,2,11,incoming_bit,31,1.0,1.0
cb_rnn,2,11,incoming_bit,32,1.0,1.0
cb_rnn,2,11,incoming_bit,33,1.0,1.0
cb_rnn,2,11,incoming_bit,34,1.0,1.0
cb_rnn,2,11,incoming_bit,35,1.0,1.0
cb_rnn,2,11,incoming_bit,36,1.0,1.0
cb_rnn,2,11,incoming_bit,37,1.0,1.0
cb_rnn,2,11,incoming_bit,38,1.0,1.0
cb_rnn,2,11,incoming_bit,39,1.0,1.0
cb_rnn,2,11,incoming_bit,40,1.0,1.0
cb_rnn,2,11,incoming_bit,41,1.0,1.0
cb_rnn,2,11,incoming_bit,42,1.0,1.0
cb_rnn,2,11,incoming_bit,43,1.0,1.0
cb_rnn,2,11,outgoing_bit,0,0.8641891891891892,0.7484797297297296
cb_rnn,2,11,outgoing_bit,1,0.7870354658068895,0.7919565586288817
cb_rnn,2,11,outgoing_bit,2,0.8876385336743393,0.7798806479113385
cb_rnn,2,11,outgoing_bit,3,0.8055555555555556,0.747120596205962
cb_rnn,2,11,outgoing_bit,4,0.8727718360071302,0.7664884135472371
cb_rnn,2,11,outgoing_bit,5,0.8093645484949833,0.8396878483835005
cb_rnn,2,11,outgoing_bit,6,0.8485663082437276,0.7273745519713262
cb_rnn,2,11,outgoing_bit,7,0.8160071540353231,0.7983456293315448
cb_rnn,2,11,outgoing_bit,8,0.8491196114146935,0.8424408014571948
cb_rnn,2,11,outgoing_bit,9,0.8610774818401937,0.7615012106537531
cb_rnn,2,11,outgoing_bit,10,0.8320895522388059,0.7164179104477612
cb_rnn,2,11,outgoing_bit,11,0.8666958041958042,0.8387237762237763
cb_rnn,2,11,outgoing_bit,12,0.7585757707338254,0.7268779852366478
cb_rnn,2,11,outgoing_bit,13,0.8099579242636746,0.6199158485273493
cb_rnn,2,11,outgoing_bit,14,0.7475490196078431,0.7634803921568627
cb_rnn,2,11,outgoing_bit,15,0.845878136200717,0.7467144563918758
cb_rnn,2,11,outgoing_bit,16,0.8377403846153846,0.7836538461538461
cb_rnn,2,11,outgoing_bit,17,0.746730083234245,0.7360285374554102
cb_rnn,2,11,outgoing_bit,18,0.7591036414565826,0.7535014005602241
cb_rnn,2,11,outgoing_bit,19,0.8199445983379501,0.700831024930748
cb_rnn,2,11,outgoing_bit,20,0.8942307692307693,0.6217948717948718
cb_rnn,2,11,outgoing_bit,21,0.875,0.6755952380952381
cb_rnn,2,11,outgoing_bit,22,0.6499999999999999,0.6555555555555556
cb_rnn,2,11,outgoing_bit,23,0.6818181818181818,0.5795454545454546
cb_rnn,2,11,outgoing_bit,24,0.788888888888889,0.4444444444444444
cb_rnn,2,11,outgoing_bit,25,0.6477272727272727,0.6704545454545455
cb_rnn,2,11,outgoing_bit,26,0.8714285714285714,0.38571428571428573
cb_rnn,2,11,outgoing_bit,27,0.6666666666666666,0.3111111111111111
cb_rnn,2,11,outgoing_bit,28,0.6477272727272727,0.6363636363636364
cb_rnn,2,11,outgoing_bit,29,0.6282051282051282,0.5
cb_rnn,2,11,outgoing_bit,30,0.6904761904761905,0.5476190476190477
cb_rnn,2,11,outgoing_bit,31,0.6022727272727273,0.5681818181818181
cb_rnn,2,11,outgoing_bit,32,0.6000000000000001,0.4
cb_rnn,2,11,outgoing_bit,33,,
cb_rnn,2,11,outgoing_bit,34,,
cb_rnn,2,11,outgoing_bit,35,,
cb_rnn,2,11,outgoing_bit,36,,
cb_rnn,2,11,outgoing_bit,37,,
cb_rnn,2,11,outgoing_bit,38,,
cb_rnn,2,11,outgoing_bit,39,,
cb_rnn,2,11,outgoing_bit,40,,
cb_rnn,2,11,outgoing_bit,41,,
cb_rnn,2,11,outgoing_bit,42,,
cb_rnn,2,11,outgoing_bit,43,,
cb_rnn,2,11,next_parity,0,,
cb_rnn,2,11,next_parity,1,0.5418569254185692,0.5300186030779639
cb_rnn,2,11,next_parity,2,0.46609166243869443,0.5168273296127177
cb_rnn,2,11,next_parity,3,0.4532312925170067,0.44574829931972787
cb_rnn,2,11,next_parity,4,0.5297890295358649,0.47037974683544304
cb_rnn,2,11,next_parity,5,0.5255696202531646,0.5353586497890296
cb_rnn,2,11,next_parity,6,0.5725446428571429,0.5754464285714285
cb_rnn,2,11,next_parity,7,0.43466424682395643,0.4249092558983666
cb_rnn,2,11,next_parity,8,0.5222972972972972,0.5213963963963965
cb_rnn,2,11,next_parity,9,0.5585284280936454,0.5096989966555183
cb_rnn,2,11,next_parity,10,0.5563636363636364,0.5412121212121211
cb_rnn,2,11,next_parity,11,0.5626134301270418,0.5595886267392619
cb_rnn,2,11,next_parity,12,0.5338777979431337,0.4791288566243194
cb_rnn,2,11,next_parity,13,0.5424836601307189,0.5394335511982571
cb_rnn,2,11,next_parity,14,0.47333916083916083,0.45454545454545453
cb_rnn,2,11,next_parity,15,0.553030303030303,0.5523415977961432
cb_rnn,2,11,next_parity,16,0.5602484472049689,0.4496894409937888
cb_rnn,2,11,next_parity,17,0.5410225921521998,0.6040428061831153
cb_rnn,2,11,next_parity,18,0.5568181818181819,0.6212121212121212
cb_rnn,2,11,next_parity,19,0.26040428061831156,0.3935790725326992
cb_rnn,2,11,next_parity,20,0.535014005602241,0.48459383753501406
cb_rnn,2,11,next_parity,21,0.556786703601108,0.4293628808864266
cb_rnn,2,11,next_parity,22,0.24573863636363635,0.3963068181818182
cb_rnn,2,11,next_parity,23,0.5098039215686274,0.5210084033613445
cb_rnn,2,11,next_parity,24,0.6041666666666667,0.5892857142857143
cb_rnn,2,11,next_parity,25,0.5340909090909091,0.5795454545454546
cb_rnn,2,11,next_parity,26,0.4111111111111111,0.37777777777777777
cb_rnn,2,11,next_parity,27,0.6477272727272727,0.75
cb_rnn,2,11,next_parity,28,0.4555555555555555,0.4
cb_rnn,2,11,next_parity,29,0.5909090909090909,0.42045454545454547
cb_rnn,2,11,next_parity,30,0.45238095238095233,0.42857142857142855
cb_rnn,2,11,next_parity,31,0.358974358974359,0.4358974358974359
cb_rnn,2,11,next_parity,32,0.5,0.4090909090909091
cb_rnn,2,11,next_parity,33,0.6136363636363636,0.5340909090909091
cb_rnn,2,11,next_parity,34,0.2571428571428571,0.12857142857142856
cb_rnn,2,11,next_parity,35,,
cb_rnn,2,11,next_parity,36,,
cb_rnn,2,11,next_parity,37,,
cb_rnn,2,11,next_parity,38,,
cb_rnn,2,11,next_parity,39,,
cb_rnn,2,11,next_parity,40,,
cb_rnn,2,11,next_parity,41,,
cb_rnn,2,11,next_parity,42,,
cb_rnn,2,11,next_parity,43,,
cb_rnn,2,12,incoming_bit,0,1.0,1.0
cb_rnn,2,12,incoming_bit,1,1.0,1.0
cb_rnn,2,12,incoming_bit,2,1.0,1.0
cb_rnn,2,12,incoming_bit,3,1.0,1.0
cb_rnn,2,12,incoming_bit,4,1.0,1.0
cb_rnn,2,12,incoming_bit,5,1.0,1.0
cb_rnn,2,12,incoming_bit,6,1.0,1.0
cb_rnn,2,12,incoming_bit,7,1.0,1.0
cb_rnn,2,12,incoming_bit,8,1.0,1.0
cb_rnn,2,12,incoming_bit,9,1.0,1.0
cb_rnn,2,12,incoming_bit,10,1.0,1.0
cb_rnn,2,12,incoming_bit,11,1.0,1.0
cb_rnn,2,12,incoming_bit,12,0.9999999999999999,1.0
cb_rnn,2,12,incoming_bit,13,1.0,1.0
cb_rnn,2,12,incoming_bit,14,1.0,1.0
cb_rnn,2,12,incoming_bit,15,1.0,1.0
cb_rnn,2,12,incoming_bit,16,1.0,1.0
cb_rnn,2,12,incoming_bit,17,1.0,1.0
cb_rnn,2,12,incoming_bit,18,0.9838709677419355,1.0
cb_rnn,2,12,incoming_bit,19,1.0,1.0
cb_rnn,2,12,incoming_bit,20,1.0,1.0
cb_rnn,2,12,incoming_bit,21,1.0,1.0
cb_rnn,2,12,incoming_bit,22,1.0,1.0
cb_rnn,2,12,incoming_bit,23,1.0,1.0
cb_rnn,2,12,incoming_bit,24,1.0,1.0
cb_rnn,2,12,incoming_bit,25,1.0,1.0
cb_rnn,2,12,incoming_bit,26,1.0,1.0
cb_rnn,2,12,incoming_bit,27,1.0,1.0
cb_rnn,2,12,incoming_bit,28,1.0,1.0
cb_rnn,2,12,incoming_bit,29,1.0,1.0
cb_rnn,2,12,incoming_bit,30,1.0,1.0
cb_rnn,2,12,incoming_bit,31,1.0,1.0
cb_rnn,2,12,incoming_bit,32,1.0,1.0
cb_rnn,2,12,incoming_bit,33,1.0,1.0
cb_rnn,2,12,incoming_bit,34,1.0,1.0
cb_rnn,2,12,incoming_bit,35,1.0,1.0
cb_rnn,2,12,incoming_bit,36,1.0,1.0
cb_rnn,2,12,incoming_bit,37,1.0,1.0
cb_rnn,2,12,incoming_bit,38,1.0,1.0
cb_rnn,2,12,incoming_bit,39,1.0,1.0
cb_rnn,2,12,incoming_bit,40,1.0,1.0
cb_rnn,2,12,incoming_bit,41,1.0,1.0
cb_rnn,2,12,incoming_bit,42,1.0,1.0
cb_rnn,2,12,incoming_bit,43,1.0,0.9999999999999999
cb_rnn,2,12,incoming_bit,44,0.9999999999999999,1.0
cb_rnn,2,12,incoming_bit,45,1.0,1.0
cb_rnn,2,12,incoming_bit,46,1.0,1.0
cb_rnn,2,12,incoming_bit,47,1.0,1.0
cb_rnn,2,12,incoming_bit,48,1.0,1.0
cb_rnn,2,12,outgoing_bit,0,0.747417355371901,0.7620523415977961
cb_rnn,2,12,outgoing_bit,1,0.8463768115942029,0.7943734015345268
cb_rnn,2,12,outgoing_bit,2,0.8437341451040081,0.7897852190089633
cb_rnn,2,12,outgoing_bit,3,0.8687584345479082,0.7606275303643725
cb_rnn,2,12,outgoing_bit,4,0.88978314330427,0.867650346523586
cb_rnn,2,12,outgoing_bit,5,0.7866220735785953,0.7121516164994426
cb_rnn,2,12,outgoing_bit,6,0.7731729055258467,0.7889928698752228
cb_rnn,2,12,outgoing_bit,7,0.7806020066889633,0.7447045707915274
cb_rnn,2,12,outgoing_bit,8,0.831758034026465,0.7835538752362949
cb_rnn,2,12,outgoing_bit,9,0.8849665246500303,0.8006695069993913
cb_rnn,2,12,outgoing_bit,10,0.8197217180883244,0.8018753781004235
cb_rnn,2,12,outgoing_bit,11,0.7935640558591379,0.7389192471159683
cb_rnn,2,12,outgoing_bit,12,0.798406862745098,0.6875
cb_rnn,2,12,outgoing_bit,13,0.8016493055555556,0.7339409722222222
cb_rnn,2,12,outgoing_bit,14,0.8027210884353742,0.7748299319727889
cb_rnn,2,12,outgoing_bit,15,0.7802721088435375,0.7013605442176871
cb_rnn,2,12,outgoing_bit,16,0.8049932523616734,0.7699055330634278
cb_rnn,2,12,outgoing_bit,17,0.8537414965986394,0.7448979591836734
cb_rnn,2,12,outgoing_bit,18,0.7705802968960864,0.6956815114709851
cb_rnn,2,12,outgoing_bit,19,0.8035230352303523,0.7398373983739838
cb_rnn,2,12,outgoing_bit,20,0.8222972972972973,0.7851351351351351
cb_rnn,2,12,outgoing_bit,21,0.8448979591836735,0.7952380952380952
cb_rnn,2,12,outgoing_bit,22,0.7786774628879891,0.7476383265856951
cb_rnn,2,12,outgoing_bit,23,0.7100271002710028,0.7303523035230353
cb_rnn,2,12,outgoing_bit,24,0.8076923076923078,0.6363022941970311
cb_rnn,2,12,outgoing_bit,25,0.8498622589531681,0.8202479338842975
cb_rnn,2,12,outgoing_bit,26,0.8232118758434548,0.766531713900135
cb_rnn,2,12,outgoing_bit,27,0.8326446280991735,0.7451790633608816
cb_rnn,2,12,outgoing_bit,28,0.8317567567567568,0.7168918918918918
cb_rnn,2,12,outgoing_bit,29,0.747638326585695,0.7483130904183536
cb_rnn,2,12,outgoing_bit,30,0.9055330634278003,0.8576248313090419
cb_rnn,2,12,outgoing_bit,31,0.8644986449864498,0.8252032520325203
cb_rnn,2,12,outgoing_bit,32,0.7615176151761518,0.7100271002710027
cb_rnn,2,12,outgoing_bit,33,0.8602941176470588,0.6102941176470589
cb_rnn,2,12,outgoing_bit,34,0.7837514934289127,0.7072879330943848
cb_rnn,2,12,outgoing_bit,35,0.7285714285714285,0.5333333333333333
cb_rnn,2,12,outgoing_bit,36,0.4777777777777778,0.3666666666666667
cb_rnn,2,12,outgoing_bit,37,,
cb_rnn,2,12,outgoing_bit,38,,
cb_rnn,2,12,outgoing_bit,39,,
cb_rnn,2,12,outgoing_bit,40,,
cb_rnn,2,12,outgoing_bit,41,,
cb_rnn,2,12,outgoing_bit,42,,
cb_rnn,2,12,outgoing_bit,43,,
cb_rnn,2,12,outgoing_bit,44,,
cb_rnn,2,12,outgoing_bit,45,,
cb_rnn,2,12,outgoing_bit,46,,
cb_rnn,2,12,outgoing_bit,47,,
cb_rnn,2,12,outgoing_bit,48,,
cb_rnn,2,12,next_parity,0,,
cb_rnn,2,12,next_parity,1,0.3996624472573839,0.3881856540084388
cb_rnn,2,12,next_parity,2,0.5173898071625345,0.5511363636363636
cb_rnn,2,12,next_parity,3,0.49281244715034667,0.5291730086250634
cb_rnn,2,12,next_parity,4,0.5082658569500674,0.5838394062078274
cb_rnn,2,12,next_parity,5,0.5538851351351352,0.5138513513513513
cb_rnn,2,12,next_parity,6,0.4585561497326204,0.48930481283422456
cb_rnn,2,12,next_parity,7,0.5319955406911929,0.5204013377926422
cb_rnn,2,12,next_parity,8,0.456293315448245,0.4545048066174827
cb_rnn,2,12,next_parity,9,0.500785986975073,0.4522793622277116
cb_rnn,2,12,next_parity,10,0.5419963481436397,0.4920876445526476
cb_rnn,2,12,next_parity,11,0.4854280510018215,0.5349119611414693
cb_rnn,2,12,next_parity,12,0.5164333536214242,0.4978697504564821
cb_rnn,2,12,next_parity,13,0.539072039072039,0.4410866910866911
cb_rnn,2,12,next_parity,14,0.5366300366300366,0.43986568986568986
cb_rnn,2,12,next_parity,15,0.4563612679114199,0.4676508901432914
cb_rnn,2,12,next_parity,16,0.4842681258549931,0.5410396716826265
cb_rnn,2,12,next_parity,17,0.5606060606060606,0.4979338842975207
cb_rnn,2,12,next_parity,18,0.5750688705234159,0.4910468319559229
cb_rnn,2,12,next_parity,19,0.482312925170068,0.4333333333333333
cb_rnn,2,12,next_parity,20,0.6470588235294118,0.615595075239398
cb_rnn,2,12,next_parity,21,0.47861150070126224,0.5028050490883591
cb_rnn,2,12,next_parity,22,0.46747967479674796,0.46273712737127376
cb_rnn,2,12,next_parity,23,0.4405405405405406,0.44594594594594594
cb_rnn,2,12,next_parity,24,0.3543091655266758,0.5020519835841313
cb_rnn,2,12,next_parity,25,0.4905149051490515,0.5867208672086721
cb_rnn,2,12,next_parity,26,0.4831081081081081,0.5243243243243243
cb_rnn,2,12,next_parity,27,0.42340425531914894,0.5099290780141843
cb_rnn,2,12,next_parity,28,0.5609756097560976,0.5813008130081302
cb_rnn,2,12,next_parity,29,0.4346938775510204,0.5904761904761905
cb_rnn,2,12,next_parity,30,0.4817073170731707,0.4681571815718157
cb_rnn,2,12,next_parity,31,0.5459459459459459,0.4898648648648648
cb_rnn,2,12,next_parity,32,0.4696356275303643,0.4669365721997301
cb_rnn,2,12,next_parity,33,0.424119241192412,0.451219512195122
cb_rnn,2,12,next_parity,34,0.4429824561403509,0.563765182186235
cb_rnn,2,12,next_parity,35,0.45519713261648753,0.5448028673835126
cb_rnn,2,12,next_parity,36,0.5240384615384616,0.4435096153846154
cb_rnn,2,12,next_parity,37,0.35722819593787336,0.43727598566308246
cb_rnn,2,12,next_parity,38,0.8777777777777778,0.7
cb_rnn,2,12,next_parity,39,,
cb_rnn,2,12,next_parity,40,,
cb_rnn,2,12,next_parity,41,,
cb_rnn,2,12,next_parity,42,,
cb_rnn,2,12,next_parity,43,,
cb_rnn,2,12,next_parity,44,,
cb_rnn,2,12,next_parity,45,,
cb_rnn,2,12,next_parity,46,,
cb_rnn,2,12,next_parity,47,,
cb_rnn,2,12,next_parity,48,,
cb_rnn,2,13,incoming_bit,0,1.0,1.0
cb_rnn,2,13,incoming_bit,1,1.0,1.0
cb_rnn,2,13,incoming_bit,2,1.0,1.0
cb_rnn,2,13,incoming_bit,3,1.0,1.0
cb_rnn,2,13,incoming_bit,4,1.0,1.0
cb_rnn,2,13,incoming_bit,5,1.0,1.0
cb_rnn,2,13,incoming_bit,6,1.0,1.0
cb_rnn,2,13,incoming_bit,7,1.0,1.0
cb_rnn,2,13,incoming_bit,8,1.0,1.0
cb_rnn,2,13,incoming_bit,9,1.0,1.0
cb_rnn,2,13,incoming_bit,10,1.0,1.0
cb_rnn,2,13,incoming_bit,11,1.0,0.9999999999999999
cb_rnn,2,13,incoming_bit,12,1.0,0.9999999999999999
cb_rnn,2,13,incoming_bit,13,1.0,1.0
cb_rnn,2,13,incoming_bit,14,1.0,1.0
cb_rnn,2,13,incoming_bit,15,1.0,1.0
cb_rnn,2,13,incoming_bit,16,1.0,1.0
cb_rnn,2,13,incoming_bit,17,1.0,1.0
cb_rnn,2,13,incoming_bit,18,1.0,1.0
cb_rnn,2,13,incoming_bit,19,1.0,1.0
cb_rnn,2,13,incoming_bit,20,1.0,1.0
cb_rnn,2,13,incoming_bit,21,1.0,1.0
cb_rnn,2,13,incoming_bit,22,1.0,1.0
cb_rnn,2,13,incoming_bit,23,1.0,1.0
cb_rnn,2,13,incoming_bit,24,1.0,1.0
cb_rnn,2,13,incoming_bit,25,1.0,1.0
cb_rnn,2,13,incoming_bit,26,0.9915254237288135,1.0
cb_rnn,2,13,incoming_bit,27,1.0,1.0
cb_rnn,2,13,incoming_bit,28,1.0,1.0
cb_rnn,2,13,incoming_bit,29,1.0,1.0
cb_rnn,2,13,incoming_bit,30,1.0,1.0
cb_rnn,2,13,incoming_bit,31,1.0,1.0
cb_rnn,2,13,incoming_bit,32,1.0,1.0
cb_rnn,2,13,incoming_bit,33,1.0,1.0
cb_rnn,2,13,incoming_bit,34,0.9795918367346939,1.0
cb_rnn,2,13,incoming_bit,35,1.0,1.0
cb_rnn,2,13,incoming_bit,36,1.0,1.0
cb_rnn,2,13,incoming_bit,37,1.0,1.0
cb_rnn,2,13,incoming_bit,38,1.0,1.0
cb_rnn,2,13,incoming_bit,39,1.0,1.0
cb_rnn,2,13,incoming_bit,40,1.0,1.0
cb_rnn,2,13,incoming_bit,41,1.0,1.0
cb_rnn,2,13,incoming_bit,42,1.0,1.0
cb_rnn,2,13,incoming_bit,43,1.0,1.0
cb_rnn,2,13,incoming_bit,44,1.0,0.9999999999999999
cb_rnn,2,13,incoming_bit,45,1.0,1.0
cb_rnn,2,13,incoming_bit,46,1.0,1.0
cb_rnn,2,13,incoming_bit,47,1.0,1.0
cb_rnn,2,13,incoming_bit,48,1.0,1.0
cb_rnn,2,13,incoming_bit,49,1.0,1.0
cb_rnn,2,13,incoming_bit,50,1.0,1.0
cb_rnn,2,13,incoming_bit,51,1.0,1.0
cb_rnn,2,13,incoming_bit,52,1.0,1.0
cb_rnn,2,13,outgoing_bit,0,0.8851682732961272,0.7214611872146119
cb_rnn,2,13,outgoing_bit,1,0.813265306122449,0.6717687074829932
cb_rnn,2,13,outgoing_bit,2,0.8758434547908233,0.7587719298245614
cb_rnn,2,13,outgoing_bit,3,0.7917229729729729,0.6418918918918919
cb_rnn,2,13,outgoing_bit,4,0.8762541806020065,0.8006688963210702
cb_rnn,2,13,outgoing_bit,5,0.8781465805301849,0.7193138783693472
cb_rnn,2,13,outgoing_bit,6,0.8304367201426025,0.7257130124777184
cb_rnn,2,13,outgoing_bit,7,0.8176523297491041,0.7067652329749105
cb_rnn,2,13,outgoing_bit,8,0.7377421307506054,0.663135593220339
cb_rnn,2,13,outgoing_bit,9,0.8181818181818182,0.6903030303030303
cb_rnn,2,13,outgoing_bit,10,0.7878787878787878,0.6681818181818182
cb_rnn,2,13,outgoing_bit,11,0.8420572124163116,0.8049300060864273
cb_rnn,2,13,outgoing_bit,12,0.8700667880995749,0.6639344262295082
cb_rnn,2,13,outgoing_bit,13,0.7745454545454545,0.7133333333333334
cb_rnn,2,13,outgoing_bit,14,0.7819218955682318,0.7538394032470381
cb_rnn,2,13,outgoing_bit,15,0.8354320451584889,0.723404255319149
cb_rnn,2,13,outgoing_bit,16,0.81993006993007,0.756993006993007
cb_rnn,2,13,outgoing_bit,17,0.7933304080737165,0.7213690215006582
cb_rnn,2,13,outgoing_bit,18,0.8161375661375662,0.6926807760141094
cb_rnn,2,13,outgoing_bit,19,0.7503256621797655,0.6947459834997829
cb_rnn,2,13,outgoing_bit,20,0.7673913043478261,0.7830434782608695
cb_rnn,2,13,outgoing_bit,21,0.8696796840719614,0.7459412022817025
cb_rnn,2,13,outgoing_bit,22,0.7760348583877995,0.6766884531590414
cb_rnn,2,13,outgoing_bit,23,0.7203647416413373,0.6274424663482414
cb_rnn,2,13,outgoing_bit,24,0.8508117595436595,0.7336551118911804
cb_rnn,2,13,outgoing_bit,25,0.7878260869565218,0.6943478260869564
cb_rnn,2,13,outgoing_bit,26,0.8682608695652174,0.7799999999999999
cb_rnn,2,13,outgoing_bit,27,0.7124183006535948,0.6082788671023965
cb_rnn,2,13,outgoing_bit,28,0.8457516339869281,0.7520697167755992
cb_rnn,2,13,outgoing_bit,29,0.7277676950998185,0.6415607985480944
cb_rnn,2,13,outgoing_bit,30,0.8557734204793028,0.7163398692810458
cb_rnn,2,13,outgoing_bit,31,0.8560869565217392,0.6486956521739131
cb_rnn,2,13,outgoing_bit,32,0.8155594405594406,0.7530594405594406
cb_rnn,2,13,outgoing_bit,33,0.7894736842105263,0.7226720647773281
cb_rnn,2,13,outgoing_bit,34,0.772038567493113,0.6356749311294766
cb_rnn,2,13,outgoing_bit,35,0.6716216216216216,0.6364864864864864
cb_rnn,2,13,outgoing_bit,36,0.6083333333333334,0.638888888888889
cb_rnn,2,13,outgoing_bit,37,0.5555555555555556,0.5333333333333333
cb_rnn,2,13,outgoing_bit,38,0.5777777777777778,0.5555555555555556
cb_rnn,2,13,outgoing_bit,39,0.36666666666666664,0.3
cb_rnn,2,13,outgoing_bit,40,,
cb_rnn,2,13,outgoing_bit,41,,
cb_rnn,2,13,outgoing_bit,42,,
cb_rnn,2,13,outgoing_bit,43,,
cb_rnn,2,13,outgoing_bit,44,,
cb_rnn,2,13,outgoing_bit,45,,
cb_rnn,2,13,outgoing_bit,46,,
cb_rnn,2,13,outgoing_bit,47,,
cb_rnn,2,13,outgoing_bit,48,,
cb_rnn,2,13,outgoing_bit,49,,
cb_rnn,2,13,outgoing_bit,50,,
cb_rnn,2,13,outgoing_bit,51,,
cb_rnn,2,13,outgoing_bit,52,,
cb_rnn,2,13,next_parity,0,,
cb_rnn,2,13,next_parity,1,0.5122362869198313,0.539071729957806
cb_rnn,2,13,next_parity,2,0.46932624113475174,0.4445035460992908
cb_rnn,2,13,next_parity,3,0.49115646258503404,0.5198979591836734
cb_rnn,2,13,next_parity,4,0.5467503818089259,0.47649753945358897
cb_rnn,2,13,next_parity,5,0.4664304993252362,0.520748987854251
cb_rnn,2,13,next_parity,6,0.45877896613190733,0.482620320855615
cb_rnn,2,13,next_parity,7,0.5219620958751394,0.5063545150501673
cb_rnn,2,13,next_parity,8,0.42150831624515833,0.4650262018683071
cb_rnn,2,13,next_parity,9,0.5335728722209746,0.5537839658657085
cb_rnn,2,13,next_parity,10,0.5966666666666667,0.5139393939393939
cb_rnn,2,13,next_parity,11,0.507773631840796,0.44931592039800994
cb_rnn,2,13,next_parity,12,0.506984126984127,0.5987301587301588
cb_rnn,2,13,next_parity,13,0.5407790626902008,0.5669506999391357
cb_rnn,2,13,next_parity,14,0.5574712643678161,0.5562613430127041
cb_rnn,2,13,next_parity,15,0.44807213930348255,0.5314054726368159
cb_rnn,2,13,next_parity,16,0.4603756298671553,0.3490609253321118
cb_rnn,2,13,next_parity,17,0.3773913043478261,0.42391304347826086
cb_rnn,2,13,next_parity,18,0.46535947712418296,0.5167755991285403
cb_rnn,2,13,next_parity,19,0.542483660130719,0.5729847494553377
cb_rnn,2,13,next_parity,20,0.5432692307692307,0.5655594405594405
cb_rnn,2,13,next_parity,21,0.592270950933565,0.5466782457663917
cb_rnn,2,13,next_parity,22,0.4969565217391304,0.5747826086956521
cb_rnn,2,13,next_parity,23,0.48863636363636365,0.5410839160839161
cb_rnn,2,13,next_parity,24,0.49955908289241624,0.46075837742504405
cb_rnn,2,13,next_parity,25,0.5144124168514412,0.5121951219512195
cb_rnn,2,13,next_parity,26,0.5109265734265734,0.4903846153846154
cb_rnn,2,13,next_parity,27,0.5291005291005291,0.49559082892416223
cb_rnn,2,13,next_parity,28,0.4644097222222222,0.4231770833333333
cb_rnn,2,13,next_parity,29,0.49130434782608695,0.5239130434782608
cb_rnn,2,13,next_parity,30,0.49392361111111116,0.50390625
cb_rnn,2,13,next_parity,31,0.5091145833333334,0.43055555555555564
cb_rnn,2,13,next_parity,32,0.5293095961788972,0.44897959183673464
cb_rnn,2,13,next_parity,33,0.5910931174089069,0.573549257759784
cb_rnn,2,13,next_parity,34,0.5145969498910675,0.5080610021786491
cb_rnn,2,13,next_parity,35,0.4527027027027027,0.38513513513513514
cb_rnn,2,13,next_parity,36,0.6111111111111112,0.5867208672086721
cb_rnn,2,13,next_parity,37,0.4682432432432433,0.48783783783783785
cb_rnn,2,13,next_parity,38,0.3669467787114846,0.4005602240896359
cb_rnn,2,13,next_parity,39,0.5128205128205128,0.5512820512820513
cb_rnn,2,13,next_parity,40,0.6428571428571428,0.5833333333333334
cb_rnn,2,13,next_parity,41,0.5227272727272727,0.5113636363636364
cb_rnn,2,13,next_parity,42,,
cb_rnn,2,13,next_parity,43,,
cb_rnn,2,13,next_parity,44,,
cb_rnn,2,13,next_parity,45,,
cb_rnn,2,13,next_parity,46,,
cb_rnn,2,13,next_parity,47,,
cb_rnn,2,13,next_parity,48,,
cb_rnn,2,13,next_parity,49,,
cb_rnn,2,13,next_parity,50,,
cb_rnn,2,13,next_parity,51,,
cb_rnn,2,13,next_parity,52,,
cb_rnn,2,14,incoming_bit,0,1.0,1.0
cb_rnn,2,14,incoming_bit,1,1.0,1.0
cb_rnn,2,14,incoming_bit,2,1.0,1.0
cb_rnn,2,14,incoming_bit,3,1.0,1.0
cb_rnn,2,14,incoming_bit,4,1.0,1.0
cb_rnn,2,14,incoming_bit,5,1.0,1.0
cb_rnn,2,14,incoming_bit,6,1.0,1.0
cb_rnn,2,14,incoming_bit,7,1.0,1.0
cb_rnn,2,14,incoming_bit,8,0.9846153846153847,1.0
cb_rnn,2,14,incoming_bit,9,1.0,1.0
cb_rnn,2,14,incoming_bit,10,1.0,1.0
cb_rnn,2,14,incoming_bit,11,1.0,1.0
cb_rnn,2,14,incoming_bit,12,1.0,1.0
cb_rnn,2,14,incoming_bit,13,1.0,1.0
cb_rnn,2,14,incoming_bit,14,1.0,0.9999999999999999
cb_rnn,2,14,incoming_bit,15,1.0,1.0
cb_rnn,2,14,incoming_bit,16,1.0,1.0
cb_rnn,2,14,incoming_bit,17,1.0,1.0
cb_rnn,2,14,incoming_bit,18,1.0,1.0
cb_rnn,2,14,incoming_bit,19,1.0,1.0
cb_rnn,2,14,incoming_bit,20,1.0,1.0
cb_rnn,2,14,incoming_bit,21,1.0,1.0
cb_rnn,2,14,incoming_bit,22,1.0,1.0
cb_rnn,2,14,incoming_bit,23,1.0,1.0
cb_rnn,2,14,incoming_bit,24,1.0,1.0
cb_rnn,2,14,incoming_bit,25,1.0,1.0
cb_rnn,2,14,incoming_bit,26,1.0,1.0
cb_rnn,2,14,incoming_bit,27,0.9830508474576272,1.0
cb_rnn,2,14,incoming_bit,28,1.0,1.0
cb_rnn,2,14,incoming_bit,29,1.0,1.0
cb_rnn,2,14,incoming_bit,30,1.0,1.0
cb_rnn,2,14,incoming_bit,31,1.0,1.0
cb_rnn,2,14,incoming_bit,32,1.0,1.0
cb_rnn,2,14,incoming_bit,33,1.0,1.0
cb_rnn,2,14,incoming_bit,34,1.0,1.0
cb_rnn,2,14,incoming_bit,35,1.0,1.0
cb_rnn,2,14,incoming_bit,36,1.0,1.0
cb_rnn,2,14,incoming_bit,37,1.0,1.0
cb_rnn,2,14,incoming_bit,38,1.0,1.0
cb_rnn,2,14,incoming_bit,39,1.0,1.0
cb_rnn,2,14,incoming_bit,40,1.0,1.0
cb_rnn,2,14,incoming_bit,41,0.9999999999999999,1.0
cb_rnn,2,14,incoming_bit,42,1.0,1.0
cb_rnn,2,14,incoming_bit,43,1.0,1.0
cb_rnn,2,14,incoming_bit,44,1.0,1.0
cb_rnn,2,14,incoming_bit,45,1.0,1.0
cb_rnn,2,14,incoming_bit,46,1.0,1.0
cb_rnn,2,14,incoming_bit,47,1.0,1.0
cb_rnn,2,14,incoming_bit,48,1.0,1.0
cb_rnn,2,14,incoming_bit,49,1.0,1.0
cb_rnn,2,14,incoming_bit,50,1.0,1.0
cb_rnn,2,14,incoming_bit,51,1.0,1.0
cb_rnn,2,14,incoming_bit,52,1.0,1.0
cb_rnn,2,14,incoming_bit,53,1.0,1.0
cb_rnn,2,14,outgoing_bit,0,0.8223238482384824,0.7698170731707317
cb_rnn,2,14,outgoing_bit,1,0.8322340605445628,0.813123625909014
cb_rnn,2,14,outgoing_bit,2,0.835472972972973,0.8003378378378377
cb_rnn,2,14,outgoing_bit,3,0.8112348178137652,0.7569163292847504
cb_rnn,2,14,outgoing_bit,4,0.8254928315412187,0.7522401433691758
cb_rnn,2,14,outgoing_bit,5,0.8118303571428572,0.7308035714285714
cb_rnn,2,14,outgoing_bit,6,0.7580213903743315,0.7188057040998217
cb_rnn,2,14,outgoing_bit,7,0.7405078034008852,0.6948520847891916
cb_rnn,2,14,outgoing_bit,8,0.7982295482295483,0.7206959706959707
cb_rnn,2,14,outgoing_bit,9,0.8318014705882353,0.7760416666666666
cb_rnn,2,14,outgoing_bit,10,0.7984615384615383,0.7569230769230769
cb_rnn,2,14,outgoing_bit,11,0.7970176506390749,0.7580645161290321
cb_rnn,2,14,outgoing_bit,12,0.7246642246642246,0.6465201465201466
cb_rnn,2,14,outgoing_bit,13,0.8378870673952642,0.7225258044930176
cb_rnn,2,14,outgoing_bit,14,0.8360054970224462,0.7127805771873569
cb_rnn,2,14,outgoing_bit,15,0.7552173913043477,0.7030434782608695
cb_rnn,2,14,outgoing_bit,16,0.7415533128565159,0.6630100921456779
cb_rnn,2,14,outgoing_bit,17,0.7898200965335674,0.7060114085125055
cb_rnn,2,14,outgoing_bit,18,0.7735849056603773,0.6296621325142606
cb_rnn,2,14,outgoing_bit,19,0.8562744246634824,0.8067737733391229
cb_rnn,2,14,outgoing_bit,20,0.7503267973856208,0.7411764705882352
cb_rnn,2,14,outgoing_bit,21,0.844789356984479,0.6674057649667406
cb_rnn,2,14,outgoing_bit,22,0.8708112874779541,0.7354497354497355
cb_rnn,2,14,outgoing_bit,23,0.828695652173913,0.72
cb_rnn,2,14,outgoing_bit,24,0.8371689101172384,0.6891011723838472
cb_rnn,2,14,outgoing_bit,25,0.7723214285714286,0.7062499999999999
cb_rnn,2,14,outgoing_bit,26,0.7686274509803921,0.6161220043572985
cb_rnn,2,14,outgoing_bit,27,0.8699074074074075,0.7421296296296296
cb_rnn,2,14,outgoing_bit,28,0.7729847494553377,0.6688453159041394
cb_rnn,2,14,outgoing_bit,29,0.7888986013986015,0.7736013986013986
cb_rnn,2,14,outgoing_bit,30,0.8379464285714285,0.7272321428571429
cb_rnn,2,14,outgoing_bit,31,0.7141608391608392,0.6013986013986014
cb_rnn,2,14,outgoing_bit,32,0.7911419887103778,0.547112462006079
cb_rnn,2,14,outgoing_bit,33,0.7741496598639455,0.6659863945578232
cb_rnn,2,14,outgoing_bit,34,0.7730352303523035,0.6788617886178862
cb_rnn,2,14,outgoing_bit,35,0.6912162162162162,0.6236486486486487
cb_rnn,2,14,outgoing_bit,36,0.7030812324929971,0.4873949579831932
cb_rnn,2,14,outgoing_bit,37,0.5227272727272727,0.3522727272727273
cb_rnn,2,14,outgoing_bit,38,0.6785714285714286,0.6428571428571429
cb_rnn,2,14,outgoing_bit,39,0.4555555555555556,0.24444444444444446
cb_rnn,2,14,outgoing_bit,40,,
cb_rnn,2,14,outgoing_bit,41,,
cb_rnn,2,14,outgoing_bit,42,,
cb_rnn,2,14,outgoing_bit,43,,
cb_rnn,2,14,outgoing_bit,44,,
cb_rnn,2,14,outgoing_bit,45,,
cb_rnn,2,14,outgoing_bit,46,,
cb_rnn,2,14,outgoing_bit,47,,
cb_rnn,2,14,outgoing_bit,48,,
cb_rnn,2,14,outgoing_bit,49,,
cb_rnn,2,14,outgoing_bit,50,,
cb_rnn,2,14,outgoing_bit,51,,
cb_rnn,2,14,outgoing_bit,52,,
cb_rnn,2,14,outgoing_bit,53,,
cb_rnn,2,14,next_parity,0,,
cb_rnn,2,14,next_parity,1,0.45977399224152476,0.4643278799122955
cb_rnn,2,14,next_parity,2,0.4811901504787962,0.5114569083447332
cb_rnn,2,14,next_parity,3,0.5575236167341431,0.497638326585695
cb_rnn,2,14,next_parity,4,0.5549872122762148,0.5454390451832907
cb_rnn,2,14,next_parity,5,0.44483805668016196,0.4622132253711201
cb_rnn,2,14,next_parity,6,0.41985244802146215,0.4641180415828303
cb_rnn,2,14,next_parity,7,0.4406779661016949,0.4607909604519774
cb_rnn,2,14,next_parity,8,0.5595797004247708,0.46478873239436624
cb_rnn,2,14,next_parity,9,0.5033422459893048,0.47660427807486627
cb_rnn,2,14,next_parity,10,0.4322820037105751,0.4310451453308596
cb_rnn,2,14,next_parity,11,0.5556923076923077,0.4695384615384615
cb_rnn,2,14,next_parity,12,0.5618461538461539,0.5323076923076924
cb_rnn,2,14,next_parity,13,0.4613511868533171,0.5094339622641509
cb_rnn,2,14,next_parity,14,0.46536796536796526,0.5179344465058751
cb_rnn,2,14,next_parity,15,0.5369249394673125,0.4954600484261501
cb_rnn,2,14,next_parity,16,0.44956521739130434,0.4230434782608695
cb_rnn,2,14,next_parity,17,0.3685185185185185,0.39166666666666666
cb_rnn,2,14,next_parity,18,0.6070804195804195,0.569493006993007
cb_rnn,2,14,next_parity,19,0.41005291005291,0.3963844797178131
cb_rnn,2,14,next_parity,20,0.5160869565217391,0.5439130434782609
cb_rnn,2,14,next_parity,21,0.5085563843791137,0.47740236946028963
cb_rnn,2,14,next_parity,22,0.43356643356643354,0.486013986013986
cb_rnn,2,14,next_parity,23,0.556823168056165,0.5168933742869679
cb_rnn,2,14,next_parity,24,0.5133830627468187,0.46423870118473015
cb_rnn,2,14,next_parity,25,0.525173611111111,0.5416666666666666
cb_rnn,2,14,next_parity,26,0.47826086956521735,0.508695652173913
cb_rnn,2,14,next_parity,27,0.4817902588854761,0.4567792891619131
cb_rnn,2,14,next_parity,28,0.4726086956521739,0.5030434782608696
cb_rnn,2,14,next_parity,29,0.6235345201910552,0.526704298740773
cb_rnn,2,14,next_parity,30,0.501525054466231,0.48888888888888893
cb_rnn,2,14,next_parity,31,0.513888888888889,0.47005208333333337
cb_rnn,2,14,next_parity,32,0.547391304347826,0.5878260869565218
cb_rnn,2,14,next_parity,33,0.4585365853658537,0.49490022172949
cb_rnn,2,14,next_parity,34,0.5123751628310899,0.46200607902735563
cb_rnn,2,14,next_parity,35,0.5152777777777778,0.5159722222222222
cb_rnn,2,14,next_parity,36,0.5433604336043361,0.5128726287262872
cb_rnn,2,14,next_parity,37,0.43044077134986225,0.418732782369146
cb_rnn,2,14,next_parity,38,0.4194444444444445,0.3722222222222222
cb_rnn,2,14,next_parity,39,0.42045454545454547,0.5227272727272727
cb_rnn,2,14,next_parity,40,0.4166666666666667,0.34523809523809523
cb_rnn,2,14,next_parity,41,0.48863636363636365,0.5454545454545454
cb_rnn,2,14,next_parity,42,,
cb_rnn,2,14,next_parity,43,,
cb_rnn,2,14,next_parity,44,,
cb_rnn,2,14,next_parity,45,,
cb_rnn,2,14,next_parity,46,,
cb_rnn,2,14,next_parity,47,,
cb_rnn,2,14,next_parity,48,,
cb_rnn,2,14,next_parity,49,,
cb_rnn,2,14,next_parity,50,,
cb_rnn,2,14,next_parity,51,,
cb_rnn,2,14,next_parity,52,,
cb_rnn,2,14,next_parity,53,,
cb_rnn,2,15,incoming_bit,0,1.0,1.0
cb_rnn,2,15,incoming_bit,1,1.0,1.0
cb_rnn,2,15,incoming_bit,2,1.0,1.0
cb_rnn,2,15,incoming_bit,3,1.0,1.0
cb_rnn,2,15,incoming_bit,4,1.0,1.0
cb_rnn,2,15,incoming_bit,5,1.0,1.0
cb_rnn,2,15,incoming_bit,6,1.0,1.0
cb_rnn,2,15,incoming_bit,7,1.0,1.0
cb_rnn,2,15,incoming_bit,8,1.0,1.0
cb_rnn,2,15,incoming_bit,9,1.0,1.0
cb_rnn,2,15,incoming_bit,10,1.0,1.0
cb_rnn,2,15,incoming_bit,11,1.0,1.0
cb_rnn,2,15,incoming_bit,12,1.0,1.0
cb_rnn,2,15,incoming_bit,13,1.0,1.0
cb_rnn,2,15,incoming_bit,14,1.0,1.0
cb_rnn,2,15,incoming_bit,15,1.0,1.0
cb_rnn,2,15,incoming_bit,16,1.0,1.0
cb_rnn,2,15,incoming_bit,17,1.0,1.0
cb_rnn,2,15,incoming_bit,18,1.0,1.0
cb_rnn,2,15,incoming_bit,19,1.0,1.0
cb_rnn,2,15,incoming_bit,20,1.0,1.0
cb_rnn,2,15,incoming_bit,21,1.0,1.0
cb_rnn,2,15,incoming_bit,22,1.0,1.0
cb_rnn,2,15,incoming_bit,23,1.0,1.0
cb_rnn,2,15,incoming_bit,24,1.0,1.0
cb_rnn,2,15,incoming_bit,25,1.0,1.0
cb_rnn,2,15,incoming_bit,26,1.0,1.0
cb_rnn,2,15,incoming_bit,27,0.982758620689655,1.0
cb_rnn,2,15,incoming_bit,28,0.9814814814814815,1.0
cb_rnn,2,15,incoming_bit,29,1.0,1.0
cb_rnn,2,15,incoming_bit,30,1.0,1.0
cb_rnn,2,15,incoming_bit,31,1.0,1.0
cb_rnn,2,15,incoming_bit,32,1.0,1.0
cb_rnn,2,15,incoming_bit,33,1.0,1.0
cb_rnn,2,15,incoming_bit,34,1.0,1.0
cb_rnn,2,15,incoming_bit,35,1.0,1.0
cb_rnn,2,15,incoming_bit,36,1.0,1.0
cb_rnn,2,15,incoming_bit,37,1.0,1.0
cb_rnn,2,15,incoming_bit,38,1.0,1.0
cb_rnn,2,15,incoming_bit,39,1.0,1.0
cb_rnn,2,15,incoming_bit,40,1.0,1.0
cb_rnn,2,15,incoming_bit,41,1.0,1.0
cb_rnn,2,15,incoming_bit,42,1.0,1.0
cb_rnn,2,15,incoming_bit,43,1.0,1.0
cb_rnn,2,15,incoming_bit,44,1.0,1.0
cb_rnn,2,15,incoming_bit,45,1.0,1.0
cb_rnn,2,15,incoming_bit,46,1.0,1.0
cb_rnn,2,15,incoming_bit,47,1.0,1.0
cb_rnn,2,15,incoming_bit,48,1.0,1.0
cb_rnn,2,15,incoming_bit,49,1.0,1.0
cb_rnn,2,15,incoming_bit,50,1.0,1.0
cb_rnn,2,15,incoming_bit,51,1.0,1.0
cb_rnn,2,15,incoming_bit,52,1.0,1.0
cb_rnn,2,15,incoming_bit,53,1.0,1.0
cb_rnn,2,15,incoming_bit,54,0.9829545454545454,1.0
cb_rnn,2,15,incoming_bit,55,1.0,1.0
cb_rnn,2,15,incoming_bit,56,1.0,1.0
cb_rnn,2,15,incoming_bit,57,1.0,1.0
cb_rnn,2,15,incoming_bit,58,1.0,1.0
cb_rnn,2,15,incoming_bit,59,1.0,1.0
cb_rnn,2,15,outgoing_bit,0,0.8121057118499573,0.7498721227621483
cb_rnn,2,15,outgoing_bit,1,0.852359208523592,0.6972771858616608
cb_rnn,2,15,outgoing_bit,2,0.8490082079343365,0.8042065663474692
cb_rnn,2,15,outgoing_bit,3,0.7948717948717948,0.8350202429149798
cb_rnn,2,15,outgoing_bit,4,0.823345956783248,0.7288928491869013
cb_rnn,2,15,outgoing_bit,5,0.748494983277592,0.6347826086956523
cb_rnn,2,15,outgoing_bit,6,0.821850613154961,0.7001114827201784
cb_rnn,2,15,outgoing_bit,7,0.7639793397709409,0.6600044913541433
cb_rnn,2,15,outgoing_bit,8,0.8190909090909091,0.692121212121212
cb_rnn,2,15,outgoing_bit,9,0.7635094110503946,0.6742562234365513
cb_rnn,2,15,outgoing_bit,10,0.855921855921856,0.7982295482295483
cb_rnn,2,15,outgoing_bit,11,0.7664851784633999,0.6155474894131882
cb_rnn,2,15,outgoing_bit,12,0.7488972904851922,0.6606805293005672
cb_rnn,2,15,outgoing_bit,13,0.7356532356532357,0.6355311355311355
cb_rnn,2,15,outgoing_bit,14,0.8055069930069931,0.7683566433566434
cb_rnn,2,15,outgoing_bit,15,0.8056680161943319,0.7408906882591092
cb_rnn,2,15,outgoing_bit,16,0.683022145028224,0.6795484151107252
cb_rnn,2,15,outgoing_bit,17,0.8352941176470589,0.8278867102396514
cb_rnn,2,15,outgoing_bit,18,0.7863656100738168,0.7060356057316544
cb_rnn,2,15,outgoing_bit,19,0.7051338306274681,0.5796401930671348
cb_rnn,2,15,outgoing_bit,20,0.82421875,0.7569444444444444
cb_rnn,2,15,outgoing_bit,21,0.854537559704733,0.742509769865393
cb_rnn,2,15,outgoing_bit,22,0.8357142857142857,0.7464285714285713
cb_rnn,2,15,outgoing_bit,23,0.7848214285714286,0.725
cb_rnn,2,15,outgoing_bit,24,0.846287451150673,0.6756404689535389
cb_rnn,2,15,outgoing_bit,25,0.8475900998697352,0.6678245766391663
cb_rnn,2,15,outgoing_bit,26,0.746875,0.6227678571428572
cb_rnn,2,15,outgoing_bit,27,0.7820234476769431,0.7459834997828918
cb_rnn,2,15,outgoing_bit,28,0.8478260869565217,0.7513043478260869
cb_rnn,2,15,outgoing_bit,29,0.8409090909090909,0.7294580419580419
cb_rnn,2,15,outgoing_bit,30,0.881993006993007,0.7618006993006992
cb_rnn,2,15,outgoing_bit,31,0.8177383592017738,0.6984478935698448
cb_rnn,2,15,outgoing_bit,32,0.8021778584392015,0.7254990925589836
cb_rnn,2,15,outgoing_bit,33,0.8178137651821863,0.6464237516869096
cb_rnn,2,15,outgoing_bit,34,0.8216253443526171,0.7293388429752067
cb_rnn,2,15,outgoing_bit,35,0.7414965986394558,0.6591836734693878
cb_rnn,2,15,outgoing_bit,36,0.7139393939393939,0.623030303030303
cb_rnn,2,15,outgoing_bit,37,0.8153846153846155,0.6830769230769231
cb_rnn,2,15,outgoing_bit,38,0.5734072022160666,0.5706371191135735
cb_rnn,2,15,outgoing_bit,39,0.5761772853185595,0.49584487534626037
cb_rnn,2,15,outgoing_bit,40,0.6888888888888889,0.811111111111111
cb_rnn,2,15,outgoing_bit,41,0.5128205128205128,0.3589743589743589
cb_rnn,2,15,outgoing_bit,42,0.7285714285714286,0.5857142857142857
cb_rnn,2,15,outgoing_bit,43,0.5256410256410257,0.3846153846153846
cb_rnn,2,15,outgoing_bit,44,0.7159090909090909,0.75
cb_rnn,2,15,outgoing_bit,45,,
cb_rnn,2,15,outgoing_bit,46,,
cb_rnn,2,15,outgoing_bit,47,,
cb_rnn,2,15,outgoing_bit,48,,
cb_rnn,2,15,outgoing_bit,49,,
cb_rnn,2,15,outgoing_bit,50,,
cb_rnn,2,15,outgoing_bit,51,,
cb_rnn,2,15,outgoing_bit,52,,
cb_rnn,2,15,outgoing_bit,53,,
cb_rnn,2,15,outgoing_bit,54,,
cb_rnn,2,15,outgoing_bit,55,,
cb_rnn,2,15,outgoing_bit,56,,
cb_rnn,2,15,outgoing_bit,57,,
cb_rnn,2,15,outgoing_bit,58,,
cb_rnn,2,15,outgoing_bit,59,,
cb_rnn,2,15,next_parity,0,,
cb_rnn,2,15,next_parity,1,0.48475177304964534,0.4921985815602837
cb_rnn,2,15,next_parity,2,0.5335069444444445,0.5309027777777777
cb_rnn,2,15,next_parity,3,0.5691056910569106,0.47781165311653123
cb_rnn,2,15,next_parity,4,0.4937074829931972,0.49676870748299323
cb_rnn,2,15,next_parity,5,0.4635135135135135,0.4435810810810811
cb_rnn,2,15,next_parity,6,0.5058035714285714,0.45334821428571426
cb_rnn,2,15,next_parity,7,0.38439241917502787,0.4642140468227425
cb_rnn,2,15,next_parity,8,0.3774641577060932,0.45183691756272404
cb_rnn,2,15,next_parity,9,0.5359768322566273,0.5181554912007129
cb_rnn,2,15,next_parity,10,0.5596246973365617,0.4600484261501211
cb_rnn,2,15,next_parity,11,0.4824455205811138,0.49878934624697335
cb_rnn,2,15,next_parity,12,0.5719903206291592,0.485178463399879
cb_rnn,2,15,next_parity,13,0.5074626865671642,0.5149253731343284
cb_rnn,2,15,next_parity,14,0.48498774509803927,0.3428308823529411
cb_rnn,2,15,next_parity,15,0.4908424908424909,0.45940170940170943
cb_rnn,2,15,next_parity,16,0.6000868432479376,0.6213634389926184
cb_rnn,2,15,next_parity,17,0.5881834215167548,0.5418871252204586
cb_rnn,2,15,next_parity,18,0.41612200435729846,0.4862745098039215
cb_rnn,2,15,next_parity,19,0.5538194444444444,0.5065104166666666
cb_rnn,2,15,next_parity,20,0.3856521739130435,0.4852173913043478
cb_rnn,2,15,next_parity,21,0.5095652173913043,0.6152173913043478
cb_rnn,2,15,next_parity,22,0.4375,0.47115384615384615
cb_rnn,2,15,next_parity,23,0.486322188449848,0.5419018671298306
cb_rnn,2,15,next_parity,24,0.5930283224400872,0.5145969498910675
cb_rnn,2,15,next_parity,25,0.4695652173913043,0.44434782608695655
cb_rnn,2,15,next_parity,26,0.5033259423503327,0.48647450110864743
cb_rnn,2,15,next_parity,27,0.4409171075837742,0.39858906525573196
cb_rnn,2,15,next_parity,28,0.5906873614190687,0.5733924611973393
cb_rnn,2,15,next_parity,29,0.44301552106430153,0.41951219512195126
cb_rnn,2,15,next_parity,30,0.6330434782608696,0.44260869565217387
cb_rnn,2,15,next_parity,31,0.500651324359531,0.5093356491532783
cb_rnn,2,15,next_parity,32,0.5670864090316978,0.5957446808510638
cb_rnn,2,15,next_parity,33,0.5335132703553755,0.46063877642825
cb_rnn,2,15,next_parity,34,0.5881076388888888,0.5520833333333333
cb_rnn,2,15,next_parity,35,0.5465116279069767,0.4199726402188782
cb_rnn,2,15,next_parity,36,0.5736486486486487,0.6331081081081081
cb_rnn,2,15,next_parity,37,0.4574324324324324,0.5364864864864864
cb_rnn,2,15,next_parity,38,0.4987980769230769,0.4146634615384615
cb_rnn,2,15,next_parity,39,0.5714285714285715,0.5416666666666666
cb_rnn,2,15,next_parity,40,0.5014005602240896,0.5602240896358543
cb_rnn,2,15,next_parity,41,0.4792243767313019,0.4598337950138504
cb_rnn,2,15,next_parity,42,0.39999999999999997,0.3833333333333333
cb_rnn,2,15,next_parity,43,0.5454545454545455,0.5340909090909091
cb_rnn,2,15,next_parity,44,0.46153846153846156,0.2692307692307692
cb_rnn,2,15,next_parity,45,0.6904761904761905,0.5119047619047619
cb_rnn,2,15,next_parity,46,0.375,0.4772727272727273
cb_rnn,2,15,next_parity,47,,
cb_rnn,2,15,next_parity,48,,
cb_rnn,2,15,next_parity,49,,
cb_rnn,2,15,next_parity,50,,
cb_rnn,2,15,next_parity,51,,
cb_rnn,2,15,next_parity,52,,
cb_rnn,2,15,next_parity,53,,
cb_rnn,2,15,next_parity,54,,
cb_rnn,2,15,next_parity,55,,
cb_rnn,2,15,next_parity,56,,
cb_rnn,2,15,next_parity,57,,
cb_rnn,2,15,next_parity,58,,
cb_rnn,2,15,next_parity,59,,
cb_rnn,3,2,incoming_bit,0,1.0,1.0
cb_rnn,3,2,incoming_bit,1,0.9999999999999999,1.0
cb_rnn,3,2,incoming_bit,2,1.0,1.0
cb_rnn,3,2,incoming_bit,3,1.0,1.0
cb_rnn,3,2,incoming_bit,4,1.0,1.0
cb_rnn,3,2,incoming_bit,5,1.0,1.0
cb_rnn,3,2,incoming_bit,6,1.0,1.0
cb_rnn,3,2,incoming_bit,7,1.0,1.0
cb_rnn,3,2,incoming_bit,8,1.0,1.0
cb_rnn,3,2,outgoing_bit,0,1.0,1.0
cb_rnn,3,2,outgoing_bit,1,1.0,0.9999999999999999
cb_rnn,3,2,outgoing_bit,2,1.0,1.0
cb_rnn,3,2,outgoing_bit,3,1.0,1.0
cb_rnn,3,2,outgoing_bit,4,1.0,1.0
cb_rnn,3,2,outgoing_bit,5,1.0,1.0
cb_rnn,3,2,outgoing_bit,6,1.0,1.0
cb_rnn,3,2,outgoing_bit,7,,
cb_rnn,3,2,outgoing_bit,8,,
cb_rnn,3,2,next_parity,0,,
cb_rnn,3,2,next_parity,1,0.4488714090287278,0.4286935704514364
cb_rnn,3,2,next_parity,2,0.4528559249786871,0.4627450980392157
cb_rnn,3,2,next_parity,3,0.5284119736174531,0.5125993573482158
cb_rnn,3,2,next_parity,4,0.5444425704165964,0.5239500758981279
cb_rnn,3,2,next_parity,5,0.5418569254185692,0.5530187721968545
cb_rnn,3,2,next_parity,6,0.4557823129251701,0.44931972789115643
cb_rnn,3,2,next_parity,7,0.6666666666666666,0.6695652173913044
cb_rnn,3,2,next_parity,8,0.5227272727272727,0.5227272727272727
cb_rnn,3,3,incoming_bit,0,1.0,1.0
cb_rnn,3,3,incoming_bit,1,1.0,1.0
cb_rnn,3,3,incoming_bit,2,1.0,1.0
cb_rnn,3,3,incoming_bit,3,1.0,1.0
cb_rnn,3,3,incoming_bit,4,1.0,1.0
cb_rnn,3,3,incoming_bit,5,1.0,1.0
cb_rnn,3,3,incoming_bit,6,1.0,1.0
cb_rnn,3,3,incoming_bit,7,1.0,1.0
cb_rnn,3,3,incoming_bit,8,1.0,1.0
cb_rnn,3,3,incoming_bit,9,1.0,1.0
cb_rnn,3,3,incoming_bit,10,1.0,1.0
cb_rnn,3,3,incoming_bit,11,1.0,1.0
cb_rnn,3,3,outgoing_bit,0,0.9959349593495934,0.9835704607046071
cb_rnn,3,3,outgoing_bit,1,0.9906842818428185,0.9944105691056909
cb_rnn,3,3,outgoing_bit,2,0.9974593495934959,0.9964430894308942
cb_rnn,3,3,outgoing_bit,3,0.9930425929068386,0.9966061428813847
cb_rnn,3,3,outgoing_bit,4,1.0,0.9860566448801743
cb_rnn,3,3,outgoing_bit,5,0.9810659186535764,0.9621318373071529
cb_rnn,3,3,outgoing_bit,6,0.9958677685950414,0.9758953168044078
cb_rnn,3,3,outgoing_bit,7,0.9979729729729729,1.0
cb_rnn,3,3,outgoing_bit,8,1.0,0.6136363636363636
cb_rnn,3,3,outgoing_bit,9,,
cb_rnn,3,3,outgoing_bit,10,,
cb_rnn,3,3,outgoing_bit,11,,
cb_rnn,3,3,next_parity,0,,
cb_rnn,3,3,next_parity,1,0.5094355807171042,0.5112369188540058
cb_rnn,3,3,next_parity,2,0.5085227272727273,0.5176480716253443
cb_rnn,3,3,next_parity,3,0.5198635976129582,0.5034953111679454
cb_rnn,3,3,next_parity,4,0.5575533227569187,0.5676009166225983
cb_rnn,3,3,next_parity,5,0.5231910946196661,0.5525383707201889
cb_rnn,3,3,next_parity,6,0.5345652173913045,0.5958695652173913
cb_rnn,3,3,next_parity,7,0.35738482384823844,0.3485772357723577
cb_rnn,3,3,next_parity,8,0.39761904761904765,0.36292517006802716
cb_rnn,3,3,next_parity,9,0.5371527777777777,0.5340277777777778
cb_rnn,3,3,next_parity,10,0.36363636363636365,0.3352272727272727
cb_rnn,3,3,next_parity,11,,
cb_rnn,3,4,incoming_bit,0,1.0,1.0
cb_rnn,3,4,incoming_bit,1,1.0,1.0
cb_rnn,3,4,incoming_bit,2,1.0,0.9999999999999999
cb_rnn,3,4,incoming_bit,3,1.0,1.0
cb_rnn,3,4,incoming_bit,4,1.0,1.0
cb_rnn,3,4,incoming_bit,5,1.0,1.0
cb_rnn,3,4,incoming_bit,6,1.0,1.0
cb_rnn,3,4,incoming_bit,7,1.0,1.0
cb_rnn,3,4,incoming_bit,8,1.0,1.0
cb_rnn,3,4,incoming_bit,9,1.0,1.0
cb_rnn,3,4,incoming_bit,10,1.0,1.0
cb_rnn,3,4,incoming_bit,11,1.0,1.0
cb_rnn,3,4,incoming_bit,12,1.0,1.0
cb_rnn,3,4,incoming_bit,13,1.0,1.0
cb_rnn,3,4,incoming_bit,14,1.0,1.0
cb_rnn,3,4,incoming_bit,15,0.9999999999999999,0.9999999999999999
cb_rnn,3,4,incoming_bit,16,1.0,1.0
cb_rnn,3,4,outgoing_bit,0,0.9144647696476964,0.9251355013550135
cb_rnn,3,4,outgoing_bit,1,0.9524291497975708,0.9541160593792173
cb_rnn,3,4,outgoing_bit,2,0.9609706431359241,0.9475649075173935
cb_rnn,3,4,outgoing_bit,3,0.9370703331570598,0.9344262295081966
cb_rnn,3,4,outgoing_bit,4,0.9272331154684096,0.918082788671024
cb_rnn,3,4,outgoing_bit,5,0.9077134986225895,0.837465564738292
cb_rnn,3,4,outgoing_bit,6,0.946693657219973,0.9534412955465587
cb_rnn,3,4,outgoing_bit,7,0.9224021592442646,0.8900134952766532
cb_rnn,3,4,outgoing_bit,8,0.8361111111111111,0.8527777777777779
cb_rnn,3,4,outgoing_bit,9,0.8753462603878116,0.8033240997229917
cb_rnn,3,4,outgoing_bit,10,0.8991596638655462,0.8319327731092437
cb_rnn,3,4,outgoing_bit,11,1.0,1.0
cb_rnn,3,4,outgoing_bit,12,1.0,0.8409090909090909
cb_rnn,3,4,outgoing_bit,13,,
cb_rnn,3,4,outgoing_bit,14,,
cb_rnn,3,4,outgoing_bit,15,,
cb_rnn,3,4,outgoing_bit,16,,
cb_rnn,3,4,next_parity,0,,
cb_rnn,3,4,next_parity,1,0.47895808586458505,0.5171389784490072
cb_rnn,3,4,next_parity,2,0.510458081244598,0.50466724286949
cb_rnn,3,4,next_parity,3,0.6090751944684528,0.555315471045808
cb_rnn,3,4,next_parity,4,0.5020460358056266,0.48022165387894283
cb_rnn,3,4,next_parity,5,0.45020059305773596,0.4512471655328798
cb_rnn,3,4,next_parity,6,0.5460269214068606,0.5017368649587495
cb_rnn,3,4,next_parity,7,0.4015804597701149,0.46479885057471265
cb_rnn,3,4,next_parity,8,0.4195035460992908,0.41666666666666663
cb_rnn,3,4,next_parity,9,0.49457994579945797,0.5115176151761518
cb_rnn,3,4,next_parity,10,0.5140056022408963,0.5420168067226891
cb_rnn,3,4,next_parity,11,0.47023809523809523,0.5193452380952381
cb_rnn,3,4,next_parity,12,0.29130434782608694,0.31014492753623185
cb_rnn,3,4,next_parity,13,0.3861111111111111,0.48194444444444445
cb_rnn,3,4,next_parity,14,0.49999999999999994,0.4722222222222222
cb_rnn,3,4,next_parity,15,,
cb_rnn,3,4,next_parity,16,,
cb_rnn,3,5,incoming_bit,0,1.0,1.0
cb_rnn,3,5,incoming_bit,1,1.0,1.0
cb_rnn,3,5,incoming_bit,2,1.0,1.0
cb_rnn,3,5,incoming_bit,3,1.0,1.0
cb_rnn,3,5,incoming_bit,4,1.0,1.0
cb_rnn,3,5,incoming_bit,5,1.0,1.0
cb_rnn,3,5,incoming_bit,6,1.0,1.0
cb_rnn,3,5,incoming_bit,7,0.9999999999999999,1.0
cb_rnn,3,5,incoming_bit,8,0.9999999999999999,1.0
cb_rnn,3,5,incoming_bit,9,1.0,1.0
cb_rnn,3,5,incoming_bit,10,1.0,1.0
cb_rnn,3,5,incoming_bit,11,1.0,1.0
cb_rnn,3,5,incoming_bit,12,1.0,1.0
cb_rnn,3,5,incoming_bit,13,1.0,1.0
cb_rnn,3,5,incoming_bit,14,1.0,1.0
cb_rnn,3,5,incoming_bit,15,0.9999999999999999,1.0
cb_rnn,3,5,incoming_bit,16,1.0,1.0
cb_rnn,3,5,incoming_bit,17,1.0,1.0
cb_rnn,3,5,incoming_bit,18,1.0,1.0
cb_rnn,3,5,incoming_bit,19,1.0,1.0
cb_rnn,3,5,outgoing_bit,0,0.9505208333333333,0.9286458333333334
cb_rnn,3,5,outgoing_bit,1,0.9253444967730682,0.9215070643642073
cb_rnn,3,5,outgoing_bit,2,0.9577152600170502,0.9384484228473998
cb_rnn,3,5,outgoing_bit,3,0.9671768707482993,0.9532312925170068
cb_rnn,3,5,outgoing_bit,4,0.9529993815708102,0.9152752009894868
cb_rnn,3,5,outgoing_bit,5,0.9104870557261957,0.9104870557261957
cb_rnn,3,5,outgoing_bit,6,0.9157525230364194,0.8815269855199648
cb_rnn,3,5,outgoing_bit,7,0.9169565217391303,0.8686956521739131
cb_rnn,3,5,outgoing_bit,8,0.8807453416149069,0.9018633540372671
cb_rnn,3,5,outgoing_bit,9,0.906832298136646,0.9242236024844721
cb_rnn,3,5,outgoing_bit,10,0.8460526315789474,0.7592105263157894
cb_rnn,3,5,outgoing_bit,11,0.8989298454221165,0.8608799048751486
cb_rnn,3,5,outgoing_bit,12,0.9315789473684211,0.793421052631579
cb_rnn,3,5,outgoing_bit,13,0.9694444444444444,0.8972222222222223
cb_rnn,3,5,outgoing_bit,14,0.9431818181818181,0.6931818181818182
cb_rnn,3,5,outgoing_bit,15,,
cb_rnn,3,5,outgoing_bit,16,,
cb_rnn,3,5,outgoing_bit,17,,
cb_rnn,3,5,outgoing_bit,18,,
cb_rnn,3,5,outgoing_bit,19,,
cb_rnn,3,5,next_parity,0,,
cb_rnn,3,5,next_parity,1,0.5416879795396419,0.551236146632566
cb_rnn,3,5,next_parity,2,0.5676659891598915,0.572069783197832
cb_rnn,3,5,next_parity,3,0.5101626016260162,0.5011856368563685
cb_rnn,3,5,next_parity,4,0.5467178175618074,0.5317135549872123
cb_rnn,3,5,next_parity,5,0.502195945945946,0.4886824324324324
cb_rnn,3,5,next_parity,6,0.46304885590599876,0.4724799010513297
cb_rnn,3,5,next_parity,7,0.45565217391304347,0.5265217391304348
cb_rnn,3,5,next_parity,8,0.5232558139534884,0.5293988591487494
cb_rnn,3,5,next_parity,9,0.6355119825708061,0.6045751633986928
cb_rnn,3,5,next_parity,10,0.4928571428571429,0.5142857142857142
cb_rnn,3,5,next_parity,11,0.5588942307692306,0.5733173076923077
cb_rnn,3,5,next_parity,12,0.5262843488649941,0.7031063321385902
cb_rnn,3,5,next_parity,13,0.4950980392156863,0.3872549019607843
cb_rnn,3,5,next_parity,14,0.4176682692307693,0.3611778846153846
cb_rnn,3,5,next_parity,15,0.3236111111111111,0.3958333333333333
cb_rnn,3,5,next_parity,16,0.6726190476190476,0.6726190476190476
cb_rnn,3,5,next_parity,17,,
cb_rnn,3,5,next_parity,18,,
cb_rnn,3,5,next_parity,19,,
cb_rnn,3,6,incoming_bit,0,1.0,1.0
cb_rnn,3,6,incoming_bit,1,1.0,1.0
cb_rnn,3,6,incoming_bit,2,1.0,1.0
cb_rnn,3,6,incoming_bit,3,1.0,1.0
cb_rnn,3,6,incoming_bit,4,1.0,1.0
cb_rnn,3,6,incoming_bit,5,1.0,1.0
cb_rnn,3,6,incoming_bit,6,0.9999999999999999,1.0
cb_rnn,3,6,incoming_bit,7,1.0,0.9999999999999999
cb_rnn,3,6,incoming_bit,8,1.0,1.0
cb_rnn,3,6,incoming_bit,9,1.0,1.0
cb_rnn,3,6,incoming_bit,10,1.0,1.0
cb_rnn,3,6,incoming_bit,11,1.0,1.0
cb_rnn,3,6,incoming_bit,12,1.0,1.0
cb_rnn,3,6,incoming_bit,13,1.0,1.0
cb_rnn,3,6,incoming_bit,14,1.0,1.0
cb_rnn,3,6,incoming_bit,15,1.0,1.0
cb_rnn,3,6,incoming_bit,16,1.0,1.0
cb_rnn,3,6,incoming_bit,17,0.9999999999999999,1.0
cb_rnn,3,6,incoming_bit,18,1.0,1.0
cb_rnn,3,6,incoming_bit,19,1.0,1.0
cb_rnn,3,6,outgoing_bit,0,0.9507523939808482,0.9333105335157319
cb_rnn,3,6,outgoing_bit,1,0.8643666497547776,0.8296972771858617
cb_rnn,3,6,outgoing_bit,2,0.9493563685636857,0.9010840108401084
cb_rnn,3,6,outgoing_bit,3,0.9126328217237308,0.8579861696744813
cb_rnn,3,6,outgoing_bit,4,0.8517857142857143,0.7941964285714286
cb_rnn,3,6,outgoing_bit,5,0.7414965986394558,0.6306122448979592
cb_rnn,3,6,outgoing_bit,6,0.8576388888888888,0.7277777777777779
cb_rnn,3,6,outgoing_bit,7,0.875,0.8189189189189189
cb_rnn,3,6,outgoing_bit,8,0.8836565096952909,0.7617728531855956
cb_rnn,3,6,outgoing_bit,9,0.8083333333333333,0.8027777777777779
cb_rnn,3,6,outgoing_bit,10,0.8487394957983193,0.7450980392156863
cb_rnn,3,6,outgoing_bit,11,0.9362880886426593,0.8504155124653741
cb_rnn,3,6,outgoing_bit,12,0.8028985507246377,0.6434782608695653
cb_rnn,3,6,outgoing_bit,13,0.8295454545454545,0.5
cb_rnn,3,6,outgoing_bit,14,,
cb_rnn,3,6,outgoing_bit,15,,
cb_rnn,3,6,outgoing_bit,16,,
cb_rnn,3,6,outgoing_bit,17,,
cb_rnn,3,6,outgoing_bit,18,,
cb_rnn,3,6,outgoing_bit,19,,
cb_rnn,3,6,next_parity,0,,
cb_rnn,3,6,next_parity,1,0.5284863945578231,0.5475340136054422
cb_rnn,3,6,next_parity,2,0.4693894808050059,0.508794182310164
cb_rnn,3,6,next_parity,3,0.47169325784868765,0.4511923142906159
cb_rnn,3,6,next_parity,4,0.4875275750890888,0.5285932462243339
cb_rnn,3,6,next_parity,5,0.4240766073871408,0.3991108071135431
cb_rnn,3,6,next_parity,6,0.544880174291939,0.4516339869281046
cb_rnn,3,6,next_parity,7,0.6009475218658892,0.5900145772594751
cb_rnn,3,6,next_parity,8,0.45816326530612245,0.38061224489795914
cb_rnn,3,6,next_parity,9,0.5177083333333333,0.5086805555555556
cb_rnn,3,6,next_parity,10,0.47916666666666663,0.5
cb_rnn,3,6,next_parity,11,0.4166666666666667,0.33611111111111114
cb_rnn,3,6,next_parity,12,0.37950138504155123,0.5041551246537396
cb_rnn,3,6,next_parity,13,0.7625,0.7041666666666667
cb_rnn,3,6,next_parity,14,0.5724431818181819,0.5667613636363636
cb_rnn,3,6,next_parity,15,0.7277777777777777,0.5944444444444444
cb_rnn,3,6,next_parity,16,,
cb_rnn,3,6,next_parity,17,,
cb_rnn,3,6,next_parity,18,,
cb_rnn,3,6,next_parity,19,,
cb_rnn,3,7,incoming_bit,0,1.0,1.0
cb_rnn,3,7,incoming_bit,1,1.0,1.0
cb_rnn,3,7,incoming_bit,2,1.0,1.0
cb_rnn,3,7,incoming_bit,3,1.0,1.0
cb_rnn,3,7,incoming_bit,4,1.0,1.0
cb_rnn,3,7,incoming_bit,5,1.0,1.0
cb_rnn,3,7,incoming_bit,6,1.0,1.0
cb_rnn,3,7,incoming_bit,7,1.0,1.0
cb_rnn,3,7,incoming_bit,8,1.0,1.0
cb_rnn,3,7,incoming_bit,9,1.0,1.0
cb_rnn,3,7,incoming_bit,10,1.0,1.0
cb_rnn,3,7,incoming_bit,11,1.0,1.0
cb_rnn,3,7,incoming_bit,12,1.0,1.0
cb_rnn,3,7,incoming_bit,13,1.0,1.0
cb_rnn,3,7,incoming_bit,14,1.0,1.0
cb_rnn,3,7,incoming_bit,15,1.0,1.0
cb_rnn,3,7,incoming_bit,16,1.0,1.0
cb_rnn,3,7,incoming_bit,17,1.0,1.0
cb_rnn,3,7,incoming_bit,18,1.0,1.0
cb_rnn,3,7,incoming_bit,19,1.0,1.0
cb_rnn,3,7,incoming_bit,20,1.0,1.0
cb_rnn,3,7,outgoing_bit,0,0.8267006802721087,0.8498299319727891
cb_rnn,3,7,outgoing_bit,1,0.9257865937072502,0.8570451436388509
cb_rnn,3,7,outgoing_bit,2,0.8847143592382913,0.8258706467661692
cb_rnn,3,7,outgoing_bit,3,0.8949055330634278,0.8181511470985156
cb_rnn,3,7,outgoing_bit,4,0.9157525230364194,0.8113207547169812
cb_rnn,3,7,outgoing_bit,5,0.9095816464237516,0.8211875843454791
cb_rnn,3,7,outgoing_bit,6,0.8777027027027027,0.7452702702702703
cb_rnn,3,7,outgoing_bit,7,0.8701388888888889,0.75
cb_rnn,3,7,outgoing_bit,8,0.7700831024930748,0.8365650969529086
cb_rnn,3,7,outgoing_bit,9,0.8444444444444444,0.7805555555555556
cb_rnn,3,7,outgoing_bit,10,0.8833333333333333,0.7888888888888889
cb_rnn,3,7,outgoing_bit,11,0.9305555555555556,0.7472222222222222
cb_rnn,3,7,outgoing_bit,12,0.8027777777777778,0.6166666666666667
cb_rnn,3,7,outgoing_bit,13,0.7738095238095238,0.38095238095238093
cb_rnn,3,7,outgoing_bit,14,,
cb_rnn,3,7,outgoing_bit,15,,
cb_rnn,3,7,outgoing_bit,16,,
cb_rnn,3,7,outgoing_bit,17,,
cb_rnn,3,7,outgoing_bit,18,,
cb_rnn,3,7,outgoing_bit,19,,
cb_rnn,3,7,outgoing_bit,20,,
cb_rnn,3,7,next_parity,0,,
cb_rnn,3,7,next_parity,1,0.40813577586206895,0.452496408045977
cb_rnn,3,7,next_parity,2,0.5174987133299022,0.49416709555669924
cb_rnn,3,7,next_parity,3,0.5575410396716827,0.5770348837209301
cb_rnn,3,7,next_parity,4,0.5235920852359208,0.532555386436665
cb_rnn,3,7,next_parity,5,0.5155826558265583,0.5511517615176152
cb_rnn,3,7,next_parity,6,0.46862745098039216,0.43202614379084964
cb_rnn,3,7,next_parity,7,0.5826530612244898,0.5704081632653061
cb_rnn,3,7,next_parity,8,0.5489583333333333,0.503125
cb_rnn,3,7,next_parity,9,0.43326558265582665,0.5477642276422765
cb_rnn,3,7,next_parity,10,0.4542936288088642,0.3822714681440443
cb_rnn,3,7,next_parity,11,0.4593837535014006,0.5686274509803921
cb_rnn,3,7,next_parity,12,0.45217391304347826,0.3159420289855073
cb_rnn,3,7,next_parity,13,0.7268907563025211,0.7128851540616247
cb_rnn,3,7,next_parity,14,0.5492753623188407,0.6304347826086956
cb_rnn,3,7,next_parity,15,0.6166666666666667,0.5666666666666667
cb_rnn,3,7,next_parity,16,,
cb_rnn,3,7,next_parity,17,,
cb_rnn,3,7,next_parity,18,,
cb_rnn,3,7,next_parity,19,,
cb_rnn,3,7,next_parity,20,,
cb_rnn,3,8,incoming_bit,0,1.0,1.0
cb_rnn,3,8,incoming_bit,1,1.0,1.0
cb_rnn,3,8,incoming_bit,2,1.0,1.0
cb_rnn,3,8,incoming_bit,3,1.0,1.0
cb_rnn,3,8,incoming_bit,4,1.0,1.0
cb_rnn,3,8,incoming_bit,5,1.0,1.0
cb_rnn,3,8,incoming_bit,6,1.0,1.0
cb_rnn,3,8,incoming_bit,7,1.0,0.9999999999999999
cb_rnn,3,8,incoming_bit,8,1.0,1.0
cb_rnn,3,8,incoming_bit,9,1.0,1.0
cb_rnn,3,8,incoming_bit,10,1.0,1.0
cb_rnn,3,8,incoming_bit,11,1.0,1.0
cb_rnn,3,8,incoming_bit,12,1.0,1.0
cb_rnn,3,8,incoming_bit,13,1.0,1.0
cb_rnn,3,8,incoming_bit,14,1.0,1.0
cb_rnn,3,8,incoming_bit,15,1.0,1.0
cb_rnn,3,8,incoming_bit,16,1.0,1.0
cb_rnn,3,8,incoming_bit,17,1.0,1.0
cb_rnn,3,8,incoming_bit,18,1.0,1.0
cb_rnn,3,8,incoming_bit,19,1.0,1.0
cb_rnn,3,8,incoming_bit,20,1.0,1.0
cb_rnn,3,8,incoming_bit,21,1.0,1.0
cb_rnn,3,8,outgoing_bit,0,0.8292847503373818,0.8275978407557355
cb_rnn,3,8,outgoing_bit,1,0.879054054054054,0.8266891891891892
cb_rnn,3,8,outgoing_bit,2,0.8930499325236168,0.8309716599190283
cb_rnn,3,8,outgoing_bit,3,0.8848639455782313,0.83078231292517
cb_rnn,3,8,outgoing_bit,4,0.8335582546108862,0.7782276203328835
cb_rnn,3,8,outgoing_bit,5,0.8445945945945946,0.8155405405405405
cb_rnn,3,8,outgoing_bit,6,0.9076607387140903,0.844733242134063
cb_rnn,3,8,outgoing_bit,7,0.8262653898768809,0.8331053351573187
cb_rnn,3,8,outgoing_bit,8,0.7652173913043478,0.6956521739130435
cb_rnn,3,8,outgoing_bit,9,0.6805555555555556,0.6777777777777778
cb_rnn,3,8,outgoing_bit,10,0.7927170868347339,0.6946778711484594
cb_rnn,3,8,outgoing_bit,11,0.9478260869565217,0.9014492753623189
cb_rnn,3,8,outgoing_bit,12,0.7955182072829131,0.6526610644257703
cb_rnn,3,8,outgoing_bit,13,0.8222222222222223,0.6111111111111112
cb_rnn,3,8,outgoing_bit,14,,
cb_rnn,3,8,outgoing_bit,15,,
cb_rnn,3,8,outgoing_bit,16,,
cb_rnn,3,8,outgoing_bit,17,,
cb_rnn,3,8,outgoing_bit,18,,
cb_rnn,3,8,outgoing_bit,19,,
cb_rnn,3,8,outgoing_bit,20,,
cb_rnn,3,8,outgoing_bit,21,,
cb_rnn,3,8,next_parity,0,,
cb_rnn,3,8,next_parity,1,0.5303571428571429,0.5334183673469388
cb_rnn,3,8,next_parity,2,0.5091836734693879,0.48639455782312924
cb_rnn,3,8,next_parity,3,0.5772804054054055,0.5086993243243243
cb_rnn,3,8,next_parity,4,0.48052168021680214,0.4939024390243903
cb_rnn,3,8,next_parity,5,0.502891156462585,0.4459183673469388
cb_rnn,3,8,next_parity,6,0.44973544973544977,0.4462081128747795
cb_rnn,3,8,next_parity,7,0.4548611111111111,0.37569444444444444
cb_rnn,3,8,next_parity,8,0.5400136798905609,0.5379616963064295
cb_rnn,3,8,next_parity,9,0.5260135135135136,0.533445945945946
cb_rnn,3,8,next_parity,10,0.6786703601108034,0.5900277008310248
cb_rnn,3,8,next_parity,11,0.453781512605042,0.49859943977591037
cb_rnn,3,8,next_parity,12,0.49722222222222223,0.5861111111111111
cb_rnn,3,8,next_parity,13,0.5938375350140056,0.6190476190476191
cb_rnn,3,8,next_parity,14,0.6000000000000001,0.5971014492753624
cb_rnn,3,8,next_parity,15,0.5681818181818181,0.5909090909090909
cb_rnn,3,8,next_parity,16,,
cb_rnn,3,8,next_parity,17,,
cb_rnn,3,8,next_parity,18,,
cb_rnn,3,8,next_parity,19,,
cb_rnn,3,8,next_parity,20,,
cb_rnn,3,8,next_parity,21,,
cb_rnn,3,9,incoming_bit,0,1.0,1.0
cb_rnn,3,9,incoming_bit,1,1.0,1.0
cb_rnn,3,9,incoming_bit,2,1.0,1.0
cb_rnn,3,9,incoming_bit,3,1.0,1.0
cb_rnn,3,9,incoming_bit,4,1.0,1.0
cb_rnn,3,9,incoming_bit,5,1.0,1.0
cb_rnn,3,9,incoming_bit,6,1.0,1.0
cb_rnn,3,9,incoming_bit,7,1.0,1.0
cb_rnn,3,9,incoming_bit,8,1.0,1.0
cb_rnn,3,9,incoming_bit,9,1.0,1.0
cb_rnn,3,9,incoming_bit,10,1.0,1.0
cb_rnn,3,9,incoming_bit,11,1.0,1.0
cb_rnn,3,9,incoming_bit,12,1.0,1.0
cb_rnn,3,9,incoming_bit,13,0.9999999999999999,1.0
cb_rnn,3,9,incoming_bit,14,1.0,1.0
cb_rnn,3,9,incoming_bit,15,1.0,1.0
cb_rnn,3,9,incoming_bit,16,1.0,1.0
cb_rnn,3,9,incoming_bit,17,1.0,1.0
cb_rnn,3,9,incoming_bit,18,1.0,1.0
cb_rnn,3,9,incoming_bit,19,1.0,1.0
cb_rnn,3,9,incoming_bit,20,1.0,1.0
cb_rnn,3,9,incoming_bit,21,1.0,1.0
cb_rnn,3,9,incoming_bit,22,1.0,1.0
cb_rnn,3,9,outgoing_bit,0,0.8234797297297297,0.79375
cb_rnn,3,9,outgoing_bit,1,0.8849991544055471,0.8116015558937933
cb_rnn,3,9,outgoing_bit,2,0.8562025316455696,0.7149367088607596
cb_rnn,3,9,outgoing_bit,3,0.8270829798065501,0.8133378584761582
cb_rnn,3,9,outgoing_bit,4,0.8416851441241685,0.6988913525498892
cb_rnn,3,9,outgoing_bit,5,0.6937669376693767,0.6571815718157182
cb_rnn,3,9,outgoing_bit,6,0.8444444444444444,0.6902777777777778
cb_rnn,3,9,outgoing_bit,7,0.7820512820512822,0.7294197031039136
cb_rnn,3,9,outgoing_bit,8,0.7159420289855072,0.6434782608695653
cb_rnn,3,9,outgoing_bit,9,0.9131652661064426,0.742296918767507
cb_rnn,3,9,outgoing_bit,10,0.6974789915966386,0.7591036414565826
cb_rnn,3,9,outgoing_bit,11,0.7739130434782608,0.672463768115942
cb_rnn,3,9,outgoing_bit,12,0.681159420289855,0.4318840579710145
cb_rnn,3,9,outgoing_bit,13,0.8666666666666667,0.6555555555555556
cb_rnn,3,9,outgoing_bit,14,,
cb_rnn,3,9,outgoing_bit,15,,
cb_rnn,3,9,outgoing_bit,16,,
cb_rnn,3,9,outgoing_bit,17,,
cb_rnn,3,9,outgoing_bit,18,,
cb_rnn,3,9,outgoing_bit,19,,
cb_rnn,3,9,outgoing_bit,20,,
cb_rnn,3,9,outgoing_bit,21,,
cb_rnn,3,9,outgoing_bit,22,,
cb_rnn,3,9,next_parity,0,,
cb_rnn,3,9,next_parity,1,0.5112244897959184,0.5870748299319728
cb_rnn,3,9,next_parity,2,0.4985624894300693,0.5352612886859462
cb_rnn,3,9,next_parity,3,0.43386824324324325,0.46883445945945945
cb_rnn,3,9,next_parity,4,0.4800610894281351,0.5219752248430342
cb_rnn,3,9,next_parity,5,0.44804421768707475,0.45348639455782314
cb_rnn,3,9,next_parity,6,0.5379084967320261,0.45729847494553383
cb_rnn,3,9,next_parity,7,0.5554035567715458,0.5834473324213406
cb_rnn,3,9,next_parity,8,0.43127629733520334,0.46844319775596066
cb_rnn,3,9,next_parity,9,0.5205198358413132,0.5656634746922025
cb_rnn,3,9,next_parity,10,0.5384615384615385,0.3753846153846154
cb_rnn,3,9,next_parity,11,0.49859943977591037,0.5154061624649859
cb_rnn,3,9,next_parity,12,0.5227272727272727,0.5767045454545454
cb_rnn,3,9,next_parity,13,0.525,0.6777777777777778
cb_rnn,3,9,next_parity,14,0.45507246376811594,0.4695652173913043
cb_rnn,3,9,next_parity,15,0.45,0.5277777777777778
cb_rnn,3,9,next_parity,16,,
cb_rnn,3,9,next_parity,17,,
cb_rnn,3,9,next_parity,18,,
cb_rnn,3,9,next_parity,19,,
cb_rnn,3,9,next_parity,20,,
cb_rnn,3,9,next_parity,21,,
cb_rnn,3,9,next_parity,22,,
cb_rnn,3,10,incoming_bit,0,1.0,1.0
cb_rnn,3,10,incoming_bit,1,1.0,1.0
cb_rnn,3,10,incoming_bit,2,1.0,1.0
cb_rnn,3,10,incoming_bit,3,1.0,1.0
cb_rnn,3,10,incoming_bit,4,1.0,1.0
cb_rnn,3,10,incoming_bit,5,1.0,1.0
cb_rnn,3,10,incoming_bit,6,1.0,1.0
cb_rnn,3,10,incoming_bit,7,1.0,1.0
cb_rnn,3,10,incoming_bit,8,1.0,1.0
cb_rnn,3,10,incoming_bit,9,1.0,1.0
cb_rnn,3,10,incoming_bit,10,1.0,1.0
cb_rnn,3,10,incoming_bit,11,1.0,1.0
cb_rnn,3,10,incoming_bit,12,1.0,1.0
cb_rnn,3,10,incoming_bit,13,1.0,1.0
cb_rnn,3,10,incoming_bit,14,1.0,1.0
cb_rnn,3,10,incoming_bit,15,1.0,1.0
cb_rnn,3,10,incoming_bit,16,1.0,1.0
cb_rnn,3,10,incoming_bit,17,1.0,1.0
cb_rnn,3,10,incoming_bit,18,1.0,1.0
cb_rnn,3,10,incoming_bit,19,1.0,1.0
cb_rnn,3,10,incoming_bit,20,1.0,1.0
cb_rnn,3,10,incoming_bit,21,1.0,1.0
cb_rnn,3,10,incoming_bit,22,1.0,1.0
cb_rnn,3,10,incoming_bit,23,1.0,1.0
cb_rnn,3,10,incoming_bit,24,1.0,1.0
cb_rnn,3,10,incoming_bit,25,1.0,1.0
cb_rnn,3,10,incoming_bit,26,1.0,1.0
cb_rnn,3,10,incoming_bit,27,1.0,1.0
cb_rnn,3,10,incoming_bit,28,1.0,1.0
cb_rnn,3,10,incoming_bit,29,1.0,1.0
cb_rnn,3,10,incoming_bit,30,1.0,1.0
cb_rnn,3,10,incoming_bit,31,1.0,1.0
cb_rnn,3,10,incoming_bit,32,1.0,1.0
cb_rnn,3,10,incoming_bit,33,1.0,1.0
cb_rnn,3,10,incoming_bit,34,1.0,1.0
cb_rnn,3,10,incoming_bit,35,0.9166666666666665,1.0
cb_rnn,3,10,incoming_bit,36,1.0,1.0
cb_rnn,3,10,incoming_bit,37,1.0,1.0
cb_rnn,3,10,incoming_bit,38,1.0,1.0
cb_rnn,3,10,incoming_bit,39,1.0,1.0
cb_rnn,3,10,incoming_bit,40,1.0,1.0
cb_rnn,3,10,outgoing_bit,0,0.7999321228576277,0.6947225521805531
cb_rnn,3,10,outgoing_bit,1,0.8783667867558758,0.7682278263853148
cb_rnn,3,10,outgoing_bit,2,0.8398444106206664,0.7365127684762388
cb_rnn,3,10,outgoing_bit,3,0.8308811094199222,0.6801961779130729
cb_rnn,3,10,outgoing_bit,4,0.8260473588342441,0.6338797814207651
cb_rnn,3,10,outgoing_bit,5,0.8107210626185959,0.6949715370018975
cb_rnn,3,10,outgoing_bit,6,0.8041958041958042,0.7128496503496503
cb_rnn,3,10,outgoing_bit,7,0.7952069716775599,0.6893246187363835
cb_rnn,3,10,outgoing_bit,8,0.8593939393939394,0.7793939393939394
cb_rnn,3,10,outgoing_bit,9,0.879021879021879,0.7104247104247104
cb_rnn,3,10,outgoing_bit,10,0.7488095238095238,0.6202380952380953
cb_rnn,3,10,outgoing_bit,11,0.7515151515151515,0.7333333333333334
cb_rnn,3,10,outgoing_bit,12,0.78125,0.6454326923076923
cb_rnn,3,10,outgoing_bit,13,0.6750700280112045,0.5798319327731092
cb_rnn,3,10,outgoing_bit,14,0.5777777777777778,0.4777777777777778
cb_rnn,3,10,outgoing_bit,15,0.7555555555555555,0.6555555555555556
cb_rnn,3,10,outgoing_bit,16,0.9,0.5
cb_rnn,3,10,outgoing_bit,17,0.6190476190476191,0.5714285714285714
cb_rnn,3,10,outgoing_bit,18,0.8863636363636364,0.7613636363636365
cb_rnn,3,10,outgoing_bit,19,0.8,0.6888888888888889
cb_rnn,3,10,outgoing_bit,20,0.8666666666666667,0.5555555555555556
cb_rnn,3,10,outgoing_bit,21,0.6022727272727273,0.5795454545454546
cb_rnn,3,10,outgoing_bit,22,0.7386363636363635,0.8636363636363636
cb_rnn,3,10,outgoing_bit,23,0.9111111111111112,0.7444444444444445
cb_rnn,3,10,outgoing_bit,24,0.8666666666666667,0.6666666666666666
cb_rnn,3,10,outgoing_bit,25,0.7045454545454546,0.5340909090909092
cb_rnn,3,10,outgoing_bit,26,0.6333333333333333,0.7999999999999999
cb_rnn,3,10,outgoing_bit,27,0.5340909090909091,0.5568181818181818
cb_rnn,3,10,outgoing_bit,28,0.8166666666666667,0.75
cb_rnn,3,10,outgoing_bit,29,0.8295454545454546,0.8409090909090908
cb_rnn,3,10,outgoing_bit,30,0.6666666666666667,0.5222222222222223
cb_rnn,3,10,outgoing_bit,31,,
cb_rnn,3,10,outgoing_bit,32,,
cb_rnn,3,10,outgoing_bit,33,,
cb_rnn,3,10,outgoing_bit,34,,
cb_rnn,3,10,outgoing_bit,35,,
cb_rnn,3,10,outgoing_bit,36,,
cb_rnn,3,10,outgoing_bit,37,,
cb_rnn,3,10,outgoing_bit,38,,
cb_rnn,3,10,outgoing_bit,39,,
cb_rnn,3,10,outgoing_bit,40,,
cb_rnn,3,10,next_parity,0,,
cb_rnn,3,10,next_parity,1,0.44829931972789117,0.4829931972789116
cb_rnn,3,10,next_parity,2,0.4523648648648649,0.4903716216216216
cb_rnn,3,10,next_parity,3,0.43440082644628103,0.44283746556473824
cb_rnn,3,10,next_parity,4,0.4748012853035684,0.4303230170810079
cb_rnn,3,10,next_parity,5,0.5095557851239669,0.4585915977961432
cb_rnn,3,10,next_parity,6,0.47641509433962265,0.5041083384053561
cb_rnn,3,10,next_parity,7,0.486331569664903,0.5824514991181658
cb_rnn,3,10,next_parity,8,0.5599647266313934,0.5074955908289243
cb_rnn,3,10,next_parity,9,0.4869565217391304,0.47043478260869565
cb_rnn,3,10,next_parity,10,0.4122596153846154,0.47836538461538464
cb_rnn,3,10,next_parity,11,0.361474435196195,0.34244946492271106
cb_rnn,3,10,next_parity,12,0.5719381688466112,0.5766944114149821
cb_rnn,3,10,next_parity,13,0.420343137254902,0.39828431372549017
cb_rnn,3,10,next_parity,14,0.5721153846153846,0.515625
cb_rnn,3,10,next_parity,15,0.41316526610644255,0.42997198879551823
cb_rnn,3,10,next_parity,16,0.4444444444444444,0.5111111111111111
cb_rnn,3,10,next_parity,17,0.5333333333333333,0.47777777777777775
cb_rnn,3,10,next_parity,18,0.5222222222222221,0.5222222222222221
cb_rnn,3,10,next_parity,19,0.2777777777777778,0.4
cb_rnn,3,10,next_parity,20,0.38636363636363635,0.38636363636363635
cb_rnn,3,10,next_parity,21,0.48809523809523814,0.3928571428571429
cb_rnn,3,10,next_parity,22,0.43333333333333335,0.4666666666666667
cb_rnn,3,10,next_parity,23,0.5666666666666667,0.6333333333333333
cb_rnn,3,10,next_parity,24,0.6777777777777777,0.6777777777777778
cb_rnn,3,10,next_parity,25,0.6428571428571428,0.4404761904761905
cb_rnn,3,10,next_parity,26,0.5555555555555556,0.45555555555555555
cb_rnn,3,10,next_parity,27,0.5777777777777778,0.5333333333333333
cb_rnn,3,10,next_parity,28,0.38888888888888884,0.44444444444444453
cb_rnn,3,10,next_parity,29,0.45454545454545453,0.5113636363636364
cb_rnn,3,10,next_parity,30,0.717948717948718,0.6923076923076923
cb_rnn,3,10,next_parity,31,0.3522727272727273,0.3522727272727273
cb_rnn,3,10,next_parity,32,0.48863636363636365,0.4545454545454546
cb_rnn,3,10,next_parity,33,,
cb_rnn,3,10,next_parity,34,,
cb_rnn,3,10,next_parity,35,,
cb_rnn,3,10,next_parity,36,,
cb_rnn,3,10,next_parity,37,,
cb_rnn,3,10,next_parity,38,,
cb_rnn,3,10,next_parity,39,,
cb_rnn,3,10,next_parity,40,,
cb_rnn,3,11,incoming_bit,0,1.0,1.0
cb_rnn,3,11,incoming_bit,1,1.0,1.0
cb_rnn,3,11,incoming_bit,2,1.0,1.0
cb_rnn,3,11,incoming_bit,3,1.0,1.0
cb_rnn,3,11,incoming_bit,4,1.0,1.0
cb_rnn,3,11,incoming_bit,5,1.0,1.0
cb_rnn,3,11,incoming_bit,6,1.0,1.0
cb_rnn,3,11,incoming_bit,7,1.0,1.0
cb_rnn,3,11,incoming_bit,8,1.0,1.0
cb_rnn,3,11,incoming_bit,9,1.0,1.0
cb_rnn,3,11,incoming_bit,10,1.0,1.0
cb_rnn,3,11,incoming_bit,11,1.0,1.0
cb_rnn,3,11,incoming_bit,12,1.0,1.0
cb_rnn,3,11,incoming_bit,13,1.0,1.0
cb_rnn,3,11,incoming_bit,14,1.0,1.0
cb_rnn,3,11,incoming_bit,15,1.0,1.0
cb_rnn,3,11,incoming_bit,16,1.0,1.0
cb_rnn,3,11,incoming_bit,17,1.0,1.0
cb_rnn,3,11,incoming_bit,18,1.0,1.0
cb_rnn,3,11,incoming_bit,19,1.0,1.0
cb_rnn,3,11,incoming_bit,20,1.0,1.0
cb_rnn,3,11,incoming_bit,21,1.0,1.0
cb_rnn,3,11,incoming_bit,22,1.0,1.0
cb_rnn,3,11,incoming_bit,23,1.0,1.0
cb_rnn,3,11,incoming_bit,24,1.0,1.0
cb_rnn,3,11,incoming_bit,25,1.0,1.0
cb_rnn,3,11,incoming_bit,26,1.0,1.0
cb_rnn,3,11,incoming_bit,27,1.0,1.0
cb_rnn,3,11,incoming_bit,28,1.0,1.0
cb_rnn,3,11,incoming_bit,29,1.0,1.0
cb_rnn,3,11,incoming_bit,30,1.0,1.0
cb_rnn,3,11,incoming_bit,31,1.0,1.0
cb_rnn,3,11,incoming_bit,32,1.0,1.0
cb_rnn,3,11,incoming_bit,33,1.0,1.0
cb_rnn,3,11,incoming_bit,34,1.0,1.0
cb_rnn,3,11,incoming_bit,35,1.0,1.0
cb_rnn,3,11,incoming_bit,36,1.0,1.0
cb_rnn,3,11,incoming_bit,37,1.0,1.0
cb_rnn,3,11,incoming_bit,38,1.0,1.0
cb_rnn,3,11,incoming_bit,39,1.0,1.0
cb_rnn,3,11,incoming_bit,40,1.0,1.0
cb_rnn,3,11,incoming_bit,41,1.0,1.0
cb_rnn,3,11,incoming_bit,42,1.0,1.0
cb_rnn,3,11,incoming_bit,43,1.0,1.0
cb_rnn,3,11,outgoing_bit,0,0.835641891891892,0.7841216216216217
cb_rnn,3,11,outgoing_bit,1,0.8393008654335652,0.7434244018326829
cb_rnn,3,11,outgoing_bit,2,0.8228473998294971,0.6789428815004264
cb_rnn,3,11,outgoing_bit,3,0.7914972899728997,0.6834349593495934
cb_rnn,3,11,outgoing_bit,4,0.8264260249554368,0.6666666666666666
cb_rnn,3,11,outgoing_bit,5,0.836789297658863,0.7083612040133779
cb_rnn,3,11,outgoing_bit,6,0.8120519713261649,0.7215501792114696
cb_rnn,3,11,outgoing_bit,7,0.8180192264699306,0.6610775765705343
cb_rnn,3,11,outgoing_bit,8,0.836976320582878,0.730722525804493
cb_rnn,3,11,outgoing_bit,9,0.8075060532687652,0.7778450363196125
cb_rnn,3,11,outgoing_bit,10,0.8056592039800995,0.646455223880597
cb_rnn,3,11,outgoing_bit,11,0.8645104895104895,0.701486013986014
cb_rnn,3,11,outgoing_bit,12,0.6986539296569692,0.6647850629613548
cb_rnn,3,11,outgoing_bit,13,0.7826086956521738,0.6619915848527349
cb_rnn,3,11,outgoing_bit,14,0.8149509803921569,0.6556372549019608
cb_rnn,3,11,outgoing_bit,15,0.8136200716845878,0.7156511350059738
cb_rnn,3,11,outgoing_bit,16,0.8545673076923077,0.6814903846153847
cb_rnn,3,11,outgoing_bit,17,0.7598097502972652,0.7241379310344828
cb_rnn,3,11,outgoing_bit,18,0.6862745098039216,0.6974789915966386
cb_rnn,3,11,outgoing_bit,19,0.8919667590027701,0.6592797783933518
cb_rnn,3,11,outgoing_bit,20,0.8173076923076923,0.6891025641025641
cb_rnn,3,11,outgoing_bit,21,0.7916666666666667,0.6964285714285715
cb_rnn,3,11,outgoing_bit,22,0.6444444444444444,0.5333333333333333
cb_rnn,3,11,outgoing_bit,23,0.7272727272727273,0.7045454545454545
cb_rnn,3,11,outgoing_bit,24,0.5777777777777778,0.5111111111111111
cb_rnn,3,11,outgoing_bit,25,0.6704545454545455,0.6136363636363636
cb_rnn,3,11,outgoing_bit,26,0.7,0.5142857142857143
cb_rnn,3,11,outgoing_bit,27,0.5722222222222222,0.5444444444444445
cb_rnn,3,11,outgoing_bit,28,0.7159090909090908,0.44318181818181823
cb_rnn,3,11,outgoing_bit,29,0.4487179487179487,0.2948717948717948
cb_rnn,3,11,outgoing_bit,30,0.7261904761904763,0.7857142857142857
cb_rnn,3,11,outgoing_bit,31,0.4772727272727273,0.4545454545454546
cb_rnn,3,11,outgoing_bit,32,0.4111111111111111,0.31111111111111106
cb_rnn,3,11,outgoing_bit,33,,
cb_rnn,3,11,outgoing_bit,34,,
cb_rnn,3,11,outgoing_bit,35,,
cb_rnn,3,11,outgoing_bit,36,,
cb_rnn,3,11,outgoing_bit,37,,
cb_rnn,3,11,outgoing_bit,38,,
cb_rnn,3,11,outgoing_bit,39,,
cb_rnn,3,11,outgoing_bit,40,,
cb_rnn,3,11,outgoing_bit,41,,
cb_rnn,3,11,outgoing_bit,42,,
cb_rnn,3,11,outgoing_bit,43,,
cb_rnn,3,11,next_parity,0,,
cb_rnn,3,11,next_parity,1,0.502113986132251,0.5010992727887705
cb_rnn,3,11,next_parity,2,0.4481650600372062,0.4441062066632843
cb_rnn,3,11,next_parity,3,0.43078231292517005,0.44999999999999996
cb_rnn,3,11,next_parity,4,0.5188185654008439,0.49637130801687757
cb_rnn,3,11,next_parity,5,0.47493670886075945,0.5075105485232068
cb_rnn,3,11,next_parity,6,0.5551339285714285,0.5953125
cb_rnn,3,11,next_parity,7,0.5197368421052632,0.5580762250453721
cb_rnn,3,11,next_parity,8,0.518018018018018,0.47500000000000003
cb_rnn,3,11,next_parity,9,0.5534002229654403,0.4517279821627648
cb_rnn,3,11,next_parity,10,0.6606060606060606,0.5742424242424242
cb_rnn,3,11,next_parity,11,0.5232909860859045,0.5604960677555959
cb_rnn,3,11,next_parity,12,0.5396249243799153,0.4682395644283121
cb_rnn,3,11,next_parity,13,0.5320261437908498,0.5263616557734204
cb_rnn,3,11,next_parity,14,0.4147727272727273,0.464597902097902
cb_rnn,3,11,next_parity,15,0.5454545454545454,0.5440771349862259
cb_rnn,3,11,next_parity,16,0.39254658385093166,0.44223602484472047
cb_rnn,3,11,next_parity,17,0.6016646848989299,0.4530321046373365
cb_rnn,3,11,next_parity,18,0.5694444444444444,0.5176767676767677
cb_rnn,3,11,next_parity,19,0.43876337693222356,0.3507728894173603
cb_rnn,3,11,next_parity,20,0.5658263305322129,0.5070028011204483
cb_rnn,3,11,next_parity,21,0.6011080332409973,0.5540166204986149
cb_rnn,3,11,next_parity,22,0.296875,0.3536931818181818
cb_rnn,3,11,next_parity,23,0.4425770308123249,0.40896358543417366
cb_rnn,3,11,next_parity,24,0.47619047619047616,0.45535714285714285
cb_rnn,3,11,next_parity,25,0.46590909090909094,0.5340909090909092
cb_rnn,3,11,next_parity,26,0.4666666666666667,0.4444444444444445
cb_rnn,3,11,next_parity,27,0.5568181818181819,0.5795454545454546
cb_rnn,3,11,next_parity,28,0.48888888888888893,0.4666666666666666
cb_rnn,3,11,next_parity,29,0.5909090909090909,0.5340909090909091
cb_rnn,3,11,next_parity,30,0.5833333333333334,0.2976190476190476
cb_rnn,3,11,next_parity,31,0.28205128205128205,0.4871794871794872
cb_rnn,3,11,next_parity,32,0.7045454545454546,0.4886363636363636
cb_rnn,3,11,next_parity,33,0.5681818181818181,0.6590909090909091
cb_rnn,3,11,next_parity,34,0.4,0.22857142857142856
cb_rnn,3,11,next_parity,35,,
cb_rnn,3,11,next_parity,36,,
cb_rnn,3,11,next_parity,37,,
cb_rnn,3,11,next_parity,38,,
cb_rnn,3,11,next_parity,39,,
cb_rnn,3,11,next_parity,40,,
cb_rnn,3,11,next_parity,41,,
cb_rnn,3,11,next_parity,42,,
cb_rnn,3,11,next_parity,43,,
cb_rnn,3,12,incoming_bit,0,1.0,1.0
cb_rnn,3,12,incoming_bit,1,1.0,1.0
cb_rnn,3,12,incoming_bit,2,1.0,1.0
cb_rnn,3,12,incoming_bit,3,1.0,1.0
cb_rnn,3,12,incoming_bit,4,1.0,1.0
cb_rnn,3,12,incoming_bit,5,1.0,1.0
cb_rnn,3,12,incoming_bit,6,1.0,1.0
cb_rnn,3,12,incoming_bit,7,1.0,1.0
cb_rnn,3,12,incoming_bit,8,1.0,1.0
cb_rnn,3,12,incoming_bit,9,1.0,1.0
cb_rnn,3,12,incoming_bit,10,1.0,1.0
cb_rnn,3,12,incoming_bit,11,1.0,1.0
cb_rnn,3,12,incoming_bit,12,1.0,1.0
cb_rnn,3,12,incoming_bit,13,1.0,1.0
cb_rnn,3,12,incoming_bit,14,1.0,1.0
cb_rnn,3,12,incoming_bit,15,1.0,1.0
cb_rnn,3,12,incoming_bit,16,1.0,1.0
cb_rnn,3,12,incoming_bit,17,1.0,1.0
cb_rnn,3,12,incoming_bit,18,1.0,1.0
cb_rnn,3,12,incoming_bit,19,1.0,1.0
cb_rnn,3,12,incoming_bit,20,1.0,1.0
cb_rnn,3,12,incoming_bit,21,1.0,1.0
cb_rnn,3,12,incoming_bit,22,1.0,1.0
cb_rnn,3,12,incoming_bit,23,1.0,1.0
cb_rnn,3,12,incoming_bit,24,1.0,1.0
cb_rnn,3,12,incoming_bit,25,1.0,1.0
cb_rnn,3,12,incoming_bit,26,1.0,1.0
cb_rnn,3,12,incoming_bit,27,1.0,1.0
cb_rnn,3,12,incoming_bit,28,1.0,1.0
cb_rnn,3,12,incoming_bit,29,1.0,1.0
cb_rnn,3,12,incoming_bit,30,0.9784722222222222,1.0
cb_rnn,3,12,incoming_bit,31,1.0,1.0
cb_rnn,3,12,incoming_bit,32,1.0,1.0
cb_rnn,3,12,incoming_bit,33,1.0,1.0
cb_rnn,3,12,incoming_bit,34,1.0,1.0
cb_rnn,3,12,incoming_bit,35,1.0,1.0
cb_rnn,3,12,incoming_bit,36,1.0,1.0
cb_rnn,3,12,incoming_bit,37,1.0,1.0
cb_rnn,3,12,incoming_bit,38,1.0,1.0
cb_rnn,3,12,incoming_bit,39,1.0,1.0
cb_rnn,3,12,incoming_bit,40,1.0,1.0
cb_rnn,3,12,incoming_bit,41,1.0,1.0
cb_rnn,3,12,incoming_bit,42,1.0,0.9999999999999999
cb_rnn,3,12,incoming_bit,43,1.0,1.0
cb_rnn,3,12,incoming_bit,44,1.0,1.0
cb_rnn,3,12,incoming_bit,45,1.0,1.0
cb_rnn,3,12,incoming_bit,46,1.0,1.0
cb_rnn,3,12,incoming_bit,47,1.0,1.0
cb_rnn,3,12,incoming_bit,48,1.0,1.0
cb_rnn,3,12,outgoing_bit,0,0.762224517906336,0.6153581267217632
cb_rnn,3,12,outgoing_bit,1,0.8806479113384484,0.7387894288150043
cb_rnn,3,12,outgoing_bit,2,0.8198883815322172,0.7557923220023677
cb_rnn,3,12,outgoing_bit,3,0.7773279352226722,0.6562078272604589
cb_rnn,3,12,outgoing_bit,4,0.8401520232506148,0.7925329756315671
cb_rnn,3,12,outgoing_bit,5,0.7993311036789297,0.6474916387959866
cb_rnn,3,12,outgoing_bit,6,0.7945632798573976,0.678921568627451
cb_rnn,3,12,outgoing_bit,7,0.721516164994426,0.6461538461538462
cb_rnn,3,12,outgoing_bit,8,0.7432262129804663,0.7218021424070574
cb_rnn,3,12,outgoing_bit,9,0.8554473524041387,0.6570298234936092
cb_rnn,3,12,outgoing_bit,10,0.8424077434966728,0.7525710828796128
cb_rnn,3,12,outgoing_bit,11,0.7544019429265331,0.6256830601092895
cb_rnn,3,12,outgoing_bit,12,0.782781862745098,0.6452205882352942
cb_rnn,3,12,outgoing_bit,13,0.7573784722222222,0.7526041666666667
cb_rnn,3,12,outgoing_bit,14,0.7292517006802721,0.7081632653061225
cb_rnn,3,12,outgoing_bit,15,0.7414965986394558,0.6666666666666666
cb_rnn,3,12,outgoing_bit,16,0.8009446693657221,0.738191632928475
cb_rnn,3,12,outgoing_bit,17,0.734013605442177,0.6428571428571429
cb_rnn,3,12,outgoing_bit,18,0.7240215924426451,0.5910931174089069
cb_rnn,3,12,outgoing_bit,19,0.8184281842818429,0.6497289972899729
cb_rnn,3,12,outgoing_bit,20,0.8398648648648648,0.7331081081081081
cb_rnn,3,12,outgoing_bit,21,0.8510204081632653,0.7081632653061224
cb_rnn,3,12,outgoing_bit,22,0.6875843454790824,0.5850202429149798
cb_rnn,3,12,outgoing_bit,23,0.7242547425474255,0.6050135501355014
cb_rnn,3,12,outgoing_bit,24,0.7112010796221323,0.6025641025641025
cb_rnn,3,12,outgoing_bit,25,0.796831955922865,0.7141873278236914
cb_rnn,3,12,outgoing_bit,26,0.7435897435897436,0.5276653171390013
cb_rnn,3,12,outgoing_bit,27,0.8298898071625345,0.6866391184573003
cb_rnn,3,12,outgoing_bit,28,0.7891891891891892,0.6520270270270271
cb_rnn,3,12,outgoing_bit,29,0.6821862348178137,0.6403508771929824
cb_rnn,3,12,outgoing_bit,30,0.8414304993252362,0.7860998650472335
cb_rnn,3,12,outgoing_bit,31,0.7811653116531165,0.6802168021680217
cb_rnn,3,12,outgoing_bit,32,0.6436314363143631,0.4993224932249323
cb_rnn,3,12,outgoing_bit,33,0.7904411764705882,0.6139705882352942
cb_rnn,3,12,outgoing_bit,34,0.7347670250896057,0.6941457586618877
cb_rnn,3,12,outgoing_bit,35,0.6702380952380953,0.5666666666666667
cb_rnn,3,12,outgoing_bit,36,0.6111111111111112,0.47777777777777775
cb_rnn,3,12,outgoing_bit,37,,
cb_rnn,3,12,outgoing_bit,38,,
cb_rnn,3,12,outgoing_bit,39,,
cb_rnn,3,12,outgoing_bit,40,,
cb_rnn,3,12,outgoing_bit,41,,
cb_rnn,3,12,outgoing_bit,42,,
cb_rnn,3,12,outgoing_bit,43,,
cb_rnn,3,12,outgoing_bit,44,,
cb_rnn,3,12,outgoing_bit,45,,
cb_rnn,3,12,outgoing_bit,46,,
cb_rnn,3,12,outgoing_bit,47,,
cb_rnn,3,12,outgoing_bit,48,,
cb_rnn,3,12,next_parity,0,,
cb_rnn,3,12,next_parity,1,0.4293670886075949,0.49198312236286923
cb_rnn,3,12,next_parity,2,0.5487258953168044,0.5313360881542699
cb_rnn,3,12,next_parity,3,0.489091831557585,0.49991544055471
cb_rnn,3,12,next_parity,4,0.483468286099865,0.5161943319838057
cb_rnn,3,12,next_parity,5,0.5427364864864864,0.5182432432432433
cb_rnn,3,12,next_parity,6,0.46880570409982175,0.4342691622103387
cb_rnn,3,12,next_parity,7,0.5079152731326645,0.4882943143812709
cb_rnn,3,12,next_parity,8,0.4936284372904091,0.4831209479096803
cb_rnn,3,12,next_parity,9,0.5385133617785762,0.45317763305636644
cb_rnn,3,12,next_parity,10,0.5669506999391357,0.5219111381618989
cb_rnn,3,12,next_parity,11,0.5734669095324834,0.5267152398299939
cb_rnn,3,12,next_parity,12,0.5961655508216677,0.514607425441266
cb_rnn,3,12,next_parity,13,0.4911477411477412,0.4435286935286935
cb_rnn,3,12,next_parity,14,0.4539072039072039,0.4227716727716727
cb_rnn,3,12,next_parity,15,0.5301780286582718,0.5210594876248372
cb_rnn,3,12,next_parity,16,0.45348837209302323,0.48905608755129965
cb_rnn,3,12,next_parity,17,0.5303030303030303,0.4731404958677686
cb_rnn,3,12,next_parity,18,0.6033057851239669,0.5392561983471075
cb_rnn,3,12,next_parity,19,0.4340136054421769,0.5673469387755102
cb_rnn,3,12,next_parity,20,0.6580027359781121,0.606703146374829
cb_rnn,3,12,next_parity,21,0.5063113604488079,0.46633941093969145
cb_rnn,3,12,next_parity,22,0.4823848238482385,0.4383468834688347
cb_rnn,3,12,next_parity,23,0.41216216216216217,0.4878378378378379
cb_rnn,3,12,next_parity,24,0.39534883720930236,0.3878248974008209
cb_rnn,3,12,next_parity,25,0.5223577235772358,0.45731707317073167
cb_rnn,3,12,next_parity,26,0.4824324324324324,0.4364864864864865
cb_rnn,3,12,next_parity,27,0.44539007092198574,0.46737588652482265
cb_rnn,3,12,next_parity,28,0.6321138211382114,0.6537940379403795
cb_rnn,3,12,next_parity,29,0.5775510204081633,0.48231292517006796
cb_rnn,3,12,next_parity,30,0.38346883468834686,0.4722222222222222
cb_rnn,3,12,next_parity,31,0.5337837837837838,0.49864864864864866
cb_rnn,3,12,next_parity,32,0.5,0.6120107962213226
cb_rnn,3,12,next_parity,33,0.4451219512195122,0.43360433604336046
cb_rnn,3,12,next_parity,34,0.5040485829959513,0.5671390013495277
cb_rnn,3,12,next_parity,35,0.5710872162485066,0.5256869772998806
cb_rnn,3,12,next_parity,36,0.48677884615384615,0.39302884615384615
cb_rnn,3,12,next_parity,37,0.38948626045400236,0.34886499402628435
cb_rnn,3,12,next_parity,38,0.6888888888888889,0.7222222222222222
cb_rnn,3,12,next_parity,39,,
cb_rnn,3,12,next_parity,40,,
cb_rnn,3,12,next_parity,41,,
cb_rnn,3,12,next_parity,42,,
cb_rnn,3,12,next_parity,43,,
cb_rnn,3,12,next_parity,44,,
cb_rnn,3,12,next_parity,45,,
cb_rnn,3,12,next_parity,46,,
cb_rnn,3,12,next_parity,47,,
cb_rnn,3,12,next_parity,48,,
cb_rnn,3,13,incoming_bit,0,1.0,1.0
cb_rnn,3,13,incoming_bit,1,1.0,1.0
cb_rnn,3,13,incoming_bit,2,1.0,1.0
cb_rnn,3,13,incoming_bit,3,1.0,1.0
cb_rnn,3,13,incoming_bit,4,1.0,1.0
cb_rnn,3,13,incoming_bit,5,1.0,1.0
cb_rnn,3,13,incoming_bit,6,1.0,1.0
cb_rnn,3,13,incoming_bit,7,1.0,1.0
cb_rnn,3,13,incoming_bit,8,1.0,1.0
cb_rnn,3,13,incoming_bit,9,1.0,1.0
cb_rnn,3,13,incoming_bit,10,1.0,1.0
cb_rnn,3,13,incoming_bit,11,1.0,1.0
cb_rnn,3,13,incoming_bit,12,1.0,1.0
cb_rnn,3,13,incoming_bit,13,1.0,1.0
cb_rnn,3,13,incoming_bit,14,1.0,1.0
cb_rnn,3,13,incoming_bit,15,1.0,1.0
cb_rnn,3,13,incoming_bit,16,1.0,1.0
cb_rnn,3,13,incoming_bit,17,1.0,1.0
cb_rnn,3,13,incoming_bit,18,1.0,1.0
cb_rnn,3,13,incoming_bit,19,1.0,1.0
cb_rnn,3,13,incoming_bit,20,1.0,1.0
cb_rnn,3,13,incoming_bit,21,1.0,1.0
cb_rnn,3,13,incoming_bit,22,1.0,1.0
cb_rnn,3,13,incoming_bit,23,1.0,1.0
cb_rnn,3,13,incoming_bit,24,1.0,1.0
cb_rnn,3,13,incoming_bit,25,1.0,1.0
cb_rnn,3,13,incoming_bit,26,1.0,1.0
cb_rnn,3,13,incoming_bit,27,1.0,1.0
cb_rnn,3,13,incoming_bit,28,1.0,1.0
cb_rnn,3,13,incoming_bit,29,1.0,1.0
cb_rnn,3,13,incoming_bit,30,1.0,1.0
cb_rnn,3,13,incoming_bit,31,1.0,1.0
cb_rnn,3,13,incoming_bit,32,1.0,1.0
cb_rnn,3,13,incoming_bit,33,1.0,1.0
cb_rnn,3,13,incoming_bit,34,1.0,1.0
cb_rnn,3,13,incoming_bit,35,1.0,1.0
cb_rnn,3,13,incoming_bit,36,0.9807692307692307,1.0
cb_rnn,3,13,incoming_bit,37,1.0,1.0
cb_rnn,3,13,incoming_bit,38,1.0,1.0
cb_rnn,3,13,incoming_bit,39,1.0,1.0
cb_rnn,3,13,incoming_bit,40,1.0,1.0
cb_rnn,3,13,incoming_bit,41,1.0,1.0
cb_rnn,3,13,incoming_bit,42,1.0,1.0
cb_rnn,3,13,incoming_bit,43,1.0,1.0
cb_rnn,3,13,incoming_bit,44,1.0,1.0
cb_rnn,3,13,incoming_bit,45,1.0,1.0
cb_rnn,3,13,incoming_bit,46,1.0,1.0
cb_rnn,3,13,incoming_bit,47,1.0,1.0
cb_rnn,3,13,incoming_bit,48,1.0,1.0
cb_rnn,3,13,incoming_bit,49,1.0,1.0
cb_rnn,3,13,incoming_bit,50,1.0,1.0
cb_rnn,3,13,incoming_bit,51,1.0,1.0
cb_rnn,3,13,incoming_bit,52,1.0,1.0
cb_rnn,3,13,outgoing_bit,0,0.8149839337053949,0.6651445966514459
cb_rnn,3,13,outgoing_bit,1,0.7440476190476191,0.667687074829932
cb_rnn,3,13,outgoing_bit,2,0.8336707152496627,0.6307354925775979
cb_rnn,3,13,outgoing_bit,3,0.687668918918919,0.5785472972972973
cb_rnn,3,13,outgoing_bit,4,0.8481605351170569,0.703901895206243
cb_rnn,3,13,outgoing_bit,5,0.8311427934952105,0.6676319893071954
cb_rnn,3,13,outgoing_bit,6,0.7999108734402851,0.7346256684491979
cb_rnn,3,13,outgoing_bit,7,0.7800179211469533,0.6252240143369177
cb_rnn,3,13,outgoing_bit,8,0.7445520581113801,0.6643462469733656
cb_rnn,3,13,outgoing_bit,9,0.7775757575757576,0.5984848484848485
cb_rnn,3,13,outgoing_bit,10,0.7575757575757577,0.5887878787878789
cb_rnn,3,13,outgoing_bit,11,0.8484479610468655,0.6774193548387096
cb_rnn,3,13,outgoing_bit,12,0.8454766241651488,0.6700060716454159
cb_rnn,3,13,outgoing_bit,13,0.739090909090909,0.6042424242424242
cb_rnn,3,13,outgoing_bit,14,0.8073716542343132,0.6818780166739798
cb_rnn,3,13,outgoing_bit,15,0.7837603126356926,0.6773773339122884
cb_rnn,3,13,outgoing_bit,16,0.7941433566433567,0.6210664335664337
cb_rnn,3,13,outgoing_bit,17,0.7428696796840719,0.6494076349275999
cb_rnn,3,13,outgoing_bit,18,0.7266313932980599,0.6922398589065256
cb_rnn,3,13,outgoing_bit,19,0.7003907946157186,0.6131133304385584
cb_rnn,3,13,outgoing_bit,20,0.758695652173913,0.6378260869565218
cb_rnn,3,13,outgoing_bit,21,0.855199648968846,0.7112768758227292
cb_rnn,3,13,outgoing_bit,22,0.7324618736383443,0.6104575163398692
cb_rnn,3,13,outgoing_bit,23,0.7590099869735129,0.5788102475032566
cb_rnn,3,13,outgoing_bit,24,0.7696358051777096,0.7424308907415533
cb_rnn,3,13,outgoing_bit,25,0.7526086956521738,0.5508695652173913
cb_rnn,3,13,outgoing_bit,26,0.8200000000000001,0.6034782608695651
cb_rnn,3,13,outgoing_bit,27,0.8130718954248365,0.5529411764705882
cb_rnn,3,13,outgoing_bit,28,0.7873638344226579,0.6570806100217865
cb_rnn,3,13,outgoing_bit,29,0.7921960072595282,0.6379310344827586
cb_rnn,3,13,outgoing_bit,30,0.7812636165577341,0.6867102396514161
cb_rnn,3,13,outgoing_bit,31,0.8521739130434782,0.6817391304347825
cb_rnn,3,13,outgoing_bit,32,0.7596153846153847,0.6748251748251749
cb_rnn,3,13,outgoing_bit,33,0.7854251012145749,0.6484480431848854
cb_rnn,3,13,outgoing_bit,34,0.678374655647383,0.48071625344352614
cb_rnn,3,13,outgoing_bit,35,0.6662162162162162,0.5148648648648648
cb_rnn,3,13,outgoing_bit,36,0.5972222222222223,0.4583333333333333
cb_rnn,3,13,outgoing_bit,37,0.6111111111111112,0.42222222222222217
cb_rnn,3,13,outgoing_bit,38,0.43333333333333335,0.5666666666666667
cb_rnn,3,13,outgoing_bit,39,0.5222222222222223,0.3555555555555555
cb_rnn,3,13,outgoing_bit,40,,
cb_rnn,3,13,outgoing_bit,41,,
cb_rnn,3,13,outgoing_bit,42,,
cb_rnn,3,13,outgoing_bit,43,,
cb_rnn,3,13,outgoing_bit,44,,
cb_rnn,3,13,outgoing_bit,45,,
cb_rnn,3,13,outgoing_bit,46,,
cb_rnn,3,13,outgoing_bit,47,,
cb_rnn,3,13,outgoing_bit,48,,
cb_rnn,3,13,outgoing_bit,49,,
cb_rnn,3,13,outgoing_bit,50,,
cb_rnn,3,13,outgoing_bit,51,,
cb_rnn,3,13,outgoing_bit,52,,
cb_rnn,3,13,next_parity,0,,
cb_rnn,3,13,next_parity,1,0.48050632911392405,0.5437974683544303
cb_rnn,3,13,next_parity,2,0.424822695035461,0.43475177304964546
cb_rnn,3,13,next_parity,3,0.4389455782312926,0.4527210884353742
cb_rnn,3,13,next_parity,4,0.41880196843712875,0.5749193958934329
cb_rnn,3,13,next_parity,5,0.44854925775978405,0.4279689608636977
cb_rnn,3,13,next_parity,6,0.49331550802139035,0.4899732620320855
cb_rnn,3,13,next_parity,7,0.5558528428093646,0.5741360089186176
cb_rnn,3,13,next_parity,8,0.43677375256322626,0.4000911369332422
cb_rnn,3,13,next_parity,9,0.5587244554233101,0.49651920053896254
cb_rnn,3,13,next_parity,10,0.5272727272727273,0.4990909090909091
cb_rnn,3,13,next_parity,11,0.5245646766169154,0.47294776119402987
cb_rnn,3,13,next_parity,12,0.6419047619047619,0.6006349206349206
cb_rnn,3,13,next_parity,13,0.5109555690809495,0.49026171637248944
cb_rnn,3,13,next_parity,14,0.5801572897761644,0.6240169388989716
cb_rnn,3,13,next_parity,15,0.42941542288557216,0.4110696517412935
cb_rnn,3,13,next_parity,16,0.44113605130554284,0.5570316078790656
cb_rnn,3,13,next_parity,17,0.388695652173913,0.38521739130434784
cb_rnn,3,13,next_parity,18,0.529847494553377,0.6252723311546841
cb_rnn,3,13,next_parity,19,0.5673202614379085,0.5925925925925926
cb_rnn,3,13,next_parity,20,0.5480769230769231,0.5633741258741258
cb_rnn,3,13,next_parity,21,0.5857577073382544,0.550586191923578
cb_rnn,3,13,next_parity,22,0.5756521739130435,0.5334782608695652
cb_rnn,3,13,next_parity,23,0.5594405594405594,0.5996503496503497
cb_rnn,3,13,next_parity,24,0.4797178130511464,0.5141093474426808
cb_rnn,3,13,next_parity,25,0.5254988913525499,0.5516629711751663
cb_rnn,3,13,next_parity,26,0.47159090909090906,0.4348776223776224
cb_rnn,3,13,next_parity,27,0.48544973544973546,0.45987654320987653
cb_rnn,3,13,next_parity,28,0.540798611111111,0.4743923611111111
cb_rnn,3,13,next_parity,29,0.5465217391304348,0.5213043478260869
cb_rnn,3,13,next_parity,30,0.40755208333333326,0.47656250000000006
cb_rnn,3,13,next_parity,31,0.5225694444444444,0.48828124999999994
cb_rnn,3,13,next_parity,32,0.5310464611376465,0.44376899696048633
cb_rnn,3,13,next_parity,33,0.5456590193432298,0.5213675213675214
cb_rnn,3,13,next_parity,34,0.5368191721132898,0.5742919389978214
cb_rnn,3,13,next_parity,35,0.5310810810810811,0.5412162162162162
cb_rnn,3,13,next_parity,36,0.6185636856368564,0.5602981029810299
cb_rnn,3,13,next_parity,37,0.49797297297297294,0.527027027027027
cb_rnn,3,13,next_parity,38,0.4369747899159664,0.4509803921568628
cb_rnn,3,13,next_parity,39,0.4358974358974359,0.6282051282051282
cb_rnn,3,13,next_parity,40,0.47619047619047616,0.5
cb_rnn,3,13,next_parity,41,0.5568181818181819,0.6136363636363636
cb_rnn,3,13,next_parity,42,,
cb_rnn,3,13,next_parity,43,,
cb_rnn,3,13,next_parity,44,,
cb_rnn,3,13,next_parity,45,,
cb_rnn,3,13,next_parity,46,,
cb_rnn,3,13,next_parity,47,,
cb_rnn,3,13,next_parity,48,,
cb_rnn,3,13,next_parity,49,,
cb_rnn,3,13,next_parity,50,,
cb_rnn,3,13,next_parity,51,,
cb_rnn,3,13,next_parity,52,,
cb_rnn,3,14,incoming_bit,0,1.0,1.0
cb_rnn,3,14,incoming_bit,1,1.0,1.0
cb_rnn,3,14,incoming_bit,2,1.0,1.0
cb_rnn,3,14,incoming_bit,3,1.0,1.0
cb_rnn,3,14,incoming_bit,4,1.0,1.0
cb_rnn,3,14,incoming_bit,5,0.9875105485232067,0.999662447257384
cb_rnn,3,14,incoming_bit,6,1.0,1.0
cb_rnn,3,14,incoming_bit,7,1.0,1.0
cb_rnn,3,14,incoming_bit,8,1.0,1.0
cb_rnn,3,14,incoming_bit,9,1.0,1.0
cb_rnn,3,14,incoming_bit,10,1.0,1.0
cb_rnn,3,14,incoming_bit,11,1.0,1.0
cb_rnn,3,14,incoming_bit,12,1.0,1.0
cb_rnn,3,14,incoming_bit,13,1.0,1.0
cb_rnn,3,14,incoming_bit,14,1.0,1.0
cb_rnn,3,14,incoming_bit,15,1.0,1.0
cb_rnn,3,14,incoming_bit,16,1.0,1.0
cb_rnn,3,14,incoming_bit,17,1.0,0.9999999999999999
cb_rnn,3,14,incoming_bit,18,1.0,1.0
cb_rnn,3,14,incoming_bit,19,1.0,1.0
cb_rnn,3,14,incoming_bit,20,1.0,1.0
cb_rnn,3,14,incoming_bit,21,1.0,1.0
cb_rnn,3,14,incoming_bit,22,1.0,1.0
cb_rnn,3,14,incoming_bit,23,1.0,1.0
cb_rnn,3,14,incoming_bit,24,1.0,1.0
cb_rnn,3,14,incoming_bit,25,1.0,1.0
cb_rnn,3,14,incoming_bit,26,1.0,1.0
cb_rnn,3,14,incoming_bit,27,1.0,1.0
cb_rnn,3,14,incoming_bit,28,1.0,1.0
cb_rnn,3,14,incoming_bit,29,0.9827586206896551,1.0
cb_rnn,3,14,incoming_bit,30,1.0,1.0
cb_rnn,3,14,incoming_bit,31,1.0,1.0
cb_rnn,3,14,incoming_bit,32,1.0,1.0
cb_rnn,3,14,incoming_bit,33,1.0,1.0
cb_rnn,3,14,incoming_bit,34,1.0,1.0
cb_rnn,3,14,incoming_bit,35,1.0,1.0
cb_rnn,3,14,incoming_bit,36,1.0,1.0
cb_rnn,3,14,incoming_bit,37,1.0,1.0
cb_rnn,3,14,incoming_bit,38,1.0,1.0
cb_rnn,3,14,incoming_bit,39,1.0,1.0
cb_rnn,3,14,incoming_bit,40,1.0,1.0
cb_rnn,3,14,incoming_bit,41,1.0,1.0
cb_rnn,3,14,incoming_bit,42,1.0,1.0
cb_rnn,3,14,incoming_bit,43,1.0,1.0
cb_rnn,3,14,incoming_bit,44,1.0,1.0
cb_rnn,3,14,incoming_bit,45,1.0,1.0
cb_rnn,3,14,incoming_bit,46,1.0,1.0
cb_rnn,3,14,incoming_bit,47,1.0,1.0
cb_rnn,3,14,incoming_bit,48,1.0,1.0
cb_rnn,3,14,incoming_bit,49,1.0,1.0
cb_rnn,3,14,incoming_bit,50,1.0,1.0
cb_rnn,3,14,incoming_bit,51,1.0,1.0
cb_rnn,3,14,incoming_bit,52,1.0,1.0
cb_rnn,3,14,incoming_bit,53,1.0,1.0
cb_rnn,3,14,outgoing_bit,0,0.8404471544715447,0.6768292682926829
cb_rnn,3,14,outgoing_bit,1,0.8134618636901741,0.636901741924573
cb_rnn,3,14,outgoing_bit,2,0.8543918918918919,0.6474662162162163
cb_rnn,3,14,outgoing_bit,3,0.7719298245614035,0.703778677462888
cb_rnn,3,14,outgoing_bit,4,0.8268369175627239,0.6776433691756272
cb_rnn,3,14,outgoing_bit,5,0.8125,0.6863839285714286
cb_rnn,3,14,outgoing_bit,6,0.7000891265597148,0.6575311942959002
cb_rnn,3,14,outgoing_bit,7,0.7027719543442814,0.6312601910086186
cb_rnn,3,14,outgoing_bit,8,0.7652625152625153,0.7032967032967034
cb_rnn,3,14,outgoing_bit,9,0.8275122549019607,0.6495098039215687
cb_rnn,3,14,outgoing_bit,10,0.7455384615384616,0.6996923076923077
cb_rnn,3,14,outgoing_bit,11,0.8225806451612904,0.6147291539866099
cb_rnn,3,14,outgoing_bit,12,0.6999389499389499,0.5637973137973138
cb_rnn,3,14,outgoing_bit,13,0.7164541590771099,0.7173649058894961
cb_rnn,3,14,outgoing_bit,14,0.8502061383417314,0.7182775996335318
cb_rnn,3,14,outgoing_bit,15,0.7791304347826087,0.6291304347826087
cb_rnn,3,14,outgoing_bit,16,0.7876261518209742,0.580517770952172
cb_rnn,3,14,outgoing_bit,17,0.8130759104870557,0.8082492321193506
cb_rnn,3,14,outgoing_bit,18,0.7182974989030276,0.6296621325142605
cb_rnn,3,14,outgoing_bit,19,0.78419452887538,0.6877985236647851
cb_rnn,3,14,outgoing_bit,20,0.7381263616557735,0.6727668845315904
cb_rnn,3,14,outgoing_bit,21,0.8266075388026607,0.6004434589800443
cb_rnn,3,14,outgoing_bit,22,0.8461199294532629,0.7204585537918871
cb_rnn,3,14,outgoing_bit,23,0.8239130434782609,0.7291304347826086
cb_rnn,3,14,outgoing_bit,24,0.752062527138515,0.5900998697351281
cb_rnn,3,14,outgoing_bit,25,0.7370535714285715,0.6763392857142857
cb_rnn,3,14,outgoing_bit,26,0.7925925925925927,0.6697167755991286
cb_rnn,3,14,outgoing_bit,27,0.8041666666666666,0.7425925925925926
cb_rnn,3,14,outgoing_bit,28,0.8209150326797385,0.677995642701525
cb_rnn,3,14,outgoing_bit,29,0.791958041958042,0.7587412587412588
cb_rnn,3,14,outgoing_bit,30,0.8375,0.6482142857142856
cb_rnn,3,14,outgoing_bit,31,0.6975524475524475,0.5546328671328672
cb_rnn,3,14,outgoing_bit,32,0.7077724706904038,0.5627442466348243
cb_rnn,3,14,outgoing_bit,33,0.7217687074829933,0.5863945578231292
cb_rnn,3,14,outgoing_bit,34,0.7710027100271003,0.570460704607046
cb_rnn,3,14,outgoing_bit,35,0.5756756756756757,0.6195945945945945
cb_rnn,3,14,outgoing_bit,36,0.596638655462185,0.5182072829131652
cb_rnn,3,14,outgoing_bit,37,0.6022727272727273,0.5113636363636364
cb_rnn,3,14,outgoing_bit,38,0.6785714285714286,0.4642857142857143
cb_rnn,3,14,outgoing_bit,39,0.35555555555555557,0.488888888888889
cb_rnn,3,14,outgoing_bit,40,,
cb_rnn,3,14,outgoing_bit,41,,
cb_rnn,3,14,outgoing_bit,42,,
cb_rnn,3,14,outgoing_bit,43,,
cb_rnn,3,14,outgoing_bit,44,,
cb_rnn,3,14,outgoing_bit,45,,
cb_rnn,3,14,outgoing_bit,46,,
cb_rnn,3,14,outgoing_bit,47,,
cb_rnn,3,14,outgoing_bit,48,,
cb_rnn,3,14,outgoing_bit,49,,
cb_rnn,3,14,outgoing_bit,50,,
cb_rnn,3,14,outgoing_bit,51,,
cb_rnn,3,14,outgoing_bit,52,,
cb_rnn,3,14,outgoing_bit,53,,
cb_rnn,3,14,next_parity,0,,
cb_rnn,3,14,next_parity,1,0.47461629279811096,0.49080789340529596
cb_rnn,3,14,next_parity,2,0.4380984952120383,0.5135088919288646
cb_rnn,3,14,next_parity,3,0.5423414304993253,0.5028677462887989
cb_rnn,3,14,next_parity,4,0.5856777493606138,0.6027280477408355
cb_rnn,3,14,next_parity,5,0.5020242914979757,0.5138326585695007
cb_rnn,3,14,next_parity,6,0.45808182427900734,0.4571875698636262
cb_rnn,3,14,next_parity,7,0.42937853107344637,0.4924293785310734
cb_rnn,3,14,next_parity,8,0.5088307623518891,0.49809970936731507
cb_rnn,3,14,next_parity,9,0.46902852049910876,0.5294117647058824
cb_rnn,3,14,next_parity,10,0.41156462585034015,0.47680890538033394
cb_rnn,3,14,next_parity,11,0.4753846153846154,0.4572307692307693
cb_rnn,3,14,next_parity,12,0.49015384615384616,0.48553846153846153
cb_rnn,3,14,next_parity,13,0.5438222763237979,0.5267802799756544
cb_rnn,3,14,next_parity,14,0.5315398886827458,0.5108225108225108
cb_rnn,3,14,next_parity,15,0.5602300242130751,0.4963680387409201
cb_rnn,3,14,next_parity,16,0.48608695652173906,0.4591304347826087
cb_rnn,3,14,next_parity,17,0.41805555555555557,0.41203703703703703
cb_rnn,3,14,next_parity,18,0.638548951048951,0.4816433566433566
cb_rnn,3,14,next_parity,19,0.427689594356261,0.4501763668430335
cb_rnn,3,14,next_parity,20,0.4917391304347825,0.4878260869565218
cb_rnn,3,14,next_parity,21,0.4422992540587977,0.5462922334357174
cb_rnn,3,14,next_parity,22,0.5017482517482518,0.5450174825174826
cb_rnn,3,14,next_parity,23,0.4747696358051777,0.4879333040807371
cb_rnn,3,14,next_parity,24,0.4936375603334796,0.5146994295743748
cb_rnn,3,14,next_parity,25,0.588107638888889,0.5659722222222222
cb_rnn,3,14,next_parity,26,0.5517391304347826,0.5569565217391305
cb_rnn,3,14,next_parity,27,0.5247915752523037,0.4730144800351031
cb_rnn,3,14,next_parity,28,0.4565217391304348,0.4552173913043478
cb_rnn,3,14,next_parity,29,0.528006947459835,0.6304819800260529
cb_rnn,3,14,next_parity,30,0.4531590413943355,0.5098039215686274
cb_rnn,3,14,next_parity,31,0.5512152777777778,0.515625
cb_rnn,3,14,next_parity,32,0.5365217391304348,0.532608695652174
cb_rnn,3,14,next_parity,33,0.5024390243902439,0.48957871396895786
cb_rnn,3,14,next_parity,34,0.4550586191923578,0.528006947459835
cb_rnn,3,14,next_parity,35,0.4861111111111111,0.48888888888888893
cb_rnn,3,14,next_parity,36,0.4939024390243903,0.4518970189701897
cb_rnn,3,14,next_parity,37,0.47796143250688705,0.42011019283746565
cb_rnn,3,14,next_parity,38,0.5472222222222223,0.3972222222222222
cb_rnn,3,14,next_parity,39,0.5,0.5113636363636364
cb_rnn,3,14,next_parity,40,0.5119047619047619,0.6071428571428571
cb_rnn,3,14,next_parity,41,0.5681818181818181,0.5227272727272727
cb_rnn,3,14,next_parity,42,,
cb_rnn,3,14,next_parity,43,,
cb_rnn,3,14,next_parity,44,,
cb_rnn,3,14,next_parity,45,,
cb_rnn,3,14,next_parity,46,,
cb_rnn,3,14,next_parity,47,,
cb_rnn,3,14,next_parity,48,,
cb_rnn,3,14,next_parity,49,,
cb_rnn,3,14,next_parity,50,,
cb_rnn,3,14,next_parity,51,,
cb_rnn,3,14,next_parity,52,,
cb_rnn,3,14,next_parity,53,,
cb_rnn,3,15,incoming_bit,0,1.0,1.0
cb_rnn,3,15,incoming_bit,1,1.0,1.0
cb_rnn,3,15,incoming_bit,2,1.0,1.0
cb_rnn,3,15,incoming_bit,3,1.0,1.0
cb_rnn,3,15,incoming_bit,4,1.0,1.0
cb_rnn,3,15,incoming_bit,5,0.9988193624557261,1.0
cb_rnn,3,15,incoming_bit,6,1.0,1.0
cb_rnn,3,15,incoming_bit,7,1.0,1.0
cb_rnn,3,15,incoming_bit,8,1.0,1.0
cb_rnn,3,15,incoming_bit,9,1.0,1.0
cb_rnn,3,15,incoming_bit,10,1.0,1.0
cb_rnn,3,15,incoming_bit,11,1.0,1.0
cb_rnn,3,15,incoming_bit,12,1.0,1.0
cb_rnn,3,15,incoming_bit,13,1.0,1.0
cb_rnn,3,15,incoming_bit,14,1.0,1.0
cb_rnn,3,15,incoming_bit,15,1.0,1.0
cb_rnn,3,15,incoming_bit,16,0.9998306233062331,1.0
cb_rnn,3,15,incoming_bit,17,1.0,1.0
cb_rnn,3,15,incoming_bit,18,1.0,1.0
cb_rnn,3,15,incoming_bit,19,1.0,1.0
cb_rnn,3,15,incoming_bit,20,1.0,1.0
cb_rnn,3,15,incoming_bit,21,1.0,1.0
cb_rnn,3,15,incoming_bit,22,1.0,1.0
cb_rnn,3,15,incoming_bit,23,1.0,1.0
cb_rnn,3,15,incoming_bit,24,1.0,1.0
cb_rnn,3,15,incoming_bit,25,1.0,1.0
cb_rnn,3,15,incoming_bit,26,0.9832623250152162,1.0
cb_rnn,3,15,incoming_bit,27,1.0,1.0
cb_rnn,3,15,incoming_bit,28,1.0,1.0
cb_rnn,3,15,incoming_bit,29,1.0,1.0
cb_rnn,3,15,incoming_bit,30,1.0,1.0
cb_rnn,3,15,incoming_bit,31,1.0,1.0
cb_rnn,3,15,incoming_bit,32,1.0,1.0
cb_rnn,3,15,incoming_bit,33,1.0,1.0
cb_rnn,3,15,incoming_bit,34,1.0,1.0
cb_rnn,3,15,incoming_bit,35,1.0,1.0
cb_rnn,3,15,incoming_bit,36,1.0,1.0
cb_rnn,3,15,incoming_bit,37,1.0,1.0
cb_rnn,3,15,incoming_bit,38,1.0,1.0
cb_rnn,3,15,incoming_bit,39,1.0,1.0
cb_rnn,3,15,incoming_bit,40,1.0,1.0
cb_rnn,3,15,incoming_bit,41,1.0,1.0
cb_rnn,3,15,incoming_bit,42,1.0,1.0
cb_rnn,3,15,incoming_bit,43,1.0,1.0
cb_rnn,3,15,incoming_bit,44,1.0,1.0
cb_rnn,3,15,incoming_bit,45,1.0,1.0
cb_rnn,3,15,incoming_bit,46,1.0,1.0
cb_rnn,3,15,incoming_bit,47,1.0,1.0
cb_rnn,3,15,incoming_bit,48,1.0,1.0
cb_rnn,3,15,incoming_bit,49,1.0,1.0
cb_rnn,3,15,incoming_bit,50,1.0,1.0
cb_rnn,3,15,incoming_bit,51,0.9678571428571429,1.0
cb_rnn,3,15,incoming_bit,52,1.0,1.0
cb_rnn,3,15,incoming_bit,53,1.0,1.0
cb_rnn,3,15,incoming_bit,54,1.0,1.0
cb_rnn,3,15,incoming_bit,55,1.0,1.0
cb_rnn,3,15,incoming_bit,56,1.0,1.0
cb_rnn,3,15,incoming_bit,57,1.0,1.0
cb_rnn,3,15,incoming_bit,58,1.0,1.0
cb_rnn,3,15,incoming_bit,59,1.0,1.0
cb_rnn,3,15,outgoing_bit,0,0.8052855924978687,0.6412617220801364
cb_rnn,3,15,outgoing_bit,1,0.8513444951801117,0.6886521224420767
cb_rnn,3,15,outgoing_bit,2,0.86593707250342,0.6715116279069768
cb_rnn,3,15,outgoing_bit,3,0.7720985155195682,0.6639676113360324
cb_rnn,3,15,outgoing_bit,4,0.765426598351526,0.6025840944531077
cb_rnn,3,15,outgoing_bit,5,0.7620958751393534,0.5707915273132664
cb_rnn,3,15,outgoing_bit,6,0.7950947603121516,0.57123745819398
cb_rnn,3,15,outgoing_bit,7,0.7267011003817652,0.5865708511116101
cb_rnn,3,15,outgoing_bit,8,0.7227272727272727,0.6254545454545455
cb_rnn,3,15,outgoing_bit,9,0.8047965998785671,0.6284153005464481
cb_rnn,3,15,outgoing_bit,10,0.7716727716727717,0.634004884004884
cb_rnn,3,15,outgoing_bit,11,0.7450090744101634,0.5961887477313975
cb_rnn,3,15,outgoing_bit,12,0.7649653434152488,0.6244486452425961
cb_rnn,3,15,outgoing_bit,13,0.6752136752136753,0.6059218559218559
cb_rnn,3,15,outgoing_bit,14,0.7923951048951049,0.5603146853146854
cb_rnn,3,15,outgoing_bit,15,0.7669815564552406,0.6657669815564552
cb_rnn,3,15,outgoing_bit,16,0.7694311767260096,0.6300477637863656
cb_rnn,3,15,outgoing_bit,17,0.7599128540305011,0.6444444444444444
cb_rnn,3,15,outgoing_bit,18,0.8150238818931829,0.6035605731654363
cb_rnn,3,15,outgoing_bit,19,0.6924089512944274,0.5076788064940764
cb_rnn,3,15,outgoing_bit,20,0.7868923611111112,0.6475694444444444
cb_rnn,3,15,outgoing_bit,21,0.7286148501953973,0.5714285714285714
cb_rnn,3,15,outgoing_bit,22,0.81875,0.6200892857142858
cb_rnn,3,15,outgoing_bit,23,0.7254464285714286,0.6870535714285714
cb_rnn,3,15,outgoing_bit,24,0.7689969604863222,0.5675206252713851
cb_rnn,3,15,outgoing_bit,25,0.7959183673469389,0.6474164133738601
cb_rnn,3,15,outgoing_bit,26,0.7745535714285714,0.6214285714285714
cb_rnn,3,15,outgoing_bit,27,0.7833260963960051,0.7012592270950935
cb_rnn,3,15,outgoing_bit,28,0.7352173913043478,0.637391304347826
cb_rnn,3,15,outgoing_bit,29,0.7486888111888113,0.6223776223776224
cb_rnn,3,15,outgoing_bit,30,0.8094405594405595,0.6813811188811189
cb_rnn,3,15,outgoing_bit,31,0.8199556541019956,0.6940133037694013
cb_rnn,3,15,outgoing_bit,32,0.7164246823956444,0.6025408348457351
cb_rnn,3,15,outgoing_bit,33,0.7510121457489878,0.5964912280701754
cb_rnn,3,15,outgoing_bit,34,0.7417355371900827,0.6804407713498623
cb_rnn,3,15,outgoing_bit,35,0.763265306122449,0.5965986394557823
cb_rnn,3,15,outgoing_bit,36,0.6945454545454545,0.6072727272727273
cb_rnn,3,15,outgoing_bit,37,0.716923076923077,0.6707692307692308
cb_rnn,3,15,outgoing_bit,38,0.4016620498614958,0.3767313019390582
cb_rnn,3,15,outgoing_bit,39,0.6177285318559557,0.5567867036011079
cb_rnn,3,15,outgoing_bit,40,0.6555555555555556,0.4444444444444444
cb_rnn,3,15,outgoing_bit,41,0.4871794871794871,0.3076923076923077
cb_rnn,3,15,outgoing_bit,42,0.7571428571428571,0.4428571428571429
cb_rnn,3,15,outgoing_bit,43,0.4487179487179487,0.3846153846153846
cb_rnn,3,15,outgoing_bit,44,0.8068181818181819,0.8636363636363636
cb_rnn,3,15,outgoing_bit,45,,
cb_rnn,3,15,outgoing_bit,46,,
cb_rnn,3,15,outgoing_bit,47,,
cb_rnn,3,15,outgoing_bit,48,,
cb_rnn,3,15,outgoing_bit,49,,
cb_rnn,3,15,outgoing_bit,50,,
cb_rnn,3,15,outgoing_bit,51,,
cb_rnn,3,15,outgoing_bit,52,,
cb_rnn,3,15,outgoing_bit,53,,
cb_rnn,3,15,outgoing_bit,54,,
cb_rnn,3,15,outgoing_bit,55,,
cb_rnn,3,15,outgoing_bit,56,,
cb_rnn,3,15,outgoing_bit,57,,
cb_rnn,3,15,outgoing_bit,58,,
cb_rnn,3,15,outgoing_bit,59,,
cb_rnn,3,15,next_parity,0,,
cb_rnn,3,15,next_parity,1,0.41507092198581563,0.5372340425531915
cb_rnn,3,15,next_parity,2,0.5769097222222223,0.5109375
cb_rnn,3,15,next_parity,3,0.5963753387533876,0.5574186991869918
cb_rnn,3,15,next_parity,4,0.5040816326530613,0.44863945578231296
cb_rnn,3,15,next_parity,5,0.43175675675675673,0.49003378378378376
cb_rnn,3,15,next_parity,6,0.5573660714285714,0.46651785714285715
cb_rnn,3,15,next_parity,7,0.41337792642140464,0.5101449275362319
cb_rnn,3,15,next_parity,8,0.5190412186379928,0.5365143369175627
cb_rnn,3,15,next_parity,9,0.4680329694809534,0.501447983960793
cb_rnn,3,15,next_parity,10,0.4773002421307505,0.5102905569007264
cb_rnn,3,15,next_parity,11,0.5030266343825667,0.5360169491525424
cb_rnn,3,15,next_parity,12,0.529038112522686,0.5629159104658197
cb_rnn,3,15,next_parity,13,0.46237562189054726,0.45584577114427866
cb_rnn,3,15,next_parity,14,0.3676470588235294,0.38817401960784315
cb_rnn,3,15,next_parity,15,0.47527472527472525,0.5402930402930404
cb_rnn,3,15,next_parity,16,0.5271385149804603,0.5918367346938774
cb_rnn,3,15,next_parity,17,0.48368606701940037,0.4444444444444445
cb_rnn,3,15,next_parity,18,0.46274509803921576,0.4697167755991285
cb_rnn,3,15,next_parity,19,0.5277777777777778,0.5065104166666666
cb_rnn,3,15,next_parity,20,0.4508695652173913,0.47782608695652173
cb_rnn,3,15,next_parity,21,0.45782608695652177,0.4930434782608695
cb_rnn,3,15,next_parity,22,0.48208041958041953,0.4969405594405594
cb_rnn,3,15,next_parity,23,0.48328267477203646,0.46026921406860616
cb_rnn,3,15,next_parity,24,0.5620915032679739,0.48496732026143785
cb_rnn,3,15,next_parity,25,0.5056521739130434,0.4856521739130435
cb_rnn,3,15,next_parity,26,0.5401330376940133,0.5498891352549888
cb_rnn,3,15,next_parity,27,0.39462081128747795,0.4708994708994709
cb_rnn,3,15,next_parity,28,0.5924611973392461,0.49090909090909096
cb_rnn,3,15,next_parity,29,0.44789356984478934,0.4035476718403547
cb_rnn,3,15,next_parity,30,0.578695652173913,0.5734782608695652
cb_rnn,3,15,next_parity,31,0.4867564046895354,0.5562310030395137
cb_rnn,3,15,next_parity,32,0.5201910551454625,0.5145462440295268
cb_rnn,3,15,next_parity,33,0.4592892487629329,0.48762932973459283
cb_rnn,3,15,next_parity,34,0.5251736111111112,0.5473090277777777
cb_rnn,3,15,next_parity,35,0.47674418604651164,0.5355677154582763
cb_rnn,3,15,next_parity,36,0.4722972972972974,0.5263513513513514
cb_rnn,3,15,next_parity,37,0.44932432432432434,0.4587837837837838
cb_rnn,3,15,next_parity,38,0.4891826923076923,0.5120192307692308
cb_rnn,3,15,next_parity,39,0.574404761904762,0.5773809523809523
cb_rnn,3,15,next_parity,40,0.4481792717086835,0.32773109243697474
cb_rnn,3,15,next_parity,41,0.43213296398891965,0.29639889196675895
cb_rnn,3,15,next_parity,42,0.3833333333333333,0.3666666666666667
cb_rnn,3,15,next_parity,43,0.5227272727272727,0.5340909090909091
cb_rnn,3,15,next_parity,44,0.2307692307692308,0.3846153846153847
cb_rnn,3,15,next_parity,45,0.7619047619047619,0.44047619047619047
cb_rnn,3,15,next_parity,46,0.28409090909090906,0.38636363636363635
cb_rnn,3,15,next_parity,47,,
cb_rnn,3,15,next_parity,48,,
cb_rnn,3,15,next_parity,49,,
cb_rnn,3,15,next_parity,50,,
cb_rnn,3,15,next_parity,51,,
cb_rnn,3,15,next_parity,52,,
cb_rnn,3,15,next_parity,53,,
cb_rnn,3,15,next_parity,54,,
cb_rnn,3,15,next_parity,55,,
cb_rnn,3,15,next_parity,56,,
cb_rnn,3,15,next_parity,57,,
cb_rnn,3,15,next_parity,58,,
cb_rnn,3,15,next_parity,59,,
cb_rnn,4,2,incoming_bit,0,1.0,1.0
cb_rnn,4,2,incoming_bit,1,1.0,1.0
cb_rnn,4,2,incoming_bit,2,1.0,1.0
cb_rnn,4,2,incoming_bit,3,1.0,1.0
cb_rnn,4,2,incoming_bit,4,1.0,1.0
cb_rnn,4,2,incoming_bit,5,1.0,1.0
cb_rnn,4,2,incoming_bit,6,1.0,1.0
cb_rnn,4,2,incoming_bit,7,1.0,1.0
cb_rnn,4,2,incoming_bit,8,1.0,1.0
cb_rnn,4,2,outgoing_bit,0,0.9999999999999999,1.0
cb_rnn,4,2,outgoing_bit,1,0.9998278236914601,0.9999999999999999
cb_rnn,4,2,outgoing_bit,2,0.9856418918918919,1.0
cb_rnn,4,2,outgoing_bit,3,0.9812446717817562,1.0
cb_rnn,4,2,outgoing_bit,4,0.9866760168302945,1.0
cb_rnn,4,2,outgoing_bit,5,0.9971014492753623,1.0
cb_rnn,4,2,outgoing_bit,6,1.0,1.0
cb_rnn,4,2,outgoing_bit,7,,
cb_rnn,4,2,outgoing_bit,8,,
cb_rnn,4,2,next_parity,0,,
cb_rnn,4,2,next_parity,1,0.4536593707250342,0.45682284541723667
cb_rnn,4,2,next_parity,2,0.4973572037510656,0.4821824381926684
cb_rnn,4,2,next_parity,3,0.5060882800608828,0.5523422966345342
cb_rnn,4,2,next_parity,4,0.5749704840613931,0.5282509698094114
cb_rnn,4,2,next_parity,5,0.5355995264671064,0.5545408422120751
cb_rnn,4,2,next_parity,6,0.463265306122449,0.458843537414966
cb_rnn,4,2,next_parity,7,0.6666666666666666,0.6376811594202899
cb_rnn,4,2,next_parity,8,0.5227272727272727,0.5227272727272727
cb_rnn,4,3,incoming_bit,0,1.0,1.0
cb_rnn,4,3,incoming_bit,1,1.0,1.0
cb_rnn,4,3,incoming_bit,2,1.0,1.0
cb_rnn,4,3,incoming_bit,3,1.0,1.0
cb_rnn,4,3,incoming_bit,4,1.0,1.0
cb_rnn,4,3,incoming_bit,5,1.0,1.0
cb_rnn,4,3,incoming_bit,6,1.0,1.0
cb_rnn,4,3,incoming_bit,7,1.0,1.0
cb_rnn,4,3,incoming_bit,8,1.0,1.0
cb_rnn,4,3,incoming_bit,9,1.0,1.0
cb_rnn,4,3,incoming_bit,10,1.0,1.0
cb_rnn,4,3,incoming_bit,11,1.0,1.0
cb_rnn,4,3,outgoing_bit,0,0.9966124661246613,0.9977981029810298
cb_rnn,4,3,outgoing_bit,1,0.994410569105691,0.9979674796747967
cb_rnn,4,3,outgoing_bit,2,1.0,0.9998306233062331
cb_rnn,4,3,outgoing_bit,3,0.9981333785847616,1.0
cb_rnn,4,3,outgoing_bit,4,0.9991285403050109,1.0
cb_rnn,4,3,outgoing_bit,5,0.997194950911641,0.9985974754558204
cb_rnn,4,3,outgoing_bit,6,0.9965564738292012,0.9958677685950413
cb_rnn,4,3,outgoing_bit,7,1.0,1.0
cb_rnn,4,3,outgoing_bit,8,0.8636363636363638,0.7159090909090908
cb_rnn,4,3,outgoing_bit,9,,
cb_rnn,4,3,outgoing_bit,10,,
cb_rnn,4,3,outgoing_bit,11,,
cb_rnn,4,3,next_parity,0,,
cb_rnn,4,3,next_parity,1,0.49099330931549157,0.5134671470235032
cb_rnn,4,3,next_parity,2,0.5148932506887053,0.5154097796143251
cb_rnn,4,3,next_parity,3,0.5372549019607843,0.5324808184143223
cb_rnn,4,3,next_parity,4,0.55173629472942,0.6014454433280452
cb_rnn,4,3,next_parity,5,0.5607185022769438,0.5560802833530106
cb_rnn,4,3,next_parity,6,0.5219565217391304,0.6019565217391304
cb_rnn,4,3,next_parity,7,0.3719512195121951,0.3926151761517615
cb_rnn,4,3,next_parity,8,0.33571428571428574,0.4078231292517006
cb_rnn,4,3,next_parity,9,0.5340277777777778,0.5246527777777777
cb_rnn,4,3,next_parity,10,0.3806818181818182,0.35795454545454547
cb_rnn,4,3,next_parity,11,,
cb_rnn,4,4,incoming_bit,0,1.0,1.0
cb_rnn,4,4,incoming_bit,1,1.0,1.0
cb_rnn,4,4,incoming_bit,2,1.0,1.0
cb_rnn,4,4,incoming_bit,3,1.0,1.0
cb_rnn,4,4,incoming_bit,4,1.0,1.0
cb_rnn,4,4,incoming_bit,5,1.0,1.0
cb_rnn,4,4,incoming_bit,6,1.0,1.0
cb_rnn,4,4,incoming_bit,7,1.0,1.0
cb_rnn,4,4,incoming_bit,8,0.9999999999999999,0.9999999999999999
cb_rnn,4,4,incoming_bit,9,1.0,1.0
cb_rnn,4,4,incoming_bit,10,1.0,1.0
cb_rnn,4,4,incoming_bit,11,1.0,1.0
cb_rnn,4,4,incoming_bit,12,1.0,1.0
cb_rnn,4,4,incoming_bit,13,1.0,1.0
cb_rnn,4,4,incoming_bit,14,1.0,1.0
cb_rnn,4,4,incoming_bit,15,1.0,1.0
cb_rnn,4,4,incoming_bit,16,1.0,1.0
cb_rnn,4,4,outgoing_bit,0,0.9376693766937669,0.9422425474254743
cb_rnn,4,4,outgoing_bit,1,0.9664304993252362,0.9601889338731444
cb_rnn,4,4,outgoing_bit,2,0.9750551501781776,0.9519769217715933
cb_rnn,4,4,outgoing_bit,3,0.9587519830777367,0.9532875022034197
cb_rnn,4,4,outgoing_bit,4,0.9607843137254901,0.962962962962963
cb_rnn,4,4,outgoing_bit,5,0.9207988980716254,0.9104683195592287
cb_rnn,4,4,outgoing_bit,6,0.9811066126855601,0.9642375168690958
cb_rnn,4,4,outgoing_bit,7,0.9406207827260459,0.9008097165991903
cb_rnn,4,4,outgoing_bit,8,0.8833333333333333,0.8361111111111111
cb_rnn,4,4,outgoing_bit,9,0.9058171745152355,0.8199445983379501
cb_rnn,4,4,outgoing_bit,10,0.8795518207282913,0.8711484593837535
cb_rnn,4,4,outgoing_bit,11,1.0,0.9916666666666667
cb_rnn,4,4,outgoing_bit,12,0.9659090909090908,0.6818181818181818
cb_rnn,4,4,outgoing_bit,13,,
cb_rnn,4,4,outgoing_bit,14,,
cb_rnn,4,4,outgoing_bit,15,,
cb_rnn,4,4,outgoing_bit,16,,
cb_rnn,4,4,next_parity,0,,
cb_rnn,4,4,next_parity,1,0.4760733073137621,0.4670795859494315
cb_rnn,4,4,next_parity,2,0.5082108902333621,0.5165946413137423
cb_rnn,4,4,next_parity,3,0.5843560933448574,0.5266205704407951
cb_rnn,4,4,next_parity,4,0.5078431372549019,0.471696504688832
cb_rnn,4,4,next_parity,5,0.5163090877376593,0.5084597941740799
cb_rnn,4,4,next_parity,6,0.5212765957446809,0.5082501085540599
cb_rnn,4,4,next_parity,7,0.4533045977011494,0.43893678160919547
cb_rnn,4,4,next_parity,8,0.3882978723404255,0.4670212765957447
cb_rnn,4,4,next_parity,9,0.4695121951219512,0.5142276422764227
cb_rnn,4,4,next_parity,10,0.45238095238095244,0.561624649859944
cb_rnn,4,4,next_parity,11,0.4211309523809524,0.5044642857142858
cb_rnn,4,4,next_parity,12,0.3811594202898551,0.40289855072463765
cb_rnn,4,4,next_parity,13,0.3763888888888889,0.47361111111111115
cb_rnn,4,4,next_parity,14,0.5444444444444444,0.5055555555555555
cb_rnn,4,4,next_parity,15,,
cb_rnn,4,4,next_parity,16,,
cb_rnn,4,5,incoming_bit,0,1.0,1.0
cb_rnn,4,5,incoming_bit,1,1.0,1.0
cb_rnn,4,5,incoming_bit,2,1.0,1.0
cb_rnn,4,5,incoming_bit,3,1.0,1.0
cb_rnn,4,5,incoming_bit,4,1.0,1.0
cb_rnn,4,5,incoming_bit,5,1.0,1.0
cb_rnn,4,5,incoming_bit,6,1.0,1.0
cb_rnn,4,5,incoming_bit,7,1.0,1.0
cb_rnn,4,5,incoming_bit,8,1.0,1.0
cb_rnn,4,5,incoming_bit,9,1.0,1.0
cb_rnn,4,5,incoming_bit,10,1.0,1.0
cb_rnn,4,5,incoming_bit,11,1.0,1.0
cb_rnn,4,5,incoming_bit,12,1.0,1.0
cb_rnn,4,5,incoming_bit,13,1.0,1.0
cb_rnn,4,5,incoming_bit,14,1.0,1.0
cb_rnn,4,5,incoming_bit,15,1.0,1.0
cb_rnn,4,5,incoming_bit,16,1.0,1.0
cb_rnn,4,5,incoming_bit,17,1.0,1.0
cb_rnn,4,5,incoming_bit,18,1.0,1.0
cb_rnn,4,5,incoming_bit,19,1.0,1.0
cb_rnn,4,5,outgoing_bit,0,0.9480902777777778,0.9340277777777777
cb_rnn,4,5,outgoing_bit,1,0.9659863945578231,0.9208093493807779
cb_rnn,4,5,outgoing_bit,2,0.9391304347826086,0.9578857630008525
cb_rnn,4,5,outgoing_bit,3,0.9775510204081633,0.9596938775510204
cb_rnn,4,5,outgoing_bit,4,0.9653679653679653,0.9335188620902907
cb_rnn,4,5,outgoing_bit,5,0.9324265028521281,0.9534883720930233
cb_rnn,4,5,outgoing_bit,6,0.9328652917946468,0.8924967090829311
cb_rnn,4,5,outgoing_bit,7,0.9056521739130435,0.8717391304347826
cb_rnn,4,5,outgoing_bit,8,0.9118012422360249,0.8807453416149068
cb_rnn,4,5,outgoing_bit,9,0.9217391304347826,0.9354037267080746
cb_rnn,4,5,outgoing_bit,10,0.9171052631578946,0.8842105263157894
cb_rnn,4,5,outgoing_bit,11,0.8846611177170035,0.9274673008323424
cb_rnn,4,5,outgoing_bit,12,0.9552631578947368,0.8013157894736842
cb_rnn,4,5,outgoing_bit,13,0.9777777777777777,0.8555555555555555
cb_rnn,4,5,outgoing_bit,14,0.8636363636363635,0.8181818181818181
cb_rnn,4,5,outgoing_bit,15,,
cb_rnn,4,5,outgoing_bit,16,,
cb_rnn,4,5,outgoing_bit,17,,
cb_rnn,4,5,outgoing_bit,18,,
cb_rnn,4,5,outgoing_bit,19,,
cb_rnn,4,5,next_parity,0,,
cb_rnn,4,5,next_parity,1,0.5781756180733163,0.560613810741688
cb_rnn,4,5,next_parity,2,0.5143123306233062,0.5254911924119241
cb_rnn,4,5,next_parity,3,0.5369241192411924,0.5018631436314362
cb_rnn,4,5,next_parity,4,0.5496163682864451,0.5446717817561807
cb_rnn,4,5,next_parity,5,0.5153716216216216,0.5173986486486487
cb_rnn,4,5,next_parity,6,0.48824984539270255,0.49025974025974034
cb_rnn,4,5,next_parity,7,0.468695652173913,0.5091304347826087
cb_rnn,4,5,next_parity,8,0.5618692408951295,0.541246160596753
cb_rnn,4,5,next_parity,9,0.6241830065359477,0.565359477124183
cb_rnn,4,5,next_parity,10,0.4869047619047619,0.49642857142857144
cb_rnn,4,5,next_parity,11,0.6189903846153847,0.5853365384615384
cb_rnn,4,5,next_parity,12,0.6589008363201911,0.6959378733572282
cb_rnn,4,5,next_parity,13,0.4558823529411765,0.4963235294117647
cb_rnn,4,5,next_parity,14,0.4356971153846154,0.33713942307692313
cb_rnn,4,5,next_parity,15,0.31805555555555554,0.39583333333333337
cb_rnn,4,5,next_parity,16,0.6607142857142857,0.6607142857142857
cb_rnn,4,5,next_parity,17,,
cb_rnn,4,5,next_parity,18,,
cb_rnn,4,5,next_parity,19,,
cb_rnn,4,6,incoming_bit,0,1.0,1.0
cb_rnn,4,6,incoming_bit,1,1.0,1.0
cb_rnn,4,6,incoming_bit,2,1.0,1.0
cb_rnn,4,6,incoming_bit,3,1.0,1.0
cb_rnn,4,6,incoming_bit,4,1.0,1.0
cb_rnn,4,6,incoming_bit,5,1.0,1.0
cb_rnn,4,6,incoming_bit,6,1.0,1.0
cb_rnn,4,6,incoming_bit,7,1.0,1.0
cb_rnn,4,6,incoming_bit,8,1.0,1.0
cb_rnn,4,6,incoming_bit,9,1.0,1.0
cb_rnn,4,6,incoming_bit,10,0.9999999999999999,1.0
cb_rnn,4,6,incoming_bit,11,1.0,1.0
cb_rnn,4,6,incoming_bit,12,1.0,1.0
cb_rnn,4,6,incoming_bit,13,0.9999999999999999,0.9999999999999999
cb_rnn,4,6,incoming_bit,14,1.0,1.0
cb_rnn,4,6,incoming_bit,15,1.0,1.0
cb_rnn,4,6,incoming_bit,16,1.0,1.0
cb_rnn,4,6,incoming_bit,17,1.0,0.9999999999999999
cb_rnn,4,6,incoming_bit,18,1.0,1.0
cb_rnn,4,6,incoming_bit,19,1.0,1.0
cb_rnn,4,6,outgoing_bit,0,0.9509233926128591,0.9317715458276334
cb_rnn,4,6,outgoing_bit,1,0.8917639100287502,0.8633519364112971
cb_rnn,4,6,outgoing_bit,2,0.9361449864498643,0.9209010840108401
cb_rnn,4,6,outgoing_bit,3,0.9207286220273233,0.8977905211671445
cb_rnn,4,6,outgoing_bit,4,0.9098214285714286,0.8901785714285714
cb_rnn,4,6,outgoing_bit,5,0.7938775510204081,0.7782312925170067
cb_rnn,4,6,outgoing_bit,6,0.8208333333333333,0.8250000000000001
cb_rnn,4,6,outgoing_bit,7,0.8945945945945946,0.847972972972973
cb_rnn,4,6,outgoing_bit,8,0.9556786703601108,0.9556786703601108
cb_rnn,4,6,outgoing_bit,9,0.8805555555555556,0.8194444444444444
cb_rnn,4,6,outgoing_bit,10,0.8795518207282913,0.7927170868347339
cb_rnn,4,6,outgoing_bit,11,0.9529085872576176,0.9058171745152355
cb_rnn,4,6,outgoing_bit,12,0.8492753623188406,0.7217391304347827
cb_rnn,4,6,outgoing_bit,13,0.7613636363636364,0.6363636363636364
cb_rnn,4,6,outgoing_bit,14,,
cb_rnn,4,6,outgoing_bit,15,,
cb_rnn,4,6,outgoing_bit,16,,
cb_rnn,4,6,outgoing_bit,17,,
cb_rnn,4,6,outgoing_bit,18,,
cb_rnn,4,6,outgoing_bit,19,,
cb_rnn,4,6,next_parity,0,,
cb_rnn,4,6,next_parity,1,0.5509353741496599,0.5665816326530612
cb_rnn,4,6,next_parity,2,0.515220700152207,0.5224928124471503
cb_rnn,4,6,next_parity,3,0.4727225939269172,0.46397323726196604
cb_rnn,4,6,next_parity,4,0.5190904462922111,0.5414899032750722
cb_rnn,4,6,next_parity,5,0.429719562243502,0.40389876880984954
cb_rnn,4,6,next_parity,6,0.4943355119825708,0.4825708061002178
cb_rnn,4,6,next_parity,7,0.6228134110787171,0.636661807580175
cb_rnn,4,6,next_parity,8,0.395578231292517,0.4187074829931973
cb_rnn,4,6,next_parity,9,0.48993055555555554,0.5489583333333333
cb_rnn,4,6,next_parity,10,0.47619047619047616,0.35416666666666663
cb_rnn,4,6,next_parity,11,0.3833333333333333,0.4194444444444444
cb_rnn,4,6,next_parity,12,0.43767313019390575,0.45429362880886426
cb_rnn,4,6,next_parity,13,0.7347222222222222,0.7708333333333334
cb_rnn,4,6,next_parity,14,0.5042613636363636,0.578125
cb_rnn,4,6,next_parity,15,0.5722222222222222,0.6555555555555556
cb_rnn,4,6,next_parity,16,,
cb_rnn,4,6,next_parity,17,,
cb_rnn,4,6,next_parity,18,,
cb_rnn,4,6,next_parity,19,,
cb_rnn,4,7,incoming_bit,0,1.0,1.0
cb_rnn,4,7,incoming_bit,1,1.0,1.0
cb_rnn,4,7,incoming_bit,2,1.0,1.0
cb_rnn,4,7,incoming_bit,3,1.0,1.0
cb_rnn,4,7,incoming_bit,4,1.0,1.0
cb_rnn,4,7,incoming_bit,5,0.9999999999999999,1.0
cb_rnn,4,7,incoming_bit,6,1.0,1.0
cb_rnn,4,7,incoming_bit,7,1.0,1.0
cb_rnn,4,7,incoming_bit,8,1.0,1.0
cb_rnn,4,7,incoming_bit,9,1.0,1.0
cb_rnn,4,7,incoming_bit,10,1.0,1.0
cb_rnn,4,7,incoming_bit,11,1.0,1.0
cb_rnn,4,7,incoming_bit,12,1.0,1.0
cb_rnn,4,7,incoming_bit,13,1.0,1.0
cb_rnn,4,7,incoming_bit,14,1.0,1.0
cb_rnn,4,7,incoming_bit,15,1.0,1.0
cb_rnn,4,7,incoming_bit,16,1.0,1.0
cb_rnn,4,7,incoming_bit,17,1.0,1.0
cb_rnn,4,7,incoming_bit,18,1.0,1.0
cb_rnn,4,7,incoming_bit,19,1.0,1.0
cb_rnn,4,7,incoming_bit,20,1.0,1.0
cb_rnn,4,7,outgoing_bit,0,0.854591836734694,0.8032312925170069
cb_rnn,4,7,outgoing_bit,1,0.9374145006839946,0.8380642954856361
cb_rnn,4,7,outgoing_bit,2,0.8771658946646079,0.8303311031051639
cb_rnn,4,7,outgoing_bit,3,0.8638663967611336,0.7412280701754386
cb_rnn,4,7,outgoing_bit,4,0.9482229047827995,0.7849934181658622
cb_rnn,4,7,outgoing_bit,5,0.7928475033738192,0.6747638326585695
cb_rnn,4,7,outgoing_bit,6,0.866891891891892,0.7601351351351351
cb_rnn,4,7,outgoing_bit,7,0.9020833333333332,0.7875
cb_rnn,4,7,outgoing_bit,8,0.8060941828254847,0.6897506925207757
cb_rnn,4,7,outgoing_bit,9,0.9583333333333333,0.8638888888888889
cb_rnn,4,7,outgoing_bit,10,0.925,0.8
cb_rnn,4,7,outgoing_bit,11,0.9527777777777777,0.8472222222222222
cb_rnn,4,7,outgoing_bit,12,0.7333333333333334,0.6333333333333333
cb_rnn,4,7,outgoing_bit,13,0.6309523809523809,0.2738095238095238
cb_rnn,4,7,outgoing_bit,14,,
cb_rnn,4,7,outgoing_bit,15,,
cb_rnn,4,7,outgoing_bit,16,,
cb_rnn,4,7,outgoing_bit,17,,
cb_rnn,4,7,outgoing_bit,18,,
cb_rnn,4,7,outgoing_bit,19,,
cb_rnn,4,7,outgoing_bit,20,,
cb_rnn,4,7,next_parity,0,,
cb_rnn,4,7,next_parity,1,0.40508261494252873,0.4269935344827586
cb_rnn,4,7,next_parity,2,0.49759821581746444,0.445959855892949
cb_rnn,4,7,next_parity,3,0.5431771545827633,0.599093707250342
cb_rnn,4,7,next_parity,4,0.54371723321495,0.5171655673938779
cb_rnn,4,7,next_parity,5,0.4879742547425475,0.5267615176151762
cb_rnn,4,7,next_parity,6,0.466884531590414,0.48779956427015253
cb_rnn,4,7,next_parity,7,0.5792517006802722,0.5704081632653061
cb_rnn,4,7,next_parity,8,0.503125,0.5684027777777778
cb_rnn,4,7,next_parity,9,0.5796070460704608,0.5640243902439025
cb_rnn,4,7,next_parity,10,0.47922437673130197,0.368421052631579
cb_rnn,4,7,next_parity,11,0.5434173669467788,0.5966386554621849
cb_rnn,4,7,next_parity,12,0.4347826086956522,0.4927536231884058
cb_rnn,4,7,next_parity,13,0.6988795518207283,0.7801120448179272
cb_rnn,4,7,next_parity,14,0.581159420289855,0.5028985507246377
cb_rnn,4,7,next_parity,15,0.43333333333333335,0.5
cb_rnn,4,7,next_parity,16,,
cb_rnn,4,7,next_parity,17,,
cb_rnn,4,7,next_parity,18,,
cb_rnn,4,7,next_parity,19,,
cb_rnn,4,7,next_parity,20,,
cb_rnn,4,8,incoming_bit,0,1.0,1.0
cb_rnn,4,8,incoming_bit,1,1.0,1.0
cb_rnn,4,8,incoming_bit,2,1.0,1.0
cb_rnn,4,8,incoming_bit,3,1.0,1.0
cb_rnn,4,8,incoming_bit,4,1.0,1.0
cb_rnn,4,8,incoming_bit,5,1.0,1.0
cb_rnn,4,8,incoming_bit,6,1.0,1.0
cb_rnn,4,8,incoming_bit,7,1.0,1.0
cb_rnn,4,8,incoming_bit,8,1.0,1.0
cb_rnn,4,8,incoming_bit,9,0.9999999999999999,1.0
cb_rnn,4,8,incoming_bit,10,1.0,1.0
cb_rnn,4,8,incoming_bit,11,1.0,1.0
cb_rnn,4,8,incoming_bit,12,1.0,1.0
cb_rnn,4,8,incoming_bit,13,1.0,1.0
cb_rnn,4,8,incoming_bit,14,1.0,1.0
cb_rnn,4,8,incoming_bit,15,1.0,1.0
cb_rnn,4,8,incoming_bit,16,1.0,1.0
cb_rnn,4,8,incoming_bit,17,1.0,1.0
cb_rnn,4,8,incoming_bit,18,1.0,1.0
cb_rnn,4,8,incoming_bit,19,1.0,1.0
cb_rnn,4,8,incoming_bit,20,1.0,1.0
cb_rnn,4,8,incoming_bit,21,1.0,1.0
cb_rnn,4,8,outgoing_bit,0,0.8301282051282051,0.8210188933873144
cb_rnn,4,8,outgoing_bit,1,0.8802364864864864,0.8398648648648649
cb_rnn,4,8,outgoing_bit,2,0.8601551956815116,0.7503373819163293
cb_rnn,4,8,outgoing_bit,3,0.870578231292517,0.7753401360544218
cb_rnn,4,8,outgoing_bit,4,0.7894736842105263,0.7543859649122807
cb_rnn,4,8,outgoing_bit,5,0.8554054054054054,0.7614864864864865
cb_rnn,4,8,outgoing_bit,6,0.8932968536251711,0.8488372093023255
cb_rnn,4,8,outgoing_bit,7,0.908344733242134,0.8303693570451437
cb_rnn,4,8,outgoing_bit,8,0.7130434782608696,0.7623188405797101
cb_rnn,4,8,outgoing_bit,9,0.7944444444444445,0.7472222222222222
cb_rnn,4,8,outgoing_bit,10,0.8319327731092437,0.6106442577030813
cb_rnn,4,8,outgoing_bit,11,0.9652173913043478,0.7884057971014493
cb_rnn,4,8,outgoing_bit,12,0.742296918767507,0.6274509803921569
cb_rnn,4,8,outgoing_bit,13,0.7333333333333333,0.6666666666666667
cb_rnn,4,8,outgoing_bit,14,,
cb_rnn,4,8,outgoing_bit,15,,
cb_rnn,4,8,outgoing_bit,16,,
cb_rnn,4,8,outgoing_bit,17,,
cb_rnn,4,8,outgoing_bit,18,,
cb_rnn,4,8,outgoing_bit,19,,
cb_rnn,4,8,outgoing_bit,20,,
cb_rnn,4,8,outgoing_bit,21,,
cb_rnn,4,8,next_parity,0,,
cb_rnn,4,8,next_parity,1,0.49940476190476196,0.5228741496598639
cb_rnn,4,8,next_parity,2,0.48622448979591837,0.5015306122448979
cb_rnn,4,8,next_parity,3,0.5375844594594594,0.536402027027027
cb_rnn,4,8,next_parity,4,0.4425813008130081,0.4495257452574526
cb_rnn,4,8,next_parity,5,0.5612244897959183,0.5062925170068027
cb_rnn,4,8,next_parity,6,0.45105820105820105,0.4201940035273368
cb_rnn,4,8,next_parity,7,0.44027777777777777,0.41666666666666663
cb_rnn,4,8,next_parity,8,0.6125170998632011,0.5461696306429549
cb_rnn,4,8,next_parity,9,0.5361486486486486,0.5874999999999999
cb_rnn,4,8,next_parity,10,0.5844875346260388,0.5623268698060941
cb_rnn,4,8,next_parity,11,0.40896358543417366,0.5182072829131652
cb_rnn,4,8,next_parity,12,0.4472222222222222,0.525
cb_rnn,4,8,next_parity,13,0.5210084033613445,0.6022408963585434
cb_rnn,4,8,next_parity,14,0.4840579710144927,0.5681159420289854
cb_rnn,4,8,next_parity,15,0.5227272727272727,0.4772727272727273
cb_rnn,4,8,next_parity,16,,
cb_rnn,4,8,next_parity,17,,
cb_rnn,4,8,next_parity,18,,
cb_rnn,4,8,next_parity,19,,
cb_rnn,4,8,next_parity,20,,
cb_rnn,4,8,next_parity,21,,
cb_rnn,4,9,incoming_bit,0,1.0,1.0
cb_rnn,4,9,incoming_bit,1,1.0,1.0
cb_rnn,4,9,incoming_bit,2,1.0,1.0
cb_rnn,4,9,incoming_bit,3,1.0,1.0
cb_rnn,4,9,incoming_bit,4,1.0,1.0
cb_rnn,4,9,incoming_bit,5,1.0,1.0
cb_rnn,4,9,incoming_bit,6,1.0,1.0
cb_rnn,4,9,incoming_bit,7,1.0,1.0
cb_rnn,4,9,incoming_bit,8,1.0,1.0
cb_rnn,4,9,incoming_bit,9,1.0,1.0
cb_rnn,4,9,incoming_bit,10,1.0,1.0
cb_rnn,4,9,incoming_bit,11,1.0,1.0
cb_rnn,4,9,incoming_bit,12,1.0,1.0
cb_rnn,4,9,incoming_bit,13,1.0,1.0
cb_rnn,4,9,incoming_bit,14,1.0,0.9999999999999999
cb_rnn,4,9,incoming_bit,15,1.0,1.0
cb_rnn,4,9,incoming_bit,16,1.0,1.0
cb_rnn,4,9,incoming_bit,17,1.0,1.0
cb_rnn,4,9,incoming_bit,18,1.0,1.0
cb_rnn,4,9,incoming_bit,19,1.0,1.0
cb_rnn,4,9,incoming_bit,20,1.0,1.0
cb_rnn,4,9,incoming_bit,21,1.0,1.0
cb_rnn,4,9,incoming_bit,22,1.0,1.0
cb_rnn,4,9,outgoing_bit,0,0.8201013513513513,0.7211148648648649
cb_rnn,4,9,outgoing_bit,1,0.8821241332656858,0.6981227803145611
cb_rnn,4,9,outgoing_bit,2,0.8891139240506329,0.670717299578059
cb_rnn,4,9,outgoing_bit,3,0.8825725436959104,0.7305277447819447
cb_rnn,4,9,outgoing_bit,4,0.8443458980044346,0.6776053215077606
cb_rnn,4,9,outgoing_bit,5,0.771680216802168,0.6551490514905149
cb_rnn,4,9,outgoing_bit,6,0.7326388888888888,0.6659722222222222
cb_rnn,4,9,outgoing_bit,7,0.8704453441295547,0.7118758434547908
cb_rnn,4,9,outgoing_bit,8,0.8202898550724638,0.7507246376811594
cb_rnn,4,9,outgoing_bit,9,0.834733893557423,0.7927170868347339
cb_rnn,4,9,outgoing_bit,10,0.6274509803921569,0.5630252100840336
cb_rnn,4,9,outgoing_bit,11,0.782608695652174,0.6376811594202899
cb_rnn,4,9,outgoing_bit,12,0.5681159420289855,0.42028985507246375
cb_rnn,4,9,outgoing_bit,13,0.8666666666666667,0.711111111111111
cb_rnn,4,9,outgoing_bit,14,,
cb_rnn,4,9,outgoing_bit,15,,
cb_rnn,4,9,outgoing_bit,16,,
cb_rnn,4,9,outgoing_bit,17,,
cb_rnn,4,9,outgoing_bit,18,,
cb_rnn,4,9,outgoing_bit,19,,
cb_rnn,4,9,outgoing_bit,20,,
cb_rnn,4,9,outgoing_bit,21,,
cb_rnn,4,9,outgoing_bit,22,,
cb_rnn,4,9,next_parity,0,,
cb_rnn,4,9,next_parity,1,0.5372448979591837,0.5746598639455782
cb_rnn,4,9,next_parity,2,0.5403348554033486,0.5083713850837138
cb_rnn,4,9,next_parity,3,0.5541385135135135,0.4744087837837837
cb_rnn,4,9,next_parity,4,0.5231630748345495,0.4692007466485661
cb_rnn,4,9,next_parity,5,0.43852040816326526,0.4687925170068027
cb_rnn,4,9,next_parity,6,0.47777777777777786,0.4751633986928105
cb_rnn,4,9,next_parity,7,0.5355677154582763,0.5465116279069766
cb_rnn,4,9,next_parity,8,0.4845722300140252,0.5287517531556802
cb_rnn,4,9,next_parity,9,0.49110807113543087,0.5827633378932968
cb_rnn,4,9,next_parity,10,0.6492307692307693,0.4461538461538462
cb_rnn,4,9,next_parity,11,0.5574229691876751,0.5574229691876751
cb_rnn,4,9,next_parity,12,0.5113636363636364,0.5369318181818181
cb_rnn,4,9,next_parity,13,0.5444444444444444,0.6861111111111111
cb_rnn,4,9,next_parity,14,0.4579710144927537,0.45507246376811594
cb_rnn,4,9,next_parity,15,0.5388888888888889,0.5611111111111111
cb_rnn,4,9,next_parity,16,,
cb_rnn,4,9,next_parity,17,,
cb_rnn,4,9,next_parity,18,,
cb_rnn,4,9,next_parity,19,,
cb_rnn,4,9,next_parity,20,,
cb_rnn,4,9,next_parity,21,,
cb_rnn,4,9,next_parity,22,,
cb_rnn,4,10,incoming_bit,0,1.0,1.0
cb_rnn,4,10,incoming_bit,1,1.0,1.0
cb_rnn,4,10,incoming_bit,2,1.0,1.0
cb_rnn,4,10,incoming_bit,3,1.0,1.0
cb_rnn,4,10,incoming_bit,4,1.0,1.0
cb_rnn,4,10,incoming_bit,5,1.0,1.0
cb_rnn,4,10,incoming_bit,6,1.0,1.0
cb_rnn,4,10,incoming_bit,7,1.0,1.0
cb_rnn,4,10,incoming_bit,8,1.0,1.0
cb_rnn,4,10,incoming_bit,9,1.0,1.0
cb_rnn,4,10,incoming_bit,10,1.0,1.0
cb_rnn,4,10,incoming_bit,11,1.0,1.0
cb_rnn,4,10,incoming_bit,12,1.0,1.0
cb_rnn,4,10,incoming_bit,13,1.0,1.0
cb_rnn,4,10,incoming_bit,14,1.0,1.0
cb_rnn,4,10,incoming_bit,15,1.0,1.0
cb_rnn,4,10,incoming_bit,16,1.0,1.0
cb_rnn,4,10,incoming_bit,17,1.0,1.0
cb_rnn,4,10,incoming_bit,18,1.0,1.0
cb_rnn,4,10,incoming_bit,19,1.0,1.0
cb_rnn,4,10,incoming_bit,20,1.0,1.0
cb_rnn,4,10,incoming_bit,21,1.0,1.0
cb_rnn,4,10,incoming_bit,22,1.0,1.0
cb_rnn,4,10,incoming_bit,23,1.0,1.0
cb_rnn,4,10,incoming_bit,24,1.0,1.0
cb_rnn,4,10,incoming_bit,25,1.0,1.0
cb_rnn,4,10,incoming_bit,26,1.0,1.0
cb_rnn,4,10,incoming_bit,27,1.0,1.0
cb_rnn,4,10,incoming_bit,28,1.0,1.0
cb_rnn,4,10,incoming_bit,29,1.0,1.0
cb_rnn,4,10,incoming_bit,30,1.0,1.0
cb_rnn,4,10,incoming_bit,31,1.0,1.0
cb_rnn,4,10,incoming_bit,32,1.0,1.0
cb_rnn,4,10,incoming_bit,33,1.0,1.0
cb_rnn,4,10,incoming_bit,34,0.9444444444444444,1.0
cb_rnn,4,10,incoming_bit,35,1.0,1.0
cb_rnn,4,10,incoming_bit,36,1.0,1.0
cb_rnn,4,10,incoming_bit,37,1.0,1.0
cb_rnn,4,10,incoming_bit,38,1.0,1.0
cb_rnn,4,10,incoming_bit,39,1.0,1.0
cb_rnn,4,10,incoming_bit,40,1.0,1.0
cb_rnn,4,10,outgoing_bit,0,0.8718818937722722,0.7033768878330222
cb_rnn,4,10,outgoing_bit,1,0.8689312060387716,0.7641104820723966
cb_rnn,4,10,outgoing_bit,2,0.8748520209707424,0.7588364620328091
cb_rnn,4,10,outgoing_bit,3,0.8315575849822425,0.6724167089463893
cb_rnn,4,10,outgoing_bit,4,0.8184578020643595,0.6909532483302975
cb_rnn,4,10,outgoing_bit,5,0.8344402277039848,0.74146110056926
cb_rnn,4,10,outgoing_bit,6,0.7618006993006994,0.6708916083916083
cb_rnn,4,10,outgoing_bit,7,0.8278867102396514,0.6880174291938999
cb_rnn,4,10,outgoing_bit,8,0.8387878787878789,0.7951515151515152
cb_rnn,4,10,outgoing_bit,9,0.7902187902187902,0.637065637065637
cb_rnn,4,10,outgoing_bit,10,0.8654761904761905,0.7333333333333333
cb_rnn,4,10,outgoing_bit,11,0.7757575757575758,0.686060606060606
cb_rnn,4,10,outgoing_bit,12,0.8173076923076923,0.7908653846153846
cb_rnn,4,10,outgoing_bit,13,0.6526610644257703,0.7282913165266106
cb_rnn,4,10,outgoing_bit,14,0.6222222222222222,0.4666666666666667
cb_rnn,4,10,outgoing_bit,15,0.7666666666666666,0.6111111111111112
cb_rnn,4,10,outgoing_bit,16,0.8666666666666667,0.7222222222222222
cb_rnn,4,10,outgoing_bit,17,0.45238095238095244,0.5833333333333333
cb_rnn,4,10,outgoing_bit,18,0.7272727272727273,0.75
cb_rnn,4,10,outgoing_bit,19,0.7777777777777778,0.7111111111111111
cb_rnn,4,10,outgoing_bit,20,0.8888888888888888,0.48888888888888893
cb_rnn,4,10,outgoing_bit,21,0.6931818181818181,0.6477272727272727
cb_rnn,4,10,outgoing_bit,22,0.75,0.7159090909090909
cb_rnn,4,10,outgoing_bit,23,0.8777777777777778,0.8222222222222222
cb_rnn,4,10,outgoing_bit,24,0.6888888888888889,0.6666666666666667
cb_rnn,4,10,outgoing_bit,25,0.8295454545454546,0.6363636363636364
cb_rnn,4,10,outgoing_bit,26,0.7666666666666666,0.7333333333333334
cb_rnn,4,10,outgoing_bit,27,0.7727272727272727,0.4090909090909091
cb_rnn,4,10,outgoing_bit,28,0.9333333333333333,0.9833333333333334
cb_rnn,4,10,outgoing_bit,29,0.8750000000000001,0.9659090909090908
cb_rnn,4,10,outgoing_bit,30,0.6111111111111112,0.5555555555555556
cb_rnn,4,10,outgoing_bit,31,,
cb_rnn,4,10,outgoing_bit,32,,
cb_rnn,4,10,outgoing_bit,33,,
cb_rnn,4,10,outgoing_bit,34,,
cb_rnn,4,10,outgoing_bit,35,,
cb_rnn,4,10,outgoing_bit,36,,
cb_rnn,4,10,outgoing_bit,37,,
cb_rnn,4,10,outgoing_bit,38,,
cb_rnn,4,10,outgoing_bit,39,,
cb_rnn,4,10,outgoing_bit,40,,
cb_rnn,4,10,next_parity,0,,
cb_rnn,4,10,next_parity,1,0.4804421768707483,0.4760204081632653
cb_rnn,4,10,next_parity,2,0.5094594594594595,0.5347972972972973
cb_rnn,4,10,next_parity,3,0.47227961432506893,0.47365702479338845
cb_rnn,4,10,next_parity,4,0.4463893116861154,0.4252494503636057
cb_rnn,4,10,next_parity,5,0.44705578512396693,0.49251033057851235
cb_rnn,4,10,next_parity,6,0.5010651247717589,0.4359403530127815
cb_rnn,4,10,next_parity,7,0.6119929453262786,0.6626984126984128
cb_rnn,4,10,next_parity,8,0.5202821869488536,0.4982363315696649
cb_rnn,4,10,next_parity,9,0.46304347826086956,0.5630434782608695
cb_rnn,4,10,next_parity,10,0.4795673076923077,0.41225961538461536
cb_rnn,4,10,next_parity,11,0.3793103448275862,0.41022592152199766
cb_rnn,4,10,next_parity,12,0.5862068965517242,0.5338882282996433
cb_rnn,4,10,next_parity,13,0.4154411764705883,0.39215686274509803
cb_rnn,4,10,next_parity,14,0.5108173076923077,0.5817307692307692
cb_rnn,4,10,next_parity,15,0.39635854341736704,0.4495798319327731
cb_rnn,4,10,next_parity,16,0.4222222222222222,0.38888888888888884
cb_rnn,4,10,next_parity,17,0.4,0.4888888888888888
cb_rnn,4,10,next_parity,18,0.4444444444444444,0.5666666666666667
cb_rnn,4,10,next_parity,19,0.2888888888888889,0.2666666666666667
cb_rnn,4,10,next_parity,20,0.4090909090909091,0.375
cb_rnn,4,10,next_parity,21,0.45238095238095244,0.3571428571428572
cb_rnn,4,10,next_parity,22,0.4444444444444444,0.28888888888888886
cb_rnn,4,10,next_parity,23,0.7333333333333333,0.5222222222222223
cb_rnn,4,10,next_parity,24,0.5777777777777777,0.7333333333333334
cb_rnn,4,10,next_parity,25,0.5833333333333334,0.3928571428571429
cb_rnn,4,10,next_parity,26,0.43333333333333335,0.5111111111111111
cb_rnn,4,10,next_parity,27,0.34444444444444444,0.4666666666666667
cb_rnn,4,10,next_parity,28,0.4555555555555555,0.4777777777777778
cb_rnn,4,10,next_parity,29,0.5795454545454546,0.6704545454545454
cb_rnn,4,10,next_parity,30,0.6666666666666666,0.7564102564102564
cb_rnn,4,10,next_parity,31,0.38636363636363635,0.375
cb_rnn,4,10,next_parity,32,0.45454545454545453,0.3522727272727273
cb_rnn,4,10,next_parity,33,,
cb_rnn,4,10,next_parity,34,,
cb_rnn,4,10,next_parity,35,,
cb_rnn,4,10,next_parity,36,,
cb_rnn,4,10,next_parity,37,,
cb_rnn,4,10,next_parity,38,,
cb_rnn,4,10,next_parity,39,,
cb_rnn,4,10,next_parity,40,,
cb_rnn,4,11,incoming_bit,0,1.0,1.0
cb_rnn,4,11,incoming_bit,1,0.987668918918919,1.0
cb_rnn,4,11,incoming_bit,2,1.0,1.0
cb_rnn,4,11,incoming_bit,3,1.0,1.0
cb_rnn,4,11,incoming_bit,4,1.0,1.0
cb_rnn,4,11,incoming_bit,5,1.0,1.0
cb_rnn,4,11,incoming_bit,6,1.0,1.0
cb_rnn,4,11,incoming_bit,7,1.0,1.0
cb_rnn,4,11,incoming_bit,8,0.9999999999999999,1.0
cb_rnn,4,11,incoming_bit,9,1.0,1.0
cb_rnn,4,11,incoming_bit,10,1.0,1.0
cb_rnn,4,11,incoming_bit,11,1.0,1.0
cb_rnn,4,11,incoming_bit,12,1.0,1.0
cb_rnn,4,11,incoming_bit,13,1.0,1.0
cb_rnn,4,11,incoming_bit,14,0.9999999999999999,1.0
cb_rnn,4,11,incoming_bit,15,0.9925892656635975,1.0
cb_rnn,4,11,incoming_bit,16,1.0,1.0
cb_rnn,4,11,incoming_bit,17,1.0,1.0
cb_rnn,4,11,incoming_bit,18,1.0,1.0
cb_rnn,4,11,incoming_bit,19,1.0,1.0
cb_rnn,4,11,incoming_bit,20,1.0,1.0
cb_rnn,4,11,incoming_bit,21,1.0,0.9951515151515151
cb_rnn,4,11,incoming_bit,22,1.0,0.9934426229508196
cb_rnn,4,11,incoming_bit,23,1.0,1.0
cb_rnn,4,11,incoming_bit,24,1.0,1.0
cb_rnn,4,11,incoming_bit,25,1.0,1.0
cb_rnn,4,11,incoming_bit,26,1.0,1.0
cb_rnn,4,11,incoming_bit,27,1.0,1.0
cb_rnn,4,11,incoming_bit,28,1.0,1.0
cb_rnn,4,11,incoming_bit,29,1.0,1.0
cb_rnn,4,11,incoming_bit,30,1.0,1.0
cb_rnn,4,11,incoming_bit,31,1.0,1.0
cb_rnn,4,11,incoming_bit,32,1.0,1.0
cb_rnn,4,11,incoming_bit,33,1.0,1.0
cb_rnn,4,11,incoming_bit,34,1.0,1.0
cb_rnn,4,11,incoming_bit,35,1.0,1.0
cb_rnn,4,11,incoming_bit,36,1.0,1.0
cb_rnn,4,11,incoming_bit,37,1.0,1.0
cb_rnn,4,11,incoming_bit,38,1.0,1.0
cb_rnn,4,11,incoming_bit,39,1.0,1.0
cb_rnn,4,11,incoming_bit,40,1.0,1.0
cb_rnn,4,11,incoming_bit,41,1.0,1.0
cb_rnn,4,11,incoming_bit,42,1.0,1.0
cb_rnn,4,11,incoming_bit,43,1.0,1.0
cb_rnn,4,11,outgoing_bit,0,0.8271959459459459,0.7222972972972973
cb_rnn,4,11,outgoing_bit,1,0.8165620227388426,0.7062616663838452
cb_rnn,4,11,outgoing_bit,2,0.83307757885763,0.696845694799659
cb_rnn,4,11,outgoing_bit,3,0.8375677506775068,0.7022357723577235
cb_rnn,4,11,outgoing_bit,4,0.8868092691622104,0.7613636363636364
cb_rnn,4,11,outgoing_bit,5,0.8091415830546265,0.7250836120401337
cb_rnn,4,11,outgoing_bit,6,0.8230286738351255,0.7155017921146954
cb_rnn,4,11,outgoing_bit,7,0.8611670020120724,0.7230046948356808
cb_rnn,4,11,outgoing_bit,8,0.8503339404978749,0.7122040072859745
cb_rnn,4,11,outgoing_bit,9,0.87318401937046,0.773910411622276
cb_rnn,4,11,outgoing_bit,10,0.8121890547263682,0.7493781094527363
cb_rnn,4,11,outgoing_bit,11,0.8496503496503497,0.6866258741258742
cb_rnn,4,11,outgoing_bit,12,0.795049934867564,0.6178897090751194
cb_rnn,4,11,outgoing_bit,13,0.8162692847124824,0.7741935483870968
cb_rnn,4,11,outgoing_bit,14,0.7892156862745098,0.803921568627451
cb_rnn,4,11,outgoing_bit,15,0.8124253285543608,0.7359617682198327
cb_rnn,4,11,outgoing_bit,16,0.8713942307692308,0.7475961538461539
cb_rnn,4,11,outgoing_bit,17,0.7574316290130797,0.713436385255648
cb_rnn,4,11,outgoing_bit,18,0.7535014005602241,0.8207282913165266
cb_rnn,4,11,outgoing_bit,19,0.7590027700831025,0.6786703601108033
cb_rnn,4,11,outgoing_bit,20,0.7115384615384616,0.7083333333333334
cb_rnn,4,11,outgoing_bit,21,0.8095238095238095,0.6577380952380952
cb_rnn,4,11,outgoing_bit,22,0.6583333333333333,0.725
cb_rnn,4,11,outgoing_bit,23,0.8295454545454546,0.8409090909090908
cb_rnn,4,11,outgoing_bit,24,0.7444444444444445,0.6444444444444444
cb_rnn,4,11,outgoing_bit,25,0.6477272727272727,0.6818181818181818
cb_rnn,4,11,outgoing_bit,26,0.6285714285714286,0.4571428571428571
cb_rnn,4,11,outgoing_bit,27,0.5,0.5444444444444445
cb_rnn,4,11,outgoing_bit,28,0.6136363636363636,0.7159090909090909
cb_rnn,4,11,outgoing_bit,29,0.4615384615384615,0.24358974358974358
cb_rnn,4,11,outgoing_bit,30,0.7142857142857142,0.6666666666666667
cb_rnn,4,11,outgoing_bit,31,0.5340909090909091,0.5681818181818181
cb_rnn,4,11,outgoing_bit,32,0.4444444444444444,0.3444444444444444
cb_rnn,4,11,outgoing_bit,33,,
cb_rnn,4,11,outgoing_bit,34,,
cb_rnn,4,11,outgoing_bit,35,,
cb_rnn,4,11,outgoing_bit,36,,
cb_rnn,4,11,outgoing_bit,37,,
cb_rnn,4,11,outgoing_bit,38,,
cb_rnn,4,11,outgoing_bit,39,,
cb_rnn,4,11,outgoing_bit,40,,
cb_rnn,4,11,outgoing_bit,41,,
cb_rnn,4,11,outgoing_bit,42,,
cb_rnn,4,11,outgoing_bit,43,,
cb_rnn,4,11,next_parity,0,,
cb_rnn,4,11,next_parity,1,0.5295112464062237,0.5290038897344833
cb_rnn,4,11,next_parity,2,0.5313715542026044,0.476069676982919
cb_rnn,4,11,next_parity,3,0.4835034013605442,0.4362244897959183
cb_rnn,4,11,next_parity,4,0.5635443037974683,0.5338396624472573
cb_rnn,4,11,next_parity,5,0.5247257383966244,0.5058227848101265
cb_rnn,4,11,next_parity,6,0.5754464285714286,0.5459821428571429
cb_rnn,4,11,next_parity,7,0.48843012704174227,0.5120235934664247
cb_rnn,4,11,next_parity,8,0.5583333333333335,0.6313063063063062
cb_rnn,4,11,next_parity,9,0.5076923076923077,0.5232998885172798
cb_rnn,4,11,next_parity,10,0.5584848484848485,0.576969696969697
cb_rnn,4,11,next_parity,11,0.5474894131881428,0.5051421657592257
cb_rnn,4,11,next_parity,12,0.5193587416817907,0.48033877797943125
cb_rnn,4,11,next_parity,13,0.4880174291938998,0.4862745098039216
cb_rnn,4,11,next_parity,14,0.4003496503496503,0.4169580419580419
cb_rnn,4,11,next_parity,15,0.6012396694214875,0.5640495867768595
cb_rnn,4,11,next_parity,16,0.38136645962732924,0.4012422360248447
cb_rnn,4,11,next_parity,17,0.5945303210463734,0.4708680142687277
cb_rnn,4,11,next_parity,18,0.662878787878788,0.5202020202020202
cb_rnn,4,11,next_parity,19,0.3579072532699168,0.3329369797859691
cb_rnn,4,11,next_parity,20,0.6022408963585435,0.495798319327731
cb_rnn,4,11,next_parity,21,0.6177285318559557,0.6066481994459834
cb_rnn,4,11,next_parity,22,0.42471590909090906,0.40198863636363635
cb_rnn,4,11,next_parity,23,0.49019607843137253,0.4677871148459384
cb_rnn,4,11,next_parity,24,0.5029761904761905,0.4523809523809524
cb_rnn,4,11,next_parity,25,0.4431818181818182,0.4431818181818181
cb_rnn,4,11,next_parity,26,0.4444444444444444,0.3888888888888889
cb_rnn,4,11,next_parity,27,0.5909090909090909,0.5681818181818181
cb_rnn,4,11,next_parity,28,0.4111111111111111,0.3222222222222222
cb_rnn,4,11,next_parity,29,0.29545454545454547,0.3977272727272727
cb_rnn,4,11,next_parity,30,0.369047619047619,0.40476190476190477
cb_rnn,4,11,next_parity,31,0.358974358974359,0.5
cb_rnn,4,11,next_parity,32,0.5909090909090909,0.6022727272727273
cb_rnn,4,11,next_parity,33,0.5681818181818182,0.5454545454545454
cb_rnn,4,11,next_parity,34,0.32857142857142857,0.21428571428571427
cb_rnn,4,11,next_parity,35,,
cb_rnn,4,11,next_parity,36,,
cb_rnn,4,11,next_parity,37,,
cb_rnn,4,11,next_parity,38,,
cb_rnn,4,11,next_parity,39,,
cb_rnn,4,11,next_parity,40,,
cb_rnn,4,11,next_parity,41,,
cb_rnn,4,11,next_parity,42,,
cb_rnn,4,11,next_parity,43,,
cb_rnn,4,12,incoming_bit,0,1.0,1.0
cb_rnn,4,12,incoming_bit,1,0.9882352941176471,1.0
cb_rnn,4,12,incoming_bit,2,1.0,1.0
cb_rnn,4,12,incoming_bit,3,1.0,1.0
cb_rnn,4,12,incoming_bit,4,1.0,1.0
cb_rnn,4,12,incoming_bit,5,1.0,1.0
cb_rnn,4,12,incoming_bit,6,1.0,1.0
cb_rnn,4,12,incoming_bit,7,1.0,1.0
cb_rnn,4,12,incoming_bit,8,0.9860544217687075,1.0
cb_rnn,4,12,incoming_bit,9,0.9876543209876543,1.0
cb_rnn,4,12,incoming_bit,10,1.0,1.0
cb_rnn,4,12,incoming_bit,11,1.0,1.0
cb_rnn,4,12,incoming_bit,12,1.0,1.0
cb_rnn,4,12,incoming_bit,13,1.0,1.0
cb_rnn,4,12,incoming_bit,14,1.0,1.0
cb_rnn,4,12,incoming_bit,15,1.0,1.0
cb_rnn,4,12,incoming_bit,16,1.0,1.0
cb_rnn,4,12,incoming_bit,17,1.0,0.9999999999999998
cb_rnn,4,12,incoming_bit,18,0.9838709677419355,1.0
cb_rnn,4,12,incoming_bit,19,1.0,1.0
cb_rnn,4,12,incoming_bit,20,1.0,1.0
cb_rnn,4,12,incoming_bit,21,1.0,1.0
cb_rnn,4,12,incoming_bit,22,1.0,1.0
cb_rnn,4,12,incoming_bit,23,1.0,1.0
cb_rnn,4,12,incoming_bit,24,1.0,1.0
cb_rnn,4,12,incoming_bit,25,1.0,1.0
cb_rnn,4,12,incoming_bit,26,1.0,1.0
cb_rnn,4,12,incoming_bit,27,1.0,1.0
cb_rnn,4,12,incoming_bit,28,1.0,1.0
cb_rnn,4,12,incoming_bit,29,1.0,1.0
cb_rnn,4,12,incoming_bit,30,1.0,1.0
cb_rnn,4,12,incoming_bit,31,1.0,1.0
cb_rnn,4,12,incoming_bit,32,1.0,1.0
cb_rnn,4,12,incoming_bit,33,1.0,1.0
cb_rnn,4,12,incoming_bit,34,1.0,1.0
cb_rnn,4,12,incoming_bit,35,1.0,1.0
cb_rnn,4,12,incoming_bit,36,1.0,1.0
cb_rnn,4,12,incoming_bit,37,1.0,1.0
cb_rnn,4,12,incoming_bit,38,1.0,1.0
cb_rnn,4,12,incoming_bit,39,1.0,1.0
cb_rnn,4,12,incoming_bit,40,1.0,1.0
cb_rnn,4,12,incoming_bit,41,1.0,1.0
cb_rnn,4,12,incoming_bit,42,1.0,1.0
cb_rnn,4,12,incoming_bit,43,0.9999999999999999,1.0
cb_rnn,4,12,incoming_bit,44,1.0,1.0
cb_rnn,4,12,incoming_bit,45,1.0,1.0
cb_rnn,4,12,incoming_bit,46,1.0,1.0
cb_rnn,4,12,incoming_bit,47,1.0,1.0
cb_rnn,4,12,incoming_bit,48,1.0,1.0
cb_rnn,4,12,outgoing_bit,0,0.8059573002754821,0.6270661157024794
cb_rnn,4,12,outgoing_bit,1,0.79693094629156,0.7063938618925832
cb_rnn,4,12,outgoing_bit,2,0.8318958227634027,0.7363436495856587
cb_rnn,4,12,outgoing_bit,3,0.7810391363022943,0.701923076923077
cb_rnn,4,12,outgoing_bit,4,0.85177733065057,0.780907668231612
cb_rnn,4,12,outgoing_bit,5,0.8234113712374581,0.6445930880713489
cb_rnn,4,12,outgoing_bit,6,0.7549019607843137,0.7533422459893049
cb_rnn,4,12,outgoing_bit,7,0.7623188405797101,0.6200668896321071
cb_rnn,4,12,outgoing_bit,8,0.7876496534341524,0.7545683679899181
cb_rnn,4,12,outgoing_bit,9,0.8730979914790018,0.6959829580036518
cb_rnn,4,12,outgoing_bit,10,0.7870538415003026,0.7326073805202662
cb_rnn,4,12,outgoing_bit,11,0.7884031572556162,0.6478445658773527
cb_rnn,4,12,outgoing_bit,12,0.7781862745098039,0.6544117647058824
cb_rnn,4,12,outgoing_bit,13,0.8081597222222222,0.7274305555555556
cb_rnn,4,12,outgoing_bit,14,0.7272108843537415,0.717687074829932
cb_rnn,4,12,outgoing_bit,15,0.8231292517006803,0.6557823129251701
cb_rnn,4,12,outgoing_bit,16,0.8252361673414305,0.689608636977058
cb_rnn,4,12,outgoing_bit,17,0.8387755102040816,0.7346938775510204
cb_rnn,4,12,outgoing_bit,18,0.7112010796221323,0.6187584345479082
cb_rnn,4,12,outgoing_bit,19,0.7655826558265583,0.6829268292682927
cb_rnn,4,12,outgoing_bit,20,0.8391891891891892,0.7837837837837838
cb_rnn,4,12,outgoing_bit,21,0.88843537414966,0.7476190476190476
cb_rnn,4,12,outgoing_bit,22,0.7422402159244265,0.6201079622132254
cb_rnn,4,12,outgoing_bit,23,0.7594850948509485,0.58739837398374
cb_rnn,4,12,outgoing_bit,24,0.7354925775978407,0.6558704453441295
cb_rnn,4,12,outgoing_bit,25,0.7816804407713499,0.7403581267217629
cb_rnn,4,12,outgoing_bit,26,0.8191632928475034,0.7921727395411606
cb_rnn,4,12,outgoing_bit,27,0.8044077134986226,0.7548209366391184
cb_rnn,4,12,outgoing_bit,28,0.7939189189189189,0.7074324324324325
cb_rnn,4,12,outgoing_bit,29,0.7165991902834008,0.6356275303643725
cb_rnn,4,12,outgoing_bit,30,0.7611336032388664,0.7368421052631579
cb_rnn,4,12,outgoing_bit,31,0.77710027100271,0.768970189701897
cb_rnn,4,12,outgoing_bit,32,0.7940379403794038,0.7289972899728997
cb_rnn,4,12,outgoing_bit,33,0.8406862745098039,0.6495098039215687
cb_rnn,4,12,outgoing_bit,34,0.6905615292712066,0.6535244922341696
cb_rnn,4,12,outgoing_bit,35,0.8714285714285714,0.6476190476190476
cb_rnn,4,12,outgoing_bit,36,0.6333333333333333,0.5222222222222223
cb_rnn,4,12,outgoing_bit,37,,
cb_rnn,4,12,outgoing_bit,38,,
cb_rnn,4,12,outgoing_bit,39,,
cb_rnn,4,12,outgoing_bit,40,,
cb_rnn,4,12,outgoing_bit,41,,
cb_rnn,4,12,outgoing_bit,42,,
cb_rnn,4,12,outgoing_bit,43,,
cb_rnn,4,12,outgoing_bit,44,,
cb_rnn,4,12,outgoing_bit,45,,
cb_rnn,4,12,outgoing_bit,46,,
cb_rnn,4,12,outgoing_bit,47,,
cb_rnn,4,12,outgoing_bit,48,,
cb_rnn,4,12,next_parity,0,,
cb_rnn,4,12,next_parity,1,0.42970464135021097,0.4735864978902953
cb_rnn,4,12,next_parity,2,0.5521694214876033,0.5244490358126722
cb_rnn,4,12,next_parity,3,0.46220192795535264,0.5134449518011162
cb_rnn,4,12,next_parity,4,0.534919028340081,0.488697705802969
cb_rnn,4,12,next_parity,5,0.4898648648648648,0.5248310810810811
cb_rnn,4,12,next_parity,6,0.4565508021390374,0.5138146167557932
cb_rnn,4,12,next_parity,7,0.6053511705685619,0.48004459308807135
cb_rnn,4,12,next_parity,8,0.49653476414039793,0.4527162977867203
cb_rnn,4,12,next_parity,9,0.5326746013923198,0.4841679766449584
cb_rnn,4,12,next_parity,10,0.5313451004260499,0.460438222763238
cb_rnn,4,12,next_parity,11,0.5804493017607771,0.5585913782635095
cb_rnn,4,12,next_parity,12,0.5006086427267195,0.4878271454656116
cb_rnn,4,12,next_parity,13,0.5253357753357754,0.37423687423687424
cb_rnn,4,12,next_parity,14,0.4856532356532356,0.4343711843711844
cb_rnn,4,12,next_parity,15,0.4837168910117238,0.5071645679548413
cb_rnn,4,12,next_parity,16,0.45896032831737343,0.48153214774281805
cb_rnn,4,12,next_parity,17,0.4187327823691461,0.4703856749311294
cb_rnn,4,12,next_parity,18,0.5537190082644629,0.459366391184573
cb_rnn,4,12,next_parity,19,0.5095238095238095,0.4625850340136055
cb_rnn,4,12,next_parity,20,0.5896032831737346,0.5239398084815321
cb_rnn,4,12,next_parity,21,0.4642356241234221,0.517531556802244
cb_rnn,4,12,next_parity,22,0.4708672086720867,0.4403794037940379
cb_rnn,4,12,next_parity,23,0.43581081081081086,0.5087837837837839
cb_rnn,4,12,next_parity,24,0.4794801641586867,0.42954856361149113
cb_rnn,4,12,next_parity,25,0.5149051490514904,0.5257452574525745
cb_rnn,4,12,next_parity,26,0.5162162162162163,0.4817567567567568
cb_rnn,4,12,next_parity,27,0.5354609929078014,0.5709219858156028
cb_rnn,4,12,next_parity,28,0.5562330623306233,0.5277777777777779
cb_rnn,4,12,next_parity,29,0.5156462585034014,0.4945578231292517
cb_rnn,4,12,next_parity,30,0.4695121951219512,0.45257452574525747
cb_rnn,4,12,next_parity,31,0.452027027027027,0.47972972972972966
cb_rnn,4,12,next_parity,32,0.5080971659919028,0.4736842105263158
cb_rnn,4,12,next_parity,33,0.38685636856368566,0.4525745257452574
cb_rnn,4,12,next_parity,34,0.5286774628879892,0.57085020242915
cb_rnn,4,12,next_parity,35,0.42413381123058547,0.5041816009557946
cb_rnn,4,12,next_parity,36,0.5817307692307693,0.5288461538461539
cb_rnn,4,12,next_parity,37,0.3954599761051374,0.3763440860215054
cb_rnn,4,12,next_parity,38,0.7444444444444445,0.7
cb_rnn,4,12,next_parity,39,,
cb_rnn,4,12,next_parity,40,,
cb_rnn,4,12,next_parity,41,,
cb_rnn,4,12,next_parity,42,,
cb_rnn,4,12,next_parity,43,,
cb_rnn,4,12,next_parity,44,,
cb_rnn,4,12,next_parity,45,,
cb_rnn,4,12,next_parity,46,,
cb_rnn,4,12,next_parity,47,,
cb_rnn,4,12,next_parity,48,,
cb_rnn,4,13,incoming_bit,0,1.0,1.0
cb_rnn,4,13,incoming_bit,1,1.0,1.0
cb_rnn,4,13,incoming_bit,2,1.0,1.0
cb_rnn,4,13,incoming_bit,3,1.0,1.0
cb_rnn,4,13,incoming_bit,4,1.0,1.0
cb_rnn,4,13,incoming_bit,5,1.0,1.0
cb_rnn,4,13,incoming_bit,6,1.0,1.0
cb_rnn,4,13,incoming_bit,7,1.0,1.0
cb_rnn,4,13,incoming_bit,8,1.0,1.0
cb_rnn,4,13,incoming_bit,9,1.0,1.0
cb_rnn,4,13,incoming_bit,10,1.0,1.0
cb_rnn,4,13,incoming_bit,11,1.0,1.0
cb_rnn,4,13,incoming_bit,12,1.0,1.0
cb_rnn,4,13,incoming_bit,13,1.0,1.0
cb_rnn,4,13,incoming_bit,14,1.0,1.0
cb_rnn,4,13,incoming_bit,15,0.9999999999999999,1.0
cb_rnn,4,13,incoming_bit,16,1.0,1.0
cb_rnn,4,13,incoming_bit,17,1.0,1.0
cb_rnn,4,13,incoming_bit,18,1.0,1.0
cb_rnn,4,13,incoming_bit,19,1.0,1.0
cb_rnn,4,13,incoming_bit,20,1.0,1.0
cb_rnn,4,13,incoming_bit,21,1.0,1.0
cb_rnn,4,13,incoming_bit,22,1.0,1.0
cb_rnn,4,13,incoming_bit,23,1.0,1.0
cb_rnn,4,13,incoming_bit,24,1.0,1.0
cb_rnn,4,13,incoming_bit,25,1.0,1.0
cb_rnn,4,13,incoming_bit,26,1.0,1.0
cb_rnn,4,13,incoming_bit,27,1.0,1.0
cb_rnn,4,13,incoming_bit,28,1.0,1.0
cb_rnn,4,13,incoming_bit,29,1.0,1.0
cb_rnn,4,13,incoming_bit,30,1.0,1.0
cb_rnn,4,13,incoming_bit,31,1.0,1.0
cb_rnn,4,13,incoming_bit,32,1.0,1.0
cb_rnn,4,13,incoming_bit,33,1.0,1.0
cb_rnn,4,13,incoming_bit,34,1.0,1.0
cb_rnn,4,13,incoming_bit,35,1.0,1.0
cb_rnn,4,13,incoming_bit,36,1.0,1.0
cb_rnn,4,13,incoming_bit,37,0.9926086956521739,1.0
cb_rnn,4,13,incoming_bit,38,1.0,1.0
cb_rnn,4,13,incoming_bit,39,1.0,1.0
cb_rnn,4,13,incoming_bit,40,1.0,1.0
cb_rnn,4,13,incoming_bit,41,1.0,1.0
cb_rnn,4,13,incoming_bit,42,1.0,1.0
cb_rnn,4,13,incoming_bit,43,1.0,1.0
cb_rnn,4,13,incoming_bit,44,1.0,0.9999999999999999
cb_rnn,4,13,incoming_bit,45,1.0,0.9999999999999999
cb_rnn,4,13,incoming_bit,46,1.0,1.0
cb_rnn,4,13,incoming_bit,47,1.0,1.0
cb_rnn,4,13,incoming_bit,48,1.0,1.0
cb_rnn,4,13,incoming_bit,49,1.0,1.0
cb_rnn,4,13,incoming_bit,50,1.0,1.0
cb_rnn,4,13,incoming_bit,51,1.0,1.0
cb_rnn,4,13,incoming_bit,52,1.0,1.0
cb_rnn,4,13,outgoing_bit,0,0.8410282428547269,0.6492474209369186
cb_rnn,4,13,outgoing_bit,1,0.8171768707482994,0.6784013605442177
cb_rnn,4,13,outgoing_bit,2,0.8348515519568152,0.6946693657219972
cb_rnn,4,13,outgoing_bit,3,0.7831081081081082,0.6055743243243243
cb_rnn,4,13,outgoing_bit,4,0.8775919732441471,0.778149386845039
cb_rnn,4,13,outgoing_bit,5,0.8469592336823346,0.6700824237023836
cb_rnn,4,13,outgoing_bit,6,0.8643048128342246,0.7339572192513371
cb_rnn,4,13,outgoing_bit,7,0.8595430107526882,0.6821236559139785
cb_rnn,4,13,outgoing_bit,8,0.8362590799031477,0.6271186440677967
cb_rnn,4,13,outgoing_bit,9,0.8233333333333333,0.6721212121212122
cb_rnn,4,13,outgoing_bit,10,0.8257575757575757,0.6484848484848484
cb_rnn,4,13,outgoing_bit,11,0.8186244674376141,0.7048082775410833
cb_rnn,4,13,outgoing_bit,12,0.9098360655737705,0.7459016393442622
cb_rnn,4,13,outgoing_bit,13,0.833030303030303,0.6996969696969696
cb_rnn,4,13,outgoing_bit,14,0.7582272926722248,0.7134708205353226
cb_rnn,4,13,outgoing_bit,15,0.8619192357794181,0.7720364741641338
cb_rnn,4,13,outgoing_bit,16,0.8465909090909092,0.6477272727272728
cb_rnn,4,13,outgoing_bit,17,0.775340061430452,0.621763931548925
cb_rnn,4,13,outgoing_bit,18,0.8055555555555556,0.6437389770723103
cb_rnn,4,13,outgoing_bit,19,0.7872340425531915,0.5940078158923144
cb_rnn,4,13,outgoing_bit,20,0.8134782608695652,0.7230434782608696
cb_rnn,4,13,outgoing_bit,21,0.8358929354980255,0.7187362878455463
cb_rnn,4,13,outgoing_bit,22,0.7620915032679738,0.5394335511982571
cb_rnn,4,13,outgoing_bit,23,0.7720364741641339,0.676943117672601
cb_rnn,4,13,outgoing_bit,24,0.8709960508995174,0.731461167178587
cb_rnn,4,13,outgoing_bit,25,0.7082608695652173,0.6408695652173914
cb_rnn,4,13,outgoing_bit,26,0.8613043478260869,0.7643478260869565
cb_rnn,4,13,outgoing_bit,27,0.7202614379084967,0.6518518518518519
cb_rnn,4,13,outgoing_bit,28,0.8287581699346406,0.6444444444444444
cb_rnn,4,13,outgoing_bit,29,0.7980943738656987,0.5989110707803992
cb_rnn,4,13,outgoing_bit,30,0.8636165577342048,0.7830065359477124
cb_rnn,4,13,outgoing_bit,31,0.8378260869565217,0.7039130434782609
cb_rnn,4,13,outgoing_bit,32,0.8347902097902098,0.6853146853146853
cb_rnn,4,13,outgoing_bit,33,0.8070175438596491,0.6167341430499326
cb_rnn,4,13,outgoing_bit,34,0.6763085399449037,0.459366391184573
cb_rnn,4,13,outgoing_bit,35,0.8114864864864865,0.6162162162162163
cb_rnn,4,13,outgoing_bit,36,0.65,0.6277777777777778
cb_rnn,4,13,outgoing_bit,37,0.4777777777777778,0.4888888888888889
cb_rnn,4,13,outgoing_bit,38,0.7777777777777778,0.4444444444444444
cb_rnn,4,13,outgoing_bit,39,0.5333333333333333,0.34444444444444455
cb_rnn,4,13,outgoing_bit,40,,
cb_rnn,4,13,outgoing_bit,41,,
cb_rnn,4,13,outgoing_bit,42,,
cb_rnn,4,13,outgoing_bit,43,,
cb_rnn,4,13,outgoing_bit,44,,
cb_rnn,4,13,outgoing_bit,45,,
cb_rnn,4,13,outgoing_bit,46,,
cb_rnn,4,13,outgoing_bit,47,,
cb_rnn,4,13,outgoing_bit,48,,
cb_rnn,4,13,outgoing_bit,49,,
cb_rnn,4,13,outgoing_bit,50,,
cb_rnn,4,13,outgoing_bit,51,,
cb_rnn,4,13,outgoing_bit,52,,
cb_rnn,4,13,next_parity,0,,
cb_rnn,4,13,next_parity,1,0.47713080168776373,0.6079324894514768
cb_rnn,4,13,next_parity,2,0.45070921985815604,0.41808510638297874
cb_rnn,4,13,next_parity,3,0.4610544217687075,0.40561224489795916
cb_rnn,4,13,next_parity,4,0.5691498387917868,0.5182419820125572
cb_rnn,4,13,next_parity,5,0.5251349527665318,0.4919028340080972
cb_rnn,4,13,next_parity,6,0.4358288770053476,0.47883244206773623
cb_rnn,4,13,next_parity,7,0.5464882943143813,0.5210702341137124
cb_rnn,4,13,next_parity,8,0.43335611756664394,0.42879927090453407
cb_rnn,4,13,next_parity,9,0.5230181899842803,0.540309903435886
cb_rnn,4,13,next_parity,10,0.5648484848484848,0.5312121212121212
cb_rnn,4,13,next_parity,11,0.5450870646766169,0.5597014925373135
cb_rnn,4,13,next_parity,12,0.593968253968254,0.5895238095238096
cb_rnn,4,13,next_parity,13,0.4984783931832014,0.436396835057821
cb_rnn,4,13,next_parity,14,0.5983061101028433,0.559588626739262
cb_rnn,4,13,next_parity,15,0.4760572139303482,0.48631840796019904
cb_rnn,4,13,next_parity,16,0.2945487860742098,0.47732478240952814
cb_rnn,4,13,next_parity,17,0.42869565217391303,0.4665217391304348
cb_rnn,4,13,next_parity,18,0.3978213507625273,0.5442265795206971
cb_rnn,4,13,next_parity,19,0.5411764705882353,0.5777777777777778
cb_rnn,4,13,next_parity,20,0.506993006993007,0.5563811188811189
cb_rnn,4,13,next_parity,21,0.5419018671298307,0.6070343030829353
cb_rnn,4,13,next_parity,22,0.5821739130434782,0.5230434782608695
cb_rnn,4,13,next_parity,23,0.49256993006993005,0.5358391608391609
cb_rnn,4,13,next_parity,24,0.47222222222222227,0.5
cb_rnn,4,13,next_parity,25,0.4620842572062084,0.5144124168514412
cb_rnn,4,13,next_parity,26,0.48382867132867136,0.4427447552447552
cb_rnn,4,13,next_parity,27,0.5260141093474427,0.4885361552028219
cb_rnn,4,13,next_parity,28,0.484375,0.44574652777777773
cb_rnn,4,13,next_parity,29,0.5847826086956522,0.4265217391304348
cb_rnn,4,13,next_parity,30,0.4930555555555556,0.5577256944444445
cb_rnn,4,13,next_parity,31,0.5490451388888888,0.5186631944444445
cb_rnn,4,13,next_parity,32,0.521927920104212,0.5180199739470256
cb_rnn,4,13,next_parity,33,0.5739991003148898,0.5996401259559154
cb_rnn,4,13,next_parity,34,0.5485838779956427,0.5276688453159042
cb_rnn,4,13,next_parity,35,0.5148648648648648,0.49797297297297294
cb_rnn,4,13,next_parity,36,0.540650406504065,0.6239837398373983
cb_rnn,4,13,next_parity,37,0.5824324324324325,0.49662162162162166
cb_rnn,4,13,next_parity,38,0.45658263305322133,0.596638655462185
cb_rnn,4,13,next_parity,39,0.5,0.32051282051282054
cb_rnn,4,13,next_parity,40,0.41666666666666663,0.40476190476190477
cb_rnn,4,13,next_parity,41,0.5454545454545454,0.4772727272727273
cb_rnn,4,13,next_parity,42,,
cb_rnn,4,13,next_parity,43,,
cb_rnn,4,13,next_parity,44,,
cb_rnn,4,13,next_parity,45,,
cb_rnn,4,13,next_parity,46,,
cb_rnn,4,13,next_parity,47,,
cb_rnn,4,13,next_parity,48,,
cb_rnn,4,13,next_parity,49,,
cb_rnn,4,13,next_parity,50,,
cb_rnn,4,13,next_parity,51,,
cb_rnn,4,13,next_parity,52,,
cb_rnn,4,14,incoming_bit,0,1.0,1.0
cb_rnn,4,14,incoming_bit,1,1.0,1.0
cb_rnn,4,14,incoming_bit,2,1.0,1.0
cb_rnn,4,14,incoming_bit,3,1.0,1.0
cb_rnn,4,14,incoming_bit,4,1.0,1.0
cb_rnn,4,14,incoming_bit,5,1.0,1.0
cb_rnn,4,14,incoming_bit,6,1.0,1.0
cb_rnn,4,14,incoming_bit,7,1.0,1.0
cb_rnn,4,14,incoming_bit,8,1.0,1.0
cb_rnn,4,14,incoming_bit,9,1.0,1.0
cb_rnn,4,14,incoming_bit,10,1.0,1.0
cb_rnn,4,14,incoming_bit,11,1.0,1.0
cb_rnn,4,14,incoming_bit,12,1.0,1.0
cb_rnn,4,14,incoming_bit,13,1.0,1.0
cb_rnn,4,14,incoming_bit,14,1.0,1.0
cb_rnn,4,14,incoming_bit,15,1.0,1.0
cb_rnn,4,14,incoming_bit,16,1.0,1.0
cb_rnn,4,14,incoming_bit,17,1.0,1.0
cb_rnn,4,14,incoming_bit,18,1.0,1.0
cb_rnn,4,14,incoming_bit,19,1.0,1.0
cb_rnn,4,14,incoming_bit,20,1.0,1.0
cb_rnn,4,14,incoming_bit,21,1.0,1.0
cb_rnn,4,14,incoming_bit,22,1.0,1.0
cb_rnn,4,14,incoming_bit,23,1.0,1.0
cb_rnn,4,14,incoming_bit,24,1.0,1.0
cb_rnn,4,14,incoming_bit,25,1.0,1.0
cb_rnn,4,14,incoming_bit,26,1.0,1.0
cb_rnn,4,14,incoming_bit,27,1.0,1.0
cb_rnn,4,14,incoming_bit,28,1.0,1.0
cb_rnn,4,14,incoming_bit,29,1.0,1.0
cb_rnn,4,14,incoming_bit,30,1.0,1.0
cb_rnn,4,14,incoming_bit,31,1.0,1.0
cb_rnn,4,14,incoming_bit,32,1.0,1.0
cb_rnn,4,14,incoming_bit,33,1.0,1.0
cb_rnn,4,14,incoming_bit,34,1.0,1.0
cb_rnn,4,14,incoming_bit,35,1.0,1.0
cb_rnn,4,14,incoming_bit,36,1.0,1.0
cb_rnn,4,14,incoming_bit,37,1.0,1.0
cb_rnn,4,14,incoming_bit,38,1.0,1.0
cb_rnn,4,14,incoming_bit,39,1.0,1.0
cb_rnn,4,14,incoming_bit,40,1.0,1.0
cb_rnn,4,14,incoming_bit,41,1.0,1.0
cb_rnn,4,14,incoming_bit,42,1.0,1.0
cb_rnn,4,14,incoming_bit,43,1.0,1.0
cb_rnn,4,14,incoming_bit,44,1.0,1.0
cb_rnn,4,14,incoming_bit,45,1.0,1.0
cb_rnn,4,14,incoming_bit,46,0.9999999999999999,1.0
cb_rnn,4,14,incoming_bit,47,1.0,1.0
cb_rnn,4,14,incoming_bit,48,1.0,1.0
cb_rnn,4,14,incoming_bit,49,0.9999999999999999,1.0
cb_rnn,4,14,incoming_bit,50,1.0,1.0
cb_rnn,4,14,incoming_bit,51,1.0,1.0
cb_rnn,4,14,incoming_bit,52,1.0,1.0
cb_rnn,4,14,incoming_bit,53,1.0,1.0
cb_rnn,4,14,outgoing_bit,0,0.7398373983739837,0.6846205962059619
cb_rnn,4,14,outgoing_bit,1,0.8723152376120412,0.6945712836123796
cb_rnn,4,14,outgoing_bit,2,0.7972972972972973,0.6353040540540541
cb_rnn,4,14,outgoing_bit,3,0.793859649122807,0.6342780026990553
cb_rnn,4,14,outgoing_bit,4,0.8669354838709677,0.706989247311828
cb_rnn,4,14,outgoing_bit,5,0.8145089285714285,0.6995535714285714
cb_rnn,4,14,outgoing_bit,6,0.7134581105169341,0.623885918003565
cb_rnn,4,14,outgoing_bit,7,0.8402049848590729,0.6673654786862334
cb_rnn,4,14,outgoing_bit,8,0.7744200244200244,0.6529304029304029
cb_rnn,4,14,outgoing_bit,9,0.8434436274509804,0.5768995098039216
cb_rnn,4,14,outgoing_bit,10,0.7818461538461539,0.632
cb_rnn,4,14,outgoing_bit,11,0.8204503956177723,0.6661594643944004
cb_rnn,4,14,outgoing_bit,12,0.7219169719169719,0.6095848595848596
cb_rnn,4,14,outgoing_bit,13,0.8242258652094718,0.6948998178506376
cb_rnn,4,14,outgoing_bit,14,0.8231791113147046,0.5602382043060008
cb_rnn,4,14,outgoing_bit,15,0.7991304347826087,0.7056521739130435
cb_rnn,4,14,outgoing_bit,16,0.7604212373848179,0.5993856954804739
cb_rnn,4,14,outgoing_bit,17,0.7560333479596314,0.7182974989030277
cb_rnn,4,14,outgoing_bit,18,0.7525230364194823,0.6283457656867047
cb_rnn,4,14,outgoing_bit,19,0.8085106382978723,0.6821537125488493
cb_rnn,4,14,outgoing_bit,20,0.7638344226579521,0.6553376906318082
cb_rnn,4,14,outgoing_bit,21,0.7866962305986696,0.6638580931263859
cb_rnn,4,14,outgoing_bit,22,0.8095238095238096,0.6684303350970018
cb_rnn,4,14,outgoing_bit,23,0.82,0.6717391304347826
cb_rnn,4,14,outgoing_bit,24,0.7876682587928789,0.541033434650456
cb_rnn,4,14,outgoing_bit,25,0.7700892857142857,0.6848214285714285
cb_rnn,4,14,outgoing_bit,26,0.7673202614379084,0.6104575163398692
cb_rnn,4,14,outgoing_bit,27,0.798611111111111,0.6402777777777776
cb_rnn,4,14,outgoing_bit,28,0.8601307189542484,0.7132897603485838
cb_rnn,4,14,outgoing_bit,29,0.8103146853146853,0.6923076923076923
cb_rnn,4,14,outgoing_bit,30,0.778125,0.7169642857142857
cb_rnn,4,14,outgoing_bit,31,0.7438811188811189,0.5218531468531469
cb_rnn,4,14,outgoing_bit,32,0.700825010855406,0.635258358662614
cb_rnn,4,14,outgoing_bit,33,0.7537414965986395,0.5741496598639456
cb_rnn,4,14,outgoing_bit,34,0.7384823848238482,0.5867208672086721
cb_rnn,4,14,outgoing_bit,35,0.8006756756756757,0.5364864864864864
cb_rnn,4,14,outgoing_bit,36,0.7478991596638656,0.4817927170868347
cb_rnn,4,14,outgoing_bit,37,0.5795454545454546,0.3977272727272727
cb_rnn,4,14,outgoing_bit,38,0.5952380952380952,0.45238095238095233
cb_rnn,4,14,outgoing_bit,39,0.5111111111111111,0.5
cb_rnn,4,14,outgoing_bit,40,,
cb_rnn,4,14,outgoing_bit,41,,
cb_rnn,4,14,outgoing_bit,42,,
cb_rnn,4,14,outgoing_bit,43,,
cb_rnn,4,14,outgoing_bit,44,,
cb_rnn,4,14,outgoing_bit,45,,
cb_rnn,4,14,outgoing_bit,46,,
cb_rnn,4,14,outgoing_bit,47,,
cb_rnn,4,14,outgoing_bit,48,,
cb_rnn,4,14,outgoing_bit,49,,
cb_rnn,4,14,outgoing_bit,50,,
cb_rnn,4,14,outgoing_bit,51,,
cb_rnn,4,14,outgoing_bit,52,,
cb_rnn,4,14,outgoing_bit,53,,
cb_rnn,4,14,next_parity,0,,
cb_rnn,4,14,next_parity,1,0.48406139315230223,0.5380333951762523
cb_rnn,4,14,next_parity,2,0.5683994528043775,0.5191518467852256
cb_rnn,4,14,next_parity,3,0.4903846153846154,0.5271592442645074
cb_rnn,4,14,next_parity,4,0.5785166240409207,0.5763000852514919
cb_rnn,4,14,next_parity,5,0.4939271255060728,0.48616734143049933
cb_rnn,4,14,next_parity,6,0.42387659289067736,0.5005589090096132
cb_rnn,4,14,next_parity,7,0.47480225988700564,0.5132203389830509
cb_rnn,4,14,next_parity,8,0.5262687234518221,0.5694164989939638
cb_rnn,4,14,next_parity,9,0.5372103386809268,0.5040106951871657
cb_rnn,4,14,next_parity,10,0.398886827458256,0.43630179344465053
cb_rnn,4,14,next_parity,11,0.44153846153846155,0.5575384615384615
cb_rnn,4,14,next_parity,12,0.5153846153846153,0.5393846153846155
cb_rnn,4,14,next_parity,13,0.46743761412051127,0.4914790018259282
cb_rnn,4,14,next_parity,14,0.5293753865182437,0.46258503401360546
cb_rnn,4,14,next_parity,15,0.4437046004842615,0.4779055690072639
cb_rnn,4,14,next_parity,16,0.4817391304347826,0.44913043478260867
cb_rnn,4,14,next_parity,17,0.4532407407407408,0.4027777777777778
cb_rnn,4,14,next_parity,18,0.5187937062937062,0.5550699300699301
cb_rnn,4,14,next_parity,19,0.4052028218694885,0.42416225749559083
cb_rnn,4,14,next_parity,20,0.44217391304347825,0.5191304347826087
cb_rnn,4,14,next_parity,21,0.3944712593242651,0.5037297060114085
cb_rnn,4,14,next_parity,22,0.40865384615384615,0.50743006993007
cb_rnn,4,14,next_parity,23,0.5221588415971918,0.5225976305397104
cb_rnn,4,14,next_parity,24,0.46072838964458096,0.4839842035980693
cb_rnn,4,14,next_parity,25,0.51953125,0.6566840277777778
cb_rnn,4,14,next_parity,26,0.47782608695652173,0.5643478260869564
cb_rnn,4,14,next_parity,27,0.4480035103115402,0.46643264589732336
cb_rnn,4,14,next_parity,28,0.5617391304347825,0.5252173913043479
cb_rnn,4,14,next_parity,29,0.5254016500217108,0.5536257056013896
cb_rnn,4,14,next_parity,30,0.4745098039215686,0.48801742919389984
cb_rnn,4,14,next_parity,31,0.5451388888888888,0.5060763888888888
cb_rnn,4,14,next_parity,32,0.5221739130434783,0.5752173913043478
cb_rnn,4,14,next_parity,33,0.46252771618625277,0.47716186252771614
cb_rnn,4,14,next_parity,34,0.5362570560138948,0.5301780286582718
cb_rnn,4,14,next_parity,35,0.49097222222222225,0.4583333333333333
cb_rnn,4,14,next_parity,36,0.40989159891598914,0.47086720867208665
cb_rnn,4,14,next_parity,37,0.471763085399449,0.43181818181818177
cb_rnn,4,14,next_parity,38,0.5194444444444445,0.47777777777777775
cb_rnn,4,14,next_parity,39,0.6363636363636364,0.6022727272727273
cb_rnn,4,14,next_parity,40,0.5238095238095238,0.5714285714285714
cb_rnn,4,14,next_parity,41,0.5909090909090908,0.4431818181818182
cb_rnn,4,14,next_parity,42,,
cb_rnn,4,14,next_parity,43,,
cb_rnn,4,14,next_parity,44,,
cb_rnn,4,14,next_parity,45,,
cb_rnn,4,14,next_parity,46,,
cb_rnn,4,14,next_parity,47,,
cb_rnn,4,14,next_parity,48,,
cb_rnn,4,14,next_parity,49,,
cb_rnn,4,14,next_parity,50,,
cb_rnn,4,14,next_parity,51,,
cb_rnn,4,14,next_parity,52,,
cb_rnn,4,14,next_parity,53,,
cb_rnn,4,15,incoming_bit,0,1.0,1.0
cb_rnn,4,15,incoming_bit,1,1.0,1.0
cb_rnn,4,15,incoming_bit,2,1.0,1.0
cb_rnn,4,15,incoming_bit,3,1.0,1.0
cb_rnn,4,15,incoming_bit,4,1.0,1.0
cb_rnn,4,15,incoming_bit,5,1.0,1.0
cb_rnn,4,15,incoming_bit,6,1.0,1.0
cb_rnn,4,15,incoming_bit,7,1.0,1.0
cb_rnn,4,15,incoming_bit,8,1.0,1.0
cb_rnn,4,15,incoming_bit,9,1.0,1.0
cb_rnn,4,15,incoming_bit,10,0.9996493688639551,1.0
cb_rnn,4,15,incoming_bit,11,1.0,1.0
cb_rnn,4,15,incoming_bit,12,1.0,1.0
cb_rnn,4,15,incoming_bit,13,0.9932523616734144,1.0
cb_rnn,4,15,incoming_bit,14,1.0,1.0
cb_rnn,4,15,incoming_bit,15,1.0,1.0
cb_rnn,4,15,incoming_bit,16,1.0,1.0
cb_rnn,4,15,incoming_bit,17,1.0,1.0
cb_rnn,4,15,incoming_bit,18,0.9866554054054055,1.0
cb_rnn,4,15,incoming_bit,19,1.0,1.0
cb_rnn,4,15,incoming_bit,20,1.0,1.0
cb_rnn,4,15,incoming_bit,21,1.0,1.0
cb_rnn,4,15,incoming_bit,22,1.0,1.0
cb_rnn,4,15,incoming_bit,23,1.0,1.0
cb_rnn,4,15,incoming_bit,24,1.0,1.0
cb_rnn,4,15,incoming_bit,25,1.0,1.0
cb_rnn,4,15,incoming_bit,26,0.9814363968350579,1.0
cb_rnn,4,15,incoming_bit,27,1.0,1.0
cb_rnn,4,15,incoming_bit,28,0.9814814814814815,1.0
cb_rnn,4,15,incoming_bit,29,1.0,1.0
cb_rnn,4,15,incoming_bit,30,1.0,1.0
cb_rnn,4,15,incoming_bit,31,1.0,1.0
cb_rnn,4,15,incoming_bit,32,1.0,1.0
cb_rnn,4,15,incoming_bit,33,1.0,1.0
cb_rnn,4,15,incoming_bit,34,1.0,1.0
cb_rnn,4,15,incoming_bit,35,1.0,1.0
cb_rnn,4,15,incoming_bit,36,1.0,1.0
cb_rnn,4,15,incoming_bit,37,1.0,1.0
cb_rnn,4,15,incoming_bit,38,1.0,1.0
cb_rnn,4,15,incoming_bit,39,1.0,1.0
cb_rnn,4,15,incoming_bit,40,1.0,1.0
cb_rnn,4,15,incoming_bit,41,1.0,1.0
cb_rnn,4,15,incoming_bit,42,1.0,1.0
cb_rnn,4,15,incoming_bit,43,1.0,1.0
cb_rnn,4,15,incoming_bit,44,1.0,1.0
cb_rnn,4,15,incoming_bit,45,1.0,0.9999999999999999
cb_rnn,4,15,incoming_bit,46,1.0,1.0
cb_rnn,4,15,incoming_bit,47,1.0,1.0
cb_rnn,4,15,incoming_bit,48,1.0,1.0
cb_rnn,4,15,incoming_bit,49,1.0,1.0
cb_rnn,4,15,incoming_bit,50,1.0,1.0
cb_rnn,4,15,incoming_bit,51,1.0,1.0
cb_rnn,4,15,incoming_bit,52,1.0,1.0
cb_rnn,4,15,incoming_bit,53,0.9002770083102493,1.0
cb_rnn,4,15,incoming_bit,54,1.0,1.0
cb_rnn,4,15,incoming_bit,55,1.0,1.0
cb_rnn,4,15,incoming_bit,56,1.0,1.0
cb_rnn,4,15,incoming_bit,57,1.0,1.0
cb_rnn,4,15,incoming_bit,58,1.0,1.0
cb_rnn,4,15,incoming_bit,59,1.0,1.0
cb_rnn,4,15,outgoing_bit,0,0.7544757033248082,0.6153452685421996
cb_rnn,4,15,outgoing_bit,1,0.8009470657872485,0.6352105530187722
cb_rnn,4,15,outgoing_bit,2,0.8467852257181941,0.6003761969904241
cb_rnn,4,15,outgoing_bit,3,0.8102226720647774,0.6484480431848852
cb_rnn,4,15,outgoing_bit,4,0.8001782134105592,0.5967921586099355
cb_rnn,4,15,outgoing_bit,5,0.7357859531772575,0.6098104793756968
cb_rnn,4,15,outgoing_bit,6,0.8046822742474916,0.6336677814938684
cb_rnn,4,15,outgoing_bit,7,0.7958679541881878,0.6694363350550191
cb_rnn,4,15,outgoing_bit,8,0.8106060606060606,0.5872727272727273
cb_rnn,4,15,outgoing_bit,9,0.8111718275652701,0.4814814814814815
cb_rnn,4,15,outgoing_bit,10,0.8043345543345544,0.6297313797313797
cb_rnn,4,15,outgoing_bit,11,0.7807017543859648,0.543859649122807
cb_rnn,4,15,outgoing_bit,12,0.7678008821676119,0.7542533081285444
cb_rnn,4,15,outgoing_bit,13,0.7045177045177045,0.6236263736263736
cb_rnn,4,15,outgoing_bit,14,0.7919580419580421,0.5367132867132868
cb_rnn,4,15,outgoing_bit,15,0.8340080971659919,0.6734143049932523
cb_rnn,4,15,outgoing_bit,16,0.7238384715588363,0.62440295267043
cb_rnn,4,15,outgoing_bit,17,0.7856209150326797,0.6557734204793028
cb_rnn,4,15,outgoing_bit,18,0.8054711246200608,0.6752062527138515
cb_rnn,4,15,outgoing_bit,19,0.7060114085125055,0.6226415094339622
cb_rnn,4,15,outgoing_bit,20,0.8359375,0.5924479166666666
cb_rnn,4,15,outgoing_bit,21,0.7642205818497613,0.6100738167607468
cb_rnn,4,15,outgoing_bit,22,0.8089285714285714,0.6825892857142857
cb_rnn,4,15,outgoing_bit,23,0.7549107142857143,0.5602678571428571
cb_rnn,4,15,outgoing_bit,24,0.7607468519322623,0.6035605731654364
cb_rnn,4,15,outgoing_bit,25,0.788970907511941,0.47286148501953973
cb_rnn,4,15,outgoing_bit,26,0.7696428571428572,0.6236607142857142
cb_rnn,4,15,outgoing_bit,27,0.793747286148502,0.6895353886235345
cb_rnn,4,15,outgoing_bit,28,0.7865217391304349,0.6026086956521739
cb_rnn,4,15,outgoing_bit,29,0.8361013986013985,0.6888111888111887
cb_rnn,4,15,outgoing_bit,30,0.8513986013986015,0.6437937062937062
cb_rnn,4,15,outgoing_bit,31,0.8079822616407982,0.680709534368071
cb_rnn,4,15,outgoing_bit,32,0.7858439201451906,0.6193284936479129
cb_rnn,4,15,outgoing_bit,33,0.7847503373819162,0.562753036437247
cb_rnn,4,15,outgoing_bit,34,0.7396694214876034,0.6398071625344353
cb_rnn,4,15,outgoing_bit,35,0.7591836734693878,0.5598639455782313
cb_rnn,4,15,outgoing_bit,36,0.7503030303030302,0.5745454545454546
cb_rnn,4,15,outgoing_bit,37,0.6738461538461538,0.7323076923076923
cb_rnn,4,15,outgoing_bit,38,0.556786703601108,0.6038781163434903
cb_rnn,4,15,outgoing_bit,39,0.7700831024930748,0.667590027700831
cb_rnn,4,15,outgoing_bit,40,0.7666666666666667,0.5888888888888888
cb_rnn,4,15,outgoing_bit,41,0.6025641025641025,0.2948717948717948
cb_rnn,4,15,outgoing_bit,42,0.4714285714285715,0.5
cb_rnn,4,15,outgoing_bit,43,0.5512820512820513,0.24358974358974356
cb_rnn,4,15,outgoing_bit,44,0.7272727272727273,0.7386363636363636
cb_rnn,4,15,outgoing_bit,45,,
cb_rnn,4,15,outgoing_bit,46,,
cb_rnn,4,15,outgoing_bit,47,,
cb_rnn,4,15,outgoing_bit,48,,
cb_rnn,4,15,outgoing_bit,49,,
cb_rnn,4,15,outgoing_bit,50,,
cb_rnn,4,15,outgoing_bit,51,,
cb_rnn,4,15,outgoing_bit,52,,
cb_rnn,4,15,outgoing_bit,53,,
cb_rnn,4,15,outgoing_bit,54,,
cb_rnn,4,15,outgoing_bit,55,,
cb_rnn,4,15,outgoing_bit,56,,
cb_rnn,4,15,outgoing_bit,57,,
cb_rnn,4,15,outgoing_bit,58,,
cb_rnn,4,15,outgoing_bit,59,,
cb_rnn,4,15,next_parity,0,,
cb_rnn,4,15,next_parity,1,0.5090425531914894,0.576418439716312
cb_rnn,4,15,next_parity,2,0.5,0.5260416666666667
cb_rnn,4,15,next_parity,3,0.6039972899728997,0.4905149051490515
cb_rnn,4,15,next_parity,4,0.41207482993197275,0.4069727891156462
cb_rnn,4,15,next_parity,5,0.460472972972973,0.4170608108108108
cb_rnn,4,15,next_parity,6,0.49910714285714286,0.5189732142857143
cb_rnn,4,15,next_parity,7,0.4441471571906354,0.5154960981047937
cb_rnn,4,15,next_parity,8,0.45318100358422936,0.5515232974910393
cb_rnn,4,15,next_parity,9,0.47560703942971705,0.4958788148808198
cb_rnn,4,15,next_parity,10,0.5805084745762712,0.48789346246973364
cb_rnn,4,15,next_parity,11,0.4933414043583535,0.5048426150121066
cb_rnn,4,15,next_parity,12,0.49274047186932857,0.47761645493042953
cb_rnn,4,15,next_parity,13,0.5220771144278606,0.5478855721393034
cb_rnn,4,15,next_parity,14,0.4341299019607843,0.3596813725490196
cb_rnn,4,15,next_parity,15,0.5293040293040293,0.5009157509157509
cb_rnn,4,15,next_parity,16,0.5831524099001302,0.6808510638297873
cb_rnn,4,15,next_parity,17,0.5132275132275133,0.49029982363315694
cb_rnn,4,15,next_parity,18,0.4366013071895425,0.4666666666666667
cb_rnn,4,15,next_parity,19,0.521701388888889,0.5160590277777778
cb_rnn,4,15,next_parity,20,0.4765217391304348,0.5278260869565217
cb_rnn,4,15,next_parity,21,0.4191304347826087,0.5982608695652174
cb_rnn,4,15,next_parity,22,0.4982517482517482,0.46634615384615385
cb_rnn,4,15,next_parity,23,0.5080330004342162,0.5158488927485888
cb_rnn,4,15,next_parity,24,0.5603485838779956,0.49760348583878
cb_rnn,4,15,next_parity,25,0.49000000000000005,0.5326086956521738
cb_rnn,4,15,next_parity,26,0.45764966740576496,0.4270509977827051
cb_rnn,4,15,next_parity,27,0.40652557319223986,0.490299823633157
cb_rnn,4,15,next_parity,28,0.6133037694013304,0.5676274944567627
cb_rnn,4,15,next_parity,29,0.4381374722838137,0.40842572062084254
cb_rnn,4,15,next_parity,30,0.6104347826086957,0.5747826086956522
cb_rnn,4,15,next_parity,31,0.49978289188015634,0.5010855405992184
cb_rnn,4,15,next_parity,32,0.51237516283109,0.5145462440295268
cb_rnn,4,15,next_parity,33,0.5114709851551956,0.5326135852451641
cb_rnn,4,15,next_parity,34,0.4422743055555555,0.5286458333333333
cb_rnn,4,15,next_parity,35,0.46990424076607384,0.46716826265389877
cb_rnn,4,15,next_parity,36,0.5236486486486487,0.4905405405405405
cb_rnn,4,15,next_parity,37,0.6290540540540541,0.4966216216216216
cb_rnn,4,15,next_parity,38,0.5733173076923077,0.4651442307692308
cb_rnn,4,15,next_parity,39,0.625,0.6428571428571429
cb_rnn,4,15,next_parity,40,0.45938375350140054,0.4145658263305323
cb_rnn,4,15,next_parity,41,0.49307479224376727,0.46260387811634346
cb_rnn,4,15,next_parity,42,0.35,0.5833333333333334
cb_rnn,4,15,next_parity,43,0.625,0.5340909090909091
cb_rnn,4,15,next_parity,44,0.358974358974359,0.41025641025641035
cb_rnn,4,15,next_parity,45,0.6190476190476191,0.6428571428571428
cb_rnn,4,15,next_parity,46,0.48863636363636365,0.2272727272727273
cb_rnn,4,15,next_parity,47,,
cb_rnn,4,15,next_parity,48,,
cb_rnn,4,15,next_parity,49,,
cb_rnn,4,15,next_parity,50,,
cb_rnn,4,15,next_parity,51,,
cb_rnn,4,15,next_parity,52,,
cb_rnn,4,15,next_parity,53,,
cb_rnn,4,15,next_parity,54,,
cb_rnn,4,15,next_parity,55,,
cb_rnn,4,15,next_parity,56,,
cb_rnn,4,15,next_parity,57,,
cb_rnn,4,15,next_parity,58,,
cb_rnn,4,15,next_parity,59,,
cb_rnn,5,2,incoming_bit,0,1.0,0.9999999999999999
cb_rnn,5,2,incoming_bit,1,1.0,1.0
cb_rnn,5,2,incoming_bit,2,1.0,1.0
cb_rnn,5,2,incoming_bit,3,1.0,1.0
cb_rnn,5,2,incoming_bit,4,1.0,1.0
cb_rnn,5,2,incoming_bit,5,1.0,1.0
cb_rnn,5,2,incoming_bit,6,0.9999999999999999,1.0
cb_rnn,5,2,incoming_bit,7,1.0,1.0
cb_rnn,5,2,incoming_bit,8,1.0,1.0
cb_rnn,5,2,outgoing_bit,0,1.0,1.0
cb_rnn,5,2,outgoing_bit,1,1.0,1.0
cb_rnn,5,2,outgoing_bit,2,1.0,1.0
cb_rnn,5,2,outgoing_bit,3,1.0,1.0
cb_rnn,5,2,outgoing_bit,4,1.0,1.0
cb_rnn,5,2,outgoing_bit,5,1.0,1.0
cb_rnn,5,2,outgoing_bit,6,1.0,1.0
cb_rnn,5,2,outgoing_bit,7,,
cb_rnn,5,2,outgoing_bit,8,,
cb_rnn,5,2,next_parity,0,,
cb_rnn,5,2,next_parity,1,0.4349350205198358,0.45665184678522575
cb_rnn,5,2,next_parity,2,0.4777493606138107,0.47127024722932653
cb_rnn,5,2,next_parity,3,0.5295958058515136,0.5119228817858955
cb_rnn,5,2,next_parity,4,0.5504300893911285,0.5702479338842975
cb_rnn,5,2,next_parity,5,0.532555386436665,0.5349230509047861
cb_rnn,5,2,next_parity,6,0.46122448979591835,0.4445578231292517
cb_rnn,5,2,next_parity,7,0.6695652173913044,0.6376811594202899
cb_rnn,5,2,next_parity,8,0.5227272727272727,0.5227272727272727
cb_rnn,5,3,incoming_bit,0,1.0,1.0
cb_rnn,5,3,incoming_bit,1,1.0,1.0
cb_rnn,5,3,incoming_bit,2,1.0,1.0
cb_rnn,5,3,incoming_bit,3,1.0,1.0
cb_rnn,5,3,incoming_bit,4,1.0,1.0
cb_rnn,5,3,incoming_bit,5,1.0,1.0
cb_rnn,5,3,incoming_bit,6,1.0,1.0
cb_rnn,5,3,incoming_bit,7,1.0,1.0
cb_rnn,5,3,incoming_bit,8,1.0,1.0
cb_rnn,5,3,incoming_bit,9,1.0,1.0
cb_rnn,5,3,incoming_bit,10,1.0,1.0
cb_rnn,5,3,incoming_bit,11,1.0,1.0
cb_rnn,5,3,outgoing_bit,0,0.9886517615176151,0.9878048780487805
cb_rnn,5,3,outgoing_bit,1,0.9940718157181571,0.9859417344173441
cb_rnn,5,3,outgoing_bit,2,0.9959349593495935,0.9891598915989159
cb_rnn,5,3,outgoing_bit,3,0.9947395214661463,0.989139657220431
cb_rnn,5,3,outgoing_bit,4,0.970806100217865,0.9407407407407407
cb_rnn,5,3,outgoing_bit,5,0.9894810659186536,0.9656381486676017
cb_rnn,5,3,outgoing_bit,6,0.9986225895316805,0.9421487603305785
cb_rnn,5,3,outgoing_bit,7,0.9993243243243243,1.0
cb_rnn,5,3,outgoing_bit,8,1.0,0.7159090909090909
cb_rnn,5,3,outgoing_bit,9,,
cb_rnn,5,3,outgoing_bit,10,,
cb_rnn,5,3,outgoing_bit,11,,
cb_rnn,5,3,next_parity,0,,
cb_rnn,5,3,next_parity,1,0.5056613484302626,0.5105506948018528
cb_rnn,5,3,next_parity,2,0.519025482093664,0.5178202479338844
cb_rnn,5,3,next_parity,3,0.4711849957374254,0.5123614663256607
cb_rnn,5,3,next_parity,4,0.5566719548739644,0.5668958223162348
cb_rnn,5,3,next_parity,5,0.5483218080620678,0.5475628267836059
cb_rnn,5,3,next_parity,6,0.5010869565217391,0.5971739130434782
cb_rnn,5,3,next_parity,7,0.38990514905149054,0.35738482384823844
cb_rnn,5,3,next_parity,8,0.3887755102040816,0.39149659863945574
cb_rnn,5,3,next_parity,9,0.47395833333333337,0.5479166666666667
cb_rnn,5,3,next_parity,10,0.3409090909090909,0.35795454545454547
cb_rnn,5,3,next_parity,11,,
cb_rnn,5,4,incoming_bit,0,1.0,1.0
cb_rnn,5,4,incoming_bit,1,1.0,1.0
cb_rnn,5,4,incoming_bit,2,1.0,1.0
cb_rnn,5,4,incoming_bit,3,1.0,1.0
cb_rnn,5,4,incoming_bit,4,1.0,1.0
cb_rnn,5,4,incoming_bit,5,1.0,1.0
cb_rnn,5,4,incoming_bit,6,1.0,1.0
cb_rnn,5,4,incoming_bit,7,1.0,0.9999999999999999
cb_rnn,5,4,incoming_bit,8,1.0,1.0
cb_rnn,5,4,incoming_bit,9,1.0,1.0
cb_rnn,5,4,incoming_bit,10,1.0,1.0
cb_rnn,5,4,incoming_bit,11,1.0,1.0
cb_rnn,5,4,incoming_bit,12,1.0,1.0
cb_rnn,5,4,incoming_bit,13,1.0,1.0
cb_rnn,5,4,incoming_bit,14,1.0,1.0
cb_rnn,5,4,incoming_bit,15,0.9999999999999999,0.9999999999999999
cb_rnn,5,4,incoming_bit,16,1.0,1.0
cb_rnn,5,4,outgoing_bit,0,0.9225948509485095,0.8961720867208671
cb_rnn,5,4,outgoing_bit,1,0.9345479082321188,0.9269568151147098
cb_rnn,5,4,outgoing_bit,2,0.9560495503139317,0.9266926862379095
cb_rnn,5,4,outgoing_bit,3,0.930019390093425,0.8794288736118456
cb_rnn,5,4,outgoing_bit,4,0.9124183006535949,0.8453159041394335
cb_rnn,5,4,outgoing_bit,5,0.9077134986225895,0.8271349862258953
cb_rnn,5,4,outgoing_bit,6,0.9156545209176788,0.941970310391363
cb_rnn,5,4,outgoing_bit,7,0.9412955465587045,0.8508771929824561
cb_rnn,5,4,outgoing_bit,8,0.8361111111111111,0.8
cb_rnn,5,4,outgoing_bit,9,0.8559556786703602,0.7534626038781164
cb_rnn,5,4,outgoing_bit,10,0.8991596638655462,0.8263305322128851
cb_rnn,5,4,outgoing_bit,11,1.0,0.9305555555555556
cb_rnn,5,4,outgoing_bit,12,1.0,0.6704545454545454
cb_rnn,5,4,outgoing_bit,13,,
cb_rnn,5,4,outgoing_bit,14,,
cb_rnn,5,4,outgoing_bit,15,,
cb_rnn,5,4,outgoing_bit,16,,
cb_rnn,5,4,next_parity,0,,
cb_rnn,5,4,next_parity,1,0.4624978788393008,0.47437637875445443
cb_rnn,5,4,next_parity,2,0.49887640449438203,0.4744165946413137
cb_rnn,5,4,next_parity,3,0.5720829732065686,0.5337078651685393
cb_rnn,5,4,next_parity,4,0.4926683716965047,0.4275362318840579
cb_rnn,5,4,next_parity,5,0.46921332635618346,0.47043432757718473
cb_rnn,5,4,next_parity,6,0.5451584889274859,0.45267042987407724
cb_rnn,5,4,next_parity,7,0.40660919540229884,0.41379310344827586
cb_rnn,5,4,next_parity,8,0.3578014184397163,0.38971631205673757
cb_rnn,5,4,next_parity,9,0.49322493224932246,0.5548780487804879
cb_rnn,5,4,next_parity,10,0.5224089635854342,0.5280112044817928
cb_rnn,5,4,next_parity,11,0.40178571428571425,0.36607142857142855
cb_rnn,5,4,next_parity,12,0.30434782608695654,0.3391304347826087
cb_rnn,5,4,next_parity,13,0.45000000000000007,0.4291666666666667
cb_rnn,5,4,next_parity,14,0.49999999999999994,0.49999999999999994
cb_rnn,5,4,next_parity,15,,
cb_rnn,5,4,next_parity,16,,
cb_rnn,5,5,incoming_bit,0,1.0,1.0
cb_rnn,5,5,incoming_bit,1,1.0,1.0
cb_rnn,5,5,incoming_bit,2,0.9999999999999999,1.0
cb_rnn,5,5,incoming_bit,3,1.0,1.0
cb_rnn,5,5,incoming_bit,4,1.0,1.0
cb_rnn,5,5,incoming_bit,5,1.0,1.0
cb_rnn,5,5,incoming_bit,6,1.0,1.0
cb_rnn,5,5,incoming_bit,7,1.0,1.0
cb_rnn,5,5,incoming_bit,8,1.0,1.0
cb_rnn,5,5,incoming_bit,9,1.0,1.0
cb_rnn,5,5,incoming_bit,10,1.0,1.0
cb_rnn,5,5,incoming_bit,11,1.0,1.0
cb_rnn,5,5,incoming_bit,12,0.9999999999999999,1.0
cb_rnn,5,5,incoming_bit,13,1.0,1.0
cb_rnn,5,5,incoming_bit,14,1.0,1.0
cb_rnn,5,5,incoming_bit,15,1.0,1.0
cb_rnn,5,5,incoming_bit,16,1.0,1.0
cb_rnn,5,5,incoming_bit,17,1.0,1.0
cb_rnn,5,5,incoming_bit,18,1.0,1.0
cb_rnn,5,5,incoming_bit,19,1.0,1.0
cb_rnn,5,5,outgoing_bit,0,0.9480902777777778,0.8960069444444445
cb_rnn,5,5,outgoing_bit,1,0.9487179487179487,0.8623757195185766
cb_rnn,5,5,outgoing_bit,2,0.9597612958226769,0.8757033248081841
cb_rnn,5,5,outgoing_bit,3,0.951530612244898,0.8687074829931973
cb_rnn,5,5,outgoing_bit,4,0.9579468150896722,0.9109461966604824
cb_rnn,5,5,outgoing_bit,5,0.9618253620008776,0.8679245283018868
cb_rnn,5,5,outgoing_bit,6,0.9144361562088635,0.8429135585783238
cb_rnn,5,5,outgoing_bit,7,0.9104347826086957,0.8260869565217391
cb_rnn,5,5,outgoing_bit,8,0.9031055900621119,0.8695652173913043
cb_rnn,5,5,outgoing_bit,9,0.9465838509316771,0.906832298136646
cb_rnn,5,5,outgoing_bit,10,0.8263157894736842,0.7921052631578948
cb_rnn,5,5,outgoing_bit,11,0.8894173602853745,0.816884661117717
cb_rnn,5,5,outgoing_bit,12,0.9434210526315789,0.6263157894736843
cb_rnn,5,5,outgoing_bit,13,0.8777777777777778,0.8250000000000001
cb_rnn,5,5,outgoing_bit,14,0.8636363636363638,0.8295454545454546
cb_rnn,5,5,outgoing_bit,15,,
cb_rnn,5,5,outgoing_bit,16,,
cb_rnn,5,5,outgoing_bit,17,,
cb_rnn,5,5,outgoing_bit,18,,
cb_rnn,5,5,outgoing_bit,19,,
cb_rnn,5,5,next_parity,0,,
cb_rnn,5,5,next_parity,1,0.556692242114237,0.5532821824381927
cb_rnn,5,5,next_parity,2,0.5370088075880759,0.5483570460704607
cb_rnn,5,5,next_parity,3,0.5101626016260163,0.5152439024390244
cb_rnn,5,5,next_parity,4,0.568542199488491,0.5496163682864451
cb_rnn,5,5,next_parity,5,0.48260135135135135,0.5300675675675675
cb_rnn,5,5,next_parity,6,0.4672232529375387,0.4460420531849103
cb_rnn,5,5,next_parity,7,0.46956521739130436,0.5078260869565219
cb_rnn,5,5,next_parity,8,0.5478279947345327,0.5307152259763054
cb_rnn,5,5,next_parity,9,0.5684095860566448,0.5601307189542484
cb_rnn,5,5,next_parity,10,0.4916666666666667,0.5095238095238095
cb_rnn,5,5,next_parity,11,0.5961538461538461,0.5697115384615385
cb_rnn,5,5,next_parity,12,0.5919952210274791,0.6863799283154123
cb_rnn,5,5,next_parity,13,0.4693627450980392,0.43137254901960786
cb_rnn,5,5,next_parity,14,0.4417067307692307,0.3864182692307693
cb_rnn,5,5,next_parity,15,0.3847222222222222,0.49583333333333335
cb_rnn,5,5,next_parity,16,0.6964285714285714,0.7559523809523809
cb_rnn,5,5,next_parity,17,,
cb_rnn,5,5,next_parity,18,,
cb_rnn,5,5,next_parity,19,,
cb_rnn,5,6,incoming_bit,0,1.0,1.0
cb_rnn,5,6,incoming_bit,1,1.0,1.0
cb_rnn,5,6,incoming_bit,2,1.0,1.0
cb_rnn,5,6,incoming_bit,3,1.0,1.0
cb_rnn,5,6,incoming_bit,4,1.0,1.0
cb_rnn,5,6,incoming_bit,5,1.0,1.0
cb_rnn,5,6,incoming_bit,6,1.0,1.0
cb_rnn,5,6,incoming_bit,7,1.0,1.0
cb_rnn,5,6,incoming_bit,8,1.0,1.0
cb_rnn,5,6,incoming_bit,9,1.0,1.0
cb_rnn,5,6,incoming_bit,10,1.0,1.0
cb_rnn,5,6,incoming_bit,11,1.0,1.0
cb_rnn,5,6,incoming_bit,12,1.0,1.0
cb_rnn,5,6,incoming_bit,13,1.0,1.0
cb_rnn,5,6,incoming_bit,14,1.0,1.0
cb_rnn,5,6,incoming_bit,15,1.0,1.0
cb_rnn,5,6,incoming_bit,16,1.0,1.0
cb_rnn,5,6,incoming_bit,17,1.0,1.0
cb_rnn,5,6,incoming_bit,18,1.0,1.0
cb_rnn,5,6,incoming_bit,19,1.0,1.0
cb_rnn,5,6,outgoing_bit,0,0.9517783857729137,0.9374145006839946
cb_rnn,5,6,outgoing_bit,1,0.8623372230678167,0.8506680196177914
cb_rnn,5,6,outgoing_bit,2,0.9559620596205962,0.9195460704607046
cb_rnn,5,6,outgoing_bit,3,0.8986338336987687,0.8836228706358576
cb_rnn,5,6,outgoing_bit,4,0.8642857142857142,0.8745535714285715
cb_rnn,5,6,outgoing_bit,5,0.7782312925170067,0.7238095238095238
cb_rnn,5,6,outgoing_bit,6,0.8423611111111111,0.7965277777777777
cb_rnn,5,6,outgoing_bit,7,0.9290540540540541,0.8310810810810811
cb_rnn,5,6,outgoing_bit,8,0.9113573407202216,0.9473684210526315
cb_rnn,5,6,outgoing_bit,9,0.925,0.8777777777777778
cb_rnn,5,6,outgoing_bit,10,0.8515406162464986,0.8095238095238095
cb_rnn,5,6,outgoing_bit,11,0.9141274238227147,0.8781163434903048
cb_rnn,5,6,outgoing_bit,12,0.9449275362318841,0.6579710144927536
cb_rnn,5,6,outgoing_bit,13,0.8295454545454546,0.5795454545454546
cb_rnn,5,6,outgoing_bit,14,,
cb_rnn,5,6,outgoing_bit,15,,
cb_rnn,5,6,outgoing_bit,16,,
cb_rnn,5,6,outgoing_bit,17,,
cb_rnn,5,6,outgoing_bit,18,,
cb_rnn,5,6,outgoing_bit,19,,
cb_rnn,5,6,next_parity,0,,
cb_rnn,5,6,next_parity,1,0.5926020408163265,0.5762755102040816
cb_rnn,5,6,next_parity,2,0.43404363267376966,0.46211736851006263
cb_rnn,5,6,next_parity,3,0.5077200205867216,0.4913364213415681
cb_rnn,5,6,next_parity,4,0.5050059392499575,0.5530290174783641
cb_rnn,5,6,next_parity,5,0.4422024623803009,0.41621067031463743
cb_rnn,5,6,next_parity,6,0.5596949891067537,0.5209150326797385
cb_rnn,5,6,next_parity,7,0.6104227405247814,0.5889212827988338
cb_rnn,5,6,next_parity,8,0.42823129251700676,0.46564625850340136
cb_rnn,5,6,next_parity,9,0.5531250000000001,0.5406249999999999
cb_rnn,5,6,next_parity,10,0.41369047619047616,0.5089285714285714
cb_rnn,5,6,next_parity,11,0.40555555555555556,0.425
cb_rnn,5,6,next_parity,12,0.4736842105263157,0.40443213296398894
cb_rnn,5,6,next_parity,13,0.7263888888888889,0.726388888888889
cb_rnn,5,6,next_parity,14,0.515625,0.5980113636363636
cb_rnn,5,6,next_parity,15,0.5833333333333334,0.6555555555555557
cb_rnn,5,6,next_parity,16,,
cb_rnn,5,6,next_parity,17,,
cb_rnn,5,6,next_parity,18,,
cb_rnn,5,6,next_parity,19,,
cb_rnn,5,7,incoming_bit,0,1.0,0.9907094594594595
cb_rnn,5,7,incoming_bit,1,1.0,1.0
cb_rnn,5,7,incoming_bit,2,1.0,1.0
cb_rnn,5,7,incoming_bit,3,1.0,1.0
cb_rnn,5,7,incoming_bit,4,1.0,1.0
cb_rnn,5,7,incoming_bit,5,1.0,1.0
cb_rnn,5,7,incoming_bit,6,1.0,1.0
cb_rnn,5,7,incoming_bit,7,1.0,1.0
cb_rnn,5,7,incoming_bit,8,1.0,0.9999999999999999
cb_rnn,5,7,incoming_bit,9,1.0,1.0
cb_rnn,5,7,incoming_bit,10,1.0,1.0
cb_rnn,5,7,incoming_bit,11,1.0,1.0
cb_rnn,5,7,incoming_bit,12,1.0,1.0
cb_rnn,5,7,incoming_bit,13,1.0,1.0
cb_rnn,5,7,incoming_bit,14,1.0,1.0
cb_rnn,5,7,incoming_bit,15,1.0,1.0
cb_rnn,5,7,incoming_bit,16,1.0,1.0
cb_rnn,5,7,incoming_bit,17,1.0,1.0
cb_rnn,5,7,incoming_bit,18,1.0,1.0
cb_rnn,5,7,incoming_bit,19,1.0,1.0
cb_rnn,5,7,incoming_bit,20,1.0,1.0
cb_rnn,5,7,outgoing_bit,0,0.8137755102040817,0.7965986394557822
cb_rnn,5,7,outgoing_bit,1,0.9387824897400822,0.8861149110807113
cb_rnn,5,7,outgoing_bit,2,0.8991250643335049,0.8663578658431977
cb_rnn,5,7,outgoing_bit,3,0.8829284750337382,0.7346491228070176
cb_rnn,5,7,outgoing_bit,4,0.8407196138657306,0.8363317244405442
cb_rnn,5,7,outgoing_bit,5,0.8333333333333334,0.8488529014844803
cb_rnn,5,7,outgoing_bit,6,0.8135135135135135,0.7837837837837838
cb_rnn,5,7,outgoing_bit,7,0.8166666666666667,0.7569444444444445
cb_rnn,5,7,outgoing_bit,8,0.8614958448753463,0.8337950138504155
cb_rnn,5,7,outgoing_bit,9,0.8805555555555556,0.9055555555555556
cb_rnn,5,7,outgoing_bit,10,0.8611111111111112,0.8416666666666666
cb_rnn,5,7,outgoing_bit,11,0.8777777777777778,0.763888888888889
cb_rnn,5,7,outgoing_bit,12,0.7555555555555555,0.5972222222222222
cb_rnn,5,7,outgoing_bit,13,0.5833333333333333,0.38095238095238093
cb_rnn,5,7,outgoing_bit,14,,
cb_rnn,5,7,outgoing_bit,15,,
cb_rnn,5,7,outgoing_bit,16,,
cb_rnn,5,7,outgoing_bit,17,,
cb_rnn,5,7,outgoing_bit,18,,
cb_rnn,5,7,outgoing_bit,19,,
cb_rnn,5,7,outgoing_bit,20,,
cb_rnn,5,7,next_parity,0,,
cb_rnn,5,7,next_parity,1,0.47530531609195403,0.44154094827586204
cb_rnn,5,7,next_parity,2,0.4847315148395952,0.5197289414993996
cb_rnn,5,7,next_parity,3,0.6245725034199727,0.5069254445964433
cb_rnn,5,7,next_parity,4,0.534753932014206,0.5420260443091494
cb_rnn,5,7,next_parity,5,0.5772357723577236,0.5418360433604337
cb_rnn,5,7,next_parity,6,0.503921568627451,0.5004357298474946
cb_rnn,5,7,next_parity,7,0.47040816326530616,0.5139455782312925
cb_rnn,5,7,next_parity,8,0.4961805555555556,0.5322916666666666
cb_rnn,5,7,next_parity,9,0.5497967479674797,0.5403116531165312
cb_rnn,5,7,next_parity,10,0.47368421052631576,0.3490304709141274
cb_rnn,5,7,next_parity,11,0.5574229691876751,0.5966386554621849
cb_rnn,5,7,next_parity,12,0.4492753623188406,0.4956521739130435
cb_rnn,5,7,next_parity,13,0.7408963585434174,0.6792717086834734
cb_rnn,5,7,next_parity,14,0.5695652173913044,0.5608695652173913
cb_rnn,5,7,next_parity,15,0.6166666666666667,0.5666666666666667
cb_rnn,5,7,next_parity,16,,
cb_rnn,5,7,next_parity,17,,
cb_rnn,5,7,next_parity,18,,
cb_rnn,5,7,next_parity,19,,
cb_rnn,5,7,next_parity,20,,
cb_rnn,5,8,incoming_bit,0,1.0,1.0
cb_rnn,5,8,incoming_bit,1,1.0,1.0
cb_rnn,5,8,incoming_bit,2,1.0,1.0
cb_rnn,5,8,incoming_bit,3,1.0,1.0
cb_rnn,5,8,incoming_bit,4,1.0,1.0
cb_rnn,5,8,incoming_bit,5,0.9999999999999999,1.0
cb_rnn,5,8,incoming_bit,6,1.0,1.0
cb_rnn,5,8,incoming_bit,7,1.0,1.0
cb_rnn,5,8,incoming_bit,8,1.0,1.0
cb_rnn,5,8,incoming_bit,9,0.9983030714406923,0.9999999999999999
cb_rnn,5,8,incoming_bit,10,1.0,1.0
cb_rnn,5,8,incoming_bit,11,1.0,1.0
cb_rnn,5,8,incoming_bit,12,1.0,1.0
cb_rnn,5,8,incoming_bit,13,0.9999999999999999,1.0
cb_rnn,5,8,incoming_bit,14,1.0,1.0
cb_rnn,5,8,incoming_bit,15,1.0,1.0
cb_rnn,5,8,incoming_bit,16,1.0,1.0
cb_rnn,5,8,incoming_bit,17,1.0,1.0
cb_rnn,5,8,incoming_bit,18,1.0,1.0
cb_rnn,5,8,incoming_bit,19,1.0,1.0
cb_rnn,5,8,incoming_bit,20,1.0,1.0
cb_rnn,5,8,incoming_bit,21,1.0,1.0
cb_rnn,5,8,outgoing_bit,0,0.8738191632928476,0.8638663967611336
cb_rnn,5,8,outgoing_bit,1,0.8962837837837838,0.8214527027027028
cb_rnn,5,8,outgoing_bit,2,0.8982793522267206,0.8463225371120109
cb_rnn,5,8,outgoing_bit,3,0.8231292517006803,0.8025510204081632
cb_rnn,5,8,outgoing_bit,4,0.8245614035087719,0.796221322537112
cb_rnn,5,8,outgoing_bit,5,0.8716216216216217,0.7932432432432432
cb_rnn,5,8,outgoing_bit,6,0.9295485636114911,0.7544459644322845
cb_rnn,5,8,outgoing_bit,7,0.8761969904240766,0.740766073871409
cb_rnn,5,8,outgoing_bit,8,0.7884057971014493,0.7275362318840579
cb_rnn,5,8,outgoing_bit,9,0.8027777777777778,0.7805555555555556
cb_rnn,5,8,outgoing_bit,10,0.7871148459383753,0.5994397759103642
cb_rnn,5,8,outgoing_bit,11,0.9217391304347826,0.7681159420289855
cb_rnn,5,8,outgoing_bit,12,0.8823529411764706,0.6414565826330532
cb_rnn,5,8,outgoing_bit,13,0.8222222222222222,0.7444444444444445
cb_rnn,5,8,outgoing_bit,14,,
cb_rnn,5,8,outgoing_bit,15,,
cb_rnn,5,8,outgoing_bit,16,,
cb_rnn,5,8,outgoing_bit,17,,
cb_rnn,5,8,outgoing_bit,18,,
cb_rnn,5,8,outgoing_bit,19,,
cb_rnn,5,8,outgoing_bit,20,,
cb_rnn,5,8,outgoing_bit,21,,
cb_rnn,5,8,next_parity,0,,
cb_rnn,5,8,next_parity,1,0.4607993197278911,0.47457482993197275
cb_rnn,5,8,next_parity,2,0.5350340136054421,0.539625850340136
cb_rnn,5,8,next_parity,3,0.5330236486486486,0.5056587837837838
cb_rnn,5,8,next_parity,4,0.47696476964769646,0.4800135501355014
cb_rnn,5,8,next_parity,5,0.5210884353741496,0.513265306122449
cb_rnn,5,8,next_parity,6,0.5198412698412698,0.49162257495590833
cb_rnn,5,8,next_parity,7,0.4618055555555556,0.4534722222222222
cb_rnn,5,8,next_parity,8,0.5188098495212039,0.5872093023255813
cb_rnn,5,8,next_parity,9,0.5881756756756756,0.5949324324324323
cb_rnn,5,8,next_parity,10,0.6731301939058172,0.590027700831025
cb_rnn,5,8,next_parity,11,0.5406162464985995,0.5518207282913166
cb_rnn,5,8,next_parity,12,0.5694444444444444,0.5194444444444444
cb_rnn,5,8,next_parity,13,0.6890756302521008,0.6554621848739496
cb_rnn,5,8,next_parity,14,0.5710144927536231,0.5072463768115942
cb_rnn,5,8,next_parity,15,0.45454545454545453,0.6022727272727273
cb_rnn,5,8,next_parity,16,,
cb_rnn,5,8,next_parity,17,,
cb_rnn,5,8,next_parity,18,,
cb_rnn,5,8,next_parity,19,,
cb_rnn,5,8,next_parity,20,,
cb_rnn,5,8,next_parity,21,,
cb_rnn,5,9,incoming_bit,0,1.0,1.0
cb_rnn,5,9,incoming_bit,1,1.0,1.0
cb_rnn,5,9,incoming_bit,2,1.0,1.0
cb_rnn,5,9,incoming_bit,3,1.0,1.0
cb_rnn,5,9,incoming_bit,4,1.0,1.0
cb_rnn,5,9,incoming_bit,5,1.0,1.0
cb_rnn,5,9,incoming_bit,6,1.0,1.0
cb_rnn,5,9,incoming_bit,7,1.0,1.0
cb_rnn,5,9,incoming_bit,8,1.0,1.0
cb_rnn,5,9,incoming_bit,9,1.0,1.0
cb_rnn,5,9,incoming_bit,10,1.0,1.0
cb_rnn,5,9,incoming_bit,11,0.999661246612466,1.0
cb_rnn,5,9,incoming_bit,12,1.0,1.0
cb_rnn,5,9,incoming_bit,13,1.0,1.0
cb_rnn,5,9,incoming_bit,14,1.0,1.0
cb_rnn,5,9,incoming_bit,15,1.0,1.0
cb_rnn,5,9,incoming_bit,16,0.9999999999999999,1.0
cb_rnn,5,9,incoming_bit,17,1.0,1.0
cb_rnn,5,9,incoming_bit,18,1.0,1.0
cb_rnn,5,9,incoming_bit,19,1.0,1.0
cb_rnn,5,9,incoming_bit,20,1.0,1.0
cb_rnn,5,9,incoming_bit,21,1.0,1.0
cb_rnn,5,9,incoming_bit,22,1.0,1.0
cb_rnn,5,9,outgoing_bit,0,0.858277027027027,0.7785472972972973
cb_rnn,5,9,outgoing_bit,1,0.8860138677490276,0.7990867579908676
cb_rnn,5,9,outgoing_bit,2,0.8754430379746836,0.7789029535864979
cb_rnn,5,9,outgoing_bit,3,0.8523672153402342,0.7938231800441201
cb_rnn,5,9,outgoing_bit,4,0.8337028824833702,0.7197339246119734
cb_rnn,5,9,outgoing_bit,5,0.8123306233062331,0.6368563685636857
cb_rnn,5,9,outgoing_bit,6,0.8152777777777778,0.6548611111111111
cb_rnn,5,9,outgoing_bit,7,0.7503373819163293,0.5836707152496626
cb_rnn,5,9,outgoing_bit,8,0.8028985507246377,0.6579710144927536
cb_rnn,5,9,outgoing_bit,9,0.9187675070028011,0.7058823529411764
cb_rnn,5,9,outgoing_bit,10,0.6946778711484595,0.5938375350140056
cb_rnn,5,9,outgoing_bit,11,0.7855072463768116,0.6782608695652175
cb_rnn,5,9,outgoing_bit,12,0.6782608695652174,0.47246376811594204
cb_rnn,5,9,outgoing_bit,13,0.6666666666666666,0.7000000000000001
cb_rnn,5,9,outgoing_bit,14,,
cb_rnn,5,9,outgoing_bit,15,,
cb_rnn,5,9,outgoing_bit,16,,
cb_rnn,5,9,outgoing_bit,17,,
cb_rnn,5,9,outgoing_bit,18,,
cb_rnn,5,9,outgoing_bit,19,,
cb_rnn,5,9,outgoing_bit,20,,
cb_rnn,5,9,outgoing_bit,21,,
cb_rnn,5,9,outgoing_bit,22,,
cb_rnn,5,9,next_parity,0,,
cb_rnn,5,9,next_parity,1,0.4744897959183673,0.572108843537415
cb_rnn,5,9,next_parity,2,0.49196685269744633,0.5643497378657196
cb_rnn,5,9,next_parity,3,0.41545608108108106,0.48015202702702703
cb_rnn,5,9,next_parity,4,0.5306295604955031,0.514848124893942
cb_rnn,5,9,next_parity,5,0.4553571428571429,0.4482142857142857
cb_rnn,5,9,next_parity,6,0.5056644880174292,0.5069716775599129
cb_rnn,5,9,next_parity,7,0.5896032831737346,0.63406292749658
cb_rnn,5,9,next_parity,8,0.4915848527349228,0.5175315568022439
cb_rnn,5,9,next_parity,9,0.5444596443228454,0.5506155950752394
cb_rnn,5,9,next_parity,10,0.5261538461538462,0.4738461538461538
cb_rnn,5,9,next_parity,11,0.4677871148459383,0.453781512605042
cb_rnn,5,9,next_parity,12,0.5198863636363635,0.5426136363636365
cb_rnn,5,9,next_parity,13,0.6861111111111111,0.6138888888888889
cb_rnn,5,9,next_parity,14,0.42028985507246375,0.4318840579710145
cb_rnn,5,9,next_parity,15,0.5166666666666667,0.5277777777777778
cb_rnn,5,9,next_parity,16,,
cb_rnn,5,9,next_parity,17,,
cb_rnn,5,9,next_parity,18,,
cb_rnn,5,9,next_parity,19,,
cb_rnn,5,9,next_parity,20,,
cb_rnn,5,9,next_parity,21,,
cb_rnn,5,9,next_parity,22,,
cb_rnn,5,10,incoming_bit,0,1.0,1.0
cb_rnn,5,10,incoming_bit,1,1.0,1.0
cb_rnn,5,10,incoming_bit,2,0.9882352941176471,1.0
cb_rnn,5,10,incoming_bit,3,1.0,1.0
cb_rnn,5,10,incoming_bit,4,1.0,1.0
cb_rnn,5,10,incoming_bit,5,1.0,1.0
cb_rnn,5,10,incoming_bit,6,1.0,1.0
cb_rnn,5,10,incoming_bit,7,1.0,1.0
cb_rnn,5,10,incoming_bit,8,1.0,1.0
cb_rnn,5,10,incoming_bit,9,0.9996617622188398,1.0
cb_rnn,5,10,incoming_bit,10,1.0,1.0
cb_rnn,5,10,incoming_bit,11,1.0,1.0
cb_rnn,5,10,incoming_bit,12,1.0,1.0
cb_rnn,5,10,incoming_bit,13,1.0,0.9999999999999999
cb_rnn,5,10,incoming_bit,14,1.0,1.0
cb_rnn,5,10,incoming_bit,15,1.0,1.0
cb_rnn,5,10,incoming_bit,16,1.0,1.0
cb_rnn,5,10,incoming_bit,17,1.0,1.0
cb_rnn,5,10,incoming_bit,18,1.0,1.0
cb_rnn,5,10,incoming_bit,19,1.0,1.0
cb_rnn,5,10,incoming_bit,20,1.0,1.0
cb_rnn,5,10,incoming_bit,21,1.0,1.0
cb_rnn,5,10,incoming_bit,22,1.0,1.0
cb_rnn,5,10,incoming_bit,23,1.0,1.0
cb_rnn,5,10,incoming_bit,24,1.0,1.0
cb_rnn,5,10,incoming_bit,25,1.0,1.0
cb_rnn,5,10,incoming_bit,26,1.0,1.0
cb_rnn,5,10,incoming_bit,27,1.0,1.0
cb_rnn,5,10,incoming_bit,28,1.0,1.0
cb_rnn,5,10,incoming_bit,29,1.0,1.0
cb_rnn,5,10,incoming_bit,30,1.0,1.0
cb_rnn,5,10,incoming_bit,31,1.0,1.0
cb_rnn,5,10,incoming_bit,32,1.0,1.0
cb_rnn,5,10,incoming_bit,33,1.0,1.0
cb_rnn,5,10,incoming_bit,34,1.0,1.0
cb_rnn,5,10,incoming_bit,35,1.0,1.0
cb_rnn,5,10,incoming_bit,36,1.0,1.0
cb_rnn,5,10,incoming_bit,37,1.0,1.0
cb_rnn,5,10,incoming_bit,38,1.0,1.0
cb_rnn,5,10,incoming_bit,39,1.0,1.0
cb_rnn,5,10,incoming_bit,40,1.0,1.0
cb_rnn,5,10,outgoing_bit,0,0.8606821652808416,0.7778720515866282
cb_rnn,5,10,outgoing_bit,1,0.8850574712643677,0.8577800651912849
cb_rnn,5,10,outgoing_bit,2,0.8359546761373245,0.8016235413495688
cb_rnn,5,10,outgoing_bit,3,0.7664468121089126,0.7157111449348892
cb_rnn,5,10,outgoing_bit,4,0.8093503339404979,0.7322404371584699
cb_rnn,5,10,outgoing_bit,5,0.8306451612903226,0.6821631878557874
cb_rnn,5,10,outgoing_bit,6,0.8601398601398601,0.7534965034965034
cb_rnn,5,10,outgoing_bit,7,0.7559912854030502,0.6779956427015251
cb_rnn,5,10,outgoing_bit,8,0.8860606060606061,0.8351515151515151
cb_rnn,5,10,outgoing_bit,9,0.8185328185328185,0.6846846846846847
cb_rnn,5,10,outgoing_bit,10,0.7976190476190477,0.6702380952380952
cb_rnn,5,10,outgoing_bit,11,0.7090909090909091,0.7418181818181817
cb_rnn,5,10,outgoing_bit,12,0.7367788461538461,0.7836538461538461
cb_rnn,5,10,outgoing_bit,13,0.6890756302521008,0.7086834733893557
cb_rnn,5,10,outgoing_bit,14,0.4,0.5777777777777778
cb_rnn,5,10,outgoing_bit,15,0.7888888888888889,0.7555555555555555
cb_rnn,5,10,outgoing_bit,16,0.8222222222222222,0.7222222222222222
cb_rnn,5,10,outgoing_bit,17,0.6785714285714286,0.7261904761904762
cb_rnn,5,10,outgoing_bit,18,0.7840909090909091,0.7045454545454546
cb_rnn,5,10,outgoing_bit,19,0.7333333333333333,0.7666666666666666
cb_rnn,5,10,outgoing_bit,20,0.6777777777777778,0.5777777777777777
cb_rnn,5,10,outgoing_bit,21,0.7272727272727273,0.6704545454545454
cb_rnn,5,10,outgoing_bit,22,0.7045454545454546,0.6818181818181819
cb_rnn,5,10,outgoing_bit,23,0.9333333333333333,0.8666666666666667
cb_rnn,5,10,outgoing_bit,24,0.7222222222222222,0.5
cb_rnn,5,10,outgoing_bit,25,0.8068181818181818,0.5909090909090908
cb_rnn,5,10,outgoing_bit,26,0.6444444444444445,0.7000000000000001
cb_rnn,5,10,outgoing_bit,27,0.8068181818181817,0.6931818181818182
cb_rnn,5,10,outgoing_bit,28,0.9166666666666667,0.9166666666666667
cb_rnn,5,10,outgoing_bit,29,0.9204545454545454,0.7954545454545454
cb_rnn,5,10,outgoing_bit,30,0.6333333333333333,0.6222222222222222
cb_rnn,5,10,outgoing_bit,31,,
cb_rnn,5,10,outgoing_bit,32,,
cb_rnn,5,10,outgoing_bit,33,,
cb_rnn,5,10,outgoing_bit,34,,
cb_rnn,5,10,outgoing_bit,35,,
cb_rnn,5,10,outgoing_bit,36,,
cb_rnn,5,10,outgoing_bit,37,,
cb_rnn,5,10,outgoing_bit,38,,
cb_rnn,5,10,outgoing_bit,39,,
cb_rnn,5,10,outgoing_bit,40,,
cb_rnn,5,10,next_parity,0,,
cb_rnn,5,10,next_parity,1,0.5226190476190476,0.4947278911564626
cb_rnn,5,10,next_parity,2,0.4847972972972973,0.5077702702702702
cb_rnn,5,10,next_parity,3,0.5080922865013774,0.49173553719008267
cb_rnn,5,10,next_parity,4,0.41138170133603924,0.5199560290884492
cb_rnn,5,10,next_parity,5,0.5228133608815427,0.5140323691460056
cb_rnn,5,10,next_parity,6,0.41798539257455875,0.45632988435788197
cb_rnn,5,10,next_parity,7,0.5520282186948855,0.5903880070546738
cb_rnn,5,10,next_parity,8,0.47001763668430335,0.4731040564373898
cb_rnn,5,10,next_parity,9,0.5769565217391304,0.5304347826086957
cb_rnn,5,10,next_parity,10,0.4014423076923077,0.484375
cb_rnn,5,10,next_parity,11,0.4102259215219976,0.4221165279429251
cb_rnn,5,10,next_parity,12,0.7586206896551724,0.6444708680142688
cb_rnn,5,10,next_parity,13,0.43995098039215685,0.45465686274509803
cb_rnn,5,10,next_parity,14,0.5697115384615384,0.5817307692307693
cb_rnn,5,10,next_parity,15,0.5224089635854342,0.3711484593837535
cb_rnn,5,10,next_parity,16,0.7,0.5888888888888888
cb_rnn,5,10,next_parity,17,0.36666666666666664,0.6
cb_rnn,5,10,next_parity,18,0.5111111111111111,0.7
cb_rnn,5,10,next_parity,19,0.3111111111111111,0.3111111111111111
cb_rnn,5,10,next_parity,20,0.40909090909090906,0.3522727272727273
cb_rnn,5,10,next_parity,21,0.4642857142857143,0.5357142857142857
cb_rnn,5,10,next_parity,22,0.4666666666666666,0.4555555555555556
cb_rnn,5,10,next_parity,23,0.6,0.6777777777777778
cb_rnn,5,10,next_parity,24,0.7777777777777777,0.7333333333333334
cb_rnn,5,10,next_parity,25,0.5833333333333333,0.38095238095238093
cb_rnn,5,10,next_parity,26,0.43333333333333335,0.4
cb_rnn,5,10,next_parity,27,0.5222222222222223,0.5
cb_rnn,5,10,next_parity,28,0.3555555555555556,0.5888888888888889
cb_rnn,5,10,next_parity,29,0.5,0.5909090909090909
cb_rnn,5,10,next_parity,30,0.6538461538461539,0.6282051282051282
cb_rnn,5,10,next_parity,31,0.2727272727272727,0.2272727272727273
cb_rnn,5,10,next_parity,32,0.4431818181818182,0.35227272727272724
cb_rnn,5,10,next_parity,33,,
cb_rnn,5,10,next_parity,34,,
cb_rnn,5,10,next_parity,35,,
cb_rnn,5,10,next_parity,36,,
cb_rnn,5,10,next_parity,37,,
cb_rnn,5,10,next_parity,38,,
cb_rnn,5,10,next_parity,39,,
cb_rnn,5,10,next_parity,40,,
cb_rnn,5,11,incoming_bit,0,1.0,1.0
cb_rnn,5,11,incoming_bit,1,0.9866554054054054,1.0
cb_rnn,5,11,incoming_bit,2,1.0,1.0
cb_rnn,5,11,incoming_bit,3,1.0,1.0
cb_rnn,5,11,incoming_bit,4,1.0,1.0
cb_rnn,5,11,incoming_bit,5,1.0,1.0
cb_rnn,5,11,incoming_bit,6,1.0,1.0
cb_rnn,5,11,incoming_bit,7,1.0,1.0
cb_rnn,5,11,incoming_bit,8,1.0,1.0
cb_rnn,5,11,incoming_bit,9,1.0,1.0
cb_rnn,5,11,incoming_bit,10,1.0,1.0
cb_rnn,5,11,incoming_bit,11,0.9999999999999999,0.9999999999999999
cb_rnn,5,11,incoming_bit,12,1.0,1.0
cb_rnn,5,11,incoming_bit,13,1.0,1.0
cb_rnn,5,11,incoming_bit,14,1.0,1.0
cb_rnn,5,11,incoming_bit,15,1.0,1.0
cb_rnn,5,11,incoming_bit,16,1.0,1.0
cb_rnn,5,11,incoming_bit,17,1.0,1.0
cb_rnn,5,11,incoming_bit,18,1.0,1.0
cb_rnn,5,11,incoming_bit,19,1.0,1.0
cb_rnn,5,11,incoming_bit,20,0.9999999999999999,1.0
cb_rnn,5,11,incoming_bit,21,1.0,1.0
cb_rnn,5,11,incoming_bit,22,1.0,1.0
cb_rnn,5,11,incoming_bit,23,1.0,1.0
cb_rnn,5,11,incoming_bit,24,1.0,1.0
cb_rnn,5,11,incoming_bit,25,1.0,1.0
cb_rnn,5,11,incoming_bit,26,1.0,1.0
cb_rnn,5,11,incoming_bit,27,1.0,1.0
cb_rnn,5,11,incoming_bit,28,1.0,1.0
cb_rnn,5,11,incoming_bit,29,1.0,1.0
cb_rnn,5,11,incoming_bit,30,1.0,1.0
cb_rnn,5,11,incoming_bit,31,1.0,1.0
cb_rnn,5,11,incoming_bit,32,1.0,1.0
cb_rnn,5,11,incoming_bit,33,1.0,1.0
cb_rnn,5,11,incoming_bit,34,1.0,1.0
cb_rnn,5,11,incoming_bit,35,1.0,1.0
cb_rnn,5,11,incoming_bit,36,1.0,1.0
cb_rnn,5,11,incoming_bit,37,1.0,1.0
cb_rnn,5,11,incoming_bit,38,1.0,1.0
cb_rnn,5,11,incoming_bit,39,1.0,1.0
cb_rnn,5,11,incoming_bit,40,1.0,1.0
cb_rnn,5,11,incoming_bit,41,1.0,1.0
cb_rnn,5,11,incoming_bit,42,1.0,1.0
cb_rnn,5,11,incoming_bit,43,1.0,1.0
cb_rnn,5,11,outgoing_bit,0,0.8422297297297298,0.760472972972973
cb_rnn,5,11,outgoing_bit,1,0.7990836585779739,0.7532665874766673
cb_rnn,5,11,outgoing_bit,2,0.807843137254902,0.7442455242966753
cb_rnn,5,11,outgoing_bit,3,0.8384146341463414,0.7388211382113822
cb_rnn,5,11,outgoing_bit,4,0.840463458110517,0.7655971479500892
cb_rnn,5,11,outgoing_bit,5,0.8028985507246377,0.7569676700111483
cb_rnn,5,11,outgoing_bit,6,0.8505824372759857,0.6987007168458782
cb_rnn,5,11,outgoing_bit,7,0.8014755197853789,0.647887323943662
cb_rnn,5,11,outgoing_bit,8,0.833029751062538,0.757437765634487
cb_rnn,5,11,outgoing_bit,9,0.8471549636803873,0.7581719128329298
cb_rnn,5,11,outgoing_bit,10,0.7879353233830845,0.6996268656716418
cb_rnn,5,11,outgoing_bit,11,0.8308566433566433,0.7902097902097902
cb_rnn,5,11,outgoing_bit,12,0.6891011723838472,0.6682587928788537
cb_rnn,5,11,outgoing_bit,13,0.7748948106591865,0.6150070126227208
cb_rnn,5,11,outgoing_bit,14,0.7683823529411764,0.6776960784313726
cb_rnn,5,11,outgoing_bit,15,0.7909199522102748,0.6929510155316607
cb_rnn,5,11,outgoing_bit,16,0.7608173076923077,0.7271634615384616
cb_rnn,5,11,outgoing_bit,17,0.7776456599286563,0.6587395957193817
cb_rnn,5,11,outgoing_bit,18,0.6442577030812325,0.6162464985994398
cb_rnn,5,11,outgoing_bit,19,0.8393351800554016,0.7063711911357341
cb_rnn,5,11,outgoing_bit,20,0.8173076923076923,0.75
cb_rnn,5,11,outgoing_bit,21,0.6339285714285714,0.6071428571428572
cb_rnn,5,11,outgoing_bit,22,0.6333333333333333,0.4805555555555556
cb_rnn,5,11,outgoing_bit,23,0.875,0.6136363636363636
cb_rnn,5,11,outgoing_bit,24,0.7999999999999999,0.48888888888888893
cb_rnn,5,11,outgoing_bit,25,0.7045454545454546,0.7159090909090909
cb_rnn,5,11,outgoing_bit,26,0.42857142857142855,0.4
cb_rnn,5,11,outgoing_bit,27,0.6555555555555556,0.4444444444444444
cb_rnn,5,11,outgoing_bit,28,0.6818181818181818,0.625
cb_rnn,5,11,outgoing_bit,29,0.5641025641025641,0.2179487179487179
cb_rnn,5,11,outgoing_bit,30,0.7738095238095238,0.6190476190476191
cb_rnn,5,11,outgoing_bit,31,0.5,0.4772727272727273
cb_rnn,5,11,outgoing_bit,32,0.6333333333333333,0.4111111111111111
cb_rnn,5,11,outgoing_bit,33,,
cb_rnn,5,11,outgoing_bit,34,,
cb_rnn,5,11,outgoing_bit,35,,
cb_rnn,5,11,outgoing_bit,36,,
cb_rnn,5,11,outgoing_bit,37,,
cb_rnn,5,11,outgoing_bit,38,,
cb_rnn,5,11,outgoing_bit,39,,
cb_rnn,5,11,outgoing_bit,40,,
cb_rnn,5,11,outgoing_bit,41,,
cb_rnn,5,11,outgoing_bit,42,,
cb_rnn,5,11,outgoing_bit,43,,
cb_rnn,5,11,next_parity,0,,
cb_rnn,5,11,next_parity,1,0.6039235582614578,0.5903940470150516
cb_rnn,5,11,next_parity,2,0.49264332825976664,0.47505496363943855
cb_rnn,5,11,next_parity,3,0.5195578231292517,0.42670068027210883
cb_rnn,5,11,next_parity,4,0.5444725738396624,0.49620253164556954
cb_rnn,5,11,next_parity,5,0.5137552742616034,0.5613502109704641
cb_rnn,5,11,next_parity,6,0.6424107142857143,0.5386160714285715
cb_rnn,5,11,next_parity,7,0.47391107078039924,0.4623411978221416
cb_rnn,5,11,next_parity,8,0.5691441441441442,0.5939189189189189
cb_rnn,5,11,next_parity,9,0.564102564102564,0.5177257525083612
cb_rnn,5,11,next_parity,10,0.6039393939393939,0.5263636363636364
cb_rnn,5,11,next_parity,11,0.49153055051421657,0.5281306715063521
cb_rnn,5,11,next_parity,12,0.557168784029038,0.4600725952813067
cb_rnn,5,11,next_parity,13,0.5389978213507625,0.5115468409586057
cb_rnn,5,11,next_parity,14,0.4248251748251748,0.4729020979020979
cb_rnn,5,11,next_parity,15,0.5247933884297522,0.5296143250688705
cb_rnn,5,11,next_parity,16,0.39254658385093166,0.3739130434782609
cb_rnn,5,11,next_parity,17,0.5552913198573127,0.5671819262782402
cb_rnn,5,11,next_parity,18,0.6262626262626263,0.5063131313131313
cb_rnn,5,11,next_parity,19,0.36741973840665876,0.41141498216409034
cb_rnn,5,11,next_parity,20,0.5742296918767508,0.5574229691876751
cb_rnn,5,11,next_parity,21,0.3573407202216067,0.46814404432132967
cb_rnn,5,11,next_parity,22,0.4417613636363636,0.3735795454545454
cb_rnn,5,11,next_parity,23,0.6190476190476191,0.5322128851540616
cb_rnn,5,11,next_parity,24,0.5178571428571428,0.5089285714285715
cb_rnn,5,11,next_parity,25,0.6818181818181819,0.6704545454545454
cb_rnn,5,11,next_parity,26,0.3222222222222222,0.43333333333333335
cb_rnn,5,11,next_parity,27,0.6818181818181818,0.6477272727272727
cb_rnn,5,11,next_parity,28,0.4,0.5666666666666667
cb_rnn,5,11,next_parity,29,0.4204545454545454,0.3977272727272728
cb_rnn,5,11,next_parity,30,0.2738095238095238,0.42857142857142855
cb_rnn,5,11,next_parity,31,0.4871794871794871,0.38461538461538464
cb_rnn,5,11,next_parity,32,0.7840909090909091,0.5113636363636364
cb_rnn,5,11,next_parity,33,0.38636363636363635,0.6818181818181818
cb_rnn,5,11,next_parity,34,0.21428571428571427,0.21428571428571425
cb_rnn,5,11,next_parity,35,,
cb_rnn,5,11,next_parity,36,,
cb_rnn,5,11,next_parity,37,,
cb_rnn,5,11,next_parity,38,,
cb_rnn,5,11,next_parity,39,,
cb_rnn,5,11,next_parity,40,,
cb_rnn,5,11,next_parity,41,,
cb_rnn,5,11,next_parity,42,,
cb_rnn,5,11,next_parity,43,,
cb_rnn,5,12,incoming_bit,0,1.0,1.0
cb_rnn,5,12,incoming_bit,1,1.0,1.0
cb_rnn,5,12,incoming_bit,2,0.9868421052631579,1.0
cb_rnn,5,12,incoming_bit,3,1.0,1.0
cb_rnn,5,12,incoming_bit,4,1.0,1.0
cb_rnn,5,12,incoming_bit,5,1.0,1.0
cb_rnn,5,12,incoming_bit,6,1.0,1.0
cb_rnn,5,12,incoming_bit,7,1.0,1.0
cb_rnn,5,12,incoming_bit,8,1.0,1.0
cb_rnn,5,12,incoming_bit,9,1.0,1.0
cb_rnn,5,12,incoming_bit,10,1.0,1.0
cb_rnn,5,12,incoming_bit,11,1.0,1.0
cb_rnn,5,12,incoming_bit,12,1.0,1.0
cb_rnn,5,12,incoming_bit,13,1.0,1.0
cb_rnn,5,12,incoming_bit,14,1.0,1.0
cb_rnn,5,12,incoming_bit,15,1.0,1.0
cb_rnn,5,12,incoming_bit,16,1.0,1.0
cb_rnn,5,12,incoming_bit,17,1.0,1.0
cb_rnn,5,12,incoming_bit,18,1.0,1.0
cb_rnn,5,12,incoming_bit,19,1.0,1.0
cb_rnn,5,12,incoming_bit,20,1.0,1.0
cb_rnn,5,12,incoming_bit,21,1.0,1.0
cb_rnn,5,12,incoming_bit,22,1.0,1.0
cb_rnn,5,12,incoming_bit,23,1.0,1.0
cb_rnn,5,12,incoming_bit,24,1.0,1.0
cb_rnn,5,12,incoming_bit,25,1.0,1.0
cb_rnn,5,12,incoming_bit,26,1.0,1.0
cb_rnn,5,12,incoming_bit,27,1.0,1.0
cb_rnn,5,12,incoming_bit,28,1.0,1.0
cb_rnn,5,12,incoming_bit,29,1.0,1.0
cb_rnn,5,12,incoming_bit,30,1.0,1.0
cb_rnn,5,12,incoming_bit,31,1.0,1.0
cb_rnn,5,12,incoming_bit,32,1.0,1.0
cb_rnn,5,12,incoming_bit,33,1.0,1.0
cb_rnn,5,12,incoming_bit,34,1.0,1.0
cb_rnn,5,12,incoming_bit,35,1.0,1.0
cb_rnn,5,12,incoming_bit,36,1.0,1.0
cb_rnn,5,12,incoming_bit,37,1.0,1.0
cb_rnn,5,12,incoming_bit,38,1.0,1.0
cb_rnn,5,12,incoming_bit,39,1.0,1.0
cb_rnn,5,12,incoming_bit,40,1.0,1.0
cb_rnn,5,12,incoming_bit,41,1.0,1.0
cb_rnn,5,12,incoming_bit,42,1.0,1.0
cb_rnn,5,12,incoming_bit,43,1.0,1.0
cb_rnn,5,12,incoming_bit,44,0.9999999999999999,1.0
cb_rnn,5,12,incoming_bit,45,1.0,1.0
cb_rnn,5,12,incoming_bit,46,1.0,1.0
cb_rnn,5,12,incoming_bit,47,1.0,1.0
cb_rnn,5,12,incoming_bit,48,1.0,1.0
cb_rnn,5,12,outgoing_bit,0,0.7350206611570249,0.6787190082644627
cb_rnn,5,12,outgoing_bit,1,0.7965899403239558,0.7786871270247229
cb_rnn,5,12,outgoing_bit,2,0.8078809403010316,0.7948587857263656
cb_rnn,5,12,outgoing_bit,3,0.7413967611336032,0.6786437246963564
cb_rnn,5,12,outgoing_bit,4,0.8971607422311647,0.8642968924659065
cb_rnn,5,12,outgoing_bit,5,0.7609810479375697,0.7114827201783723
cb_rnn,5,12,outgoing_bit,6,0.7892156862745098,0.7555704099821747
cb_rnn,5,12,outgoing_bit,7,0.7404682274247492,0.7192865105908585
cb_rnn,5,12,outgoing_bit,8,0.8434152488972905,0.809388783868935
cb_rnn,5,12,outgoing_bit,9,0.8055386488131467,0.7160681679853925
cb_rnn,5,12,outgoing_bit,10,0.7713248638838476,0.7843315184513008
cb_rnn,5,12,outgoing_bit,11,0.7316332726168792,0.6587735276259864
cb_rnn,5,12,outgoing_bit,12,0.7791053921568627,0.7080269607843137
cb_rnn,5,12,outgoing_bit,13,0.7799479166666666,0.747829861111111
cb_rnn,5,12,outgoing_bit,14,0.7721088435374149,0.7442176870748299
cb_rnn,5,12,outgoing_bit,15,0.7714285714285715,0.6857142857142857
cb_rnn,5,12,outgoing_bit,16,0.7935222672064778,0.7024291497975708
cb_rnn,5,12,outgoing_bit,17,0.7789115646258503,0.6809523809523811
cb_rnn,5,12,outgoing_bit,18,0.7597840755735492,0.6079622132253711
cb_rnn,5,12,outgoing_bit,19,0.7777777777777778,0.6781842818428185
cb_rnn,5,12,outgoing_bit,20,0.8500000000000001,0.8648648648648649
cb_rnn,5,12,outgoing_bit,21,0.835374149659864,0.7333333333333334
cb_rnn,5,12,outgoing_bit,22,0.7435897435897436,0.7483130904183536
cb_rnn,5,12,outgoing_bit,23,0.676829268292683,0.7466124661246611
cb_rnn,5,12,outgoing_bit,24,0.7753036437246964,0.665991902834008
cb_rnn,5,12,outgoing_bit,25,0.7844352617079889,0.743801652892562
cb_rnn,5,12,outgoing_bit,26,0.8171390013495277,0.684885290148448
cb_rnn,5,12,outgoing_bit,27,0.727961432506887,0.7079889807162535
cb_rnn,5,12,outgoing_bit,28,0.8216216216216217,0.7006756756756757
cb_rnn,5,12,outgoing_bit,29,0.6929824561403508,0.6707152496626181
cb_rnn,5,12,outgoing_bit,30,0.835357624831309,0.7611336032388664
cb_rnn,5,12,outgoing_bit,31,0.853658536585366,0.8353658536585367
cb_rnn,5,12,outgoing_bit,32,0.7350948509485095,0.6978319783197832
cb_rnn,5,12,outgoing_bit,33,0.8149509803921567,0.7254901960784313
cb_rnn,5,12,outgoing_bit,34,0.6738351254480286,0.6379928315412187
cb_rnn,5,12,outgoing_bit,35,0.6952380952380952,0.5511904761904762
cb_rnn,5,12,outgoing_bit,36,0.7,0.34444444444444444
cb_rnn,5,12,outgoing_bit,37,,
cb_rnn,5,12,outgoing_bit,38,,
cb_rnn,5,12,outgoing_bit,39,,
cb_rnn,5,12,outgoing_bit,40,,
cb_rnn,5,12,outgoing_bit,41,,
cb_rnn,5,12,outgoing_bit,42,,
cb_rnn,5,12,outgoing_bit,43,,
cb_rnn,5,12,outgoing_bit,44,,
cb_rnn,5,12,outgoing_bit,45,,
cb_rnn,5,12,outgoing_bit,46,,
cb_rnn,5,12,outgoing_bit,47,,
cb_rnn,5,12,outgoing_bit,48,,
cb_rnn,5,12,next_parity,0,,
cb_rnn,5,12,next_parity,1,0.4509704641350211,0.4722362869198312
cb_rnn,5,12,next_parity,2,0.48966942148760334,0.5020661157024793
cb_rnn,5,12,next_parity,3,0.517334686284458,0.463047522408253
cb_rnn,5,12,next_parity,4,0.5441970310391363,0.4895411605937922
cb_rnn,5,12,next_parity,5,0.5173986486486486,0.5256756756756757
cb_rnn,5,12,next_parity,6,0.4371657754010695,0.43382352941176466
cb_rnn,5,12,next_parity,7,0.5005574136008918,0.5273132664437011
cb_rnn,5,12,next_parity,8,0.4533869885982562,0.466130114017438
cb_rnn,5,12,next_parity,9,0.5439029867505053,0.49472265888165284
cb_rnn,5,12,next_parity,10,0.519780888618381,0.4506999391357273
cb_rnn,5,12,next_parity,11,0.48846387370977534,0.6478445658773528
cb_rnn,5,12,next_parity,12,0.5733414485696896,0.453134510042605
cb_rnn,5,12,next_parity,13,0.5421245421245421,0.5289987789987789
cb_rnn,5,12,next_parity,14,0.5564713064713065,0.44078144078144077
cb_rnn,5,12,next_parity,15,0.5028224055579679,0.44550586191923575
cb_rnn,5,12,next_parity,16,0.49179206566347466,0.4439124487004104
cb_rnn,5,12,next_parity,17,0.584022038567493,0.5268595041322314
cb_rnn,5,12,next_parity,18,0.5254820936639119,0.4820936639118457
cb_rnn,5,12,next_parity,19,0.4741496598639455,0.5408163265306123
cb_rnn,5,12,next_parity,20,0.625170998632011,0.6532147742818057
cb_rnn,5,12,next_parity,21,0.48387096774193555,0.45021037868162694
cb_rnn,5,12,next_parity,22,0.41192411924119243,0.4668021680216802
cb_rnn,5,12,next_parity,23,0.4317567567567568,0.49864864864864866
cb_rnn,5,12,next_parity,24,0.506155950752394,0.4165526675786593
cb_rnn,5,12,next_parity,25,0.5223577235772358,0.41260162601626016
cb_rnn,5,12,next_parity,26,0.5601351351351351,0.5635135135135135
cb_rnn,5,12,next_parity,27,0.502127659574468,0.5212765957446808
cb_rnn,5,12,next_parity,28,0.5508130081300813,0.6517615176151761
cb_rnn,5,12,next_parity,29,0.48367346938775513,0.6217687074829932
cb_rnn,5,12,next_parity,30,0.3997289972899729,0.516260162601626
cb_rnn,5,12,next_parity,31,0.522972972972973,0.4871621621621621
cb_rnn,5,12,next_parity,32,0.5053981106612686,0.5114709851551956
cb_rnn,5,12,next_parity,33,0.4722222222222222,0.4830623306233062
cb_rnn,5,12,next_parity,34,0.521255060728745,0.5583670715249662
cb_rnn,5,12,next_parity,35,0.5698924731182795,0.5579450418160096
cb_rnn,5,12,next_parity,36,0.44471153846153844,0.4723557692307692
cb_rnn,5,12,next_parity,37,0.40621266427718045,0.33811230585424135
cb_rnn,5,12,next_parity,38,0.7888888888888889,0.7777777777777778
cb_rnn,5,12,next_parity,39,,
cb_rnn,5,12,next_parity,40,,
cb_rnn,5,12,next_parity,41,,
cb_rnn,5,12,next_parity,42,,
cb_rnn,5,12,next_parity,43,,
cb_rnn,5,12,next_parity,44,,
cb_rnn,5,12,next_parity,45,,
cb_rnn,5,12,next_parity,46,,
cb_rnn,5,12,next_parity,47,,
cb_rnn,5,12,next_parity,48,,
cb_rnn,5,13,incoming_bit,0,1.0,1.0
cb_rnn,5,13,incoming_bit,1,1.0,1.0
cb_rnn,5,13,incoming_bit,2,1.0,1.0
cb_rnn,5,13,incoming_bit,3,1.0,1.0
cb_rnn,5,13,incoming_bit,4,1.0,1.0
cb_rnn,5,13,incoming_bit,5,1.0,1.0
cb_rnn,5,13,incoming_bit,6,1.0,1.0
cb_rnn,5,13,incoming_bit,7,1.0,1.0
cb_rnn,5,13,incoming_bit,8,1.0,1.0
cb_rnn,5,13,incoming_bit,9,1.0,1.0
cb_rnn,5,13,incoming_bit,10,1.0,1.0
cb_rnn,5,13,incoming_bit,11,1.0,1.0
cb_rnn,5,13,incoming_bit,12,1.0,1.0
cb_rnn,5,13,incoming_bit,13,1.0,1.0
cb_rnn,5,13,incoming_bit,14,1.0,1.0
cb_rnn,5,13,incoming_bit,15,1.0,1.0
cb_rnn,5,13,incoming_bit,16,1.0,1.0
cb_rnn,5,13,incoming_bit,17,1.0,1.0
cb_rnn,5,13,incoming_bit,18,1.0,1.0
cb_rnn,5,13,incoming_bit,19,1.0,1.0
cb_rnn,5,13,incoming_bit,20,1.0,1.0
cb_rnn,5,13,incoming_bit,21,1.0,1.0
cb_rnn,5,13,incoming_bit,22,1.0,1.0
cb_rnn,5,13,incoming_bit,23,1.0,1.0
cb_rnn,5,13,incoming_bit,24,1.0,1.0
cb_rnn,5,13,incoming_bit,25,1.0,1.0
cb_rnn,5,13,incoming_bit,26,1.0,1.0
cb_rnn,5,13,incoming_bit,27,1.0,1.0
cb_rnn,5,13,incoming_bit,28,1.0,1.0
cb_rnn,5,13,incoming_bit,29,1.0,1.0
cb_rnn,5,13,incoming_bit,30,1.0,1.0
cb_rnn,5,13,incoming_bit,31,1.0,1.0
cb_rnn,5,13,incoming_bit,32,1.0,1.0
cb_rnn,5,13,incoming_bit,33,1.0,1.0
cb_rnn,5,13,incoming_bit,34,0.9800260529743812,1.0
cb_rnn,5,13,incoming_bit,35,1.0,1.0
cb_rnn,5,13,incoming_bit,36,0.9807692307692307,1.0
cb_rnn,5,13,incoming_bit,37,1.0,1.0
cb_rnn,5,13,incoming_bit,38,1.0,1.0
cb_rnn,5,13,incoming_bit,39,1.0,1.0
cb_rnn,5,13,incoming_bit,40,1.0,1.0
cb_rnn,5,13,incoming_bit,41,1.0,1.0
cb_rnn,5,13,incoming_bit,42,1.0,1.0
cb_rnn,5,13,incoming_bit,43,1.0,1.0
cb_rnn,5,13,incoming_bit,44,1.0,1.0
cb_rnn,5,13,incoming_bit,45,1.0,1.0
cb_rnn,5,13,incoming_bit,46,1.0,1.0
cb_rnn,5,13,incoming_bit,47,1.0,1.0
cb_rnn,5,13,incoming_bit,48,1.0,1.0
cb_rnn,5,13,incoming_bit,49,1.0,1.0
cb_rnn,5,13,incoming_bit,50,1.0,1.0
cb_rnn,5,13,incoming_bit,51,1.0,1.0
cb_rnn,5,13,incoming_bit,52,1.0,1.0
cb_rnn,5,13,outgoing_bit,0,0.8315575849822425,0.7131743615761881
cb_rnn,5,13,outgoing_bit,1,0.8093537414965987,0.7591836734693878
cb_rnn,5,13,outgoing_bit,2,0.8503711201079622,0.7012483130904184
cb_rnn,5,13,outgoing_bit,3,0.7545608108108108,0.7231418918918918
cb_rnn,5,13,outgoing_bit,4,0.8149386845039019,0.768561872909699
cb_rnn,5,13,outgoing_bit,5,0.8627756738694586,0.726665181554912
cb_rnn,5,13,outgoing_bit,6,0.7843137254901961,0.7009803921568628
cb_rnn,5,13,outgoing_bit,7,0.7979390681003584,0.6830197132616488
cb_rnn,5,13,outgoing_bit,8,0.7960048426150121,0.5817191283292978
cb_rnn,5,13,outgoing_bit,9,0.8657575757575756,0.6996969696969696
cb_rnn,5,13,outgoing_bit,10,0.816969696969697,0.7096969696969697
cb_rnn,5,13,outgoing_bit,11,0.8618381010346926,0.77084601339014
cb_rnn,5,13,outgoing_bit,12,0.8500303582270795,0.7009714632665452
cb_rnn,5,13,outgoing_bit,13,0.8045454545454545,0.6948484848484848
cb_rnn,5,13,outgoing_bit,14,0.8315050460728389,0.6261518209741115
cb_rnn,5,13,outgoing_bit,15,0.7637863656100738,0.72818063395571
cb_rnn,5,13,outgoing_bit,16,0.8024475524475525,0.6831293706293706
cb_rnn,5,13,outgoing_bit,17,0.7534006143045197,0.6910925844668715
cb_rnn,5,13,outgoing_bit,18,0.8342151675485009,0.677689594356261
cb_rnn,5,13,outgoing_bit,19,0.7724706904038211,0.6773773339122883
cb_rnn,5,13,outgoing_bit,20,0.8178260869565218,0.7404347826086957
cb_rnn,5,13,outgoing_bit,21,0.8446687143483984,0.7762176393154893
cb_rnn,5,13,outgoing_bit,22,0.7642701525054466,0.6932461873638344
cb_rnn,5,13,outgoing_bit,23,0.7312201476335215,0.6804168475900998
cb_rnn,5,13,outgoing_bit,24,0.8056164984642387,0.7244405440982887
cb_rnn,5,13,outgoing_bit,25,0.773913043478261,0.7613043478260869
cb_rnn,5,13,outgoing_bit,26,0.8408695652173914,0.8069565217391305
cb_rnn,5,13,outgoing_bit,27,0.7891067538126363,0.6287581699346405
cb_rnn,5,13,outgoing_bit,28,0.8479302832244009,0.7106753812636165
cb_rnn,5,13,outgoing_bit,29,0.8139745916515426,0.7617967332123412
cb_rnn,5,13,outgoing_bit,30,0.8579520697167756,0.738562091503268
cb_rnn,5,13,outgoing_bit,31,0.797391304347826,0.7717391304347827
cb_rnn,5,13,outgoing_bit,32,0.833916083916084,0.6577797202797202
cb_rnn,5,13,outgoing_bit,33,0.8171390013495277,0.6248313090418354
cb_rnn,5,13,outgoing_bit,34,0.8305785123966942,0.5895316804407713
cb_rnn,5,13,outgoing_bit,35,0.7398648648648649,0.6317567567567567
cb_rnn,5,13,outgoing_bit,36,0.6555555555555556,0.5166666666666666
cb_rnn,5,13,outgoing_bit,37,0.6444444444444444,0.6555555555555557
cb_rnn,5,13,outgoing_bit,38,0.6666666666666666,0.5222222222222223
cb_rnn,5,13,outgoing_bit,39,0.17777777777777778,0.24444444444444446
cb_rnn,5,13,outgoing_bit,40,,
cb_rnn,5,13,outgoing_bit,41,,
cb_rnn,5,13,outgoing_bit,42,,
cb_rnn,5,13,outgoing_bit,43,,
cb_rnn,5,13,outgoing_bit,44,,
cb_rnn,5,13,outgoing_bit,45,,
cb_rnn,5,13,outgoing_bit,46,,
cb_rnn,5,13,outgoing_bit,47,,
cb_rnn,5,13,outgoing_bit,48,,
cb_rnn,5,13,outgoing_bit,49,,
cb_rnn,5,13,outgoing_bit,50,,
cb_rnn,5,13,outgoing_bit,51,,
cb_rnn,5,13,outgoing_bit,52,,
cb_rnn,5,13,next_parity,0,,
cb_rnn,5,13,next_parity,1,0.5483544303797468,0.579240506329114
cb_rnn,5,13,next_parity,2,0.4476950354609929,0.42234042553191486
cb_rnn,5,13,next_parity,3,0.4797619047619047,0.42091836734693877
cb_rnn,5,13,next_parity,4,0.5358900390293568,0.5450534532496182
cb_rnn,5,13,next_parity,5,0.4799257759784076,0.4448380566801619
cb_rnn,5,13,next_parity,6,0.46546345811051687,0.49175579322638147
cb_rnn,5,13,next_parity,7,0.5603121516164994,0.46666666666666673
cb_rnn,5,13,next_parity,8,0.4531784005468216,0.5012531328320803
cb_rnn,5,13,next_parity,9,0.5126880754547496,0.45542331012800363
cb_rnn,5,13,next_parity,10,0.5751515151515152,0.6039393939393939
cb_rnn,5,13,next_parity,11,0.5133706467661692,0.44092039800995025
cb_rnn,5,13,next_parity,12,0.5723809523809523,0.5898412698412698
cb_rnn,5,13,next_parity,13,0.44187461959829577,0.41479001825928175
cb_rnn,5,13,next_parity,14,0.6364186327888687,0.5359951603145796
cb_rnn,5,13,next_parity,15,0.3952114427860696,0.3690920398009951
cb_rnn,5,13,next_parity,16,0.41319285387082,0.41868987631699495
cb_rnn,5,13,next_parity,17,0.4743478260869565,0.538695652173913
cb_rnn,5,13,next_parity,18,0.6039215686274509,0.5533769063180827
cb_rnn,5,13,next_parity,19,0.48278867102396517,0.5816993464052287
cb_rnn,5,13,next_parity,20,0.5891608391608392,0.5297202797202797
cb_rnn,5,13,next_parity,21,0.5644811115935736,0.5957446808510638
cb_rnn,5,13,next_parity,22,0.5917391304347827,0.5521739130434782
cb_rnn,5,13,next_parity,23,0.4667832167832168,0.5118006993006993
cb_rnn,5,13,next_parity,24,0.48456790123456794,0.5471781305114638
cb_rnn,5,13,next_parity,25,0.48957871396895797,0.49667405764966743
cb_rnn,5,13,next_parity,26,0.4838286713286713,0.4497377622377622
cb_rnn,5,13,next_parity,27,0.47707231040564374,0.39991181657848324
cb_rnn,5,13,next_parity,28,0.502170138888889,0.46527777777777773
cb_rnn,5,13,next_parity,29,0.4834782608695652,0.5269565217391305
cb_rnn,5,13,next_parity,30,0.4288194444444444,0.5160590277777778
cb_rnn,5,13,next_parity,31,0.4691840277777778,0.4539930555555556
cb_rnn,5,13,next_parity,32,0.5766391663048197,0.48067737733391225
cb_rnn,5,13,next_parity,33,0.5380116959064327,0.5937921727395411
cb_rnn,5,13,next_parity,34,0.514161220043573,0.4989106753812636
cb_rnn,5,13,next_parity,35,0.5283783783783784,0.43648648648648647
cb_rnn,5,13,next_parity,36,0.6497289972899729,0.5115176151761518
cb_rnn,5,13,next_parity,37,0.5608108108108107,0.5027027027027027
cb_rnn,5,13,next_parity,38,0.5126050420168068,0.4677871148459384
cb_rnn,5,13,next_parity,39,0.35897435897435903,0.5384615384615384
cb_rnn,5,13,next_parity,40,0.46428571428571425,0.34523809523809523
cb_rnn,5,13,next_parity,41,0.5454545454545455,0.5568181818181819
cb_rnn,5,13,next_parity,42,,
cb_rnn,5,13,next_parity,43,,
cb_rnn,5,13,next_parity,44,,
cb_rnn,5,13,next_parity,45,,
cb_rnn,5,13,next_parity,46,,
cb_rnn,5,13,next_parity,47,,
cb_rnn,5,13,next_parity,48,,
cb_rnn,5,13,next_parity,49,,
cb_rnn,5,13,next_parity,50,,
cb_rnn,5,13,next_parity,51,,
cb_rnn,5,13,next_parity,52,,
cb_rnn,5,14,incoming_bit,0,1.0,1.0
cb_rnn,5,14,incoming_bit,1,1.0,1.0
cb_rnn,5,14,incoming_bit,2,1.0,1.0
cb_rnn,5,14,incoming_bit,3,1.0,1.0
cb_rnn,5,14,incoming_bit,4,1.0,1.0
cb_rnn,5,14,incoming_bit,5,1.0,1.0
cb_rnn,5,14,incoming_bit,6,1.0,1.0
cb_rnn,5,14,incoming_bit,7,1.0,1.0
cb_rnn,5,14,incoming_bit,8,0.9846153846153847,1.0
cb_rnn,5,14,incoming_bit,9,1.0,1.0
cb_rnn,5,14,incoming_bit,10,1.0,1.0
cb_rnn,5,14,incoming_bit,11,1.0,1.0
cb_rnn,5,14,incoming_bit,12,1.0,1.0
cb_rnn,5,14,incoming_bit,13,1.0,1.0
cb_rnn,5,14,incoming_bit,14,0.9999999999999999,1.0
cb_rnn,5,14,incoming_bit,15,1.0,0.9999999999999999
cb_rnn,5,14,incoming_bit,16,1.0,1.0
cb_rnn,5,14,incoming_bit,17,1.0,1.0
cb_rnn,5,14,incoming_bit,18,0.9999999999999999,1.0
cb_rnn,5,14,incoming_bit,19,1.0,1.0
cb_rnn,5,14,incoming_bit,20,1.0,1.0
cb_rnn,5,14,incoming_bit,21,1.0,1.0
cb_rnn,5,14,incoming_bit,22,1.0,1.0
cb_rnn,5,14,incoming_bit,23,1.0,1.0
cb_rnn,5,14,incoming_bit,24,1.0,1.0
cb_rnn,5,14,incoming_bit,25,1.0,1.0
cb_rnn,5,14,incoming_bit,26,1.0,1.0
cb_rnn,5,14,incoming_bit,27,1.0,1.0
cb_rnn,5,14,incoming_bit,28,1.0,1.0
cb_rnn,5,14,incoming_bit,29,1.0,1.0
cb_rnn,5,14,incoming_bit,30,1.0,1.0
cb_rnn,5,14,incoming_bit,31,1.0,1.0
cb_rnn,5,14,incoming_bit,32,1.0,1.0
cb_rnn,5,14,incoming_bit,33,1.0,1.0
cb_rnn,5,14,incoming_bit,34,1.0,1.0
cb_rnn,5,14,incoming_bit,35,1.0,1.0
cb_rnn,5,14,incoming_bit,36,1.0,1.0
cb_rnn,5,14,incoming_bit,37,1.0,1.0
cb_rnn,5,14,incoming_bit,38,1.0,1.0
cb_rnn,5,14,incoming_bit,39,1.0,1.0
cb_rnn,5,14,incoming_bit,40,1.0,1.0
cb_rnn,5,14,incoming_bit,41,1.0,1.0
cb_rnn,5,14,incoming_bit,42,1.0,1.0
cb_rnn,5,14,incoming_bit,43,1.0,1.0
cb_rnn,5,14,incoming_bit,44,1.0,1.0
cb_rnn,5,14,incoming_bit,45,1.0,1.0
cb_rnn,5,14,incoming_bit,46,1.0,0.9999999999999999
cb_rnn,5,14,incoming_bit,47,1.0,1.0
cb_rnn,5,14,incoming_bit,48,1.0,1.0
cb_rnn,5,14,incoming_bit,49,1.0,1.0
cb_rnn,5,14,incoming_bit,50,1.0,1.0
cb_rnn,5,14,incoming_bit,51,1.0,1.0
cb_rnn,5,14,incoming_bit,52,1.0,1.0
cb_rnn,5,14,incoming_bit,53,1.0,1.0
cb_rnn,5,14,outgoing_bit,0,0.8512872628726287,0.7508468834688348
cb_rnn,5,14,outgoing_bit,1,0.834770843903264,0.7723659732792153
cb_rnn,5,14,outgoing_bit,2,0.7761824324324325,0.781418918918919
cb_rnn,5,14,outgoing_bit,3,0.8257422402159244,0.7604588394062078
cb_rnn,5,14,outgoing_bit,4,0.7499999999999999,0.7862903225806451
cb_rnn,5,14,outgoing_bit,5,0.8497767857142856,0.7834821428571429
cb_rnn,5,14,outgoing_bit,6,0.7413101604278075,0.786319073083779
cb_rnn,5,14,outgoing_bit,7,0.8725832750989984,0.7092941998602376
cb_rnn,5,14,outgoing_bit,8,0.7628205128205128,0.7078754578754578
cb_rnn,5,14,outgoing_bit,9,0.7827818627450981,0.7622549019607843
cb_rnn,5,14,outgoing_bit,10,0.8095384615384615,0.7818461538461539
cb_rnn,5,14,outgoing_bit,11,0.8335362142422398,0.6956786366402922
cb_rnn,5,14,outgoing_bit,12,0.7573260073260073,0.7554945054945055
cb_rnn,5,14,outgoing_bit,13,0.7786885245901639,0.7455980570734668
cb_rnn,5,14,outgoing_bit,14,0.8520384791571233,0.7187356848373797
cb_rnn,5,14,outgoing_bit,15,0.8191304347826087,0.7695652173913043
cb_rnn,5,14,outgoing_bit,16,0.7661254936375603,0.725318121983326
cb_rnn,5,14,outgoing_bit,17,0.8358929354980253,0.7722685388328213
cb_rnn,5,14,outgoing_bit,18,0.7582272926722248,0.677928916191312
cb_rnn,5,14,outgoing_bit,19,0.8002605297438123,0.8202344767694312
cb_rnn,5,14,outgoing_bit,20,0.7376906318082789,0.7834422657952069
cb_rnn,5,14,outgoing_bit,21,0.7516629711751663,0.7082039911308204
cb_rnn,5,14,outgoing_bit,22,0.8470017636684304,0.7998236331569665
cb_rnn,5,14,outgoing_bit,23,0.8391304347826086,0.8160869565217391
cb_rnn,5,14,outgoing_bit,24,0.7689969604863222,0.7551020408163265
cb_rnn,5,14,outgoing_bit,25,0.7879464285714286,0.7267857142857143
cb_rnn,5,14,outgoing_bit,26,0.759041394335512,0.7124183006535947
cb_rnn,5,14,outgoing_bit,27,0.7981481481481482,0.7523148148148149
cb_rnn,5,14,outgoing_bit,28,0.7952069716775598,0.7995642701525054
cb_rnn,5,14,outgoing_bit,29,0.8295454545454546,0.8452797202797203
cb_rnn,5,14,outgoing_bit,30,0.7964285714285715,0.7883928571428571
cb_rnn,5,14,outgoing_bit,31,0.7451923076923077,0.6695804195804197
cb_rnn,5,14,outgoing_bit,32,0.7338254450716458,0.7203647416413375
cb_rnn,5,14,outgoing_bit,33,0.7714285714285715,0.6394557823129251
cb_rnn,5,14,outgoing_bit,34,0.7676151761517616,0.7865853658536586
cb_rnn,5,14,outgoing_bit,35,0.7540540540540541,0.6506756756756756
cb_rnn,5,14,outgoing_bit,36,0.5658263305322129,0.40336134453781514
cb_rnn,5,14,outgoing_bit,37,0.6022727272727273,0.38636363636363635
cb_rnn,5,14,outgoing_bit,38,0.5238095238095238,0.488095238095238
cb_rnn,5,14,outgoing_bit,39,0.5111111111111111,0.5
cb_rnn,5,14,outgoing_bit,40,,
cb_rnn,5,14,outgoing_bit,41,,
cb_rnn,5,14,outgoing_bit,42,,
cb_rnn,5,14,outgoing_bit,43,,
cb_rnn,5,14,outgoing_bit,44,,
cb_rnn,5,14,outgoing_bit,45,,
cb_rnn,5,14,outgoing_bit,46,,
cb_rnn,5,14,outgoing_bit,47,,
cb_rnn,5,14,outgoing_bit,48,,
cb_rnn,5,14,outgoing_bit,49,,
cb_rnn,5,14,outgoing_bit,50,,
cb_rnn,5,14,outgoing_bit,51,,
cb_rnn,5,14,outgoing_bit,52,,
cb_rnn,5,14,outgoing_bit,53,,
cb_rnn,5,14,next_parity,0,,
cb_rnn,5,14,next_parity,1,0.5402260077584753,0.45269016697588127
cb_rnn,5,14,next_parity,2,0.4767441860465116,0.5182968536251711
cb_rnn,5,14,next_parity,3,0.4971322537112011,0.5126518218623483
cb_rnn,5,14,next_parity,4,0.5832907075873828,0.5824381926683717
cb_rnn,5,14,next_parity,5,0.4418016194331984,0.4930836707152496
cb_rnn,5,14,next_parity,6,0.4849094567404426,0.4706013860943438
cb_rnn,5,14,next_parity,7,0.49288135593220345,0.4908474576271186
cb_rnn,5,14,next_parity,8,0.49742901855577915,0.6071987480438185
cb_rnn,5,14,next_parity,9,0.4977718360071301,0.5447860962566845
cb_rnn,5,14,next_parity,10,0.3939393939393939,0.3942486085343228
cb_rnn,5,14,next_parity,11,0.4984615384615385,0.42153846153846153
cb_rnn,5,14,next_parity,12,0.5692307692307692,0.492
cb_rnn,5,14,next_parity,13,0.539561777236762,0.584297017650639
cb_rnn,5,14,next_parity,14,0.46938775510204084,0.47526283240568956
cb_rnn,5,14,next_parity,15,0.4488498789346247,0.47639225181598066
cb_rnn,5,14,next_parity,16,0.5417391304347826,0.4421739130434782
cb_rnn,5,14,next_parity,17,0.3712962962962963,0.46157407407407414
cb_rnn,5,14,next_parity,18,0.5310314685314685,0.5777972027972028
cb_rnn,5,14,next_parity,19,0.4303350970017636,0.4034391534391535
cb_rnn,5,14,next_parity,20,0.4965217391304348,0.39869565217391306
cb_rnn,5,14,next_parity,21,0.5265467310223781,0.5287406757349715
cb_rnn,5,14,next_parity,22,0.4855769230769231,0.4602272727272727
cb_rnn,5,14,next_parity,23,0.4752084247476964,0.5032909170688898
cb_rnn,5,14,next_parity,24,0.45326897762176394,0.42430890741553307
cb_rnn,5,14,next_parity,25,0.6328125,0.6414930555555557
cb_rnn,5,14,next_parity,26,0.5330434782608696,0.5695652173913044
cb_rnn,5,14,next_parity,27,0.5862220272049145,0.47476963580517767
cb_rnn,5,14,next_parity,28,0.4886956521739131,0.5021739130434782
cb_rnn,5,14,next_parity,29,0.6204950065132435,0.6039947894051236
cb_rnn,5,14,next_parity,30,0.5542483660130719,0.47625272331154683
cb_rnn,5,14,next_parity,31,0.48003472222222227,0.47526041666666663
cb_rnn,5,14,next_parity,32,0.518695652173913,0.5708695652173913
cb_rnn,5,14,next_parity,33,0.4062084257206209,0.41951219512195115
cb_rnn,5,14,next_parity,34,0.4932696482848458,0.5310464611376465
cb_rnn,5,14,next_parity,35,0.37499999999999994,0.4
cb_rnn,5,14,next_parity,36,0.5440379403794038,0.4478319783197832
cb_rnn,5,14,next_parity,37,0.47451790633608815,0.453168044077135
cb_rnn,5,14,next_parity,38,0.4444444444444445,0.39722222222222225
cb_rnn,5,14,next_parity,39,0.30681818181818177,0.32954545454545453
cb_rnn,5,14,next_parity,40,0.4642857142857143,0.3928571428571429
cb_rnn,5,14,next_parity,41,0.5454545454545454,0.4545454545454546
cb_rnn,5,14,next_parity,42,,
cb_rnn,5,14,next_parity,43,,
cb_rnn,5,14,next_parity,44,,
cb_rnn,5,14,next_parity,45,,
cb_rnn,5,14,next_parity,46,,
cb_rnn,5,14,next_parity,47,,
cb_rnn,5,14,next_parity,48,,
cb_rnn,5,14,next_parity,49,,
cb_rnn,5,14,next_parity,50,,
cb_rnn,5,14,next_parity,51,,
cb_rnn,5,14,next_parity,52,,
cb_rnn,5,14,next_parity,53,,
cb_rnn,5,15,incoming_bit,0,1.0,1.0
cb_rnn,5,15,incoming_bit,1,1.0,1.0
cb_rnn,5,15,incoming_bit,2,1.0,1.0
cb_rnn,5,15,incoming_bit,3,1.0,1.0
cb_rnn,5,15,incoming_bit,4,1.0,1.0
cb_rnn,5,15,incoming_bit,5,1.0,1.0
cb_rnn,5,15,incoming_bit,6,1.0,1.0
cb_rnn,5,15,incoming_bit,7,1.0,1.0
cb_rnn,5,15,incoming_bit,8,1.0,1.0
cb_rnn,5,15,incoming_bit,9,1.0,1.0
cb_rnn,5,15,incoming_bit,10,1.0,1.0
cb_rnn,5,15,incoming_bit,11,1.0,1.0
cb_rnn,5,15,incoming_bit,12,1.0,1.0
cb_rnn,5,15,incoming_bit,13,1.0,1.0
cb_rnn,5,15,incoming_bit,14,1.0,1.0
cb_rnn,5,15,incoming_bit,15,1.0,1.0
cb_rnn,5,15,incoming_bit,16,1.0,1.0
cb_rnn,5,15,incoming_bit,17,1.0,1.0
cb_rnn,5,15,incoming_bit,18,1.0,1.0
cb_rnn,5,15,incoming_bit,19,1.0,1.0
cb_rnn,5,15,incoming_bit,20,1.0,1.0
cb_rnn,5,15,incoming_bit,21,1.0,1.0
cb_rnn,5,15,incoming_bit,22,1.0,1.0
cb_rnn,5,15,incoming_bit,23,1.0,1.0
cb_rnn,5,15,incoming_bit,24,1.0,1.0
cb_rnn,5,15,incoming_bit,25,1.0,1.0
cb_rnn,5,15,incoming_bit,26,1.0,1.0
cb_rnn,5,15,incoming_bit,27,1.0,1.0
cb_rnn,5,15,incoming_bit,28,1.0,1.0
cb_rnn,5,15,incoming_bit,29,1.0,1.0
cb_rnn,5,15,incoming_bit,30,1.0,1.0
cb_rnn,5,15,incoming_bit,31,1.0,1.0
cb_rnn,5,15,incoming_bit,32,1.0,1.0
cb_rnn,5,15,incoming_bit,33,1.0,1.0
cb_rnn,5,15,incoming_bit,34,1.0,1.0
cb_rnn,5,15,incoming_bit,35,1.0,1.0
cb_rnn,5,15,incoming_bit,36,1.0,1.0
cb_rnn,5,15,incoming_bit,37,1.0,1.0
cb_rnn,5,15,incoming_bit,38,1.0,1.0
cb_rnn,5,15,incoming_bit,39,1.0,1.0
cb_rnn,5,15,incoming_bit,40,1.0,1.0
cb_rnn,5,15,incoming_bit,41,1.0,1.0
cb_rnn,5,15,incoming_bit,42,1.0,1.0
cb_rnn,5,15,incoming_bit,43,1.0,1.0
cb_rnn,5,15,incoming_bit,44,1.0,1.0
cb_rnn,5,15,incoming_bit,45,1.0,1.0
cb_rnn,5,15,incoming_bit,46,1.0,0.9999999999999999
cb_rnn,5,15,incoming_bit,47,1.0,1.0
cb_rnn,5,15,incoming_bit,48,1.0,1.0
cb_rnn,5,15,incoming_bit,49,1.0,1.0
cb_rnn,5,15,incoming_bit,50,1.0,0.9999999999999999
cb_rnn,5,15,incoming_bit,51,1.0,1.0
cb_rnn,5,15,incoming_bit,52,1.0,1.0
cb_rnn,5,15,incoming_bit,53,1.0,1.0
cb_rnn,5,15,incoming_bit,54,1.0,1.0
cb_rnn,5,15,incoming_bit,55,1.0,1.0
cb_rnn,5,15,incoming_bit,56,1.0,1.0
cb_rnn,5,15,incoming_bit,57,1.0,1.0
cb_rnn,5,15,incoming_bit,58,1.0,1.0
cb_rnn,5,15,incoming_bit,59,1.0,1.0
cb_rnn,5,15,outgoing_bit,0,0.8037510656436487,0.7778346121057119
cb_rnn,5,15,outgoing_bit,1,0.7762557077625571,0.843395907322848
cb_rnn,5,15,outgoing_bit,2,0.8332763337893296,0.8228454172366622
cb_rnn,5,15,outgoing_bit,3,0.823549257759784,0.8289473684210527
cb_rnn,5,15,outgoing_bit,4,0.8032969480953442,0.772109601247494
cb_rnn,5,15,outgoing_bit,5,0.7647714604236343,0.7380156075808251
cb_rnn,5,15,outgoing_bit,6,0.781716833890747,0.764102564102564
cb_rnn,5,15,outgoing_bit,7,0.8156299124185943,0.8317987873343813
cb_rnn,5,15,outgoing_bit,8,0.8242424242424242,0.8081818181818181
cb_rnn,5,15,outgoing_bit,9,0.7935640558591378,0.7292046144505161
cb_rnn,5,15,outgoing_bit,10,0.7722832722832723,0.7588522588522588
cb_rnn,5,15,outgoing_bit,11,0.7189957652752571,0.750151240169389
cb_rnn,5,15,outgoing_bit,12,0.7813484562066793,0.7690611216131065
cb_rnn,5,15,outgoing_bit,13,0.6727716727716727,0.8067765567765568
cb_rnn,5,15,outgoing_bit,14,0.8133741258741259,0.7111013986013986
cb_rnn,5,15,outgoing_bit,15,0.8065677013045435,0.8398560503823661
cb_rnn,5,15,outgoing_bit,16,0.7199305254016499,0.6739036039947894
cb_rnn,5,15,outgoing_bit,17,0.8549019607843137,0.8174291938997822
cb_rnn,5,15,outgoing_bit,18,0.8232739904472428,0.8297872340425532
cb_rnn,5,15,outgoing_bit,19,0.7670030715225976,0.7016235190873191
cb_rnn,5,15,outgoing_bit,20,0.7274305555555556,0.72265625
cb_rnn,5,15,outgoing_bit,21,0.8263135041250542,0.7794181502388189
cb_rnn,5,15,outgoing_bit,22,0.7888392857142857,0.7580357142857143
cb_rnn,5,15,outgoing_bit,23,0.7486607142857142,0.7825892857142858
cb_rnn,5,15,outgoing_bit,24,0.7911419887103778,0.7585757707338254
cb_rnn,5,15,outgoing_bit,25,0.7833260963960051,0.7412071211463309
cb_rnn,5,15,outgoing_bit,26,0.7441964285714286,0.7691964285714287
cb_rnn,5,15,outgoing_bit,27,0.7386018237082067,0.7985236647850629
cb_rnn,5,15,outgoing_bit,28,0.7469565217391304,0.7878260869565218
cb_rnn,5,15,outgoing_bit,29,0.7770979020979021,0.7430069930069931
cb_rnn,5,15,outgoing_bit,30,0.8531468531468531,0.7578671328671328
cb_rnn,5,15,outgoing_bit,31,0.8558758314855877,0.8097560975609754
cb_rnn,5,15,outgoing_bit,32,0.7921960072595281,0.7363883847549909
cb_rnn,5,15,outgoing_bit,33,0.8238866396761134,0.7280701754385965
cb_rnn,5,15,outgoing_bit,34,0.7975206611570248,0.8168044077134986
cb_rnn,5,15,outgoing_bit,35,0.761904761904762,0.7265306122448979
cb_rnn,5,15,outgoing_bit,36,0.7866666666666666,0.7466666666666667
cb_rnn,5,15,outgoing_bit,37,0.5969230769230769,0.7784615384615385
cb_rnn,5,15,outgoing_bit,38,0.5650969529085873,0.49307479224376727
cb_rnn,5,15,outgoing_bit,39,0.6204986149584488,0.8476454293628809
cb_rnn,5,15,outgoing_bit,40,0.8,0.8666666666666666
cb_rnn,5,15,outgoing_bit,41,0.2179487179487179,0.6538461538461537
cb_rnn,5,15,outgoing_bit,42,0.7000000000000001,0.6142857142857143
cb_rnn,5,15,outgoing_bit,43,0.4358974358974359,0.3846153846153846
cb_rnn,5,15,outgoing_bit,44,0.7272727272727273,0.8295454545454545
cb_rnn,5,15,outgoing_bit,45,,
cb_rnn,5,15,outgoing_bit,46,,
cb_rnn,5,15,outgoing_bit,47,,
cb_rnn,5,15,outgoing_bit,48,,
cb_rnn,5,15,outgoing_bit,49,,
cb_rnn,5,15,outgoing_bit,50,,
cb_rnn,5,15,outgoing_bit,51,,
cb_rnn,5,15,outgoing_bit,52,,
cb_rnn,5,15,outgoing_bit,53,,
cb_rnn,5,15,outgoing_bit,54,,
cb_rnn,5,15,outgoing_bit,55,,
cb_rnn,5,15,outgoing_bit,56,,
cb_rnn,5,15,outgoing_bit,57,,
cb_rnn,5,15,outgoing_bit,58,,
cb_rnn,5,15,outgoing_bit,59,,
cb_rnn,5,15,next_parity,0,,
cb_rnn,5,15,next_parity,1,0.4542553191489362,0.5072695035460992
cb_rnn,5,15,next_parity,2,0.5390625,0.5536458333333333
cb_rnn,5,15,next_parity,3,0.5326897018970189,0.5362466124661247
cb_rnn,5,15,next_parity,4,0.4136054421768708,0.3974489795918368
cb_rnn,5,15,next_parity,5,0.48108108108108105,0.5101351351351351
cb_rnn,5,15,next_parity,6,0.5187499999999999,0.4002232142857143
cb_rnn,5,15,next_parity,7,0.44994425863991083,0.4405797101449275
cb_rnn,5,15,next_parity,8,0.43637992831541217,0.49126344086021506
cb_rnn,5,15,next_parity,9,0.501225217197594,0.4546669636890176
cb_rnn,5,15,next_parity,10,0.5036319612590799,0.4373486682808717
cb_rnn,5,15,next_parity,11,0.4881961259079903,0.5299636803874093
cb_rnn,5,15,next_parity,12,0.5662431941923776,0.5187537810042347
cb_rnn,5,15,next_parity,13,0.4689054726368159,0.5059079601990049
cb_rnn,5,15,next_parity,14,0.4074754901960784,0.46905637254901966
cb_rnn,5,15,next_parity,15,0.3940781440781441,0.4270451770451771
cb_rnn,5,15,next_parity,16,0.612679114198871,0.6330872774641771
cb_rnn,5,15,next_parity,17,0.4858906525573192,0.5335097001763669
cb_rnn,5,15,next_parity,18,0.371677559912854,0.48061002178649237
cb_rnn,5,15,next_parity,19,0.5303819444444444,0.49479166666666663
cb_rnn,5,15,next_parity,20,0.44999999999999996,0.5169565217391304
cb_rnn,5,15,next_parity,21,0.5321739130434783,0.5691304347826087
cb_rnn,5,15,next_parity,22,0.44361888111888115,0.48601398601398604
cb_rnn,5,15,next_parity,23,0.4924012158054711,0.48545375597047336
cb_rnn,5,15,next_parity,24,0.6248366013071895,0.612636165577342
cb_rnn,5,15,next_parity,25,0.4582608695652174,0.44130434782608696
cb_rnn,5,15,next_parity,26,0.49889135254988914,0.44922394678492245
cb_rnn,5,15,next_parity,27,0.3840388007054674,0.5454144620811288
cb_rnn,5,15,next_parity,28,0.5738359201773836,0.5778270509977828
cb_rnn,5,15,next_parity,29,0.44345898004434586,0.38891352549889135
cb_rnn,5,15,next_parity,30,0.5860869565217393,0.5730434782608697
cb_rnn,5,15,next_parity,31,0.5141120277898393,0.4954407294832827
cb_rnn,5,15,next_parity,32,0.505427702996092,0.499348675640469
cb_rnn,5,15,next_parity,33,0.5546558704453441,0.44579397210976157
cb_rnn,5,15,next_parity,34,0.515625,0.5412326388888888
cb_rnn,5,15,next_parity,35,0.5574555403556771,0.4582763337893296
cb_rnn,5,15,next_parity,36,0.4574324324324324,0.4966216216216216
cb_rnn,5,15,next_parity,37,0.48040540540540544,0.49391891891891887
cb_rnn,5,15,next_parity,38,0.5805288461538461,0.453125
cb_rnn,5,15,next_parity,39,0.5982142857142857,0.5714285714285714
cb_rnn,5,15,next_parity,40,0.4957983193277311,0.48459383753501395
cb_rnn,5,15,next_parity,41,0.3628808864265928,0.4349030470914127
cb_rnn,5,15,next_parity,42,0.33333333333333337,0.23333333333333334
cb_rnn,5,15,next_parity,43,0.48863636363636365,0.5795454545454546
cb_rnn,5,15,next_parity,44,0.1923076923076923,0.4615384615384616
cb_rnn,5,15,next_parity,45,0.5833333333333334,0.5238095238095238
cb_rnn,5,15,next_parity,46,0.29545454545454547,0.32954545454545453
cb_rnn,5,15,next_parity,47,,
cb_rnn,5,15,next_parity,48,,
cb_rnn,5,15,next_parity,49,,
cb_rnn,5,15,next_parity,50,,
cb_rnn,5,15,next_parity,51,,
cb_rnn,5,15,next_parity,52,,
cb_rnn,5,15,next_parity,53,,
cb_rnn,5,15,next_parity,54,,
cb_rnn,5,15,next_parity,55,,
cb_rnn,5,15,next_parity,56,,
cb_rnn,5,15,next_parity,57,,
cb_rnn,5,15,next_parity,58,,
cb_rnn,5,15,next_parity,59,,
cb_rnn,6,2,incoming_bit,0,1.0,1.0
cb_rnn,6,2,incoming_bit,1,1.0,1.0
cb_rnn,6,2,incoming_bit,2,1.0,1.0
cb_rnn,6,2,incoming_bit,3,1.0,1.0
cb_rnn,6,2,incoming_bit,4,1.0,1.0
cb_rnn,6,2,incoming_bit,5,1.0,1.0
cb_rnn,6,2,incoming_bit,6,1.0,1.0
cb_rnn,6,2,incoming_bit,7,1.0,1.0
cb_rnn,6,2,incoming_bit,8,1.0,1.0
cb_rnn,6,2,outgoing_bit,0,1.0,0.9999999999999999
cb_rnn,6,2,outgoing_bit,1,1.0,1.0
cb_rnn,6,2,outgoing_bit,2,0.9978040540540541,1.0
cb_rnn,6,2,outgoing_bit,3,0.9894288150042625,1.0
cb_rnn,6,2,outgoing_bit,4,0.9950911640953717,1.0
cb_rnn,6,2,outgoing_bit,5,1.0,1.0
cb_rnn,6,2,outgoing_bit,6,1.0,1.0
cb_rnn,6,2,outgoing_bit,7,,
cb_rnn,6,2,outgoing_bit,8,,
cb_rnn,6,2,next_parity,0,,
cb_rnn,6,2,next_parity,1,0.45682284541723667,0.4363030095759234
cb_rnn,6,2,next_parity,2,0.5005967604433078,0.45063938618925836
cb_rnn,6,2,next_parity,3,0.5201251479790293,0.5209707424319296
cb_rnn,6,2,next_parity,4,0.5541406645302749,0.5467195142519818
cb_rnn,6,2,next_parity,5,0.5276509386098427,0.5317097919837646
cb_rnn,6,2,next_parity,6,0.4656462585034014,0.45170068027210886
cb_rnn,6,2,next_parity,7,0.6666666666666666,0.6376811594202899
cb_rnn,6,2,next_parity,8,0.5170454545454545,0.5227272727272727
cb_rnn,6,3,incoming_bit,0,1.0,1.0
cb_rnn,6,3,incoming_bit,1,1.0,0.9999999999999999
cb_rnn,6,3,incoming_bit,2,1.0,1.0
cb_rnn,6,3,incoming_bit,3,1.0,1.0
cb_rnn,6,3,incoming_bit,4,1.0,1.0
cb_rnn,6,3,incoming_bit,5,0.9999999999999999,1.0
cb_rnn,6,3,incoming_bit,6,1.0,0.9999999999999999
cb_rnn,6,3,incoming_bit,7,1.0,1.0
cb_rnn,6,3,incoming_bit,8,1.0,1.0
cb_rnn,6,3,incoming_bit,9,1.0,1.0
cb_rnn,6,3,incoming_bit,10,1.0,1.0
cb_rnn,6,3,incoming_bit,11,1.0,1.0
cb_rnn,6,3,outgoing_bit,0,0.9954268292682926,0.9974593495934959
cb_rnn,6,3,outgoing_bit,1,0.9962737127371273,0.9984756097560975
cb_rnn,6,3,outgoing_bit,2,0.9994918699186992,1.0
cb_rnn,6,3,outgoing_bit,3,0.998642457152554,0.9984727642966231
cb_rnn,6,3,outgoing_bit,4,0.9978213507625272,1.0
cb_rnn,6,3,outgoing_bit,5,0.9971949509116409,0.997194950911641
cb_rnn,6,3,outgoing_bit,6,0.9958677685950413,0.9848484848484849
cb_rnn,6,3,outgoing_bit,7,0.9986486486486487,0.9999999999999999
cb_rnn,6,3,outgoing_bit,8,1.0,0.6363636363636364
cb_rnn,6,3,outgoing_bit,9,,
cb_rnn,6,3,outgoing_bit,10,,
cb_rnn,6,3,outgoing_bit,11,,
cb_rnn,6,3,next_parity,0,,
cb_rnn,6,3,next_parity,1,0.5378281008749356,0.5048035683650712
cb_rnn,6,3,next_parity,2,0.49078856749311295,0.528323002754821
cb_rnn,6,3,next_parity,3,0.5248081841432226,0.4867860187553282
cb_rnn,6,3,next_parity,4,0.5272342675832893,0.5455667195487396
cb_rnn,6,3,next_parity,5,0.5464665204924946,0.5604655085174566
cb_rnn,6,3,next_parity,6,0.5393478260869566,0.5471739130434783
cb_rnn,6,3,next_parity,7,0.361449864498645,0.3333333333333333
cb_rnn,6,3,next_parity,8,0.3547619047619048,0.37448979591836734
cb_rnn,6,3,next_parity,9,0.5239583333333333,0.5076388888888889
cb_rnn,6,3,next_parity,10,0.35795454545454547,0.35795454545454547
cb_rnn,6,3,next_parity,11,,
cb_rnn,6,4,incoming_bit,0,1.0,1.0
cb_rnn,6,4,incoming_bit,1,1.0,1.0
cb_rnn,6,4,incoming_bit,2,1.0,1.0
cb_rnn,6,4,incoming_bit,3,1.0,1.0
cb_rnn,6,4,incoming_bit,4,1.0,1.0
cb_rnn,6,4,incoming_bit,5,1.0,1.0
cb_rnn,6,4,incoming_bit,6,1.0,1.0
cb_rnn,6,4,incoming_bit,7,1.0,1.0
cb_rnn,6,4,incoming_bit,8,1.0,0.9999999999999999
cb_rnn,6,4,incoming_bit,9,1.0,1.0
cb_rnn,6,4,incoming_bit,10,1.0,1.0
cb_rnn,6,4,incoming_bit,11,1.0,1.0
cb_rnn,6,4,incoming_bit,12,1.0,1.0
cb_rnn,6,4,incoming_bit,13,1.0,1.0
cb_rnn,6,4,incoming_bit,14,1.0,1.0
cb_rnn,6,4,incoming_bit,15,1.0,1.0
cb_rnn,6,4,incoming_bit,16,1.0,1.0
cb_rnn,6,4,outgoing_bit,0,0.940379403794038,0.9168360433604337
cb_rnn,6,4,outgoing_bit,1,0.9649122807017543,0.9686234817813766
cb_rnn,6,4,outgoing_bit,2,0.96894620736467,0.9567283217376549
cb_rnn,6,4,outgoing_bit,3,0.9495857570950115,0.9541688700863741
cb_rnn,6,4,outgoing_bit,4,0.9529411764705883,0.9516339869281045
cb_rnn,6,4,outgoing_bit,5,0.9180440771349863,0.9097796143250688
cb_rnn,6,4,outgoing_bit,6,0.9790823211875844,0.9669365721997302
cb_rnn,6,4,outgoing_bit,7,0.9089068825910932,0.9035087719298245
cb_rnn,6,4,outgoing_bit,8,0.8444444444444444,0.8027777777777778
cb_rnn,6,4,outgoing_bit,9,0.85595567867036,0.7977839335180055
cb_rnn,6,4,outgoing_bit,10,0.8795518207282913,0.9019607843137255
cb_rnn,6,4,outgoing_bit,11,1.0,0.9944444444444445
cb_rnn,6,4,outgoing_bit,12,1.0,0.7727272727272727
cb_rnn,6,4,outgoing_bit,13,,
cb_rnn,6,4,outgoing_bit,14,,
cb_rnn,6,4,outgoing_bit,15,,
cb_rnn,6,4,outgoing_bit,16,,
cb_rnn,6,4,next_parity,0,,
cb_rnn,6,4,next_parity,1,0.5145935856100458,0.4647038859664008
cb_rnn,6,4,next_parity,2,0.46750216076058776,0.5148660328435609
cb_rnn,6,4,next_parity,3,0.5385479688850475,0.5511668107173724
cb_rnn,6,4,next_parity,4,0.49079283887468034,0.45430520034100597
cb_rnn,6,4,next_parity,5,0.4981684981684982,0.527821384964242
cb_rnn,6,4,next_parity,6,0.5668693009118542,0.5204081632653061
cb_rnn,6,4,next_parity,7,0.46048850574712635,0.4418103448275862
cb_rnn,6,4,next_parity,8,0.3946808510638297,0.3982269503546099
cb_rnn,6,4,next_parity,9,0.45257452574525747,0.5149051490514904
cb_rnn,6,4,next_parity,10,0.5588235294117647,0.5028011204481793
cb_rnn,6,4,next_parity,11,0.46726190476190477,0.5580357142857142
cb_rnn,6,4,next_parity,12,0.41884057971014493,0.37536231884057975
cb_rnn,6,4,next_parity,13,0.46944444444444444,0.4986111111111111
cb_rnn,6,4,next_parity,14,0.5055555555555555,0.5388888888888888
cb_rnn,6,4,next_parity,15,,
cb_rnn,6,4,next_parity,16,,
cb_rnn,6,5,incoming_bit,0,1.0,1.0
cb_rnn,6,5,incoming_bit,1,1.0,1.0
cb_rnn,6,5,incoming_bit,2,1.0,1.0
cb_rnn,6,5,incoming_bit,3,1.0,1.0
cb_rnn,6,5,incoming_bit,4,1.0,1.0
cb_rnn,6,5,incoming_bit,5,1.0,1.0
cb_rnn,6,5,incoming_bit,6,1.0,1.0
cb_rnn,6,5,incoming_bit,7,1.0,1.0
cb_rnn,6,5,incoming_bit,8,1.0,1.0
cb_rnn,6,5,incoming_bit,9,1.0,1.0
cb_rnn,6,5,incoming_bit,10,1.0,1.0
cb_rnn,6,5,incoming_bit,11,1.0,1.0
cb_rnn,6,5,incoming_bit,12,0.9999999999999999,1.0
cb_rnn,6,5,incoming_bit,13,1.0,1.0
cb_rnn,6,5,incoming_bit,14,1.0,1.0
cb_rnn,6,5,incoming_bit,15,1.0,1.0
cb_rnn,6,5,incoming_bit,16,1.0,1.0
cb_rnn,6,5,incoming_bit,17,1.0,1.0
cb_rnn,6,5,incoming_bit,18,1.0,1.0
cb_rnn,6,5,incoming_bit,19,1.0,1.0
cb_rnn,6,5,outgoing_bit,0,0.9086805555555555,0.9215277777777777
cb_rnn,6,5,outgoing_bit,1,0.9490668062096633,0.9380777952206524
cb_rnn,6,5,outgoing_bit,2,0.9556692242114236,0.9558397271952259
cb_rnn,6,5,outgoing_bit,3,0.9488095238095239,0.9678571428571429
cb_rnn,6,5,outgoing_bit,4,0.95856524427953,0.9499072356215214
cb_rnn,6,5,outgoing_bit,5,0.927599824484423,0.9504168494953926
cb_rnn,6,5,outgoing_bit,6,0.9078543220710837,0.9047827994734533
cb_rnn,6,5,outgoing_bit,7,0.8899999999999999,0.9069565217391304
cb_rnn,6,5,outgoing_bit,8,0.8968944099378883,0.9291925465838509
cb_rnn,6,5,outgoing_bit,9,0.9329192546583851,0.9291925465838509
cb_rnn,6,5,outgoing_bit,10,0.8486842105263158,0.8671052631578947
cb_rnn,6,5,outgoing_bit,11,0.9155766944114149,0.9215219976218787
cb_rnn,6,5,outgoing_bit,12,0.9421052631578948,0.9039473684210527
cb_rnn,6,5,outgoing_bit,13,0.9888888888888889,0.9305555555555556
cb_rnn,6,5,outgoing_bit,14,0.875,0.9431818181818181
cb_rnn,6,5,outgoing_bit,15,,
cb_rnn,6,5,outgoing_bit,16,,
cb_rnn,6,5,outgoing_bit,17,,
cb_rnn,6,5,outgoing_bit,18,,
cb_rnn,6,5,outgoing_bit,19,,
cb_rnn,6,5,next_parity,0,,
cb_rnn,6,5,next_parity,1,0.545609548167093,0.5413469735720375
cb_rnn,6,5,next_parity,2,0.5990006775067752,0.5253218157181573
cb_rnn,6,5,next_parity,3,0.50829945799458,0.5233739837398375
cb_rnn,6,5,next_parity,4,0.5625745950554135,0.5427962489343563
cb_rnn,6,5,next_parity,5,0.5201013513513513,0.5045608108108108
cb_rnn,6,5,next_parity,6,0.38342609771181196,0.4397031539888683
cb_rnn,6,5,next_parity,7,0.49739130434782614,0.5291304347826087
cb_rnn,6,5,next_parity,8,0.5460728389644581,0.5592365072400176
cb_rnn,6,5,next_parity,9,0.5671023965141613,0.6054466230936819
cb_rnn,6,5,next_parity,10,0.5452380952380953,0.4857142857142857
cb_rnn,6,5,next_parity,11,0.5901442307692308,0.579326923076923
cb_rnn,6,5,next_parity,12,0.5955794504181602,0.7066905615292712
cb_rnn,6,5,next_parity,13,0.45465686274509803,0.4534313725490196
cb_rnn,6,5,next_parity,14,0.3864182692307693,0.35036057692307687
cb_rnn,6,5,next_parity,15,0.4458333333333333,0.44583333333333336
cb_rnn,6,5,next_parity,16,0.6488095238095237,0.7559523809523809
cb_rnn,6,5,next_parity,17,,
cb_rnn,6,5,next_parity,18,,
cb_rnn,6,5,next_parity,19,,
cb_rnn,6,6,incoming_bit,0,1.0,1.0
cb_rnn,6,6,incoming_bit,1,1.0,1.0
cb_rnn,6,6,incoming_bit,2,1.0,1.0
cb_rnn,6,6,incoming_bit,3,1.0,1.0
cb_rnn,6,6,incoming_bit,4,1.0,1.0
cb_rnn,6,6,incoming_bit,5,1.0,1.0
cb_rnn,6,6,incoming_bit,6,1.0,1.0
cb_rnn,6,6,incoming_bit,7,1.0,1.0
cb_rnn,6,6,incoming_bit,8,1.0,1.0
cb_rnn,6,6,incoming_bit,9,1.0,1.0
cb_rnn,6,6,incoming_bit,10,1.0,1.0
cb_rnn,6,6,incoming_bit,11,1.0,1.0
cb_rnn,6,6,incoming_bit,12,1.0,1.0
cb_rnn,6,6,incoming_bit,13,0.9999999999999999,1.0
cb_rnn,6,6,incoming_bit,14,1.0,1.0
cb_rnn,6,6,incoming_bit,15,1.0,0.9999999999999999
cb_rnn,6,6,incoming_bit,16,1.0,1.0
cb_rnn,6,6,incoming_bit,17,1.0,1.0
cb_rnn,6,6,incoming_bit,18,1.0,1.0
cb_rnn,6,6,incoming_bit,19,1.0,1.0
cb_rnn,6,6,outgoing_bit,0,0.9558823529411765,0.9360465116279071
cb_rnn,6,6,outgoing_bit,1,0.8831388466091662,0.8650431253170979
cb_rnn,6,6,outgoing_bit,2,0.9534214092140921,0.9566395663956639
cb_rnn,6,6,outgoing_bit,3,0.9318603474447629,0.8991398212177433
cb_rnn,6,6,outgoing_bit,4,0.9160714285714286,0.8946428571428572
cb_rnn,6,6,outgoing_bit,5,0.810204081632653,0.7224489795918367
cb_rnn,6,6,outgoing_bit,6,0.8562500000000001,0.7895833333333333
cb_rnn,6,6,outgoing_bit,7,0.8966216216216216,0.8493243243243244
cb_rnn,6,6,outgoing_bit,8,0.9085872576177285,0.8753462603878117
cb_rnn,6,6,outgoing_bit,9,0.8611111111111112,0.8694444444444444
cb_rnn,6,6,outgoing_bit,10,0.8403361344537815,0.7843137254901961
cb_rnn,6,6,outgoing_bit,11,0.9030470914127424,0.8725761772853186
cb_rnn,6,6,outgoing_bit,12,0.9072463768115941,0.8028985507246377
cb_rnn,6,6,outgoing_bit,13,0.6590909090909091,0.6477272727272727
cb_rnn,6,6,outgoing_bit,14,,
cb_rnn,6,6,outgoing_bit,15,,
cb_rnn,6,6,outgoing_bit,16,,
cb_rnn,6,6,outgoing_bit,17,,
cb_rnn,6,6,outgoing_bit,18,,
cb_rnn,6,6,outgoing_bit,19,,
cb_rnn,6,6,next_parity,0,,
cb_rnn,6,6,next_parity,1,0.5602891156462585,0.5323979591836734
cb_rnn,6,6,next_parity,2,0.4734483341789278,0.5204633857601895
cb_rnn,6,6,next_parity,3,0.46105678504031566,0.5030022302281695
cb_rnn,6,6,next_parity,4,0.49109112506363484,0.5326658747666723
cb_rnn,6,6,next_parity,5,0.3958618331053352,0.4119357045143639
cb_rnn,6,6,next_parity,6,0.5732026143790849,0.4686274509803922
cb_rnn,6,6,next_parity,7,0.5779883381924198,0.6228134110787172
cb_rnn,6,6,next_parity,8,0.4030612244897959,0.43299319727891156
cb_rnn,6,6,next_parity,9,0.4378472222222222,0.4809027777777778
cb_rnn,6,6,next_parity,10,0.375,0.38095238095238093
cb_rnn,6,6,next_parity,11,0.3472222222222222,0.3666666666666667
cb_rnn,6,6,next_parity,12,0.45429362880886426,0.40997229916897504
cb_rnn,6,6,next_parity,13,0.7375,0.7180555555555556
cb_rnn,6,6,next_parity,14,0.546875,0.5298295454545455
cb_rnn,6,6,next_parity,15,0.5055555555555555,0.5166666666666667
cb_rnn,6,6,next_parity,16,,
cb_rnn,6,6,next_parity,17,,
cb_rnn,6,6,next_parity,18,,
cb_rnn,6,6,next_parity,19,,
cb_rnn,6,7,incoming_bit,0,1.0,1.0
cb_rnn,6,7,incoming_bit,1,1.0,1.0
cb_rnn,6,7,incoming_bit,2,1.0,1.0
cb_rnn,6,7,incoming_bit,3,1.0,1.0
cb_rnn,6,7,incoming_bit,4,1.0,1.0
cb_rnn,6,7,incoming_bit,5,1.0,1.0
cb_rnn,6,7,incoming_bit,6,1.0,1.0
cb_rnn,6,7,incoming_bit,7,1.0,1.0
cb_rnn,6,7,incoming_bit,8,1.0,1.0
cb_rnn,6,7,incoming_bit,9,1.0,1.0
cb_rnn,6,7,incoming_bit,10,1.0,1.0
cb_rnn,6,7,incoming_bit,11,1.0,1.0
cb_rnn,6,7,incoming_bit,12,1.0,1.0
cb_rnn,6,7,incoming_bit,13,1.0,1.0
cb_rnn,6,7,incoming_bit,14,1.0,1.0
cb_rnn,6,7,incoming_bit,15,1.0,1.0
cb_rnn,6,7,incoming_bit,16,1.0,1.0
cb_rnn,6,7,incoming_bit,17,1.0,1.0
cb_rnn,6,7,incoming_bit,18,1.0,1.0
cb_rnn,6,7,incoming_bit,19,1.0,1.0
cb_rnn,6,7,incoming_bit,20,1.0,1.0
cb_rnn,6,7,outgoing_bit,0,0.8807823129251701,0.8629251700680272
cb_rnn,6,7,outgoing_bit,1,0.957592339261286,0.9251025991792067
cb_rnn,6,7,outgoing_bit,2,0.9164522216503689,0.8847143592382913
cb_rnn,6,7,outgoing_bit,3,0.9151484480431848,0.8181511470985156
cb_rnn,6,7,outgoing_bit,4,0.8661693725318121,0.8135146994295743
cb_rnn,6,7,outgoing_bit,5,0.9203778677462888,0.761808367071525
cb_rnn,6,7,outgoing_bit,6,0.9047297297297298,0.8925675675675675
cb_rnn,6,7,outgoing_bit,7,0.8520833333333334,0.7659722222222222
cb_rnn,6,7,outgoing_bit,8,0.8919667590027701,0.8670360110803323
cb_rnn,6,7,outgoing_bit,9,0.8888888888888888,0.8416666666666667
cb_rnn,6,7,outgoing_bit,10,0.95,0.8333333333333334
cb_rnn,6,7,outgoing_bit,11,0.875,0.8583333333333334
cb_rnn,6,7,outgoing_bit,12,0.8138888888888889,0.6194444444444445
cb_rnn,6,7,outgoing_bit,13,0.5119047619047619,0.369047619047619
cb_rnn,6,7,outgoing_bit,14,,
cb_rnn,6,7,outgoing_bit,15,,
cb_rnn,6,7,outgoing_bit,16,,
cb_rnn,6,7,outgoing_bit,17,,
cb_rnn,6,7,outgoing_bit,18,,
cb_rnn,6,7,outgoing_bit,19,,
cb_rnn,6,7,outgoing_bit,20,,
cb_rnn,6,7,next_parity,0,,
cb_rnn,6,7,next_parity,1,0.4936242816091954,0.4445941091954023
cb_rnn,6,7,next_parity,2,0.47821238634414137,0.4497340881797907
cb_rnn,6,7,next_parity,3,0.49170656634746923,0.5004274965800275
cb_rnn,6,7,next_parity,4,0.5425334009808895,0.4982242516489092
cb_rnn,6,7,next_parity,5,0.5675813008130082,0.5531842818428184
cb_rnn,6,7,next_parity,6,0.45773420479302834,0.43594771241830066
cb_rnn,6,7,next_parity,7,0.4710884353741497,0.49353741496598635
cb_rnn,6,7,next_parity,8,0.5434027777777778,0.5045138888888889
cb_rnn,6,7,next_parity,9,0.5077913279132791,0.4976287262872629
cb_rnn,6,7,next_parity,10,0.4736842105263158,0.4681440443213296
cb_rnn,6,7,next_parity,11,0.44537815126050423,0.49859943977591037
cb_rnn,6,7,next_parity,12,0.43768115942028984,0.536231884057971
cb_rnn,6,7,next_parity,13,0.7633053221288515,0.7212885154061625
cb_rnn,6,7,next_parity,14,0.5869565217391304,0.5115942028985507
cb_rnn,6,7,next_parity,15,0.7000000000000001,0.7166666666666667
cb_rnn,6,7,next_parity,16,,
cb_rnn,6,7,next_parity,17,,
cb_rnn,6,7,next_parity,18,,
cb_rnn,6,7,next_parity,19,,
cb_rnn,6,7,next_parity,20,,
cb_rnn,6,8,incoming_bit,0,1.0,1.0
cb_rnn,6,8,incoming_bit,1,1.0,1.0
cb_rnn,6,8,incoming_bit,2,1.0,1.0
cb_rnn,6,8,incoming_bit,3,1.0,1.0
cb_rnn,6,8,incoming_bit,4,1.0,1.0
cb_rnn,6,8,incoming_bit,5,1.0,1.0
cb_rnn,6,8,incoming_bit,6,1.0,0.9999999999999999
cb_rnn,6,8,incoming_bit,7,1.0,1.0
cb_rnn,6,8,incoming_bit,8,1.0,1.0
cb_rnn,6,8,incoming_bit,9,1.0,1.0
cb_rnn,6,8,incoming_bit,10,1.0,1.0
cb_rnn,6,8,incoming_bit,11,1.0,1.0
cb_rnn,6,8,incoming_bit,12,1.0,1.0
cb_rnn,6,8,incoming_bit,13,1.0,1.0
cb_rnn,6,8,incoming_bit,14,1.0,1.0
cb_rnn,6,8,incoming_bit,15,1.0,1.0
cb_rnn,6,8,incoming_bit,16,1.0,1.0
cb_rnn,6,8,incoming_bit,17,1.0,1.0
cb_rnn,6,8,incoming_bit,18,1.0,1.0
cb_rnn,6,8,incoming_bit,19,1.0,1.0
cb_rnn,6,8,incoming_bit,20,1.0,1.0
cb_rnn,6,8,incoming_bit,21,1.0,1.0
cb_rnn,6,8,outgoing_bit,0,0.8723009446693657,0.8488529014844803
cb_rnn,6,8,outgoing_bit,1,0.9001689189189189,0.8528716216216216
cb_rnn,6,8,outgoing_bit,2,0.9225708502024291,0.8803981106612686
cb_rnn,6,8,outgoing_bit,3,0.9180272108843537,0.8448979591836735
cb_rnn,6,8,outgoing_bit,4,0.8205128205128205,0.7885739991003148
cb_rnn,6,8,outgoing_bit,5,0.8587837837837838,0.8189189189189189
cb_rnn,6,8,outgoing_bit,6,0.9035567715458277,0.9015047879616963
cb_rnn,6,8,outgoing_bit,7,0.86593707250342,0.832421340629275
cb_rnn,6,8,outgoing_bit,8,0.7536231884057971,0.8782608695652174
cb_rnn,6,8,outgoing_bit,9,0.7222222222222222,0.7166666666666667
cb_rnn,6,8,outgoing_bit,10,0.8011204481792717,0.7478991596638656
cb_rnn,6,8,outgoing_bit,11,0.9565217391304348,0.9217391304347826
cb_rnn,6,8,outgoing_bit,12,0.7647058823529411,0.6526610644257703
cb_rnn,6,8,outgoing_bit,13,0.7222222222222222,0.7000000000000001
cb_rnn,6,8,outgoing_bit,14,,
cb_rnn,6,8,outgoing_bit,15,,
cb_rnn,6,8,outgoing_bit,16,,
cb_rnn,6,8,outgoing_bit,17,,
cb_rnn,6,8,outgoing_bit,18,,
cb_rnn,6,8,outgoing_bit,19,,
cb_rnn,6,8,outgoing_bit,20,,
cb_rnn,6,8,outgoing_bit,21,,
cb_rnn,6,8,next_parity,0,,
cb_rnn,6,8,next_parity,1,0.5298469387755103,0.5514455782312925
cb_rnn,6,8,next_parity,2,0.5704081632653062,0.5207482993197279
cb_rnn,6,8,next_parity,3,0.5397804054054054,0.4767736486486487
cb_rnn,6,8,next_parity,4,0.42716802168021684,0.5149051490514904
cb_rnn,6,8,next_parity,5,0.4913265306122449,0.5210884353741497
cb_rnn,6,8,next_parity,6,0.43121693121693117,0.47619047619047616
cb_rnn,6,8,next_parity,7,0.4909722222222222,0.41944444444444445
cb_rnn,6,8,next_parity,8,0.5400136798905609,0.46545827633378933
cb_rnn,6,8,next_parity,9,0.570608108108108,0.6097972972972973
cb_rnn,6,8,next_parity,10,0.6121883656509695,0.5512465373961218
cb_rnn,6,8,next_parity,11,0.5070028011204482,0.5014005602240896
cb_rnn,6,8,next_parity,12,0.6333333333333333,0.5277777777777778
cb_rnn,6,8,next_parity,13,0.5574229691876751,0.5546218487394958
cb_rnn,6,8,next_parity,14,0.5826086956521739,0.6000000000000001
cb_rnn,6,8,next_parity,15,0.5,0.5909090909090909
cb_rnn,6,8,next_parity,16,,
cb_rnn,6,8,next_parity,17,,
cb_rnn,6,8,next_parity,18,,
cb_rnn,6,8,next_parity,19,,
cb_rnn,6,8,next_parity,20,,
cb_rnn,6,8,next_parity,21,,
cb_rnn,6,9,incoming_bit,0,1.0,1.0
cb_rnn,6,9,incoming_bit,1,1.0,1.0
cb_rnn,6,9,incoming_bit,2,1.0,1.0
cb_rnn,6,9,incoming_bit,3,1.0,1.0
cb_rnn,6,9,incoming_bit,4,1.0,1.0
cb_rnn,6,9,incoming_bit,5,0.9967948717948717,0.9868421052631579
cb_rnn,6,9,incoming_bit,6,1.0,1.0
cb_rnn,6,9,incoming_bit,7,1.0,1.0
cb_rnn,6,9,incoming_bit,8,1.0,1.0
cb_rnn,6,9,incoming_bit,9,1.0,1.0
cb_rnn,6,9,incoming_bit,10,1.0,1.0
cb_rnn,6,9,incoming_bit,11,1.0,1.0
cb_rnn,6,9,incoming_bit,12,1.0,1.0
cb_rnn,6,9,incoming_bit,13,1.0,1.0
cb_rnn,6,9,incoming_bit,14,1.0,1.0
cb_rnn,6,9,incoming_bit,15,1.0,1.0
cb_rnn,6,9,incoming_bit,16,1.0,1.0
cb_rnn,6,9,incoming_bit,17,1.0,1.0
cb_rnn,6,9,incoming_bit,18,1.0,1.0
cb_rnn,6,9,incoming_bit,19,1.0,1.0
cb_rnn,6,9,incoming_bit,20,1.0,1.0
cb_rnn,6,9,incoming_bit,21,1.0,1.0
cb_rnn,6,9,incoming_bit,22,1.0,1.0
cb_rnn,6,9,outgoing_bit,0,0.8638513513513514,0.8266891891891892
cb_rnn,6,9,outgoing_bit,1,0.8843226788432268,0.8662269575511585
cb_rnn,6,9,outgoing_bit,2,0.8671729957805907,0.790717299578059
cb_rnn,6,9,outgoing_bit,3,0.8898693365009334,0.7653147802477516
cb_rnn,6,9,outgoing_bit,4,0.8753880266075388,0.8195121951219512
cb_rnn,6,9,outgoing_bit,5,0.8550135501355014,0.7662601626016261
cb_rnn,6,9,outgoing_bit,6,0.8395833333333333,0.7631944444444445
cb_rnn,6,9,outgoing_bit,7,0.8414304993252362,0.7024291497975708
cb_rnn,6,9,outgoing_bit,8,0.8434782608695652,0.8289855072463768
cb_rnn,6,9,outgoing_bit,9,0.8207282913165266,0.8095238095238095
cb_rnn,6,9,outgoing_bit,10,0.6890756302521008,0.680672268907563
cb_rnn,6,9,outgoing_bit,11,0.8231884057971015,0.6898550724637681
cb_rnn,6,9,outgoing_bit,12,0.6260869565217391,0.4666666666666666
cb_rnn,6,9,outgoing_bit,13,0.7888888888888889,0.6777777777777778
cb_rnn,6,9,outgoing_bit,14,,
cb_rnn,6,9,outgoing_bit,15,,
cb_rnn,6,9,outgoing_bit,16,,
cb_rnn,6,9,outgoing_bit,17,,
cb_rnn,6,9,outgoing_bit,18,,
cb_rnn,6,9,outgoing_bit,19,,
cb_rnn,6,9,outgoing_bit,20,,
cb_rnn,6,9,outgoing_bit,21,,
cb_rnn,6,9,outgoing_bit,22,,
cb_rnn,6,9,next_parity,0,,
cb_rnn,6,9,next_parity,1,0.5119047619047619,0.5928571428571429
cb_rnn,6,9,next_parity,2,0.4759005580923389,0.5097243362083546
cb_rnn,6,9,next_parity,3,0.49451013513513503,0.5093749999999999
cb_rnn,6,9,next_parity,4,0.5477685389445104,0.5226539962667572
cb_rnn,6,9,next_parity,5,0.4560374149659864,0.45314625850340134
cb_rnn,6,9,next_parity,6,0.5374727668845316,0.4960784313725491
cb_rnn,6,9,next_parity,7,0.5034199726402189,0.5403556771545828
cb_rnn,6,9,next_parity,8,0.3695652173913043,0.42917251051893407
cb_rnn,6,9,next_parity,9,0.5027359781121751,0.5129958960328317
cb_rnn,6,9,next_parity,10,0.5230769230769231,0.41538461538461535
cb_rnn,6,9,next_parity,11,0.4705882352941176,0.49019607843137253
cb_rnn,6,9,next_parity,12,0.5085227272727273,0.5227272727272727
cb_rnn,6,9,next_parity,13,0.4916666666666667,0.5111111111111111
cb_rnn,6,9,next_parity,14,0.4260869565217391,0.45217391304347826
cb_rnn,6,9,next_parity,15,0.55,0.5166666666666667
cb_rnn,6,9,next_parity,16,,
cb_rnn,6,9,next_parity,17,,
cb_rnn,6,9,next_parity,18,,
cb_rnn,6,9,next_parity,19,,
cb_rnn,6,9,next_parity,20,,
cb_rnn,6,9,next_parity,21,,
cb_rnn,6,9,next_parity,22,,
cb_rnn,6,10,incoming_bit,0,1.0,1.0
cb_rnn,6,10,incoming_bit,1,1.0,1.0
cb_rnn,6,10,incoming_bit,2,1.0,1.0
cb_rnn,6,10,incoming_bit,3,1.0,1.0
cb_rnn,6,10,incoming_bit,4,1.0,1.0
cb_rnn,6,10,incoming_bit,5,1.0,1.0
cb_rnn,6,10,incoming_bit,6,1.0,1.0
cb_rnn,6,10,incoming_bit,7,1.0,1.0
cb_rnn,6,10,incoming_bit,8,1.0,1.0
cb_rnn,6,10,incoming_bit,9,1.0,1.0
cb_rnn,6,10,incoming_bit,10,1.0,1.0
cb_rnn,6,10,incoming_bit,11,1.0,1.0
cb_rnn,6,10,incoming_bit,12,1.0,1.0
cb_rnn,6,10,incoming_bit,13,1.0,1.0
cb_rnn,6,10,incoming_bit,14,1.0,1.0
cb_rnn,6,10,incoming_bit,15,1.0,1.0
cb_rnn,6,10,incoming_bit,16,1.0,1.0
cb_rnn,6,10,incoming_bit,17,1.0,1.0
cb_rnn,6,10,incoming_bit,18,1.0,1.0
cb_rnn,6,10,incoming_bit,19,1.0,1.0
cb_rnn,6,10,incoming_bit,20,1.0,1.0
cb_rnn,6,10,incoming_bit,21,1.0,1.0
cb_rnn,6,10,incoming_bit,22,1.0,1.0
cb_rnn,6,10,incoming_bit,23,1.0,1.0
cb_rnn,6,10,incoming_bit,24,1.0,1.0
cb_rnn,6,10,incoming_bit,25,1.0,1.0
cb_rnn,6,10,incoming_bit,26,1.0,1.0
cb_rnn,6,10,incoming_bit,27,1.0,1.0
cb_rnn,6,10,incoming_bit,28,1.0,1.0
cb_rnn,6,10,incoming_bit,29,1.0,1.0
cb_rnn,6,10,incoming_bit,30,1.0,1.0
cb_rnn,6,10,incoming_bit,31,1.0,1.0
cb_rnn,6,10,incoming_bit,32,1.0,1.0
cb_rnn,6,10,incoming_bit,33,1.0,1.0
cb_rnn,6,10,incoming_bit,34,1.0,1.0
cb_rnn,6,10,incoming_bit,35,1.0,1.0
cb_rnn,6,10,incoming_bit,36,1.0,1.0
cb_rnn,6,10,incoming_bit,37,1.0,1.0
cb_rnn,6,10,incoming_bit,38,1.0,1.0
cb_rnn,6,10,incoming_bit,39,1.0,1.0
cb_rnn,6,10,incoming_bit,40,1.0,1.0
cb_rnn,6,10,outgoing_bit,0,0.8508399796368573,0.7783811301544206
cb_rnn,6,10,outgoing_bit,1,0.9317207068107737,0.8462858123177217
cb_rnn,6,10,outgoing_bit,2,0.9008963301200744,0.8318958227634027
cb_rnn,6,10,outgoing_bit,3,0.8351090816844242,0.7613732453915102
cb_rnn,6,10,outgoing_bit,4,0.8539769277474195,0.7604735883424408
cb_rnn,6,10,outgoing_bit,5,0.8249525616698292,0.8126185958254271
cb_rnn,6,10,outgoing_bit,6,0.8715034965034966,0.7644230769230769
cb_rnn,6,10,outgoing_bit,7,0.7895424836601306,0.7298474945533768
cb_rnn,6,10,outgoing_bit,8,0.9503030303030303,0.8496969696969696
cb_rnn,6,10,outgoing_bit,9,0.7902187902187902,0.8018018018018018
cb_rnn,6,10,outgoing_bit,10,0.8297619047619048,0.7678571428571428
cb_rnn,6,10,outgoing_bit,11,0.8533333333333333,0.8048484848484848
cb_rnn,6,10,outgoing_bit,12,0.7427884615384616,0.6947115384615383
cb_rnn,6,10,outgoing_bit,13,0.7254901960784315,0.7394957983193278
cb_rnn,6,10,outgoing_bit,14,0.6111111111111112,0.4555555555555556
cb_rnn,6,10,outgoing_bit,15,0.7111111111111111,0.8222222222222223
cb_rnn,6,10,outgoing_bit,16,0.7888888888888889,0.6111111111111112
cb_rnn,6,10,outgoing_bit,17,0.4166666666666667,0.6428571428571428
cb_rnn,6,10,outgoing_bit,18,0.7386363636363636,0.6818181818181819
cb_rnn,6,10,outgoing_bit,19,0.7111111111111111,0.6777777777777778
cb_rnn,6,10,outgoing_bit,20,0.6222222222222222,0.39999999999999997
cb_rnn,6,10,outgoing_bit,21,0.6704545454545454,0.7613636363636364
cb_rnn,6,10,outgoing_bit,22,0.6477272727272727,0.6363636363636364
cb_rnn,6,10,outgoing_bit,23,0.7555555555555555,0.8555555555555554
cb_rnn,6,10,outgoing_bit,24,0.7666666666666667,0.6222222222222222
cb_rnn,6,10,outgoing_bit,25,0.7727272727272727,0.6818181818181819
cb_rnn,6,10,outgoing_bit,26,0.6888888888888889,0.7
cb_rnn,6,10,outgoing_bit,27,0.8181818181818181,0.7613636363636364
cb_rnn,6,10,outgoing_bit,28,0.9666666666666667,1.0
cb_rnn,6,10,outgoing_bit,29,0.9204545454545454,0.8181818181818181
cb_rnn,6,10,outgoing_bit,30,0.6777777777777778,0.6111111111111112
cb_rnn,6,10,outgoing_bit,31,,
cb_rnn,6,10,outgoing_bit,32,,
cb_rnn,6,10,outgoing_bit,33,,
cb_rnn,6,10,outgoing_bit,34,,
cb_rnn,6,10,outgoing_bit,35,,
cb_rnn,6,10,outgoing_bit,36,,
cb_rnn,6,10,outgoing_bit,37,,
cb_rnn,6,10,outgoing_bit,38,,
cb_rnn,6,10,outgoing_bit,39,,
cb_rnn,6,10,outgoing_bit,40,,
cb_rnn,6,10,next_parity,0,,
cb_rnn,6,10,next_parity,1,0.4804421768707483,0.4692176870748299
cb_rnn,6,10,next_parity,2,0.5158783783783784,0.4935810810810811
cb_rnn,6,10,next_parity,3,0.5022382920110193,0.4554063360881543
cb_rnn,6,10,next_parity,4,0.4741248097412481,0.45772027735498055
cb_rnn,6,10,next_parity,5,0.46875,0.48510674931129477
cb_rnn,6,10,next_parity,6,0.4581558125380401,0.39242239805234325
cb_rnn,6,10,next_parity,7,0.5740740740740742,0.5158730158730159
cb_rnn,6,10,next_parity,8,0.513668430335097,0.4691358024691358
cb_rnn,6,10,next_parity,9,0.5465217391304348,0.5478260869565217
cb_rnn,6,10,next_parity,10,0.3197115384615385,0.39182692307692313
cb_rnn,6,10,next_parity,11,0.3923900118906064,0.4328180737217598
cb_rnn,6,10,next_parity,12,0.6064209274673008,0.5826397146254458
cb_rnn,6,10,next_parity,13,0.4742647058823529,0.49019607843137253
cb_rnn,6,10,next_parity,14,0.48197115384615385,0.5360576923076923
cb_rnn,6,10,next_parity,15,0.4299719887955182,0.37675070028011204
cb_rnn,6,10,next_parity,16,0.5,0.4555555555555556
cb_rnn,6,10,next_parity,17,0.5333333333333333,0.4444444444444444
cb_rnn,6,10,next_parity,18,0.5,0.6222222222222221
cb_rnn,6,10,next_parity,19,0.14444444444444446,0.4
cb_rnn,6,10,next_parity,20,0.48863636363636365,0.5340909090909091
cb_rnn,6,10,next_parity,21,0.5952380952380952,0.36904761904761907
cb_rnn,6,10,next_parity,22,0.4,0.3333333333333333
cb_rnn,6,10,next_parity,23,0.6888888888888889,0.6444444444444445
cb_rnn,6,10,next_parity,24,0.6333333333333333,0.7333333333333333
cb_rnn,6,10,next_parity,25,0.6666666666666667,0.44047619047619047
cb_rnn,6,10,next_parity,26,0.47777777777777775,0.5
cb_rnn,6,10,next_parity,27,0.5444444444444445,0.4444444444444444
cb_rnn,6,10,next_parity,28,0.3777777777777778,0.3222222222222222
cb_rnn,6,10,next_parity,29,0.46590909090909094,0.5909090909090909
cb_rnn,6,10,next_parity,30,0.6282051282051281,0.5384615384615384
cb_rnn,6,10,next_parity,31,0.2727272727272727,0.13636363636363635
cb_rnn,6,10,next_parity,32,0.5340909090909092,0.42045454545454547
cb_rnn,6,10,next_parity,33,,
cb_rnn,6,10,next_parity,34,,
cb_rnn,6,10,next_parity,35,,
cb_rnn,6,10,next_parity,36,,
cb_rnn,6,10,next_parity,37,,
cb_rnn,6,10,next_parity,38,,
cb_rnn,6,10,next_parity,39,,
cb_rnn,6,10,next_parity,40,,
cb_rnn,6,11,incoming_bit,0,1.0,1.0
cb_rnn,6,11,incoming_bit,1,0.987668918918919,1.0
cb_rnn,6,11,incoming_bit,2,1.0,1.0
cb_rnn,6,11,incoming_bit,3,1.0,1.0
cb_rnn,6,11,incoming_bit,4,1.0,1.0
cb_rnn,6,11,incoming_bit,5,1.0,1.0
cb_rnn,6,11,incoming_bit,6,1.0,1.0
cb_rnn,6,11,incoming_bit,7,1.0,1.0
cb_rnn,6,11,incoming_bit,8,1.0,1.0
cb_rnn,6,11,incoming_bit,9,1.0,1.0
cb_rnn,6,11,incoming_bit,10,0.9988175675675676,1.0
cb_rnn,6,11,incoming_bit,11,1.0,1.0
cb_rnn,6,11,incoming_bit,12,0.9999999999999999,1.0
cb_rnn,6,11,incoming_bit,13,1.0,1.0
cb_rnn,6,11,incoming_bit,14,1.0,1.0
cb_rnn,6,11,incoming_bit,15,1.0,1.0
cb_rnn,6,11,incoming_bit,16,1.0,1.0
cb_rnn,6,11,incoming_bit,17,1.0,1.0
cb_rnn,6,11,incoming_bit,18,1.0,1.0
cb_rnn,6,11,incoming_bit,19,1.0,1.0
cb_rnn,6,11,incoming_bit,20,1.0,0.9999999999999999
cb_rnn,6,11,incoming_bit,21,1.0,1.0
cb_rnn,6,11,incoming_bit,22,1.0,1.0
cb_rnn,6,11,incoming_bit,23,1.0,1.0
cb_rnn,6,11,incoming_bit,24,1.0,1.0
cb_rnn,6,11,incoming_bit,25,1.0,1.0
cb_rnn,6,11,incoming_bit,26,1.0,1.0
cb_rnn,6,11,incoming_bit,27,1.0,1.0
cb_rnn,6,11,incoming_bit,28,1.0,1.0
cb_rnn,6,11,incoming_bit,29,1.0,1.0
cb_rnn,6,11,incoming_bit,30,1.0,1.0
cb_rnn,6,11,incoming_bit,31,1.0,1.0
cb_rnn,6,11,incoming_bit,32,1.0,1.0
cb_rnn,6,11,incoming_bit,33,1.0,1.0
cb_rnn,6,11,incoming_bit,34,1.0,1.0
cb_rnn,6,11,incoming_bit,35,1.0,1.0
cb_rnn,6,11,incoming_bit,36,1.0,1.0
cb_rnn,6,11,incoming_bit,37,1.0,1.0
cb_rnn,6,11,incoming_bit,38,1.0,1.0
cb_rnn,6,11,incoming_bit,39,1.0,1.0
cb_rnn,6,11,incoming_bit,40,1.0,1.0
cb_rnn,6,11,incoming_bit,41,1.0,1.0
cb_rnn,6,11,incoming_bit,42,1.0,1.0
cb_rnn,6,11,incoming_bit,43,1.0,1.0
cb_rnn,6,11,outgoing_bit,0,0.8679054054054054,0.8018581081081081
cb_rnn,6,11,outgoing_bit,1,0.8511793653487189,0.792465637196674
cb_rnn,6,11,outgoing_bit,2,0.887468030690537,0.7817561807331629
cb_rnn,6,11,outgoing_bit,3,0.8673780487804879,0.8274051490514904
cb_rnn,6,11,outgoing_bit,4,0.8903743315508021,0.8464795008912654
cb_rnn,6,11,outgoing_bit,5,0.8840579710144928,0.7915273132664437
cb_rnn,6,11,outgoing_bit,6,0.8413978494623657,0.8149641577060933
cb_rnn,6,11,outgoing_bit,7,0.8980549966465459,0.8258439526045159
cb_rnn,6,11,outgoing_bit,8,0.8712811171827566,0.8145112325440194
cb_rnn,6,11,outgoing_bit,9,0.9076876513317191,0.8450363196125907
cb_rnn,6,11,outgoing_bit,10,0.8672263681592041,0.8320895522388059
cb_rnn,6,11,outgoing_bit,11,0.9217657342657344,0.7736013986013985
cb_rnn,6,11,outgoing_bit,12,0.8193660442900564,0.7620495006513244
cb_rnn,6,11,outgoing_bit,13,0.8085553997194951,0.7580645161290323
cb_rnn,6,11,outgoing_bit,14,0.7671568627450981,0.7647058823529411
cb_rnn,6,11,outgoing_bit,15,0.8399044205495818,0.7837514934289129
cb_rnn,6,11,outgoing_bit,16,0.8064903846153846,0.8545673076923077
cb_rnn,6,11,outgoing_bit,17,0.8032104637336505,0.7407847800237812
cb_rnn,6,11,outgoing_bit,18,0.7983193277310923,0.742296918767507
cb_rnn,6,11,outgoing_bit,19,0.8254847645429363,0.7202216066481995
cb_rnn,6,11,outgoing_bit,20,0.8653846153846154,0.7884615384615384
cb_rnn,6,11,outgoing_bit,21,0.8303571428571428,0.7380952380952381
cb_rnn,6,11,outgoing_bit,22,0.7361111111111112,0.7027777777777777
cb_rnn,6,11,outgoing_bit,23,0.8181818181818181,0.9090909090909091
cb_rnn,6,11,outgoing_bit,24,0.7111111111111111,0.5777777777777777
cb_rnn,6,11,outgoing_bit,25,0.5795454545454546,0.7045454545454545
cb_rnn,6,11,outgoing_bit,26,0.7142857142857143,0.6000000000000001
cb_rnn,6,11,outgoing_bit,27,0.6333333333333333,0.5222222222222221
cb_rnn,6,11,outgoing_bit,28,0.8068181818181818,0.7045454545454546
cb_rnn,6,11,outgoing_bit,29,0.6538461538461537,0.5512820512820513
cb_rnn,6,11,outgoing_bit,30,0.7619047619047619,0.7619047619047619
cb_rnn,6,11,outgoing_bit,31,0.5795454545454546,0.4318181818181818
cb_rnn,6,11,outgoing_bit,32,0.7222222222222222,0.5
cb_rnn,6,11,outgoing_bit,33,,
cb_rnn,6,11,outgoing_bit,34,,
cb_rnn,6,11,outgoing_bit,35,,
cb_rnn,6,11,outgoing_bit,36,,
cb_rnn,6,11,outgoing_bit,37,,
cb_rnn,6,11,outgoing_bit,38,,
cb_rnn,6,11,outgoing_bit,39,,
cb_rnn,6,11,outgoing_bit,40,,
cb_rnn,6,11,outgoing_bit,41,,
cb_rnn,6,11,outgoing_bit,42,,
cb_rnn,6,11,outgoing_bit,43,,
cb_rnn,6,11,next_parity,0,,
cb_rnn,6,11,next_parity,1,0.6030779638085574,0.5802469135802469
cb_rnn,6,11,next_parity,2,0.48351090816844244,0.47590055809233894
cb_rnn,6,11,next_parity,3,0.4744897959183674,0.4829931972789116
cb_rnn,6,11,next_parity,4,0.5297890295358649,0.49046413502109704
cb_rnn,6,11,next_parity,5,0.5120675105485232,0.5400843881856541
cb_rnn,6,11,next_parity,6,0.5723214285714285,0.5435267857142858
cb_rnn,6,11,next_parity,7,0.4553085299455536,0.4212794918330308
cb_rnn,6,11,next_parity,8,0.5448198198198198,0.5369369369369369
cb_rnn,6,11,next_parity,9,0.5647714604236342,0.5959866220735786
cb_rnn,6,11,next_parity,10,0.5790909090909091,0.5893939393939394
cb_rnn,6,11,next_parity,11,0.6167574107683,0.5532365396249244
cb_rnn,6,11,next_parity,12,0.5683605565638233,0.484573502722323
cb_rnn,6,11,next_parity,13,0.4923747276688453,0.5577342047930284
cb_rnn,6,11,next_parity,14,0.389423076923077,0.458479020979021
cb_rnn,6,11,next_parity,15,0.5420110192837466,0.5578512396694215
cb_rnn,6,11,next_parity,16,0.5478260869565217,0.4583850931677018
cb_rnn,6,11,next_parity,17,0.6004756242568371,0.5695600475624257
cb_rnn,6,11,next_parity,18,0.582070707070707,0.5517676767676768
cb_rnn,6,11,next_parity,19,0.2901307966706302,0.4054696789536267
cb_rnn,6,11,next_parity,20,0.48459383753501406,0.5434173669467787
cb_rnn,6,11,next_parity,21,0.5429362880886426,0.6232686980609419
cb_rnn,6,11,next_parity,22,0.33096590909090906,0.28267045454545453
cb_rnn,6,11,next_parity,23,0.5798319327731093,0.4453781512605042
cb_rnn,6,11,next_parity,24,0.5833333333333334,0.5029761904761905
cb_rnn,6,11,next_parity,25,0.5795454545454546,0.5568181818181819
cb_rnn,6,11,next_parity,26,0.5444444444444445,0.38888888888888895
cb_rnn,6,11,next_parity,27,0.5227272727272727,0.4772727272727273
cb_rnn,6,11,next_parity,28,0.43333333333333335,0.4888888888888889
cb_rnn,6,11,next_parity,29,0.4772727272727273,0.4545454545454546
cb_rnn,6,11,next_parity,30,0.5476190476190477,0.380952380952381
cb_rnn,6,11,next_parity,31,0.4230769230769231,0.4230769230769231
cb_rnn,6,11,next_parity,32,0.5,0.5340909090909091
cb_rnn,6,11,next_parity,33,0.5227272727272727,0.5113636363636364
cb_rnn,6,11,next_parity,34,0.11428571428571425,0.15714285714285714
cb_rnn,6,11,next_parity,35,,
cb_rnn,6,11,next_parity,36,,
cb_rnn,6,11,next_parity,37,,
cb_rnn,6,11,next_parity,38,,
cb_rnn,6,11,next_parity,39,,
cb_rnn,6,11,next_parity,40,,
cb_rnn,6,11,next_parity,41,,
cb_rnn,6,11,next_parity,42,,
cb_rnn,6,11,next_parity,43,,
cb_rnn,6,12,incoming_bit,0,1.0,1.0
cb_rnn,6,12,incoming_bit,1,1.0,1.0
cb_rnn,6,12,incoming_bit,2,1.0,1.0
cb_rnn,6,12,incoming_bit,3,1.0,1.0
cb_rnn,6,12,incoming_bit,4,1.0,1.0
cb_rnn,6,12,incoming_bit,5,1.0,1.0
cb_rnn,6,12,incoming_bit,6,1.0,1.0
cb_rnn,6,12,incoming_bit,7,1.0,1.0
cb_rnn,6,12,incoming_bit,8,1.0,1.0
cb_rnn,6,12,incoming_bit,9,0.9976323355318789,1.0
cb_rnn,6,12,incoming_bit,10,1.0,1.0
cb_rnn,6,12,incoming_bit,11,1.0,1.0
cb_rnn,6,12,incoming_bit,12,0.9999999999999999,1.0
cb_rnn,6,12,incoming_bit,13,1.0,1.0
cb_rnn,6,12,incoming_bit,14,1.0,1.0
cb_rnn,6,12,incoming_bit,15,1.0,1.0
cb_rnn,6,12,incoming_bit,16,1.0,1.0
cb_rnn,6,12,incoming_bit,17,1.0,1.0
cb_rnn,6,12,incoming_bit,18,0.9838709677419356,1.0
cb_rnn,6,12,incoming_bit,19,1.0,1.0
cb_rnn,6,12,incoming_bit,20,1.0,1.0
cb_rnn,6,12,incoming_bit,21,1.0,1.0
cb_rnn,6,12,incoming_bit,22,1.0,1.0
cb_rnn,6,12,incoming_bit,23,1.0,1.0
cb_rnn,6,12,incoming_bit,24,1.0,1.0
cb_rnn,6,12,incoming_bit,25,1.0,1.0
cb_rnn,6,12,incoming_bit,26,1.0,1.0
cb_rnn,6,12,incoming_bit,27,1.0,1.0
cb_rnn,6,12,incoming_bit,28,1.0,1.0
cb_rnn,6,12,incoming_bit,29,1.0,1.0
cb_rnn,6,12,incoming_bit,30,1.0,1.0
cb_rnn,6,12,incoming_bit,31,1.0,1.0
cb_rnn,6,12,incoming_bit,32,1.0,1.0
cb_rnn,6,12,incoming_bit,33,1.0,1.0
cb_rnn,6,12,incoming_bit,34,1.0,1.0
cb_rnn,6,12,incoming_bit,35,1.0,1.0
cb_rnn,6,12,incoming_bit,36,1.0,1.0
cb_rnn,6,12,incoming_bit,37,1.0,1.0
cb_rnn,6,12,incoming_bit,38,1.0,1.0
cb_rnn,6,12,incoming_bit,39,1.0,1.0
cb_rnn,6,12,incoming_bit,40,1.0,0.9999999999999999
cb_rnn,6,12,incoming_bit,41,1.0,1.0
cb_rnn,6,12,incoming_bit,42,1.0,1.0
cb_rnn,6,12,incoming_bit,43,1.0,1.0
cb_rnn,6,12,incoming_bit,44,1.0,1.0
cb_rnn,6,12,incoming_bit,45,1.0,1.0
cb_rnn,6,12,incoming_bit,46,1.0,1.0
cb_rnn,6,12,incoming_bit,47,1.0,1.0
cb_rnn,6,12,incoming_bit,48,1.0,1.0
cb_rnn,6,12,outgoing_bit,0,0.8445247933884298,0.775137741046832
cb_rnn,6,12,outgoing_bit,1,0.8697357203751066,0.8085251491901108
cb_rnn,6,12,outgoing_bit,2,0.9073228479621174,0.7970573313039067
cb_rnn,6,12,outgoing_bit,3,0.8766869095816464,0.7332995951417005
cb_rnn,6,12,outgoing_bit,4,0.8830762351889112,0.812877263581489
cb_rnn,6,12,outgoing_bit,5,0.8403567447045708,0.7168338907469343
cb_rnn,6,12,outgoing_bit,6,0.8825757575757576,0.7803030303030303
cb_rnn,6,12,outgoing_bit,7,0.8343366778149387,0.7576365663322185
cb_rnn,6,12,outgoing_bit,8,0.8664146187775676,0.7967863894139886
cb_rnn,6,12,outgoing_bit,9,0.9120511259890445,0.7872793670115642
cb_rnn,6,12,outgoing_bit,10,0.8466424682395645,0.7562008469449486
cb_rnn,6,12,outgoing_bit,11,0.8287795992714027,0.7513661202185792
cb_rnn,6,12,outgoing_bit,12,0.7931985294117647,0.7472426470588235
cb_rnn,6,12,outgoing_bit,13,0.8576388888888888,0.7061631944444444
cb_rnn,6,12,outgoing_bit,14,0.8571428571428572,0.7517006802721088
cb_rnn,6,12,outgoing_bit,15,0.8680272108843538,0.6857142857142857
cb_rnn,6,12,outgoing_bit,16,0.8049932523616734,0.786774628879892
cb_rnn,6,12,outgoing_bit,17,0.8510204081632653,0.7136054421768707
cb_rnn,6,12,outgoing_bit,18,0.7442645074224021,0.728744939271255
cb_rnn,6,12,outgoing_bit,19,0.8306233062330624,0.7757452574525745
cb_rnn,6,12,outgoing_bit,20,0.8763513513513514,0.8013513513513514
cb_rnn,6,12,outgoing_bit,21,0.8496598639455784,0.7721088435374149
cb_rnn,6,12,outgoing_bit,22,0.796221322537112,0.7887989203778677
cb_rnn,6,12,outgoing_bit,23,0.7777777777777778,0.7615176151761519
cb_rnn,6,12,outgoing_bit,24,0.8070175438596492,0.6902834008097166
cb_rnn,6,12,outgoing_bit,25,0.8450413223140495,0.7920110192837465
cb_rnn,6,12,outgoing_bit,26,0.843454790823212,0.6828609986504723
cb_rnn,6,12,outgoing_bit,27,0.884297520661157,0.8009641873278237
cb_rnn,6,12,outgoing_bit,28,0.802027027027027,0.7135135135135136
cb_rnn,6,12,outgoing_bit,29,0.8083670715249663,0.6950067476383266
cb_rnn,6,12,outgoing_bit,30,0.7982456140350878,0.7941970310391363
cb_rnn,6,12,outgoing_bit,31,0.8766937669376693,0.7649051490514905
cb_rnn,6,12,outgoing_bit,32,0.8401084010840107,0.7710027100271004
cb_rnn,6,12,outgoing_bit,33,0.9007352941176471,0.7058823529411765
cb_rnn,6,12,outgoing_bit,34,0.8124253285543608,0.6594982078853046
cb_rnn,6,12,outgoing_bit,35,0.7285714285714285,0.5166666666666666
cb_rnn,6,12,outgoing_bit,36,0.5555555555555556,0.5
cb_rnn,6,12,outgoing_bit,37,,
cb_rnn,6,12,outgoing_bit,38,,
cb_rnn,6,12,outgoing_bit,39,,
cb_rnn,6,12,outgoing_bit,40,,
cb_rnn,6,12,outgoing_bit,41,,
cb_rnn,6,12,outgoing_bit,42,,
cb_rnn,6,12,outgoing_bit,43,,
cb_rnn,6,12,outgoing_bit,44,,
cb_rnn,6,12,outgoing_bit,45,,
cb_rnn,6,12,outgoing_bit,46,,
cb_rnn,6,12,outgoing_bit,47,,
cb_rnn,6,12,outgoing_bit,48,,
cb_rnn,6,12,next_parity,0,,
cb_rnn,6,12,next_parity,1,0.4216033755274261,0.40945147679324895
cb_rnn,6,12,next_parity,2,0.4796831955922865,0.5261707988980716
cb_rnn,6,12,next_parity,3,0.5298494841873839,0.5073566717402334
cb_rnn,6,12,next_parity,4,0.479251012145749,0.5251349527665318
cb_rnn,6,12,next_parity,5,0.46283783783783783,0.5592905405405406
cb_rnn,6,12,next_parity,6,0.5222816399286987,0.49286987522281644
cb_rnn,6,12,next_parity,7,0.5433667781493869,0.5364548494983278
cb_rnn,6,12,next_parity,8,0.48110887547507264,0.4397496087636933
cb_rnn,6,12,next_parity,9,0.4935998203458343,0.4592409611497867
cb_rnn,6,12,next_parity,10,0.5036518563603165,0.44278758368837495
cb_rnn,6,12,next_parity,11,0.53157255616272,0.5267152398299939
cb_rnn,6,12,next_parity,12,0.5313451004260499,0.5532562385879489
cb_rnn,6,12,next_parity,13,0.5277777777777778,0.4822954822954823
cb_rnn,6,12,next_parity,14,0.47222222222222227,0.48229548229548225
cb_rnn,6,12,next_parity,15,0.4424663482414243,0.46851932262266605
cb_rnn,6,12,next_parity,16,0.481532147742818,0.47058823529411764
cb_rnn,6,12,next_parity,17,0.5633608815426998,0.5041322314049587
cb_rnn,6,12,next_parity,18,0.5117079889807161,0.46694214876033063
cb_rnn,6,12,next_parity,19,0.48299319727891166,0.48367346938775513
cb_rnn,6,12,next_parity,20,0.5841313269493844,0.4705882352941177
cb_rnn,6,12,next_parity,21,0.5834502103786816,0.4803646563814867
cb_rnn,6,12,next_parity,22,0.44986449864498645,0.45934959349593496
cb_rnn,6,12,next_parity,23,0.40472972972972976,0.4783783783783784
cb_rnn,6,12,next_parity,24,0.4151846785225718,0.3556771545827634
cb_rnn,6,12,next_parity,25,0.5453929539295392,0.4742547425474255
cb_rnn,6,12,next_parity,26,0.42837837837837844,0.497972972972973
cb_rnn,6,12,next_parity,27,0.550354609929078,0.4936170212765958
cb_rnn,6,12,next_parity,28,0.6449864498644987,0.5813008130081301
cb_rnn,6,12,next_parity,29,0.5068027210884354,0.5353741496598639
cb_rnn,6,12,next_parity,30,0.46680216802168023,0.4349593495934959
cb_rnn,6,12,next_parity,31,0.4966216216216216,0.5033783783783784
cb_rnn,6,12,next_parity,32,0.5506072874493927,0.45006747638326583
cb_rnn,6,12,next_parity,33,0.37601626016260165,0.42208672086720866
cb_rnn,6,12,next_parity,34,0.5080971659919029,0.6346153846153846
cb_rnn,6,12,next_parity,35,0.48028673835125446,0.4647550776583035
cb_rnn,6,12,next_parity,36,0.5096153846153846,0.5324519230769231
cb_rnn,6,12,next_parity,37,0.3643966547192353,0.30943847072879327
cb_rnn,6,12,next_parity,38,0.7666666666666666,0.7555555555555555
cb_rnn,6,12,next_parity,39,,
cb_rnn,6,12,next_parity,40,,
cb_rnn,6,12,next_parity,41,,
cb_rnn,6,12,next_parity,42,,
cb_rnn,6,12,next_parity,43,,
cb_rnn,6,12,next_parity,44,,
cb_rnn,6,12,next_parity,45,,
cb_rnn,6,12,next_parity,46,,
cb_rnn,6,12,next_parity,47,,
cb_rnn,6,12,next_parity,48,,
cb_rnn,6,13,incoming_bit,0,0.988265306122449,1.0
cb_rnn,6,13,incoming_bit,1,1.0,1.0
cb_rnn,6,13,incoming_bit,2,1.0,1.0
cb_rnn,6,13,incoming_bit,3,1.0,1.0
cb_rnn,6,13,incoming_bit,4,1.0,1.0
cb_rnn,6,13,incoming_bit,5,1.0,1.0
cb_rnn,6,13,incoming_bit,6,1.0,1.0
cb_rnn,6,13,incoming_bit,7,1.0,1.0
cb_rnn,6,13,incoming_bit,8,1.0,1.0
cb_rnn,6,13,incoming_bit,9,1.0,1.0
cb_rnn,6,13,incoming_bit,10,1.0,1.0
cb_rnn,6,13,incoming_bit,11,1.0,1.0
cb_rnn,6,13,incoming_bit,12,1.0,1.0
cb_rnn,6,13,incoming_bit,13,1.0,1.0
cb_rnn,6,13,incoming_bit,14,1.0,1.0
cb_rnn,6,13,incoming_bit,15,0.9871794871794872,1.0
cb_rnn,6,13,incoming_bit,16,1.0,1.0
cb_rnn,6,13,incoming_bit,17,1.0,1.0
cb_rnn,6,13,incoming_bit,18,1.0,1.0
cb_rnn,6,13,incoming_bit,19,1.0,1.0
cb_rnn,6,13,incoming_bit,20,1.0,1.0
cb_rnn,6,13,incoming_bit,21,1.0,1.0
cb_rnn,6,13,incoming_bit,22,1.0,1.0
cb_rnn,6,13,incoming_bit,23,1.0,1.0
cb_rnn,6,13,incoming_bit,24,1.0,1.0
cb_rnn,6,13,incoming_bit,25,1.0,1.0
cb_rnn,6,13,incoming_bit,26,1.0,1.0
cb_rnn,6,13,incoming_bit,27,1.0,1.0
cb_rnn,6,13,incoming_bit,28,1.0,1.0
cb_rnn,6,13,incoming_bit,29,1.0,1.0
cb_rnn,6,13,incoming_bit,30,1.0,1.0
cb_rnn,6,13,incoming_bit,31,1.0,1.0
cb_rnn,6,13,incoming_bit,32,1.0,1.0
cb_rnn,6,13,incoming_bit,33,1.0,1.0
cb_rnn,6,13,incoming_bit,34,1.0,1.0
cb_rnn,6,13,incoming_bit,35,1.0,1.0
cb_rnn,6,13,incoming_bit,36,1.0,1.0
cb_rnn,6,13,incoming_bit,37,1.0,1.0
cb_rnn,6,13,incoming_bit,38,1.0,1.0
cb_rnn,6,13,incoming_bit,39,1.0,1.0
cb_rnn,6,13,incoming_bit,40,1.0,1.0
cb_rnn,6,13,incoming_bit,41,1.0,1.0
cb_rnn,6,13,incoming_bit,42,1.0,1.0
cb_rnn,6,13,incoming_bit,43,1.0,1.0
cb_rnn,6,13,incoming_bit,44,1.0,1.0
cb_rnn,6,13,incoming_bit,45,1.0,1.0
cb_rnn,6,13,incoming_bit,46,1.0,1.0
cb_rnn,6,13,incoming_bit,47,1.0,1.0
cb_rnn,6,13,incoming_bit,48,1.0,1.0
cb_rnn,6,13,incoming_bit,49,1.0,1.0
cb_rnn,6,13,incoming_bit,50,1.0,1.0
cb_rnn,6,13,incoming_bit,51,1.0,1.0
cb_rnn,6,13,incoming_bit,52,1.0,1.0
cb_rnn,6,13,outgoing_bit,0,0.8533739218670725,0.8209030948756976
cb_rnn,6,13,outgoing_bit,1,0.8481292517006802,0.7947278911564626
cb_rnn,6,13,outgoing_bit,2,0.8696018893387314,0.7673751686909581
cb_rnn,6,13,outgoing_bit,3,0.8192567567567567,0.7307432432432432
cb_rnn,6,13,outgoing_bit,4,0.8608695652173913,0.7674470457079152
cb_rnn,6,13,outgoing_bit,5,0.9006460236132768,0.7836934729338383
cb_rnn,6,13,outgoing_bit,6,0.8954991087344029,0.7228163992869875
cb_rnn,6,13,outgoing_bit,7,0.8566308243727598,0.7296146953405018
cb_rnn,6,13,outgoing_bit,8,0.8308111380145279,0.7097457627118644
cb_rnn,6,13,outgoing_bit,9,0.8248484848484849,0.7245454545454545
cb_rnn,6,13,outgoing_bit,10,0.883939393939394,0.7254545454545455
cb_rnn,6,13,outgoing_bit,11,0.8755325623858795,0.8259281801582472
cb_rnn,6,13,outgoing_bit,12,0.9016393442622951,0.7143290831815422
cb_rnn,6,13,outgoing_bit,13,0.8321212121212122,0.743939393939394
cb_rnn,6,13,outgoing_bit,14,0.911364633611233,0.800351031154015
cb_rnn,6,13,outgoing_bit,15,0.9166304819800261,0.729483282674772
cb_rnn,6,13,outgoing_bit,16,0.9134615384615384,0.8190559440559441
cb_rnn,6,13,outgoing_bit,17,0.8196577446248354,0.7244405440982887
cb_rnn,6,13,outgoing_bit,18,0.8875661375661376,0.7358906525573192
cb_rnn,6,13,outgoing_bit,19,0.8315240990013026,0.6960486322188449
cb_rnn,6,13,outgoing_bit,20,0.8726086956521739,0.7443478260869566
cb_rnn,6,13,outgoing_bit,21,0.8705572619569987,0.7630539710399298
cb_rnn,6,13,outgoing_bit,22,0.8697167755991285,0.8082788671023965
cb_rnn,6,13,outgoing_bit,23,0.799826313504125,0.6374294398610508
cb_rnn,6,13,outgoing_bit,24,0.9188240456340502,0.7297060114085124
cb_rnn,6,13,outgoing_bit,25,0.8530434782608696,0.8182608695652174
cb_rnn,6,13,outgoing_bit,26,0.8913043478260869,0.7669565217391304
cb_rnn,6,13,outgoing_bit,27,0.8474945533769063,0.7825708061002179
cb_rnn,6,13,outgoing_bit,28,0.922875816993464,0.7237472766884532
cb_rnn,6,13,outgoing_bit,29,0.8180580762250453,0.7046279491833031
cb_rnn,6,13,outgoing_bit,30,0.837037037037037,0.725925925925926
cb_rnn,6,13,outgoing_bit,31,0.9104347826086956,0.793913043478261
cb_rnn,6,13,outgoing_bit,32,0.8789335664335665,0.7128496503496503
cb_rnn,6,13,outgoing_bit,33,0.8407557354925776,0.8016194331983806
cb_rnn,6,13,outgoing_bit,34,0.831267217630854,0.7038567493112948
cb_rnn,6,13,outgoing_bit,35,0.6871621621621622,0.6608108108108107
cb_rnn,6,13,outgoing_bit,36,0.825,0.5333333333333334
cb_rnn,6,13,outgoing_bit,37,0.5777777777777777,0.6666666666666666
cb_rnn,6,13,outgoing_bit,38,0.5,0.37777777777777777
cb_rnn,6,13,outgoing_bit,39,0.5,0.41111111111111115
cb_rnn,6,13,outgoing_bit,40,,
cb_rnn,6,13,outgoing_bit,41,,
cb_rnn,6,13,outgoing_bit,42,,
cb_rnn,6,13,outgoing_bit,43,,
cb_rnn,6,13,outgoing_bit,44,,
cb_rnn,6,13,outgoing_bit,45,,
cb_rnn,6,13,outgoing_bit,46,,
cb_rnn,6,13,outgoing_bit,47,,
cb_rnn,6,13,outgoing_bit,48,,
cb_rnn,6,13,outgoing_bit,49,,
cb_rnn,6,13,outgoing_bit,50,,
cb_rnn,6,13,outgoing_bit,51,,
cb_rnn,6,13,outgoing_bit,52,,
cb_rnn,6,13,next_parity,0,,
cb_rnn,6,13,next_parity,1,0.49670886075949366,0.5053164556962024
cb_rnn,6,13,next_parity,2,0.4411347517730496,0.4622340425531915
cb_rnn,6,13,next_parity,3,0.43452380952380953,0.4962585034013606
cb_rnn,6,13,next_parity,4,0.5341931104700492,0.4882063465128118
cb_rnn,6,13,next_parity,5,0.5322199730094467,0.4947705802968962
cb_rnn,6,13,next_parity,6,0.46301247771835996,0.5269607843137255
cb_rnn,6,13,next_parity,7,0.46778149386845036,0.5146042363433668
cb_rnn,6,13,next_parity,8,0.41421736158578265,0.4645705172020962
cb_rnn,6,13,next_parity,9,0.4448686278913092,0.5335728722209746
cb_rnn,6,13,next_parity,10,0.5039393939393939,0.5460606060606061
cb_rnn,6,13,next_parity,11,0.5326492537313433,0.5180348258706466
cb_rnn,6,13,next_parity,12,0.5796825396825397,0.5612698412698413
cb_rnn,6,13,next_parity,13,0.5304321363359707,0.5161290322580645
cb_rnn,6,13,next_parity,14,0.5432546884452512,0.46521476104053233
cb_rnn,6,13,next_parity,15,0.44123134328358204,0.5108830845771144
cb_rnn,6,13,next_parity,16,0.46129180027485117,0.36692624828218046
cb_rnn,6,13,next_parity,17,0.3865217391304348,0.3947826086956522
cb_rnn,6,13,next_parity,18,0.5185185185185185,0.4928104575163399
cb_rnn,6,13,next_parity,19,0.6217864923747277,0.5564270152505446
cb_rnn,6,13,next_parity,20,0.48601398601398604,0.5314685314685315
cb_rnn,6,13,next_parity,21,0.6122448979591837,0.5987841945288753
cb_rnn,6,13,next_parity,22,0.5608695652173913,0.5495652173913044
cb_rnn,6,13,next_parity,23,0.506118881118881,0.4798951048951049
cb_rnn,6,13,next_parity,24,0.4955908289241623,0.4810405643738977
cb_rnn,6,13,next_parity,25,0.5090909090909091,0.41995565410199565
cb_rnn,6,13,next_parity,26,0.4344405594405595,0.5388986013986014
cb_rnn,6,13,next_parity,27,0.4929453262786596,0.5083774250440917
cb_rnn,6,13,next_parity,28,0.5403645833333334,0.4453125
cb_rnn,6,13,next_parity,29,0.5852173913043477,0.518695652173913
cb_rnn,6,13,next_parity,30,0.4696180555555556,0.5373263888888888
cb_rnn,6,13,next_parity,31,0.4205729166666667,0.4279513888888889
cb_rnn,6,13,next_parity,32,0.6135475466782458,0.5753365175857577
cb_rnn,6,13,next_parity,33,0.5033738191632928,0.5425101214574899
cb_rnn,6,13,next_parity,34,0.47058823529411764,0.4444444444444445
cb_rnn,6,13,next_parity,35,0.49324324324324326,0.45675675675675675
cb_rnn,6,13,next_parity,36,0.6212737127371274,0.49390243902439024
cb_rnn,6,13,next_parity,37,0.4756756756756757,0.5493243243243244
cb_rnn,6,13,next_parity,38,0.24649859943977595,0.36974789915966383
cb_rnn,6,13,next_parity,39,0.4871794871794872,0.4487179487179487
cb_rnn,6,13,next_parity,40,0.44047619047619047,0.4404761904761905
cb_rnn,6,13,next_parity,41,0.48863636363636365,0.4772727272727273
cb_rnn,6,13,next_parity,42,,
cb_rnn,6,13,next_parity,43,,
cb_rnn,6,13,next_parity,44,,
cb_rnn,6,13,next_parity,45,,
cb_rnn,6,13,next_parity,46,,
cb_rnn,6,13,next_parity,47,,
cb_rnn,6,13,next_parity,48,,
cb_rnn,6,13,next_parity,49,,
cb_rnn,6,13,next_parity,50,,
cb_rnn,6,13,next_parity,51,,
cb_rnn,6,13,next_parity,52,,
cb_rnn,6,14,incoming_bit,0,1.0,1.0
cb_rnn,6,14,incoming_bit,1,1.0,1.0
cb_rnn,6,14,incoming_bit,2,1.0,1.0
cb_rnn,6,14,incoming_bit,3,1.0,1.0
cb_rnn,6,14,incoming_bit,4,1.0,1.0
cb_rnn,6,14,incoming_bit,5,1.0,1.0
cb_rnn,6,14,incoming_bit,6,1.0,1.0
cb_rnn,6,14,incoming_bit,7,1.0,1.0
cb_rnn,6,14,incoming_bit,8,1.0,1.0
cb_rnn,6,14,incoming_bit,9,1.0,1.0
cb_rnn,6,14,incoming_bit,10,1.0,1.0
cb_rnn,6,14,incoming_bit,11,1.0,1.0
cb_rnn,6,14,incoming_bit,12,1.0,1.0
cb_rnn,6,14,incoming_bit,13,1.0,1.0
cb_rnn,6,14,incoming_bit,14,1.0,1.0
cb_rnn,6,14,incoming_bit,15,1.0,1.0
cb_rnn,6,14,incoming_bit,16,1.0,1.0
cb_rnn,6,14,incoming_bit,17,1.0,1.0
cb_rnn,6,14,incoming_bit,18,1.0,1.0
cb_rnn,6,14,incoming_bit,19,1.0,1.0
cb_rnn,6,14,incoming_bit,20,1.0,1.0
cb_rnn,6,14,incoming_bit,21,1.0,1.0
cb_rnn,6,14,incoming_bit,22,1.0,1.0
cb_rnn,6,14,incoming_bit,23,1.0,1.0
cb_rnn,6,14,incoming_bit,24,1.0,1.0
cb_rnn,6,14,incoming_bit,25,1.0,1.0
cb_rnn,6,14,incoming_bit,26,1.0,1.0
cb_rnn,6,14,incoming_bit,27,1.0,1.0
cb_rnn,6,14,incoming_bit,28,1.0,1.0
cb_rnn,6,14,incoming_bit,29,1.0,1.0
cb_rnn,6,14,incoming_bit,30,1.0,1.0
cb_rnn,6,14,incoming_bit,31,1.0,1.0
cb_rnn,6,14,incoming_bit,32,1.0,1.0
cb_rnn,6,14,incoming_bit,33,1.0,1.0
cb_rnn,6,14,incoming_bit,34,1.0,1.0
cb_rnn,6,14,incoming_bit,35,1.0,1.0
cb_rnn,6,14,incoming_bit,36,1.0,1.0
cb_rnn,6,14,incoming_bit,37,1.0,1.0
cb_rnn,6,14,incoming_bit,38,1.0,1.0
cb_rnn,6,14,incoming_bit,39,1.0,1.0
cb_rnn,6,14,incoming_bit,40,1.0,1.0
cb_rnn,6,14,incoming_bit,41,1.0,1.0
cb_rnn,6,14,incoming_bit,42,1.0,1.0
cb_rnn,6,14,incoming_bit,43,1.0,1.0
cb_rnn,6,14,incoming_bit,44,1.0,1.0
cb_rnn,6,14,incoming_bit,45,1.0,1.0
cb_rnn,6,14,incoming_bit,46,1.0,1.0
cb_rnn,6,14,incoming_bit,47,1.0,1.0
cb_rnn,6,14,incoming_bit,48,1.0,1.0
cb_rnn,6,14,incoming_bit,49,1.0,1.0
cb_rnn,6,14,incoming_bit,50,1.0,1.0
cb_rnn,6,14,incoming_bit,51,1.0,1.0
cb_rnn,6,14,incoming_bit,52,1.0,1.0
cb_rnn,6,14,incoming_bit,53,1.0,1.0
cb_rnn,6,14,outgoing_bit,0,0.869579945799458,0.774559620596206
cb_rnn,6,14,outgoing_bit,1,0.9117199391171994,0.8009470657872485
cb_rnn,6,14,outgoing_bit,2,0.8822635135135135,0.841385135135135
cb_rnn,6,14,outgoing_bit,3,0.8822537112010796,0.7923414304993252
cb_rnn,6,14,outgoing_bit,4,0.8682795698924731,0.7188620071684588
cb_rnn,6,14,outgoing_bit,5,0.8837053571428571,0.7828124999999999
cb_rnn,6,14,outgoing_bit,6,0.7631461675579322,0.7658199643493762
cb_rnn,6,14,outgoing_bit,7,0.8900535755881668,0.8483577917540182
cb_rnn,6,14,outgoing_bit,8,0.8656898656898657,0.7322954822954824
cb_rnn,6,14,outgoing_bit,9,0.9068627450980392,0.7190563725490197
cb_rnn,6,14,outgoing_bit,10,0.8206153846153846,0.788923076923077
cb_rnn,6,14,outgoing_bit,11,0.8192331101643335,0.7769324406573341
cb_rnn,6,14,outgoing_bit,12,0.7985347985347985,0.6596459096459096
cb_rnn,6,14,outgoing_bit,13,0.868548876745598,0.7838494231936854
cb_rnn,6,14,outgoing_bit,14,0.8612001832340815,0.7549244159413651
cb_rnn,6,14,outgoing_bit,15,0.8786956521739131,0.7613043478260869
cb_rnn,6,14,outgoing_bit,16,0.8731899956121106,0.7297060114085125
cb_rnn,6,14,outgoing_bit,17,0.9096094778411584,0.7999122422114961
cb_rnn,6,14,outgoing_bit,18,0.8587099605089952,0.7064501974550241
cb_rnn,6,14,outgoing_bit,19,0.8693009118541033,0.8827616152844117
cb_rnn,6,14,outgoing_bit,20,0.7925925925925926,0.7503267973856209
cb_rnn,6,14,outgoing_bit,21,0.8674057649667405,0.7046563192904657
cb_rnn,6,14,outgoing_bit,22,0.9025573192239859,0.7914462081128748
cb_rnn,6,14,outgoing_bit,23,0.8582608695652175,0.7021739130434783
cb_rnn,6,14,outgoing_bit,24,0.8354320451584889,0.7147199305254016
cb_rnn,6,14,outgoing_bit,25,0.854017857142857,0.6968749999999999
cb_rnn,6,14,outgoing_bit,26,0.8457516339869281,0.747276688453159
cb_rnn,6,14,outgoing_bit,27,0.9023148148148148,0.7231481481481482
cb_rnn,6,14,outgoing_bit,28,0.8601307189542484,0.7712418300653595
cb_rnn,6,14,outgoing_bit,29,0.8929195804195804,0.7972027972027973
cb_rnn,6,14,outgoing_bit,30,0.8928571428571428,0.7330357142857142
cb_rnn,6,14,outgoing_bit,31,0.8597027972027972,0.7539335664335663
cb_rnn,6,14,outgoing_bit,32,0.8363004776378636,0.7403386886669562
cb_rnn,6,14,outgoing_bit,33,0.8761904761904762,0.8231292517006803
cb_rnn,6,14,outgoing_bit,34,0.8888888888888888,0.7439024390243901
cb_rnn,6,14,outgoing_bit,35,0.8412162162162162,0.6358108108108109
cb_rnn,6,14,outgoing_bit,36,0.9187675070028012,0.834733893557423
cb_rnn,6,14,outgoing_bit,37,0.625,0.42045454545454547
cb_rnn,6,14,outgoing_bit,38,0.75,0.5
cb_rnn,6,14,outgoing_bit,39,0.5,0.5222222222222223
cb_rnn,6,14,outgoing_bit,40,,
cb_rnn,6,14,outgoing_bit,41,,
cb_rnn,6,14,outgoing_bit,42,,
cb_rnn,6,14,outgoing_bit,43,,
cb_rnn,6,14,outgoing_bit,44,,
cb_rnn,6,14,outgoing_bit,45,,
cb_rnn,6,14,outgoing_bit,46,,
cb_rnn,6,14,outgoing_bit,47,,
cb_rnn,6,14,outgoing_bit,48,,
cb_rnn,6,14,outgoing_bit,49,,
cb_rnn,6,14,outgoing_bit,50,,
cb_rnn,6,14,outgoing_bit,51,,
cb_rnn,6,14,outgoing_bit,52,,
cb_rnn,6,14,outgoing_bit,53,,
cb_rnn,6,14,next_parity,0,,
cb_rnn,6,14,next_parity,1,0.5046382189239331,0.4476302917861359
cb_rnn,6,14,next_parity,2,0.48991108071135436,0.4859781121751026
cb_rnn,6,14,next_parity,3,0.5124831309041835,0.4698043184885291
cb_rnn,6,14,next_parity,4,0.5019607843137255,0.5193520886615516
cb_rnn,6,14,next_parity,5,0.42611336032388664,0.4898785425101214
cb_rnn,6,14,next_parity,6,0.3753632908562486,0.48960429242119385
cb_rnn,6,14,next_parity,7,0.43864406779661014,0.5118644067796609
cb_rnn,6,14,next_parity,8,0.5408003577017662,0.6049631120053655
cb_rnn,6,14,next_parity,9,0.5115864527629234,0.46925133689839577
cb_rnn,6,14,next_parity,10,0.49072356215213353,0.40321583178726034
cb_rnn,6,14,next_parity,11,0.45784615384615385,0.46461538461538465
cb_rnn,6,14,next_parity,12,0.535076923076923,0.4673846153846154
cb_rnn,6,14,next_parity,13,0.5502130249543518,0.5544735240413877
cb_rnn,6,14,next_parity,14,0.49288806431663573,0.46351267779839206
cb_rnn,6,14,next_parity,15,0.5329903147699757,0.451271186440678
cb_rnn,6,14,next_parity,16,0.47260869565217395,0.4469565217391304
cb_rnn,6,14,next_parity,17,0.45787037037037037,0.47453703703703703
cb_rnn,6,14,next_parity,18,0.5987762237762237,0.5729895104895105
cb_rnn,6,14,next_parity,19,0.3902116402116402,0.4078483245149912
cb_rnn,6,14,next_parity,20,0.478695652173913,0.5378260869565218
cb_rnn,6,14,next_parity,21,0.5537516454585345,0.5813953488372092
cb_rnn,6,14,next_parity,22,0.4624125874125874,0.4554195804195804
cb_rnn,6,14,next_parity,23,0.4914436156208864,0.5498025449758667
cb_rnn,6,14,next_parity,24,0.4931987713909609,0.4949539271610356
cb_rnn,6,14,next_parity,25,0.5095486111111112,0.5690104166666667
cb_rnn,6,14,next_parity,26,0.49391304347826087,0.5443478260869565
cb_rnn,6,14,next_parity,27,0.6050899517332163,0.5173321632294866
cb_rnn,6,14,next_parity,28,0.4943478260869565,0.5765217391304348
cb_rnn,6,14,next_parity,29,0.5432045158488927,0.5918367346938775
cb_rnn,6,14,next_parity,30,0.4954248366013072,0.44880174291938996
cb_rnn,6,14,next_parity,31,0.5416666666666667,0.5494791666666666
cb_rnn,6,14,next_parity,32,0.46608695652173915,0.5282608695652175
cb_rnn,6,14,next_parity,33,0.40975609756097564,0.492239467849224
cb_rnn,6,14,next_parity,34,0.50412505427703,0.5275727312201477
cb_rnn,6,14,next_parity,35,0.44930555555555557,0.5388888888888889
cb_rnn,6,14,next_parity,36,0.4573170731707317,0.4464769647696477
cb_rnn,6,14,next_parity,37,0.40082644628099173,0.43595041322314054
cb_rnn,6,14,next_parity,38,0.425,0.375
cb_rnn,6,14,next_parity,39,0.3977272727272727,0.35227272727272724
cb_rnn,6,14,next_parity,40,0.5,0.35714285714285715
cb_rnn,6,14,next_parity,41,0.4090909090909091,0.5681818181818181
cb_rnn,6,14,next_parity,42,,
cb_rnn,6,14,next_parity,43,,
cb_rnn,6,14,next_parity,44,,
cb_rnn,6,14,next_parity,45,,
cb_rnn,6,14,next_parity,46,,
cb_rnn,6,14,next_parity,47,,
cb_rnn,6,14,next_parity,48,,
cb_rnn,6,14,next_parity,49,,
cb_rnn,6,14,next_parity,50,,
cb_rnn,6,14,next_parity,51,,
cb_rnn,6,14,next_parity,52,,
cb_rnn,6,14,next_parity,53,,
cb_rnn,6,15,incoming_bit,0,1.0,1.0
cb_rnn,6,15,incoming_bit,1,1.0,1.0
cb_rnn,6,15,incoming_bit,2,1.0,1.0
cb_rnn,6,15,incoming_bit,3,1.0,1.0
cb_rnn,6,15,incoming_bit,4,1.0,1.0
cb_rnn,6,15,incoming_bit,5,1.0,1.0
cb_rnn,6,15,incoming_bit,6,1.0,1.0
cb_rnn,6,15,incoming_bit,7,1.0,1.0
cb_rnn,6,15,incoming_bit,8,1.0,1.0
cb_rnn,6,15,incoming_bit,9,1.0,1.0
cb_rnn,6,15,incoming_bit,10,1.0,1.0
cb_rnn,6,15,incoming_bit,11,1.0,1.0
cb_rnn,6,15,incoming_bit,12,1.0,1.0
cb_rnn,6,15,incoming_bit,13,1.0,1.0
cb_rnn,6,15,incoming_bit,14,1.0,1.0
cb_rnn,6,15,incoming_bit,15,1.0,1.0
cb_rnn,6,15,incoming_bit,16,1.0,1.0
cb_rnn,6,15,incoming_bit,17,1.0,1.0
cb_rnn,6,15,incoming_bit,18,1.0,1.0
cb_rnn,6,15,incoming_bit,19,1.0,1.0
cb_rnn,6,15,incoming_bit,20,1.0,1.0
cb_rnn,6,15,incoming_bit,21,1.0,1.0
cb_rnn,6,15,incoming_bit,22,1.0,1.0
cb_rnn,6,15,incoming_bit,23,1.0,1.0
cb_rnn,6,15,incoming_bit,24,1.0,1.0
cb_rnn,6,15,incoming_bit,25,1.0,1.0
cb_rnn,6,15,incoming_bit,26,1.0,1.0
cb_rnn,6,15,incoming_bit,27,1.0,1.0
cb_rnn,6,15,incoming_bit,28,0.9814814814814815,1.0
cb_rnn,6,15,incoming_bit,29,1.0,1.0
cb_rnn,6,15,incoming_bit,30,1.0,1.0
cb_rnn,6,15,incoming_bit,31,1.0,1.0
cb_rnn,6,15,incoming_bit,32,1.0,1.0
cb_rnn,6,15,incoming_bit,33,1.0,1.0
cb_rnn,6,15,incoming_bit,34,1.0,1.0
cb_rnn,6,15,incoming_bit,35,1.0,1.0
cb_rnn,6,15,incoming_bit,36,1.0,1.0
cb_rnn,6,15,incoming_bit,37,1.0,1.0
cb_rnn,6,15,incoming_bit,38,1.0,1.0
cb_rnn,6,15,incoming_bit,39,1.0,1.0
cb_rnn,6,15,incoming_bit,40,1.0,1.0
cb_rnn,6,15,incoming_bit,41,1.0,1.0
cb_rnn,6,15,incoming_bit,42,1.0,1.0
cb_rnn,6,15,incoming_bit,43,1.0,1.0
cb_rnn,6,15,incoming_bit,44,1.0,1.0
cb_rnn,6,15,incoming_bit,45,1.0,1.0
cb_rnn,6,15,incoming_bit,46,1.0,1.0
cb_rnn,6,15,incoming_bit,47,1.0,1.0
cb_rnn,6,15,incoming_bit,48,1.0,1.0
cb_rnn,6,15,incoming_bit,49,1.0,1.0
cb_rnn,6,15,incoming_bit,50,1.0,1.0
cb_rnn,6,15,incoming_bit,51,1.0,1.0
cb_rnn,6,15,incoming_bit,52,1.0,1.0
cb_rnn,6,15,incoming_bit,53,1.0,1.0
cb_rnn,6,15,incoming_bit,54,1.0,1.0
cb_rnn,6,15,incoming_bit,55,1.0,1.0
cb_rnn,6,15,incoming_bit,56,1.0,1.0
cb_rnn,6,15,incoming_bit,57,1.0,1.0
cb_rnn,6,15,incoming_bit,58,1.0,1.0
cb_rnn,6,15,incoming_bit,59,1.0,1.0
cb_rnn,6,15,outgoing_bit,0,0.8508098891730604,0.7800511508951407
cb_rnn,6,15,outgoing_bit,1,0.8452562151192289,0.7546084897683071
cb_rnn,6,15,outgoing_bit,2,0.8370383036935705,0.8243844049247606
cb_rnn,6,15,outgoing_bit,3,0.8687584345479082,0.8046558704453441
cb_rnn,6,15,outgoing_bit,4,0.8569837380262865,0.7937179772777901
cb_rnn,6,15,outgoing_bit,5,0.8470457079152731,0.6981047937569677
cb_rnn,6,15,outgoing_bit,6,0.8338907469342252,0.7471571906354515
cb_rnn,6,15,outgoing_bit,7,0.8428026049854032,0.7532000898270829
cb_rnn,6,15,outgoing_bit,8,0.8648484848484848,0.7657575757575757
cb_rnn,6,15,outgoing_bit,9,0.8436551305403764,0.7513661202185792
cb_rnn,6,15,outgoing_bit,10,0.8485958485958486,0.7893772893772893
cb_rnn,6,15,outgoing_bit,11,0.8194192377495464,0.6878402903811253
cb_rnn,6,15,outgoing_bit,12,0.8500315059861373,0.7359798361688721
cb_rnn,6,15,outgoing_bit,13,0.8467643467643468,0.8241758241758241
cb_rnn,6,15,outgoing_bit,14,0.8452797202797202,0.7687937062937064
cb_rnn,6,15,outgoing_bit,15,0.877642825011246,0.7584345479082321
cb_rnn,6,15,outgoing_bit,16,0.8354320451584888,0.7537993920972644
cb_rnn,6,15,outgoing_bit,17,0.8440087145969499,0.7647058823529411
cb_rnn,6,15,outgoing_bit,18,0.8627876682587929,0.761615284411637
cb_rnn,6,15,outgoing_bit,19,0.7569109258446687,0.6884598508117595
cb_rnn,6,15,outgoing_bit,20,0.8003472222222222,0.7621527777777778
cb_rnn,6,15,outgoing_bit,21,0.8627876682587929,0.818931828050369
cb_rnn,6,15,outgoing_bit,22,0.8651785714285714,0.6919642857142857
cb_rnn,6,15,outgoing_bit,23,0.8049107142857143,0.7834821428571429
cb_rnn,6,15,outgoing_bit,24,0.8397742075553626,0.7590099869735129
cb_rnn,6,15,outgoing_bit,25,0.8085106382978724,0.846287451150673
cb_rnn,6,15,outgoing_bit,26,0.8433035714285715,0.7830357142857143
cb_rnn,6,15,outgoing_bit,27,0.8514980460269214,0.8154580981328702
cb_rnn,6,15,outgoing_bit,28,0.8460869565217393,0.8391304347826085
cb_rnn,6,15,outgoing_bit,29,0.8723776223776223,0.8728146853146853
cb_rnn,6,15,outgoing_bit,30,0.8697552447552448,0.8780594405594406
cb_rnn,6,15,outgoing_bit,31,0.8869179600886918,0.8501108647450111
cb_rnn,6,15,outgoing_bit,32,0.9056261343012704,0.7372958257713248
cb_rnn,6,15,outgoing_bit,33,0.8468286099865048,0.6950067476383266
cb_rnn,6,15,outgoing_bit,34,0.849862258953168,0.7892561983471075
cb_rnn,6,15,outgoing_bit,35,0.746938775510204,0.6625850340136056
cb_rnn,6,15,outgoing_bit,36,0.8387878787878789,0.709090909090909
cb_rnn,6,15,outgoing_bit,37,0.68,0.7507692307692307
cb_rnn,6,15,outgoing_bit,38,0.6980609418282548,0.7036011080332409
cb_rnn,6,15,outgoing_bit,39,0.6925207756232687,0.8337950138504155
cb_rnn,6,15,outgoing_bit,40,0.7999999999999999,0.7777777777777778
cb_rnn,6,15,outgoing_bit,41,0.7948717948717948,0.34615384615384615
cb_rnn,6,15,outgoing_bit,42,0.6571428571428571,0.6714285714285715
cb_rnn,6,15,outgoing_bit,43,0.4615384615384615,0.46153846153846156
cb_rnn,6,15,outgoing_bit,44,0.8863636363636364,0.7840909090909091
cb_rnn,6,15,outgoing_bit,45,,
cb_rnn,6,15,outgoing_bit,46,,
cb_rnn,6,15,outgoing_bit,47,,
cb_rnn,6,15,outgoing_bit,48,,
cb_rnn,6,15,outgoing_bit,49,,
cb_rnn,6,15,outgoing_bit,50,,
cb_rnn,6,15,outgoing_bit,51,,
cb_rnn,6,15,outgoing_bit,52,,
cb_rnn,6,15,outgoing_bit,53,,
cb_rnn,6,15,outgoing_bit,54,,
cb_rnn,6,15,outgoing_bit,55,,
cb_rnn,6,15,outgoing_bit,56,,
cb_rnn,6,15,outgoing_bit,57,,
cb_rnn,6,15,outgoing_bit,58,,
cb_rnn,6,15,outgoing_bit,59,,
cb_rnn,6,15,next_parity,0,,
cb_rnn,6,15,next_parity,1,0.46489361702127663,0.47092198581560285
cb_rnn,6,15,next_parity,2,0.5144097222222221,0.5282986111111112
cb_rnn,6,15,next_parity,3,0.5331978319783198,0.5150745257452575
cb_rnn,6,15,next_parity,4,0.4937074829931972,0.4387755102040816
cb_rnn,6,15,next_parity,5,0.39847972972972967,0.47364864864864864
cb_rnn,6,15,next_parity,6,0.5305803571428571,0.4636160714285714
cb_rnn,6,15,next_parity,7,0.41181716833890747,0.5063545150501673
cb_rnn,6,15,next_parity,8,0.44063620071684595,0.476926523297491
cb_rnn,6,15,next_parity,9,0.5214969926486969,0.5099131209623524
cb_rnn,6,15,next_parity,10,0.5018159806295399,0.523910411622276
cb_rnn,6,15,next_parity,11,0.4782082324455206,0.4960653753026634
cb_rnn,6,15,next_parity,12,0.4443436176648518,0.574712643678161
cb_rnn,6,15,next_parity,13,0.503731343283582,0.443407960199005
cb_rnn,6,15,next_parity,14,0.4387254901960784,0.3360906862745098
cb_rnn,6,15,next_parity,15,0.5418192918192918,0.5506715506715507
cb_rnn,6,15,next_parity,16,0.6422058184976118,0.609205384281372
cb_rnn,6,15,next_parity,17,0.550705467372134,0.46957671957671954
cb_rnn,6,15,next_parity,18,0.45751633986928103,0.44880174291938996
cb_rnn,6,15,next_parity,19,0.49435763888888884,0.5290798611111112
cb_rnn,6,15,next_parity,20,0.42521739130434777,0.42956521739130427
cb_rnn,6,15,next_parity,21,0.4978260869565217,0.588695652173913
cb_rnn,6,15,next_parity,22,0.402972027972028,0.43662587412587417
cb_rnn,6,15,next_parity,23,0.5267042987407728,0.523230568823274
cb_rnn,6,15,next_parity,24,0.6313725490196078,0.5263616557734204
cb_rnn,6,15,next_parity,25,0.4695652173913043,0.488695652173913
cb_rnn,6,15,next_parity,26,0.47583148558758315,0.4580931263858094
cb_rnn,6,15,next_parity,27,0.4911816578483245,0.47442680776014107
cb_rnn,6,15,next_parity,28,0.5960088691796008,0.5773835920177384
cb_rnn,6,15,next_parity,29,0.46075388026607544,0.40931263858093125
cb_rnn,6,15,next_parity,30,0.6078260869565217,0.542608695652174
cb_rnn,6,15,next_parity,31,0.5002171081198438,0.4646113764654798
cb_rnn,6,15,next_parity,32,0.5067303517151542,0.542336083369518
cb_rnn,6,15,next_parity,33,0.4741340530814215,0.4493927125506073
cb_rnn,6,15,next_parity,34,0.5473090277777778,0.5151909722222221
cb_rnn,6,15,next_parity,35,0.5321477428180574,0.3734610123119015
cb_rnn,6,15,next_parity,36,0.5587837837837839,0.5459459459459459
cb_rnn,6,15,next_parity,37,0.43175675675675673,0.4506756756756756
cb_rnn,6,15,next_parity,38,0.5084134615384617,0.4519230769230769
cb_rnn,6,15,next_parity,39,0.5029761904761905,0.5178571428571428
cb_rnn,6,15,next_parity,40,0.39495798319327735,0.46218487394957986
cb_rnn,6,15,next_parity,41,0.40997229916897504,0.43490304709141275
cb_rnn,6,15,next_parity,42,0.4,0.26666666666666666
cb_rnn,6,15,next_parity,43,0.4659090909090909,0.625
cb_rnn,6,15,next_parity,44,0.34615384615384626,0.28205128205128205
cb_rnn,6,15,next_parity,45,0.75,0.3095238095238095
cb_rnn,6,15,next_parity,46,0.2840909090909091,0.3068181818181818
cb_rnn,6,15,next_parity,47,,
cb_rnn,6,15,next_parity,48,,
cb_rnn,6,15,next_parity,49,,
cb_rnn,6,15,next_parity,50,,
cb_rnn,6,15,next_parity,51,,
cb_rnn,6,15,next_parity,52,,
cb_rnn,6,15,next_parity,53,,
cb_rnn,6,15,next_parity,54,,
cb_rnn,6,15,next_parity,55,,
cb_rnn,6,15,next_parity,56,,
cb_rnn,6,15,next_parity,57,,
cb_rnn,6,15,next_parity,58,,
cb_rnn,6,15,next_parity,59,,
cb_rnn,7,2,incoming_bit,0,1.0,1.0
cb_rnn,7,2,incoming_bit,1,1.0,1.0
cb_rnn,7,2,incoming_bit,2,1.0,1.0
cb_rnn,7,2,incoming_bit,3,1.0,1.0
cb_rnn,7,2,incoming_bit,4,1.0,0.9999999999999999
cb_rnn,7,2,incoming_bit,5,1.0,1.0
cb_rnn,7,2,incoming_bit,6,1.0,1.0
cb_rnn,7,2,incoming_bit,7,1.0,1.0
cb_rnn,7,2,incoming_bit,8,1.0,1.0
cb_rnn,7,2,outgoing_bit,0,1.0,1.0
cb_rnn,7,2,outgoing_bit,1,0.9991391184573002,1.0
cb_rnn,7,2,outgoing_bit,2,0.9993243243243244,0.9999999999999999
cb_rnn,7,2,outgoing_bit,3,0.9971014492753624,1.0
cb_rnn,7,2,outgoing_bit,4,1.0,1.0
cb_rnn,7,2,outgoing_bit,5,1.0,1.0
cb_rnn,7,2,outgoing_bit,6,1.0,1.0
cb_rnn,7,2,outgoing_bit,7,,
cb_rnn,7,2,outgoing_bit,8,,
cb_rnn,7,2,next_parity,0,,
cb_rnn,7,2,next_parity,1,0.43741450068399457,0.43416552667578656
cb_rnn,7,2,next_parity,2,0.5256606990622337,0.4821824381926684
cb_rnn,7,2,next_parity,3,0.5295112464062236,0.5583460172501268
cb_rnn,7,2,next_parity,4,0.5464665204924946,0.5546466520492495
cb_rnn,7,2,next_parity,5,0.5667174023338407,0.5262979874852021
cb_rnn,7,2,next_parity,6,0.45918367346938777,0.4622448979591837
cb_rnn,7,2,next_parity,7,0.6666666666666666,0.6376811594202899
cb_rnn,7,2,next_parity,8,0.5227272727272727,0.5227272727272727
cb_rnn,7,3,incoming_bit,0,1.0,1.0
cb_rnn,7,3,incoming_bit,1,1.0,1.0
cb_rnn,7,3,incoming_bit,2,1.0,1.0
cb_rnn,7,3,incoming_bit,3,1.0,1.0
cb_rnn,7,3,incoming_bit,4,1.0,0.9999999999999999
cb_rnn,7,3,incoming_bit,5,0.9999999999999999,1.0
cb_rnn,7,3,incoming_bit,6,0.9999999999999999,1.0
cb_rnn,7,3,incoming_bit,7,1.0,1.0
cb_rnn,7,3,incoming_bit,8,1.0,1.0
cb_rnn,7,3,incoming_bit,9,1.0,1.0
cb_rnn,7,3,incoming_bit,10,1.0,1.0
cb_rnn,7,3,incoming_bit,11,1.0,1.0
cb_rnn,7,3,outgoing_bit,0,0.9927168021680217,0.997289972899729
cb_rnn,7,3,outgoing_bit,1,0.9906842818428184,0.9989837398373984
cb_rnn,7,3,outgoing_bit,2,0.9940718157181572,1.0
cb_rnn,7,3,outgoing_bit,3,0.9933819786187001,1.0
cb_rnn,7,3,outgoing_bit,4,0.9912854030501089,1.0
cb_rnn,7,3,outgoing_bit,5,0.9943899018232819,0.9985974754558206
cb_rnn,7,3,outgoing_bit,6,0.9938016528925621,1.0
cb_rnn,7,3,outgoing_bit,7,0.9945945945945946,1.0
cb_rnn,7,3,outgoing_bit,8,1.0,0.9318181818181819
cb_rnn,7,3,outgoing_bit,9,,
cb_rnn,7,3,outgoing_bit,10,,
cb_rnn,7,3,outgoing_bit,11,,
cb_rnn,7,3,next_parity,0,,
cb_rnn,7,3,next_parity,1,0.495968433693601,0.5097786927431807
cb_rnn,7,3,next_parity,2,0.5078340220385675,0.5181646005509641
cb_rnn,7,3,next_parity,3,0.5112531969309463,0.48312020460358057
cb_rnn,7,3,next_parity,4,0.534285210646924,0.5446853516657852
cb_rnn,7,3,next_parity,5,0.564344746162928,0.5586102209478833
cb_rnn,7,3,next_parity,6,0.5510869565217392,0.5110869565217392
cb_rnn,7,3,next_parity,7,0.39600271002710025,0.44986449864498645
cb_rnn,7,3,next_parity,8,0.40510204081632656,0.3438775510204082
cb_rnn,7,3,next_parity,9,0.5347222222222223,0.5555555555555555
cb_rnn,7,3,next_parity,10,0.35795454545454547,0.375
cb_rnn,7,3,next_parity,11,,
cb_rnn,7,4,incoming_bit,0,1.0,1.0
cb_rnn,7,4,incoming_bit,1,1.0,1.0
cb_rnn,7,4,incoming_bit,2,1.0,1.0
cb_rnn,7,4,incoming_bit,3,1.0,1.0
cb_rnn,7,4,incoming_bit,4,1.0,1.0
cb_rnn,7,4,incoming_bit,5,1.0,1.0
cb_rnn,7,4,incoming_bit,6,1.0,1.0
cb_rnn,7,4,incoming_bit,7,1.0,1.0
cb_rnn,7,4,incoming_bit,8,1.0,1.0
cb_rnn,7,4,incoming_bit,9,1.0,1.0
cb_rnn,7,4,incoming_bit,10,1.0,1.0
cb_rnn,7,4,incoming_bit,11,1.0,1.0
cb_rnn,7,4,incoming_bit,12,1.0,1.0
cb_rnn,7,4,incoming_bit,13,1.0,1.0
cb_rnn,7,4,incoming_bit,14,1.0,1.0
cb_rnn,7,4,incoming_bit,15,1.0,0.9999999999999999
cb_rnn,7,4,incoming_bit,16,1.0,1.0
cb_rnn,7,4,outgoing_bit,0,0.9766260162601625,0.9705284552845528
cb_rnn,7,4,outgoing_bit,1,0.9821187584345479,0.9848178137651822
cb_rnn,7,4,outgoing_bit,2,0.9940607500424231,0.9882911929407772
cb_rnn,7,4,outgoing_bit,3,0.962277454609554,0.9913625947470475
cb_rnn,7,4,outgoing_bit,4,0.9529411764705882,0.9760348583877995
cb_rnn,7,4,outgoing_bit,5,0.9483471074380165,0.959366391184573
cb_rnn,7,4,outgoing_bit,6,0.9885290148448043,0.9919028340080972
cb_rnn,7,4,outgoing_bit,7,0.937246963562753,0.9824561403508772
cb_rnn,7,4,outgoing_bit,8,0.8944444444444444,0.9055555555555556
cb_rnn,7,4,outgoing_bit,9,0.89196675900277,0.9722991689750693
cb_rnn,7,4,outgoing_bit,10,0.927170868347339,0.9551820728291316
cb_rnn,7,4,outgoing_bit,11,1.0,0.9861111111111112
cb_rnn,7,4,outgoing_bit,12,0.9772727272727273,0.8636363636363636
cb_rnn,7,4,outgoing_bit,13,,
cb_rnn,7,4,outgoing_bit,14,,
cb_rnn,7,4,outgoing_bit,15,,
cb_rnn,7,4,outgoing_bit,16,,
cb_rnn,7,4,next_parity,0,,
cb_rnn,7,4,next_parity,1,0.46555235024605457,0.47352791447480064
cb_rnn,7,4,next_parity,2,0.5033707865168539,0.47450302506482284
cb_rnn,7,4,next_parity,3,0.5480553154710457,0.5684528954191875
cb_rnn,7,4,next_parity,4,0.515686274509804,0.473231031543052
cb_rnn,7,4,next_parity,5,0.4882260596546311,0.5088086516657946
cb_rnn,7,4,next_parity,6,0.5065132435953104,0.49348675640468953
cb_rnn,7,4,next_parity,7,0.403735632183908,0.43893678160919536
cb_rnn,7,4,next_parity,8,0.36347517730496454,0.43368794326241134
cb_rnn,7,4,next_parity,9,0.559620596205962,0.5426829268292682
cb_rnn,7,4,next_parity,10,0.46358543417366943,0.5028011204481793
cb_rnn,7,4,next_parity,11,0.4464285714285714,0.4642857142857143
cb_rnn,7,4,next_parity,12,0.30869565217391304,0.32173913043478264
cb_rnn,7,4,next_parity,13,0.4444444444444444,0.4916666666666667
cb_rnn,7,4,next_parity,14,0.49999999999999994,0.49999999999999994
cb_rnn,7,4,next_parity,15,,
cb_rnn,7,4,next_parity,16,,
cb_rnn,7,5,incoming_bit,0,1.0,1.0
cb_rnn,7,5,incoming_bit,1,1.0,1.0
cb_rnn,7,5,incoming_bit,2,1.0,1.0
cb_rnn,7,5,incoming_bit,3,1.0,1.0
cb_rnn,7,5,incoming_bit,4,1.0,0.9999999999999999
cb_rnn,7,5,incoming_bit,5,1.0,1.0
cb_rnn,7,5,incoming_bit,6,1.0,1.0
cb_rnn,7,5,incoming_bit,7,1.0,1.0
cb_rnn,7,5,incoming_bit,8,1.0,1.0
cb_rnn,7,5,incoming_bit,9,1.0,1.0
cb_rnn,7,5,incoming_bit,10,1.0,1.0
cb_rnn,7,5,incoming_bit,11,1.0,1.0
cb_rnn,7,5,incoming_bit,12,1.0,1.0
cb_rnn,7,5,incoming_bit,13,1.0,1.0
cb_rnn,7,5,incoming_bit,14,1.0,1.0
cb_rnn,7,5,incoming_bit,15,1.0,1.0
cb_rnn,7,5,incoming_bit,16,1.0,1.0
cb_rnn,7,5,incoming_bit,17,1.0,1.0
cb_rnn,7,5,incoming_bit,18,1.0,1.0
cb_rnn,7,5,incoming_bit,19,1.0,1.0
cb_rnn,7,5,outgoing_bit,0,0.915625,0.9631944444444445
cb_rnn,7,5,outgoing_bit,1,0.9481946624803768,0.9570905285190998
cb_rnn,7,5,outgoing_bit,2,0.9572037510656436,0.9687979539641944
cb_rnn,7,5,outgoing_bit,3,0.9656462585034014,0.9746598639455781
cb_rnn,7,5,outgoing_bit,4,0.943104514533086,0.9539270253555968
cb_rnn,7,5,outgoing_bit,5,0.9192628345765687,0.9627029398859148
cb_rnn,7,5,outgoing_bit,6,0.9118034225537517,0.927599824484423
cb_rnn,7,5,outgoing_bit,7,0.918695652173913,0.931304347826087
cb_rnn,7,5,outgoing_bit,8,0.9130434782608696,0.9341614906832298
cb_rnn,7,5,outgoing_bit,9,0.9403726708074533,0.9440993788819876
cb_rnn,7,5,outgoing_bit,10,0.8421052631578948,0.8263157894736842
cb_rnn,7,5,outgoing_bit,11,0.9001189060642092,0.929845422116528
cb_rnn,7,5,outgoing_bit,12,0.9289473684210526,0.8947368421052632
cb_rnn,7,5,outgoing_bit,13,0.9722222222222223,0.9194444444444445
cb_rnn,7,5,outgoing_bit,14,0.875,0.7840909090909091
cb_rnn,7,5,outgoing_bit,15,,
cb_rnn,7,5,outgoing_bit,16,,
cb_rnn,7,5,outgoing_bit,17,,
cb_rnn,7,5,outgoing_bit,18,,
cb_rnn,7,5,outgoing_bit,19,,
cb_rnn,7,5,next_parity,0,,
cb_rnn,7,5,next_parity,1,0.5277067348678602,0.5481670929241261
cb_rnn,7,5,next_parity,2,0.5913787262872628,0.5331131436314364
cb_rnn,7,5,next_parity,3,0.5247289972899729,0.49237804878048785
cb_rnn,7,5,next_parity,4,0.5359761295822677,0.5279624893435636
cb_rnn,7,5,next_parity,5,0.5226351351351352,0.5359797297297297
cb_rnn,7,5,next_parity,6,0.45129870129870125,0.4005875077303649
cb_rnn,7,5,next_parity,7,0.4286956521739131,0.4734782608695652
cb_rnn,7,5,next_parity,8,0.5658183413777973,0.5403685827117157
cb_rnn,7,5,next_parity,9,0.5854030501089326,0.6446623093681917
cb_rnn,7,5,next_parity,10,0.5499999999999999,0.4976190476190476
cb_rnn,7,5,next_parity,11,0.6213942307692308,0.5516826923076923
cb_rnn,7,5,next_parity,12,0.548984468339307,0.6565113500597372
cb_rnn,7,5,next_parity,13,0.613970588235294,0.6041666666666667
cb_rnn,7,5,next_parity,14,0.3719951923076923,0.36838942307692313
cb_rnn,7,5,next_parity,15,0.3680555555555556,0.3819444444444444
cb_rnn,7,5,next_parity,16,0.7321428571428572,0.8035714285714285
cb_rnn,7,5,next_parity,17,,
cb_rnn,7,5,next_parity,18,,
cb_rnn,7,5,next_parity,19,,
cb_rnn,7,6,incoming_bit,0,1.0,1.0
cb_rnn,7,6,incoming_bit,1,1.0,1.0
cb_rnn,7,6,incoming_bit,2,1.0,1.0
cb_rnn,7,6,incoming_bit,3,1.0,1.0
cb_rnn,7,6,incoming_bit,4,1.0,1.0
cb_rnn,7,6,incoming_bit,5,1.0,1.0
cb_rnn,7,6,incoming_bit,6,1.0,1.0
cb_rnn,7,6,incoming_bit,7,1.0,1.0
cb_rnn,7,6,incoming_bit,8,1.0,1.0
cb_rnn,7,6,incoming_bit,9,1.0,1.0
cb_rnn,7,6,incoming_bit,10,1.0,1.0
cb_rnn,7,6,incoming_bit,11,1.0,1.0
cb_rnn,7,6,incoming_bit,12,1.0,1.0
cb_rnn,7,6,incoming_bit,13,1.0,1.0
cb_rnn,7,6,incoming_bit,14,1.0,1.0
cb_rnn,7,6,incoming_bit,15,1.0,0.9999999999999999
cb_rnn,7,6,incoming_bit,16,1.0,1.0
cb_rnn,7,6,incoming_bit,17,1.0,1.0
cb_rnn,7,6,incoming_bit,18,1.0,1.0
cb_rnn,7,6,incoming_bit,19,1.0,1.0
cb_rnn,7,6,outgoing_bit,0,0.9651162790697674,0.9565663474692202
cb_rnn,7,6,outgoing_bit,1,0.8893962455606292,0.8986977845425335
cb_rnn,7,6,outgoing_bit,2,0.9530826558265584,0.9444444444444444
cb_rnn,7,6,outgoing_bit,3,0.9347276100522853,0.926463147242368
cb_rnn,7,6,outgoing_bit,4,0.8767857142857143,0.8415178571428572
cb_rnn,7,6,outgoing_bit,5,0.74421768707483,0.7374149659863946
cb_rnn,7,6,outgoing_bit,6,0.83125,0.8104166666666667
cb_rnn,7,6,outgoing_bit,7,0.9182432432432432,0.8533783783783783
cb_rnn,7,6,outgoing_bit,8,0.8947368421052632,0.9002770083102493
cb_rnn,7,6,outgoing_bit,9,0.8805555555555555,0.8777777777777778
cb_rnn,7,6,outgoing_bit,10,0.8683473389355743,0.8347338935574229
cb_rnn,7,6,outgoing_bit,11,0.9196675900277008,0.8337950138504155
cb_rnn,7,6,outgoing_bit,12,0.8231884057971015,0.773913043478261
cb_rnn,7,6,outgoing_bit,13,0.7045454545454546,0.48863636363636365
cb_rnn,7,6,outgoing_bit,14,,
cb_rnn,7,6,outgoing_bit,15,,
cb_rnn,7,6,outgoing_bit,16,,
cb_rnn,7,6,outgoing_bit,17,,
cb_rnn,7,6,outgoing_bit,18,,
cb_rnn,7,6,outgoing_bit,19,,
cb_rnn,7,6,next_parity,0,,
cb_rnn,7,6,next_parity,1,0.5499149659863947,0.5398809523809525
cb_rnn,7,6,next_parity,2,0.5399120581768984,0.4984779299847793
cb_rnn,7,6,next_parity,3,0.47177903585520675,0.45565277062961057
cb_rnn,7,6,next_parity,4,0.4866791108094348,0.5251993891057186
cb_rnn,7,6,next_parity,5,0.46665526675786595,0.41039671682626533
cb_rnn,7,6,next_parity,6,0.4559912854030501,0.5004357298474946
cb_rnn,7,6,next_parity,7,0.6024052478134111,0.5991253644314869
cb_rnn,7,6,next_parity,8,0.3261904761904762,0.4295918367346938
cb_rnn,7,6,next_parity,9,0.5836805555555555,0.5204861111111111
cb_rnn,7,6,next_parity,10,0.34226190476190477,0.49702380952380953
cb_rnn,7,6,next_parity,11,0.425,0.42222222222222217
cb_rnn,7,6,next_parity,12,0.45983379501385047,0.3767313019390581
cb_rnn,7,6,next_parity,13,0.6958333333333333,0.7347222222222223
cb_rnn,7,6,next_parity,14,0.4872159090909091,0.5099431818181818
cb_rnn,7,6,next_parity,15,0.5555555555555556,0.6555555555555557
cb_rnn,7,6,next_parity,16,,
cb_rnn,7,6,next_parity,17,,
cb_rnn,7,6,next_parity,18,,
cb_rnn,7,6,next_parity,19,,
cb_rnn,7,7,incoming_bit,0,1.0,1.0
cb_rnn,7,7,incoming_bit,1,1.0,1.0
cb_rnn,7,7,incoming_bit,2,1.0,1.0
cb_rnn,7,7,incoming_bit,3,1.0,1.0
cb_rnn,7,7,incoming_bit,4,1.0,1.0
cb_rnn,7,7,incoming_bit,5,1.0,1.0
cb_rnn,7,7,incoming_bit,6,1.0,1.0
cb_rnn,7,7,incoming_bit,7,1.0,0.9999999999999999
cb_rnn,7,7,incoming_bit,8,0.9999999999999999,1.0
cb_rnn,7,7,incoming_bit,9,1.0,1.0
cb_rnn,7,7,incoming_bit,10,1.0,1.0
cb_rnn,7,7,incoming_bit,11,1.0,1.0
cb_rnn,7,7,incoming_bit,12,1.0,1.0
cb_rnn,7,7,incoming_bit,13,1.0,1.0
cb_rnn,7,7,incoming_bit,14,1.0,1.0
cb_rnn,7,7,incoming_bit,15,1.0,1.0
cb_rnn,7,7,incoming_bit,16,1.0,1.0
cb_rnn,7,7,incoming_bit,17,1.0,1.0
cb_rnn,7,7,incoming_bit,18,1.0,1.0
cb_rnn,7,7,incoming_bit,19,1.0,1.0
cb_rnn,7,7,incoming_bit,20,1.0,1.0
cb_rnn,7,7,outgoing_bit,0,0.8066326530612244,0.795578231292517
cb_rnn,7,7,outgoing_bit,1,0.9196306429548564,0.9001367989056088
cb_rnn,7,7,outgoing_bit,2,0.9065019728941499,0.8874592554469034
cb_rnn,7,7,outgoing_bit,3,0.8620107962213226,0.8115721997300944
cb_rnn,7,7,outgoing_bit,4,0.8924967090829311,0.8253620008775778
cb_rnn,7,7,outgoing_bit,5,0.8049932523616734,0.7935222672064777
cb_rnn,7,7,outgoing_bit,6,0.8439189189189189,0.852027027027027
cb_rnn,7,7,outgoing_bit,7,0.8659722222222221,0.8368055555555556
cb_rnn,7,7,outgoing_bit,8,0.8836565096952909,0.8337950138504154
cb_rnn,7,7,outgoing_bit,9,0.8527777777777777,0.8194444444444444
cb_rnn,7,7,outgoing_bit,10,0.9,0.9
cb_rnn,7,7,outgoing_bit,11,0.7277777777777779,0.8
cb_rnn,7,7,outgoing_bit,12,0.7527777777777778,0.6944444444444445
cb_rnn,7,7,outgoing_bit,13,0.5833333333333333,0.3571428571428571
cb_rnn,7,7,outgoing_bit,14,,
cb_rnn,7,7,outgoing_bit,15,,
cb_rnn,7,7,outgoing_bit,16,,
cb_rnn,7,7,outgoing_bit,17,,
cb_rnn,7,7,outgoing_bit,18,,
cb_rnn,7,7,outgoing_bit,19,,
cb_rnn,7,7,outgoing_bit,20,,
cb_rnn,7,7,next_parity,0,,
cb_rnn,7,7,next_parity,1,0.42681393678160917,0.505657327586207
cb_rnn,7,7,next_parity,2,0.4734088179790702,0.45882655687081836
cb_rnn,7,7,next_parity,3,0.5691689466484268,0.4848666210670315
cb_rnn,7,7,next_parity,4,0.5457466599019111,0.5313715542026044
cb_rnn,7,7,next_parity,5,0.5457317073170732,0.6065379403794038
cb_rnn,7,7,next_parity,6,0.47298474945533764,0.5087145969498911
cb_rnn,7,7,next_parity,7,0.5377551020408162,0.5227891156462585
cb_rnn,7,7,next_parity,8,0.5975694444444444,0.5454861111111111
cb_rnn,7,7,next_parity,9,0.5165989159891599,0.614159891598916
cb_rnn,7,7,next_parity,10,0.4238227146814404,0.3601108033240997
cb_rnn,7,7,next_parity,11,0.5938375350140055,0.5770308123249299
cb_rnn,7,7,next_parity,12,0.40289855072463765,0.3304347826086957
cb_rnn,7,7,next_parity,13,0.7100840336134454,0.5868347338935574
cb_rnn,7,7,next_parity,14,0.6507246376811594,0.5782608695652174
cb_rnn,7,7,next_parity,15,0.6666666666666666,0.6333333333333333
cb_rnn,7,7,next_parity,16,,
cb_rnn,7,7,next_parity,17,,
cb_rnn,7,7,next_parity,18,,
cb_rnn,7,7,next_parity,19,,
cb_rnn,7,7,next_parity,20,,
cb_rnn,7,8,incoming_bit,0,1.0,1.0
cb_rnn,7,8,incoming_bit,1,1.0,1.0
cb_rnn,7,8,incoming_bit,2,1.0,1.0
cb_rnn,7,8,incoming_bit,3,1.0,1.0
cb_rnn,7,8,incoming_bit,4,1.0,1.0
cb_rnn,7,8,incoming_bit,5,1.0,1.0
cb_rnn,7,8,incoming_bit,6,0.9999999999999999,1.0
cb_rnn,7,8,incoming_bit,7,1.0,1.0
cb_rnn,7,8,incoming_bit,8,1.0,1.0
cb_rnn,7,8,incoming_bit,9,0.9999999999999999,1.0
cb_rnn,7,8,incoming_bit,10,0.9999999999999999,1.0
cb_rnn,7,8,incoming_bit,11,1.0,1.0
cb_rnn,7,8,incoming_bit,12,1.0,1.0
cb_rnn,7,8,incoming_bit,13,1.0,1.0
cb_rnn,7,8,incoming_bit,14,1.0,1.0
cb_rnn,7,8,incoming_bit,15,1.0,1.0
cb_rnn,7,8,incoming_bit,16,0.9999999999999999,1.0
cb_rnn,7,8,incoming_bit,17,1.0,1.0
cb_rnn,7,8,incoming_bit,18,1.0,1.0
cb_rnn,7,8,incoming_bit,19,1.0,1.0
cb_rnn,7,8,incoming_bit,20,1.0,1.0
cb_rnn,7,8,incoming_bit,21,1.0,1.0
cb_rnn,7,8,outgoing_bit,0,0.8444669365721997,0.8272604588394061
cb_rnn,7,8,outgoing_bit,1,0.9243243243243243,0.8652027027027027
cb_rnn,7,8,outgoing_bit,2,0.891025641025641,0.828778677462888
cb_rnn,7,8,outgoing_bit,3,0.9083333333333333,0.8008503401360545
cb_rnn,7,8,outgoing_bit,4,0.841655420602789,0.7827260458839406
cb_rnn,7,8,outgoing_bit,5,0.8743243243243243,0.7472972972972974
cb_rnn,7,8,outgoing_bit,6,0.9090287277701778,0.862517099863201
cb_rnn,7,8,outgoing_bit,7,0.8433652530779754,0.7818057455540355
cb_rnn,7,8,outgoing_bit,8,0.7971014492753623,0.7043478260869565
cb_rnn,7,8,outgoing_bit,9,0.7416666666666666,0.6555555555555556
cb_rnn,7,8,outgoing_bit,10,0.854341736694678,0.8375350140056022
cb_rnn,7,8,outgoing_bit,11,0.9594202898550726,0.863768115942029
cb_rnn,7,8,outgoing_bit,12,0.8207282913165266,0.5882352941176471
cb_rnn,7,8,outgoing_bit,13,0.7111111111111111,0.6666666666666667
cb_rnn,7,8,outgoing_bit,14,,
cb_rnn,7,8,outgoing_bit,15,,
cb_rnn,7,8,outgoing_bit,16,,
cb_rnn,7,8,outgoing_bit,17,,
cb_rnn,7,8,outgoing_bit,18,,
cb_rnn,7,8,outgoing_bit,19,,
cb_rnn,7,8,outgoing_bit,20,,
cb_rnn,7,8,outgoing_bit,21,,
cb_rnn,7,8,next_parity,0,,
cb_rnn,7,8,next_parity,1,0.47984693877551016,0.4677721088435375
cb_rnn,7,8,next_parity,2,0.5346938775510204,0.5880952380952381
cb_rnn,7,8,next_parity,3,0.4732263513513514,0.4669763513513513
cb_rnn,7,8,next_parity,4,0.48509485094850946,0.49288617886178865
cb_rnn,7,8,next_parity,5,0.5496598639455783,0.46564625850340136
cb_rnn,7,8,next_parity,6,0.5132275132275133,0.5255731922398589
cb_rnn,7,8,next_parity,7,0.45486111111111116,0.4041666666666667
cb_rnn,7,8,next_parity,8,0.536593707250342,0.484610123119015
cb_rnn,7,8,next_parity,9,0.6773648648648649,0.6388513513513513
cb_rnn,7,8,next_parity,10,0.628808864265928,0.5817174515235457
cb_rnn,7,8,next_parity,11,0.4789915966386554,0.4789915966386554
cb_rnn,7,8,next_parity,12,0.525,0.5
cb_rnn,7,8,next_parity,13,0.5126050420168067,0.4901960784313726
cb_rnn,7,8,next_parity,14,0.40289855072463765,0.5739130434782609
cb_rnn,7,8,next_parity,15,0.4772727272727273,0.6022727272727273
cb_rnn,7,8,next_parity,16,,
cb_rnn,7,8,next_parity,17,,
cb_rnn,7,8,next_parity,18,,
cb_rnn,7,8,next_parity,19,,
cb_rnn,7,8,next_parity,20,,
cb_rnn,7,8,next_parity,21,,
cb_rnn,7,9,incoming_bit,0,1.0,1.0
cb_rnn,7,9,incoming_bit,1,1.0,1.0
cb_rnn,7,9,incoming_bit,2,1.0,1.0
cb_rnn,7,9,incoming_bit,3,1.0,1.0
cb_rnn,7,9,incoming_bit,4,1.0,1.0
cb_rnn,7,9,incoming_bit,5,1.0,1.0
cb_rnn,7,9,incoming_bit,6,1.0,1.0
cb_rnn,7,9,incoming_bit,7,1.0,1.0
cb_rnn,7,9,incoming_bit,8,1.0,1.0
cb_rnn,7,9,incoming_bit,9,1.0,1.0
cb_rnn,7,9,incoming_bit,10,1.0,1.0
cb_rnn,7,9,incoming_bit,11,1.0,1.0
cb_rnn,7,9,incoming_bit,12,1.0,1.0
cb_rnn,7,9,incoming_bit,13,1.0,1.0
cb_rnn,7,9,incoming_bit,14,1.0,1.0
cb_rnn,7,9,incoming_bit,15,1.0,1.0
cb_rnn,7,9,incoming_bit,16,1.0,1.0
cb_rnn,7,9,incoming_bit,17,1.0,1.0
cb_rnn,7,9,incoming_bit,18,1.0,1.0
cb_rnn,7,9,incoming_bit,19,1.0,1.0
cb_rnn,7,9,incoming_bit,20,1.0,1.0
cb_rnn,7,9,incoming_bit,21,1.0,1.0
cb_rnn,7,9,incoming_bit,22,1.0,1.0
cb_rnn,7,9,outgoing_bit,0,0.8851351351351351,0.8385135135135134
cb_rnn,7,9,outgoing_bit,1,0.9301538981904279,0.8816167765939456
cb_rnn,7,9,outgoing_bit,2,0.8975527426160338,0.8224472573839663
cb_rnn,7,9,outgoing_bit,3,0.8888511793653487,0.8245375869675886
cb_rnn,7,9,outgoing_bit,4,0.8465631929046563,0.8603104212860311
cb_rnn,7,9,outgoing_bit,5,0.9065040650406504,0.8177506775067751
cb_rnn,7,9,outgoing_bit,6,0.7812499999999999,0.7513888888888889
cb_rnn,7,9,outgoing_bit,7,0.8717948717948718,0.8144399460188934
cb_rnn,7,9,outgoing_bit,8,0.8376811594202898,0.863768115942029
cb_rnn,7,9,outgoing_bit,9,0.8095238095238095,0.9243697478991596
cb_rnn,7,9,outgoing_bit,10,0.7647058823529411,0.803921568627451
cb_rnn,7,9,outgoing_bit,11,0.8376811594202899,0.8144927536231884
cb_rnn,7,9,outgoing_bit,12,0.7014492753623188,0.672463768115942
cb_rnn,7,9,outgoing_bit,13,0.6222222222222222,0.6555555555555556
cb_rnn,7,9,outgoing_bit,14,,
cb_rnn,7,9,outgoing_bit,15,,
cb_rnn,7,9,outgoing_bit,16,,
cb_rnn,7,9,outgoing_bit,17,,
cb_rnn,7,9,outgoing_bit,18,,
cb_rnn,7,9,outgoing_bit,19,,
cb_rnn,7,9,outgoing_bit,20,,
cb_rnn,7,9,outgoing_bit,21,,
cb_rnn,7,9,outgoing_bit,22,,
cb_rnn,7,9,next_parity,0,,
cb_rnn,7,9,next_parity,1,0.5047619047619047,0.5627551020408162
cb_rnn,7,9,next_parity,2,0.5276509386098427,0.5394892609504482
cb_rnn,7,9,next_parity,3,0.5218750000000001,0.4914695945945946
cb_rnn,7,9,next_parity,4,0.5319871033429493,0.48345494654675036
cb_rnn,7,9,next_parity,5,0.4225340136054422,0.4369897959183674
cb_rnn,7,9,next_parity,6,0.5213507625272331,0.40065359477124185
cb_rnn,7,9,next_parity,7,0.47332421340629277,0.5554035567715458
cb_rnn,7,9,next_parity,8,0.37587657784011214,0.5624123422159888
cb_rnn,7,9,next_parity,9,0.5006839945280438,0.5937072503419972
cb_rnn,7,9,next_parity,10,0.4953846153846153,0.48923076923076925
cb_rnn,7,9,next_parity,11,0.526610644257703,0.5238095238095237
cb_rnn,7,9,next_parity,12,0.6193181818181819,0.5767045454545454
cb_rnn,7,9,next_parity,13,0.5777777777777778,0.5527777777777778
cb_rnn,7,9,next_parity,14,0.455072463768116,0.4898550724637681
cb_rnn,7,9,next_parity,15,0.4833333333333334,0.5944444444444444
cb_rnn,7,9,next_parity,16,,
cb_rnn,7,9,next_parity,17,,
cb_rnn,7,9,next_parity,18,,
cb_rnn,7,9,next_parity,19,,
cb_rnn,7,9,next_parity,20,,
cb_rnn,7,9,next_parity,21,,
cb_rnn,7,9,next_parity,22,,
cb_rnn,7,10,incoming_bit,0,1.0,1.0
cb_rnn,7,10,incoming_bit,1,1.0,1.0
cb_rnn,7,10,incoming_bit,2,1.0,1.0
cb_rnn,7,10,incoming_bit,3,1.0,1.0
cb_rnn,7,10,incoming_bit,4,1.0,1.0
cb_rnn,7,10,incoming_bit,5,1.0,1.0
cb_rnn,7,10,incoming_bit,6,1.0,1.0
cb_rnn,7,10,incoming_bit,7,1.0,1.0
cb_rnn,7,10,incoming_bit,8,1.0,1.0
cb_rnn,7,10,incoming_bit,9,1.0,1.0
cb_rnn,7,10,incoming_bit,10,1.0,1.0
cb_rnn,7,10,incoming_bit,11,1.0,1.0
cb_rnn,7,10,incoming_bit,12,1.0,1.0
cb_rnn,7,10,incoming_bit,13,1.0,1.0
cb_rnn,7,10,incoming_bit,14,1.0,1.0
cb_rnn,7,10,incoming_bit,15,1.0,1.0
cb_rnn,7,10,incoming_bit,16,1.0,1.0
cb_rnn,7,10,incoming_bit,17,1.0,1.0
cb_rnn,7,10,incoming_bit,18,1.0,1.0
cb_rnn,7,10,incoming_bit,19,1.0,1.0
cb_rnn,7,10,incoming_bit,20,1.0,1.0
cb_rnn,7,10,incoming_bit,21,1.0,1.0
cb_rnn,7,10,incoming_bit,22,1.0,1.0
cb_rnn,7,10,incoming_bit,23,1.0,1.0
cb_rnn,7,10,incoming_bit,24,1.0,1.0
cb_rnn,7,10,incoming_bit,25,1.0,1.0
cb_rnn,7,10,incoming_bit,26,1.0,1.0
cb_rnn,7,10,incoming_bit,27,1.0,1.0
cb_rnn,7,10,incoming_bit,28,1.0,1.0
cb_rnn,7,10,incoming_bit,29,1.0,1.0
cb_rnn,7,10,incoming_bit,30,1.0,1.0
cb_rnn,7,10,incoming_bit,31,1.0,1.0
cb_rnn,7,10,incoming_bit,32,1.0,1.0
cb_rnn,7,10,incoming_bit,33,1.0,1.0
cb_rnn,7,10,incoming_bit,34,0.8888888888888888,1.0
cb_rnn,7,10,incoming_bit,35,1.0,1.0
cb_rnn,7,10,incoming_bit,36,1.0,1.0
cb_rnn,7,10,incoming_bit,37,1.0,1.0
cb_rnn,7,10,incoming_bit,38,1.0,1.0
cb_rnn,7,10,incoming_bit,39,1.0,1.0
cb_rnn,7,10,incoming_bit,40,1.0,1.0
cb_rnn,7,10,outgoing_bit,0,0.8085864585100967,0.7709146444934668
cb_rnn,7,10,outgoing_bit,1,0.9190255618459428,0.8220964144793276
cb_rnn,7,10,outgoing_bit,2,0.8608151530525959,0.7984102824285473
cb_rnn,7,10,outgoing_bit,3,0.821579570438018,0.7243362083544732
cb_rnn,7,10,outgoing_bit,4,0.868548876745598,0.7905282331511839
cb_rnn,7,10,outgoing_bit,5,0.8652751423149905,0.7860531309297912
cb_rnn,7,10,outgoing_bit,6,0.8326048951048951,0.7486888111888113
cb_rnn,7,10,outgoing_bit,7,0.8230936819172113,0.7254901960784313
cb_rnn,7,10,outgoing_bit,8,0.8945454545454545,0.7890909090909091
cb_rnn,7,10,outgoing_bit,9,0.8455598455598455,0.8391248391248392
cb_rnn,7,10,outgoing_bit,10,0.8392857142857143,0.7904761904761904
cb_rnn,7,10,outgoing_bit,11,0.7987878787878788,0.7139393939393939
cb_rnn,7,10,outgoing_bit,12,0.7716346153846153,0.7451923076923077
cb_rnn,7,10,outgoing_bit,13,0.8291316526610645,0.6974789915966386
cb_rnn,7,10,outgoing_bit,14,0.5777777777777777,0.4222222222222223
cb_rnn,7,10,outgoing_bit,15,0.6888888888888889,0.7
cb_rnn,7,10,outgoing_bit,16,0.7333333333333333,0.5777777777777777
cb_rnn,7,10,outgoing_bit,17,0.7857142857142857,0.6666666666666666
cb_rnn,7,10,outgoing_bit,18,0.8522727272727272,0.6818181818181819
cb_rnn,7,10,outgoing_bit,19,0.6888888888888889,0.6888888888888889
cb_rnn,7,10,outgoing_bit,20,0.8666666666666667,0.4555555555555556
cb_rnn,7,10,outgoing_bit,21,0.7386363636363636,0.6363636363636364
cb_rnn,7,10,outgoing_bit,22,0.7272727272727273,0.6704545454545454
cb_rnn,7,10,outgoing_bit,23,0.8555555555555555,0.8
cb_rnn,7,10,outgoing_bit,24,0.7222222222222221,0.7444444444444445
cb_rnn,7,10,outgoing_bit,25,0.7840909090909091,0.6363636363636365
cb_rnn,7,10,outgoing_bit,26,0.7,0.6777777777777778
cb_rnn,7,10,outgoing_bit,27,0.8636363636363636,0.6704545454545454
cb_rnn,7,10,outgoing_bit,28,0.9666666666666667,0.9500000000000001
cb_rnn,7,10,outgoing_bit,29,0.8181818181818182,0.7954545454545454
cb_rnn,7,10,outgoing_bit,30,0.7222222222222222,0.5888888888888889
cb_rnn,7,10,outgoing_bit,31,,
cb_rnn,7,10,outgoing_bit,32,,
cb_rnn,7,10,outgoing_bit,33,,
cb_rnn,7,10,outgoing_bit,34,,
cb_rnn,7,10,outgoing_bit,35,,
cb_rnn,7,10,outgoing_bit,36,,
cb_rnn,7,10,outgoing_bit,37,,
cb_rnn,7,10,outgoing_bit,38,,
cb_rnn,7,10,outgoing_bit,39,,
cb_rnn,7,10,outgoing_bit,40,,
cb_rnn,7,10,next_parity,0,,
cb_rnn,7,10,next_parity,1,0.4914965986394558,0.5178571428571428
cb_rnn,7,10,next_parity,2,0.4912162162162162,0.5614864864864866
cb_rnn,7,10,next_parity,3,0.41752754820936644,0.4647038567493113
cb_rnn,7,10,next_parity,4,0.482580754270252,0.49983088110942
cb_rnn,7,10,next_parity,5,0.5104166666666666,0.46169077134986225
cb_rnn,7,10,next_parity,6,0.4605903834449178,0.508368837492392
cb_rnn,7,10,next_parity,7,0.5189594356261023,0.5299823633156966
cb_rnn,7,10,next_parity,8,0.5436507936507936,0.5101410934744268
cb_rnn,7,10,next_parity,9,0.5365217391304348,0.48391304347826086
cb_rnn,7,10,next_parity,10,0.40625,0.469951923076923
cb_rnn,7,10,next_parity,11,0.40309155766944116,0.45422116527942924
cb_rnn,7,10,next_parity,12,0.6218787158145066,0.6123662306777645
cb_rnn,7,10,next_parity,13,0.5502450980392157,0.47303921568627455
cb_rnn,7,10,next_parity,14,0.5757211538461539,0.5973557692307693
cb_rnn,7,10,next_parity,15,0.38795518207282914,0.4103641456582633
cb_rnn,7,10,next_parity,16,0.4888888888888888,0.3777777777777778
cb_rnn,7,10,next_parity,17,0.5444444444444445,0.45555555555555555
cb_rnn,7,10,next_parity,18,0.4222222222222222,0.4222222222222222
cb_rnn,7,10,next_parity,19,0.288888888888889,0.32222222222222224
cb_rnn,7,10,next_parity,20,0.4090909090909091,0.2840909090909091
cb_rnn,7,10,next_parity,21,0.4642857142857143,0.4166666666666667
cb_rnn,7,10,next_parity,22,0.5666666666666667,0.5888888888888888
cb_rnn,7,10,next_parity,23,0.6222222222222222,0.4777777777777778
cb_rnn,7,10,next_parity,24,0.7222222222222222,0.7444444444444445
cb_rnn,7,10,next_parity,25,0.39285714285714285,0.45238095238095233
cb_rnn,7,10,next_parity,26,0.5555555555555556,0.5333333333333333
cb_rnn,7,10,next_parity,27,0.5555555555555556,0.47777777777777786
cb_rnn,7,10,next_parity,28,0.5888888888888889,0.3888888888888889
cb_rnn,7,10,next_parity,29,0.6477272727272727,0.5340909090909091
cb_rnn,7,10,next_parity,30,0.7692307692307692,0.6666666666666667
cb_rnn,7,10,next_parity,31,0.36363636363636365,0.3181818181818182
cb_rnn,7,10,next_parity,32,0.3977272727272727,0.36363636363636365
cb_rnn,7,10,next_parity,33,,
cb_rnn,7,10,next_parity,34,,
cb_rnn,7,10,next_parity,35,,
cb_rnn,7,10,next_parity,36,,
cb_rnn,7,10,next_parity,37,,
cb_rnn,7,10,next_parity,38,,
cb_rnn,7,10,next_parity,39,,
cb_rnn,7,10,next_parity,40,,
cb_rnn,7,11,incoming_bit,0,1.0,1.0
cb_rnn,7,11,incoming_bit,1,0.987668918918919,1.0
cb_rnn,7,11,incoming_bit,2,1.0,1.0
cb_rnn,7,11,incoming_bit,3,1.0,1.0
cb_rnn,7,11,incoming_bit,4,1.0,1.0
cb_rnn,7,11,incoming_bit,5,1.0,1.0
cb_rnn,7,11,incoming_bit,6,1.0,1.0
cb_rnn,7,11,incoming_bit,7,1.0,1.0
cb_rnn,7,11,incoming_bit,8,1.0,1.0
cb_rnn,7,11,incoming_bit,9,1.0,1.0
cb_rnn,7,11,incoming_bit,10,0.9864864864864865,1.0
cb_rnn,7,11,incoming_bit,11,1.0,1.0
cb_rnn,7,11,incoming_bit,12,0.9999999999999999,0.9999999999999999
cb_rnn,7,11,incoming_bit,13,1.0,1.0
cb_rnn,7,11,incoming_bit,14,1.0,1.0
cb_rnn,7,11,incoming_bit,15,1.0,1.0
cb_rnn,7,11,incoming_bit,16,0.9999999999999999,1.0
cb_rnn,7,11,incoming_bit,17,1.0,1.0
cb_rnn,7,11,incoming_bit,18,1.0,1.0
cb_rnn,7,11,incoming_bit,19,1.0,1.0
cb_rnn,7,11,incoming_bit,20,1.0,1.0
cb_rnn,7,11,incoming_bit,21,1.0,1.0
cb_rnn,7,11,incoming_bit,22,1.0,1.0
cb_rnn,7,11,incoming_bit,23,1.0,1.0
cb_rnn,7,11,incoming_bit,24,1.0,1.0
cb_rnn,7,11,incoming_bit,25,1.0,1.0
cb_rnn,7,11,incoming_bit,26,1.0,1.0
cb_rnn,7,11,incoming_bit,27,1.0,1.0
cb_rnn,7,11,incoming_bit,28,1.0,1.0
cb_rnn,7,11,incoming_bit,29,1.0,1.0
cb_rnn,7,11,incoming_bit,30,1.0,1.0
cb_rnn,7,11,incoming_bit,31,1.0,1.0
cb_rnn,7,11,incoming_bit,32,1.0,1.0
cb_rnn,7,11,incoming_bit,33,1.0,1.0
cb_rnn,7,11,incoming_bit,34,1.0,1.0
cb_rnn,7,11,incoming_bit,35,1.0,1.0
cb_rnn,7,11,incoming_bit,36,1.0,1.0
cb_rnn,7,11,incoming_bit,37,1.0,1.0
cb_rnn,7,11,incoming_bit,38,1.0,1.0
cb_rnn,7,11,incoming_bit,39,1.0,1.0
cb_rnn,7,11,incoming_bit,40,1.0,1.0
cb_rnn,7,11,incoming_bit,41,1.0,1.0
cb_rnn,7,11,incoming_bit,42,1.0,1.0
cb_rnn,7,11,incoming_bit,43,1.0,1.0
cb_rnn,7,11,outgoing_bit,0,0.8496621621621622,0.7209459459459461
cb_rnn,7,11,outgoing_bit,1,0.8420159511284575,0.749872730358052
cb_rnn,7,11,outgoing_bit,2,0.855072463768116,0.7063938618925831
cb_rnn,7,11,outgoing_bit,3,0.8561991869918699,0.7859078590785908
cb_rnn,7,11,outgoing_bit,4,0.8957219251336899,0.800802139037433
cb_rnn,7,11,outgoing_bit,5,0.8510590858416945,0.7554069119286511
cb_rnn,7,11,outgoing_bit,6,0.8393817204301075,0.6892921146953405
cb_rnn,7,11,outgoing_bit,7,0.9186228482003129,0.7601162530739995
cb_rnn,7,11,outgoing_bit,8,0.8184578020643595,0.790528233151184
cb_rnn,7,11,outgoing_bit,9,0.8961864406779662,0.7660411622276029
cb_rnn,7,11,outgoing_bit,10,0.8638059701492536,0.7496890547263682
cb_rnn,7,11,outgoing_bit,11,0.8824300699300699,0.729020979020979
cb_rnn,7,11,outgoing_bit,12,0.8085106382978724,0.7260095527572731
cb_rnn,7,11,outgoing_bit,13,0.8814866760168303,0.7741935483870968
cb_rnn,7,11,outgoing_bit,14,0.8014705882352942,0.7450980392156863
cb_rnn,7,11,outgoing_bit,15,0.8721624850657109,0.6523297491039428
cb_rnn,7,11,outgoing_bit,16,0.84375,0.7283653846153846
cb_rnn,7,11,outgoing_bit,17,0.8061831153388822,0.6741973840665874
cb_rnn,7,11,outgoing_bit,18,0.7338935574229692,0.6358543417366946
cb_rnn,7,11,outgoing_bit,19,0.7645429362880887,0.6066481994459834
cb_rnn,7,11,outgoing_bit,20,0.8141025641025641,0.6153846153846154
cb_rnn,7,11,outgoing_bit,21,0.7678571428571429,0.6220238095238095
cb_rnn,7,11,outgoing_bit,22,0.6972222222222222,0.5916666666666668
cb_rnn,7,11,outgoing_bit,23,0.8522727272727273,0.6363636363636364
cb_rnn,7,11,outgoing_bit,24,0.8111111111111111,0.7222222222222222
cb_rnn,7,11,outgoing_bit,25,0.6136363636363636,0.6136363636363636
cb_rnn,7,11,outgoing_bit,26,0.7,0.44285714285714284
cb_rnn,7,11,outgoing_bit,27,0.7222222222222222,0.4666666666666666
cb_rnn,7,11,outgoing_bit,28,0.6704545454545454,0.8863636363636364
cb_rnn,7,11,outgoing_bit,29,0.5769230769230769,0.41025641025641024
cb_rnn,7,11,outgoing_bit,30,0.6190476190476191,0.6666666666666667
cb_rnn,7,11,outgoing_bit,31,0.4545454545454546,0.4772727272727273
cb_rnn,7,11,outgoing_bit,32,0.888888888888889,0.7333333333333332
cb_rnn,7,11,outgoing_bit,33,,
cb_rnn,7,11,outgoing_bit,34,,
cb_rnn,7,11,outgoing_bit,35,,
cb_rnn,7,11,outgoing_bit,36,,
cb_rnn,7,11,outgoing_bit,37,,
cb_rnn,7,11,outgoing_bit,38,,
cb_rnn,7,11,outgoing_bit,39,,
cb_rnn,7,11,outgoing_bit,40,,
cb_rnn,7,11,outgoing_bit,41,,
cb_rnn,7,11,outgoing_bit,42,,
cb_rnn,7,11,outgoing_bit,43,,
cb_rnn,7,11,next_parity,0,,
cb_rnn,7,11,next_parity,1,0.5271435819381025,0.5635041434128193
cb_rnn,7,11,next_parity,2,0.47353289362421785,0.517503805175038
cb_rnn,7,11,next_parity,3,0.4962585034013606,0.4642857142857143
cb_rnn,7,11,next_parity,4,0.5576371308016878,0.5127426160337553
cb_rnn,7,11,next_parity,5,0.5443037974683544,0.5594936708860759
cb_rnn,7,11,next_parity,6,0.6511160714285715,0.5582589285714286
cb_rnn,7,11,next_parity,7,0.4868421052631579,0.4857078039927405
cb_rnn,7,11,next_parity,8,0.5362612612612612,0.5695945945945945
cb_rnn,7,11,next_parity,9,0.569453734671126,0.49899665551839467
cb_rnn,7,11,next_parity,10,0.5896969696969697,0.5375757575757576
cb_rnn,7,11,next_parity,11,0.5021173623714459,0.5665456745311555
cb_rnn,7,11,next_parity,12,0.5547489413188141,0.5039322444041137
cb_rnn,7,11,next_parity,13,0.4884531590413943,0.40305010893246185
cb_rnn,7,11,next_parity,14,0.40690559440559443,0.4300699300699301
cb_rnn,7,11,next_parity,15,0.5537190082644627,0.662534435261708
cb_rnn,7,11,next_parity,16,0.3031055900621118,0.4
cb_rnn,7,11,next_parity,17,0.6409036860879904,0.5755053507728894
cb_rnn,7,11,next_parity,18,0.5984848484848484,0.5631313131313131
cb_rnn,7,11,next_parity,19,0.28299643281807374,0.29607609988109396
cb_rnn,7,11,next_parity,20,0.5826330532212884,0.41456582633053224
cb_rnn,7,11,next_parity,21,0.4930747922437673,0.5595567867036011
cb_rnn,7,11,next_parity,22,0.453125,0.41903409090909094
cb_rnn,7,11,next_parity,23,0.4901960784313725,0.31092436974789917
cb_rnn,7,11,next_parity,24,0.5327380952380952,0.5178571428571429
cb_rnn,7,11,next_parity,25,0.5113636363636364,0.7727272727272727
cb_rnn,7,11,next_parity,26,0.47777777777777775,0.5111111111111111
cb_rnn,7,11,next_parity,27,0.6590909090909091,0.5227272727272727
cb_rnn,7,11,next_parity,28,0.4666666666666667,0.3777777777777778
cb_rnn,7,11,next_parity,29,0.34090909090909094,0.5227272727272727
cb_rnn,7,11,next_parity,30,0.5119047619047619,0.44047619047619047
cb_rnn,7,11,next_parity,31,0.3205128205128205,0.48717948717948717
cb_rnn,7,11,next_parity,32,0.5,0.6704545454545454
cb_rnn,7,11,next_parity,33,0.4886363636363636,0.23863636363636365
cb_rnn,7,11,next_parity,34,0.21428571428571427,0.2571428571428571
cb_rnn,7,11,next_parity,35,,
cb_rnn,7,11,next_parity,36,,
cb_rnn,7,11,next_parity,37,,
cb_rnn,7,11,next_parity,38,,
cb_rnn,7,11,next_parity,39,,
cb_rnn,7,11,next_parity,40,,
cb_rnn,7,11,next_parity,41,,
cb_rnn,7,11,next_parity,42,,
cb_rnn,7,11,next_parity,43,,
cb_rnn,7,12,incoming_bit,0,1.0,1.0
cb_rnn,7,12,incoming_bit,1,1.0,1.0
cb_rnn,7,12,incoming_bit,2,1.0,1.0
cb_rnn,7,12,incoming_bit,3,1.0,1.0
cb_rnn,7,12,incoming_bit,4,1.0,1.0
cb_rnn,7,12,incoming_bit,5,1.0,1.0
cb_rnn,7,12,incoming_bit,6,1.0,1.0
cb_rnn,7,12,incoming_bit,7,1.0,1.0
cb_rnn,7,12,incoming_bit,8,0.9858843537414967,1.0
cb_rnn,7,12,incoming_bit,9,0.9952646710637578,1.0
cb_rnn,7,12,incoming_bit,10,1.0,1.0
cb_rnn,7,12,incoming_bit,11,1.0,1.0
cb_rnn,7,12,incoming_bit,12,1.0,1.0
cb_rnn,7,12,incoming_bit,13,1.0,1.0
cb_rnn,7,12,incoming_bit,14,1.0,1.0
cb_rnn,7,12,incoming_bit,15,1.0,1.0
cb_rnn,7,12,incoming_bit,16,1.0,1.0
cb_rnn,7,12,incoming_bit,17,1.0,1.0
cb_rnn,7,12,incoming_bit,18,0.9838709677419355,1.0
cb_rnn,7,12,incoming_bit,19,1.0,1.0
cb_rnn,7,12,incoming_bit,20,1.0,1.0
cb_rnn,7,12,incoming_bit,21,1.0,1.0
cb_rnn,7,12,incoming_bit,22,1.0,1.0
cb_rnn,7,12,incoming_bit,23,1.0,1.0
cb_rnn,7,12,incoming_bit,24,1.0,1.0
cb_rnn,7,12,incoming_bit,25,1.0,1.0
cb_rnn,7,12,incoming_bit,26,1.0,1.0
cb_rnn,7,12,incoming_bit,27,1.0,1.0
cb_rnn,7,12,incoming_bit,28,1.0,1.0
cb_rnn,7,12,incoming_bit,29,1.0,1.0
cb_rnn,7,12,incoming_bit,30,1.0,1.0
cb_rnn,7,12,incoming_bit,31,1.0,1.0
cb_rnn,7,12,incoming_bit,32,1.0,1.0
cb_rnn,7,12,incoming_bit,33,1.0,1.0
cb_rnn,7,12,incoming_bit,34,1.0,1.0
cb_rnn,7,12,incoming_bit,35,1.0,1.0
cb_rnn,7,12,incoming_bit,36,1.0,1.0
cb_rnn,7,12,incoming_bit,37,1.0,1.0
cb_rnn,7,12,incoming_bit,38,1.0,1.0
cb_rnn,7,12,incoming_bit,39,1.0,1.0
cb_rnn,7,12,incoming_bit,40,1.0,1.0
cb_rnn,7,12,incoming_bit,41,1.0,1.0
cb_rnn,7,12,incoming_bit,42,1.0,1.0
cb_rnn,7,12,incoming_bit,43,1.0,1.0
cb_rnn,7,12,incoming_bit,44,1.0,0.9999999999999999
cb_rnn,7,12,incoming_bit,45,1.0,1.0
cb_rnn,7,12,incoming_bit,46,1.0,1.0
cb_rnn,7,12,incoming_bit,47,1.0,1.0
cb_rnn,7,12,incoming_bit,48,1.0,1.0
cb_rnn,7,12,outgoing_bit,0,0.7584366391184573,0.6542699724517907
cb_rnn,7,12,outgoing_bit,1,0.8671781756180733,0.7865302642796249
cb_rnn,7,12,outgoing_bit,2,0.8364620328090648,0.769490952139354
cb_rnn,7,12,outgoing_bit,3,0.7877867746288799,0.6713900134952767
cb_rnn,7,12,outgoing_bit,4,0.8727923094120278,0.880617035546613
cb_rnn,7,12,outgoing_bit,5,0.8269788182831661,0.741583054626533
cb_rnn,7,12,outgoing_bit,6,0.783645276292335,0.7956773618538324
cb_rnn,7,12,outgoing_bit,7,0.7605351170568562,0.6753623188405797
cb_rnn,7,12,outgoing_bit,8,0.8286074354127284,0.7114051669817265
cb_rnn,7,12,outgoing_bit,9,0.8688374923919658,0.7662811929397444
cb_rnn,7,12,outgoing_bit,10,0.8218390804597702,0.7800967937084089
cb_rnn,7,12,outgoing_bit,11,0.7856709168184578,0.7437765634486947
cb_rnn,7,12,outgoing_bit,12,0.7720588235294118,0.7328431372549019
cb_rnn,7,12,outgoing_bit,13,0.7981770833333334,0.8077256944444443
cb_rnn,7,12,outgoing_bit,14,0.8551020408163266,0.7775510204081633
cb_rnn,7,12,outgoing_bit,15,0.8136054421768708,0.7619047619047619
cb_rnn,7,12,outgoing_bit,16,0.8670715249662617,0.7327935222672064
cb_rnn,7,12,outgoing_bit,17,0.8646258503401361,0.7551020408163266
cb_rnn,7,12,outgoing_bit,18,0.7375168690958165,0.7017543859649122
cb_rnn,7,12,outgoing_bit,19,0.7994579945799458,0.6815718157181573
cb_rnn,7,12,outgoing_bit,20,0.8628378378378379,0.793918918918919
cb_rnn,7,12,outgoing_bit,21,0.8292517006802721,0.7578231292517007
cb_rnn,7,12,outgoing_bit,22,0.8063427800269906,0.7118758434547908
cb_rnn,7,12,outgoing_bit,23,0.7046070460704608,0.6334688346883469
cb_rnn,7,12,outgoing_bit,24,0.7058029689608637,0.6700404858299596
cb_rnn,7,12,outgoing_bit,25,0.8457300275482094,0.7245179063360883
cb_rnn,7,12,outgoing_bit,26,0.8090418353576249,0.6376518218623483
cb_rnn,7,12,outgoing_bit,27,0.8119834710743802,0.7265840220385674
cb_rnn,7,12,outgoing_bit,28,0.7513513513513513,0.8101351351351351
cb_rnn,7,12,outgoing_bit,29,0.7591093117408907,0.6234817813765182
cb_rnn,7,12,outgoing_bit,30,0.7840755735492578,0.7955465587044535
cb_rnn,7,12,outgoing_bit,31,0.8238482384823848,0.7710027100271003
cb_rnn,7,12,outgoing_bit,32,0.817750677506775,0.6422764227642277
cb_rnn,7,12,outgoing_bit,33,0.8725490196078431,0.7242647058823529
cb_rnn,7,12,outgoing_bit,34,0.7240143369175628,0.7048984468339308
cb_rnn,7,12,outgoing_bit,35,0.7666666666666667,0.5726190476190476
cb_rnn,7,12,outgoing_bit,36,0.6888888888888889,0.5111111111111111
cb_rnn,7,12,outgoing_bit,37,,
cb_rnn,7,12,outgoing_bit,38,,
cb_rnn,7,12,outgoing_bit,39,,
cb_rnn,7,12,outgoing_bit,40,,
cb_rnn,7,12,outgoing_bit,41,,
cb_rnn,7,12,outgoing_bit,42,,
cb_rnn,7,12,outgoing_bit,43,,
cb_rnn,7,12,outgoing_bit,44,,
cb_rnn,7,12,outgoing_bit,45,,
cb_rnn,7,12,outgoing_bit,46,,
cb_rnn,7,12,outgoing_bit,47,,
cb_rnn,7,12,outgoing_bit,48,,
cb_rnn,7,12,next_parity,0,,
cb_rnn,7,12,next_parity,1,0.4710548523206751,0.41265822784810124
cb_rnn,7,12,next_parity,2,0.49758953168044084,0.5459710743801653
cb_rnn,7,12,next_parity,3,0.5308641975308642,0.5119228817858955
cb_rnn,7,12,next_parity,4,0.553306342780027,0.49038461538461536
cb_rnn,7,12,next_parity,5,0.43665540540540543,0.4429054054054054
cb_rnn,7,12,next_parity,6,0.45744206773618534,0.44362745098039214
cb_rnn,7,12,next_parity,7,0.5146042363433667,0.4450390189520624
cb_rnn,7,12,next_parity,8,0.4384082271406215,0.4701542588866533
cb_rnn,7,12,next_parity,9,0.49068044015270607,0.42667864361104874
cb_rnn,7,12,next_parity,10,0.49482653682288497,0.5733414485696896
cb_rnn,7,12,next_parity,11,0.5018214936247722,0.6117182756527018
cb_rnn,7,12,next_parity,12,0.49178332318928786,0.5158247108947048
cb_rnn,7,12,next_parity,13,0.5097680097680097,0.4993894993894994
cb_rnn,7,12,next_parity,14,0.3928571428571429,0.44810744810744807
cb_rnn,7,12,next_parity,15,0.49761181068171945,0.5492835432045159
cb_rnn,7,12,next_parity,16,0.48837209302325585,0.34541723666210666
cb_rnn,7,12,next_parity,17,0.5681818181818181,0.5344352617079889
cb_rnn,7,12,next_parity,18,0.5199724517906336,0.5619834710743802
cb_rnn,7,12,next_parity,19,0.49591836734693884,0.5251700680272109
cb_rnn,7,12,next_parity,20,0.6169630642954855,0.5766073871409029
cb_rnn,7,12,next_parity,21,0.4821178120617111,0.4474053295932679
cb_rnn,7,12,next_parity,22,0.41395663956639567,0.36585365853658536
cb_rnn,7,12,next_parity,23,0.4135135135135135,0.44324324324324327
cb_rnn,7,12,next_parity,24,0.3679890560875513,0.48153214774281805
cb_rnn,7,12,next_parity,25,0.4884823848238482,0.4247967479674797
cb_rnn,7,12,next_parity,26,0.5054054054054055,0.4554054054054054
cb_rnn,7,12,next_parity,27,0.5191489361702127,0.5127659574468085
cb_rnn,7,12,next_parity,28,0.5928184281842818,0.6368563685636857
cb_rnn,7,12,next_parity,29,0.48775510204081635,0.5829931972789115
cb_rnn,7,12,next_parity,30,0.41666666666666663,0.4701897018970189
cb_rnn,7,12,next_parity,31,0.5398648648648648,0.5317567567567568
cb_rnn,7,12,next_parity,32,0.4399460188933873,0.4797570850202429
cb_rnn,7,12,next_parity,33,0.5643631436314364,0.4762872628726288
cb_rnn,7,12,next_parity,34,0.5708502024291499,0.5398110661268556
cb_rnn,7,12,next_parity,35,0.4707287933094385,0.5531660692951016
cb_rnn,7,12,next_parity,36,0.45432692307692313,0.4879807692307692
cb_rnn,7,12,next_parity,37,0.3118279569892473,0.41338112305854235
cb_rnn,7,12,next_parity,38,0.7777777777777778,0.8666666666666667
cb_rnn,7,12,next_parity,39,,
cb_rnn,7,12,next_parity,40,,
cb_rnn,7,12,next_parity,41,,
cb_rnn,7,12,next_parity,42,,
cb_rnn,7,12,next_parity,43,,
cb_rnn,7,12,next_parity,44,,
cb_rnn,7,12,next_parity,45,,
cb_rnn,7,12,next_parity,46,,
cb_rnn,7,12,next_parity,47,,
cb_rnn,7,12,next_parity,48,,
cb_rnn,7,13,incoming_bit,0,1.0,1.0
cb_rnn,7,13,incoming_bit,1,1.0,1.0
cb_rnn,7,13,incoming_bit,2,1.0,1.0
cb_rnn,7,13,incoming_bit,3,1.0,1.0
cb_rnn,7,13,incoming_bit,4,1.0,1.0
cb_rnn,7,13,incoming_bit,5,1.0,1.0
cb_rnn,7,13,incoming_bit,6,1.0,1.0
cb_rnn,7,13,incoming_bit,7,1.0,1.0
cb_rnn,7,13,incoming_bit,8,1.0,1.0
cb_rnn,7,13,incoming_bit,9,1.0,1.0
cb_rnn,7,13,incoming_bit,10,1.0,1.0
cb_rnn,7,13,incoming_bit,11,1.0,1.0
cb_rnn,7,13,incoming_bit,12,1.0,1.0
cb_rnn,7,13,incoming_bit,13,1.0,1.0
cb_rnn,7,13,incoming_bit,14,1.0,1.0
cb_rnn,7,13,incoming_bit,15,0.9999999999999999,1.0
cb_rnn,7,13,incoming_bit,16,1.0,1.0
cb_rnn,7,13,incoming_bit,17,1.0,1.0
cb_rnn,7,13,incoming_bit,18,1.0,1.0
cb_rnn,7,13,incoming_bit,19,1.0,1.0
cb_rnn,7,13,incoming_bit,20,1.0,1.0
cb_rnn,7,13,incoming_bit,21,1.0,1.0
cb_rnn,7,13,incoming_bit,22,1.0,1.0
cb_rnn,7,13,incoming_bit,23,1.0,1.0
cb_rnn,7,13,incoming_bit,24,1.0,1.0
cb_rnn,7,13,incoming_bit,25,1.0,1.0
cb_rnn,7,13,incoming_bit,26,1.0,1.0
cb_rnn,7,13,incoming_bit,27,1.0,1.0
cb_rnn,7,13,incoming_bit,28,1.0,1.0
cb_rnn,7,13,incoming_bit,29,1.0,1.0
cb_rnn,7,13,incoming_bit,30,1.0,1.0
cb_rnn,7,13,incoming_bit,31,1.0,1.0
cb_rnn,7,13,incoming_bit,32,1.0,1.0
cb_rnn,7,13,incoming_bit,33,1.0,1.0
cb_rnn,7,13,incoming_bit,34,1.0,1.0
cb_rnn,7,13,incoming_bit,35,1.0,1.0
cb_rnn,7,13,incoming_bit,36,1.0,1.0
cb_rnn,7,13,incoming_bit,37,1.0,1.0
cb_rnn,7,13,incoming_bit,38,1.0,1.0
cb_rnn,7,13,incoming_bit,39,1.0,1.0
cb_rnn,7,13,incoming_bit,40,1.0,1.0
cb_rnn,7,13,incoming_bit,41,1.0,0.9999999999999999
cb_rnn,7,13,incoming_bit,42,1.0,1.0
cb_rnn,7,13,incoming_bit,43,1.0,1.0
cb_rnn,7,13,incoming_bit,44,1.0,1.0
cb_rnn,7,13,incoming_bit,45,1.0,1.0
cb_rnn,7,13,incoming_bit,46,1.0,1.0
cb_rnn,7,13,incoming_bit,47,1.0,1.0
cb_rnn,7,13,incoming_bit,48,1.0,1.0
cb_rnn,7,13,incoming_bit,49,1.0,1.0
cb_rnn,7,13,incoming_bit,50,1.0,1.0
cb_rnn,7,13,incoming_bit,51,1.0,1.0
cb_rnn,7,13,incoming_bit,52,1.0,1.0
cb_rnn,7,13,outgoing_bit,0,0.8266531371554202,0.7064096059529849
cb_rnn,7,13,outgoing_bit,1,0.7897959183673469,0.7775510204081633
cb_rnn,7,13,outgoing_bit,2,0.8522267206477732,0.741059379217274
cb_rnn,7,13,outgoing_bit,3,0.7577702702702703,0.7113175675675675
cb_rnn,7,13,outgoing_bit,4,0.8191750278706801,0.7855072463768116
cb_rnn,7,13,outgoing_bit,5,0.8289151258632212,0.7353530853196703
cb_rnn,7,13,outgoing_bit,6,0.7905525846702317,0.8025846702317291
cb_rnn,7,13,outgoing_bit,7,0.8277329749103943,0.7638888888888888
cb_rnn,7,13,outgoing_bit,8,0.7559019370460048,0.6616222760290557
cb_rnn,7,13,outgoing_bit,9,0.84,0.7490909090909091
cb_rnn,7,13,outgoing_bit,10,0.7803030303030303,0.6712121212121211
cb_rnn,7,13,outgoing_bit,11,0.8557516737674984,0.8298843578819233
cb_rnn,7,13,outgoing_bit,12,0.835458409228901,0.7613843351548271
cb_rnn,7,13,outgoing_bit,13,0.8009090909090909,0.6515151515151515
cb_rnn,7,13,outgoing_bit,14,0.7766564282580078,0.7498903027643703
cb_rnn,7,13,outgoing_bit,15,0.8693009118541033,0.7490230134607034
cb_rnn,7,13,outgoing_bit,16,0.8378496503496504,0.6840034965034965
cb_rnn,7,13,outgoing_bit,17,0.7849934181658622,0.7161035541904344
cb_rnn,7,13,outgoing_bit,18,0.8033509700176367,0.7768959435626102
cb_rnn,7,13,outgoing_bit,19,0.7368649587494573,0.649587494572297
cb_rnn,7,13,outgoing_bit,20,0.8152173913043478,0.7917391304347826
cb_rnn,7,13,outgoing_bit,21,0.8437911364633611,0.7117156647652478
cb_rnn,7,13,outgoing_bit,22,0.8557734204793029,0.7359477124183007
cb_rnn,7,13,outgoing_bit,23,0.6899696048632219,0.6152844116369953
cb_rnn,7,13,outgoing_bit,24,0.8411584028082493,0.8415971917507679
cb_rnn,7,13,outgoing_bit,25,0.7443478260869565,0.7621739130434783
cb_rnn,7,13,outgoing_bit,26,0.8613043478260869,0.7747826086956522
cb_rnn,7,13,outgoing_bit,27,0.742483660130719,0.7289760348583878
cb_rnn,7,13,outgoing_bit,28,0.8579520697167755,0.6862745098039216
cb_rnn,7,13,outgoing_bit,29,0.7586206896551724,0.6070780399274047
cb_rnn,7,13,outgoing_bit,30,0.8209150326797385,0.7311546840958605
cb_rnn,7,13,outgoing_bit,31,0.8669565217391305,0.7652173913043478
cb_rnn,7,13,outgoing_bit,32,0.8601398601398602,0.7355769230769231
cb_rnn,7,13,outgoing_bit,33,0.7800269905533063,0.7280701754385965
cb_rnn,7,13,outgoing_bit,34,0.7596418732782368,0.6707988980716254
cb_rnn,7,13,outgoing_bit,35,0.6864864864864865,0.6317567567567567
cb_rnn,7,13,outgoing_bit,36,0.6611111111111112,0.5472222222222223
cb_rnn,7,13,outgoing_bit,37,0.6333333333333333,0.6666666666666666
cb_rnn,7,13,outgoing_bit,38,0.7111111111111111,0.4666666666666667
cb_rnn,7,13,outgoing_bit,39,0.6333333333333333,0.3111111111111111
cb_rnn,7,13,outgoing_bit,40,,
cb_rnn,7,13,outgoing_bit,41,,
cb_rnn,7,13,outgoing_bit,42,,
cb_rnn,7,13,outgoing_bit,43,,
cb_rnn,7,13,outgoing_bit,44,,
cb_rnn,7,13,outgoing_bit,45,,
cb_rnn,7,13,outgoing_bit,46,,
cb_rnn,7,13,outgoing_bit,47,,
cb_rnn,7,13,outgoing_bit,48,,
cb_rnn,7,13,outgoing_bit,49,,
cb_rnn,7,13,outgoing_bit,50,,
cb_rnn,7,13,outgoing_bit,51,,
cb_rnn,7,13,outgoing_bit,52,,
cb_rnn,7,13,next_parity,0,,
cb_rnn,7,13,next_parity,1,0.4730801687763713,0.5043037974683544
cb_rnn,7,13,next_parity,2,0.46684397163120567,0.4374113475177305
cb_rnn,7,13,next_parity,3,0.4960884353741496,0.46700680272108847
cb_rnn,7,13,next_parity,4,0.5555744103173257,0.470727982351943
cb_rnn,7,13,next_parity,5,0.5285087719298246,0.42678812415654516
cb_rnn,7,13,next_parity,6,0.5233957219251337,0.5071301247771836
cb_rnn,7,13,next_parity,7,0.5442586399108138,0.47380156075808244
cb_rnn,7,13,next_parity,8,0.36545910230120754,0.39735702893597624
cb_rnn,7,13,next_parity,9,0.5050527734111836,0.48573995059510444
cb_rnn,7,13,next_parity,10,0.546969696969697,0.5130303030303031
cb_rnn,7,13,next_parity,11,0.47574626865671643,0.4496268656716418
cb_rnn,7,13,next_parity,12,0.6393650793650794,0.5952380952380952
cb_rnn,7,13,next_parity,13,0.5054777845404747,0.46835057821059034
cb_rnn,7,13,next_parity,14,0.559286146400484,0.5193587416817906
cb_rnn,7,13,next_parity,15,0.5382462686567164,0.513681592039801
cb_rnn,7,13,next_parity,16,0.3994502977553825,0.5267979844251031
cb_rnn,7,13,next_parity,17,0.3773913043478261,0.47130434782608693
cb_rnn,7,13,next_parity,18,0.5394335511982571,0.4775599128540305
cb_rnn,7,13,next_parity,19,0.5699346405228758,0.5882352941176471
cb_rnn,7,13,next_parity,20,0.5367132867132867,0.5428321678321678
cb_rnn,7,13,next_parity,21,0.5623100303951368,0.597047329570126
cb_rnn,7,13,next_parity,22,0.5260869565217392,0.5047826086956522
cb_rnn,7,13,next_parity,23,0.5354020979020978,0.5590034965034965
cb_rnn,7,13,next_parity,24,0.45943562610229277,0.5070546737213404
cb_rnn,7,13,next_parity,25,0.4669623059866963,0.44611973392461196
cb_rnn,7,13,next_parity,26,0.37499999999999994,0.3653846153846155
cb_rnn,7,13,next_parity,27,0.45458553791887124,0.4409171075837742
cb_rnn,7,13,next_parity,28,0.4813368055555555,0.47743055555555547
cb_rnn,7,13,next_parity,29,0.5465217391304348,0.587391304347826
cb_rnn,7,13,next_parity,30,0.4548611111111111,0.43619791666666663
cb_rnn,7,13,next_parity,31,0.5260416666666667,0.40277777777777785
cb_rnn,7,13,next_parity,32,0.5171515414676509,0.48805905340859745
cb_rnn,7,13,next_parity,33,0.5330634278002699,0.49977507872244714
cb_rnn,7,13,next_parity,34,0.5594771241830065,0.514161220043573
cb_rnn,7,13,next_parity,35,0.4743243243243243,0.49256756756756753
cb_rnn,7,13,next_parity,36,0.5142276422764227,0.6158536585365854
cb_rnn,7,13,next_parity,37,0.5432432432432432,0.46621621621621623
cb_rnn,7,13,next_parity,38,0.4593837535014006,0.35014005602240894
cb_rnn,7,13,next_parity,39,0.6153846153846154,0.4358974358974359
cb_rnn,7,13,next_parity,40,0.42857142857142855,0.3333333333333333
cb_rnn,7,13,next_parity,41,0.5681818181818181,0.6590909090909091
cb_rnn,7,13,next_parity,42,,
cb_rnn,7,13,next_parity,43,,
cb_rnn,7,13,next_parity,44,,
cb_rnn,7,13,next_parity,45,,
cb_rnn,7,13,next_parity,46,,
cb_rnn,7,13,next_parity,47,,
cb_rnn,7,13,next_parity,48,,
cb_rnn,7,13,next_parity,49,,
cb_rnn,7,13,next_parity,50,,
cb_rnn,7,13,next_parity,51,,
cb_rnn,7,13,next_parity,52,,
cb_rnn,7,14,incoming_bit,0,1.0,1.0
cb_rnn,7,14,incoming_bit,1,1.0,1.0
cb_rnn,7,14,incoming_bit,2,0.9873417721518988,1.0
cb_rnn,7,14,incoming_bit,3,1.0,1.0
cb_rnn,7,14,incoming_bit,4,1.0,1.0
cb_rnn,7,14,incoming_bit,5,1.0,1.0
cb_rnn,7,14,incoming_bit,6,1.0,1.0
cb_rnn,7,14,incoming_bit,7,1.0,1.0
cb_rnn,7,14,incoming_bit,8,1.0,1.0
cb_rnn,7,14,incoming_bit,9,1.0,1.0
cb_rnn,7,14,incoming_bit,10,1.0,1.0
cb_rnn,7,14,incoming_bit,11,1.0,1.0
cb_rnn,7,14,incoming_bit,12,1.0,1.0
cb_rnn,7,14,incoming_bit,13,0.9999999999999999,1.0
cb_rnn,7,14,incoming_bit,14,1.0,1.0
cb_rnn,7,14,incoming_bit,15,1.0,1.0
cb_rnn,7,14,incoming_bit,16,1.0,1.0
cb_rnn,7,14,incoming_bit,17,1.0,1.0
cb_rnn,7,14,incoming_bit,18,1.0,1.0
cb_rnn,7,14,incoming_bit,19,1.0,1.0
cb_rnn,7,14,incoming_bit,20,1.0,1.0
cb_rnn,7,14,incoming_bit,21,1.0,1.0
cb_rnn,7,14,incoming_bit,22,1.0,1.0
cb_rnn,7,14,incoming_bit,23,1.0,1.0
cb_rnn,7,14,incoming_bit,24,1.0,1.0
cb_rnn,7,14,incoming_bit,25,1.0,1.0
cb_rnn,7,14,incoming_bit,26,1.0,1.0
cb_rnn,7,14,incoming_bit,27,1.0,1.0
cb_rnn,7,14,incoming_bit,28,1.0,1.0
cb_rnn,7,14,incoming_bit,29,1.0,1.0
cb_rnn,7,14,incoming_bit,30,1.0,1.0
cb_rnn,7,14,incoming_bit,31,1.0,1.0
cb_rnn,7,14,incoming_bit,32,1.0,1.0
cb_rnn,7,14,incoming_bit,33,1.0,1.0
cb_rnn,7,14,incoming_bit,34,1.0,1.0
cb_rnn,7,14,incoming_bit,35,1.0,1.0
cb_rnn,7,14,incoming_bit,36,1.0,1.0
cb_rnn,7,14,incoming_bit,37,1.0,1.0
cb_rnn,7,14,incoming_bit,38,1.0,1.0
cb_rnn,7,14,incoming_bit,39,1.0,1.0
cb_rnn,7,14,incoming_bit,40,1.0,1.0
cb_rnn,7,14,incoming_bit,41,1.0,1.0
cb_rnn,7,14,incoming_bit,42,1.0,1.0
cb_rnn,7,14,incoming_bit,43,1.0,1.0
cb_rnn,7,14,incoming_bit,44,1.0,1.0
cb_rnn,7,14,incoming_bit,45,1.0,1.0
cb_rnn,7,14,incoming_bit,46,1.0,1.0
cb_rnn,7,14,incoming_bit,47,1.0,1.0
cb_rnn,7,14,incoming_bit,48,1.0,1.0
cb_rnn,7,14,incoming_bit,49,1.0,1.0
cb_rnn,7,14,incoming_bit,50,1.0,1.0
cb_rnn,7,14,incoming_bit,51,1.0,1.0
cb_rnn,7,14,incoming_bit,52,1.0,1.0
cb_rnn,7,14,incoming_bit,53,1.0,1.0
cb_rnn,7,14,outgoing_bit,0,0.8257113821138211,0.7235772357723577
cb_rnn,7,14,outgoing_bit,1,0.8570945374598342,0.7175714527312701
cb_rnn,7,14,outgoing_bit,2,0.8125,0.7570945945945946
cb_rnn,7,14,outgoing_bit,3,0.8436234817813765,0.7535425101214575
cb_rnn,7,14,outgoing_bit,4,0.8555107526881721,0.7204301075268817
cb_rnn,7,14,outgoing_bit,5,0.8529017857142858,0.7113839285714285
cb_rnn,7,14,outgoing_bit,6,0.7658199643493762,0.7306149732620322
cb_rnn,7,14,outgoing_bit,7,0.8171441882133705,0.7547169811320755
cb_rnn,7,14,outgoing_bit,8,0.8018925518925519,0.7322954822954822
cb_rnn,7,14,outgoing_bit,9,0.8296568627450981,0.6724877450980392
cb_rnn,7,14,outgoing_bit,10,0.8578461538461538,0.8073846153846154
cb_rnn,7,14,outgoing_bit,11,0.8317102860620816,0.763542300669507
cb_rnn,7,14,outgoing_bit,12,0.7490842490842491,0.7176434676434675
cb_rnn,7,14,outgoing_bit,13,0.8160291438979963,0.7738312082574377
cb_rnn,7,14,outgoing_bit,14,0.8621163536417774,0.7233165368758588
cb_rnn,7,14,outgoing_bit,15,0.8508695652173912,0.7721739130434784
cb_rnn,7,14,outgoing_bit,16,0.7529618253620008,0.6713470820535323
cb_rnn,7,14,outgoing_bit,17,0.8363317244405442,0.698990785432207
cb_rnn,7,14,outgoing_bit,18,0.7551557700745941,0.7349714787187364
cb_rnn,7,14,outgoing_bit,19,0.8805905340859748,0.8059053408597481
cb_rnn,7,14,outgoing_bit,20,0.7350762527233116,0.7455337690631808
cb_rnn,7,14,outgoing_bit,21,0.8611973392461196,0.797339246119734
cb_rnn,7,14,outgoing_bit,22,0.8500881834215168,0.8108465608465608
cb_rnn,7,14,outgoing_bit,23,0.827391304347826,0.7730434782608696
cb_rnn,7,14,outgoing_bit,24,0.752062527138515,0.6886669561441597
cb_rnn,7,14,outgoing_bit,25,0.7127232142857142,0.6660714285714286
cb_rnn,7,14,outgoing_bit,26,0.7690631808278867,0.7450980392156863
cb_rnn,7,14,outgoing_bit,27,0.8333333333333333,0.7208333333333333
cb_rnn,7,14,outgoing_bit,28,0.8174291938997822,0.710239651416122
cb_rnn,7,14,outgoing_bit,29,0.8181818181818182,0.7167832167832169
cb_rnn,7,14,outgoing_bit,30,0.8174107142857143,0.7513392857142857
cb_rnn,7,14,outgoing_bit,31,0.722465034965035,0.6210664335664337
cb_rnn,7,14,outgoing_bit,32,0.7685627442466347,0.6539296569691706
cb_rnn,7,14,outgoing_bit,33,0.7142857142857143,0.5272108843537415
cb_rnn,7,14,outgoing_bit,34,0.7716802168021681,0.6517615176151761
cb_rnn,7,14,outgoing_bit,35,0.7047297297297297,0.6675675675675676
cb_rnn,7,14,outgoing_bit,36,0.8543417366946778,0.526610644257703
cb_rnn,7,14,outgoing_bit,37,0.5227272727272727,0.32954545454545453
cb_rnn,7,14,outgoing_bit,38,0.5476190476190476,0.619047619047619
cb_rnn,7,14,outgoing_bit,39,0.4444444444444444,0.4555555555555555
cb_rnn,7,14,outgoing_bit,40,,
cb_rnn,7,14,outgoing_bit,41,,
cb_rnn,7,14,outgoing_bit,42,,
cb_rnn,7,14,outgoing_bit,43,,
cb_rnn,7,14,outgoing_bit,44,,
cb_rnn,7,14,outgoing_bit,45,,
cb_rnn,7,14,outgoing_bit,46,,
cb_rnn,7,14,outgoing_bit,47,,
cb_rnn,7,14,outgoing_bit,48,,
cb_rnn,7,14,outgoing_bit,49,,
cb_rnn,7,14,outgoing_bit,50,,
cb_rnn,7,14,outgoing_bit,51,,
cb_rnn,7,14,outgoing_bit,52,,
cb_rnn,7,14,outgoing_bit,53,,
cb_rnn,7,14,next_parity,0,,
cb_rnn,7,14,next_parity,1,0.5301062573789846,0.5247090571765896
cb_rnn,7,14,next_parity,2,0.4755471956224351,0.5039329685362517
cb_rnn,7,14,next_parity,3,0.5381241565452093,0.4500674763832659
cb_rnn,7,14,next_parity,4,0.5452685421994885,0.5948849104859335
cb_rnn,7,14,next_parity,5,0.4171727395411606,0.4564777327935223
cb_rnn,7,14,next_parity,6,0.45450480661748266,0.4149340487368656
cb_rnn,7,14,next_parity,7,0.4533333333333333,0.5290395480225989
cb_rnn,7,14,next_parity,8,0.5235859602056785,0.4858037111558238
cb_rnn,7,14,next_parity,9,0.5305258467023173,0.5519162210338681
cb_rnn,7,14,next_parity,10,0.4795918367346938,0.4291898577612864
cb_rnn,7,14,next_parity,11,0.4944615384615385,0.4264615384615385
cb_rnn,7,14,next_parity,12,0.5486153846153845,0.40307692307692305
cb_rnn,7,14,next_parity,13,0.5307364576993305,0.529214850882532
cb_rnn,7,14,next_parity,14,0.5392702535559678,0.5488559059987631
cb_rnn,7,14,next_parity,15,0.4815375302663438,0.5160411622276029
cb_rnn,7,14,next_parity,16,0.5221739130434783,0.55
cb_rnn,7,14,next_parity,17,0.3736111111111111,0.42500000000000004
cb_rnn,7,14,next_parity,18,0.6424825174825175,0.6118881118881119
cb_rnn,7,14,next_parity,19,0.4704585537918871,0.3999118165784833
cb_rnn,7,14,next_parity,20,0.5043478260869565,0.5921739130434783
cb_rnn,7,14,next_parity,21,0.4427380430013164,0.5370776656428258
cb_rnn,7,14,next_parity,22,0.47115384615384615,0.5270979020979021
cb_rnn,7,14,next_parity,23,0.5436594997806056,0.5423431329530496
cb_rnn,7,14,next_parity,24,0.5261079420798596,0.544098288723124
cb_rnn,7,14,next_parity,25,0.5325520833333333,0.6141493055555556
cb_rnn,7,14,next_parity,26,0.5495652173913044,0.6373913043478261
cb_rnn,7,14,next_parity,27,0.5186485300570425,0.4655550680122861
cb_rnn,7,14,next_parity,28,0.45652173913043476,0.4908695652173913
cb_rnn,7,14,next_parity,29,0.5792444637429439,0.5610073816760747
cb_rnn,7,14,next_parity,30,0.48453159041394334,0.40522875816993464
cb_rnn,7,14,next_parity,31,0.4934895833333333,0.5351562500000001
cb_rnn,7,14,next_parity,32,0.45217391304347826,0.5291304347826087
cb_rnn,7,14,next_parity,33,0.5024390243902439,0.4957871396895787
cb_rnn,7,14,next_parity,34,0.5284411636995223,0.5084672166739036
cb_rnn,7,14,next_parity,35,0.4513888888888889,0.4451388888888889
cb_rnn,7,14,next_parity,36,0.5413279132791328,0.5067750677506775
cb_rnn,7,14,next_parity,37,0.568870523415978,0.3815426997245179
cb_rnn,7,14,next_parity,38,0.5027777777777778,0.375
cb_rnn,7,14,next_parity,39,0.6363636363636364,0.8181818181818181
cb_rnn,7,14,next_parity,40,0.45238095238095244,0.4761904761904762
cb_rnn,7,14,next_parity,41,0.375,0.5227272727272727
cb_rnn,7,14,next_parity,42,,
cb_rnn,7,14,next_parity,43,,
cb_rnn,7,14,next_parity,44,,
cb_rnn,7,14,next_parity,45,,
cb_rnn,7,14,next_parity,46,,
cb_rnn,7,14,next_parity,47,,
cb_rnn,7,14,next_parity,48,,
cb_rnn,7,14,next_parity,49,,
cb_rnn,7,14,next_parity,50,,
cb_rnn,7,14,next_parity,51,,
cb_rnn,7,14,next_parity,52,,
cb_rnn,7,14,next_parity,53,,
cb_rnn,7,15,incoming_bit,0,1.0,1.0
cb_rnn,7,15,incoming_bit,1,1.0,1.0
cb_rnn,7,15,incoming_bit,2,1.0,1.0
cb_rnn,7,15,incoming_bit,3,1.0,1.0
cb_rnn,7,15,incoming_bit,4,1.0,1.0
cb_rnn,7,15,incoming_bit,5,1.0,1.0
cb_rnn,7,15,incoming_bit,6,1.0,1.0
cb_rnn,7,15,incoming_bit,7,1.0,1.0
cb_rnn,7,15,incoming_bit,8,1.0,1.0
cb_rnn,7,15,incoming_bit,9,1.0,1.0
cb_rnn,7,15,incoming_bit,10,1.0,1.0
cb_rnn,7,15,incoming_bit,11,1.0,1.0
cb_rnn,7,15,incoming_bit,12,1.0,1.0
cb_rnn,7,15,incoming_bit,13,0.9966261808367072,1.0
cb_rnn,7,15,incoming_bit,14,1.0,1.0
cb_rnn,7,15,incoming_bit,15,1.0,1.0
cb_rnn,7,15,incoming_bit,16,1.0,1.0
cb_rnn,7,15,incoming_bit,17,1.0,1.0
cb_rnn,7,15,incoming_bit,18,1.0,1.0
cb_rnn,7,15,incoming_bit,19,1.0,1.0
cb_rnn,7,15,incoming_bit,20,1.0,1.0
cb_rnn,7,15,incoming_bit,21,1.0,1.0
cb_rnn,7,15,incoming_bit,22,0.9999999999999999,1.0
cb_rnn,7,15,incoming_bit,23,1.0,1.0
cb_rnn,7,15,incoming_bit,24,1.0,1.0
cb_rnn,7,15,incoming_bit,25,1.0,1.0
cb_rnn,7,15,incoming_bit,26,1.0,1.0
cb_rnn,7,15,incoming_bit,27,0.982758620689655,1.0
cb_rnn,7,15,incoming_bit,28,0.9814814814814816,1.0
cb_rnn,7,15,incoming_bit,29,1.0,1.0
cb_rnn,7,15,incoming_bit,30,1.0,1.0
cb_rnn,7,15,incoming_bit,31,1.0,1.0
cb_rnn,7,15,incoming_bit,32,1.0,1.0
cb_rnn,7,15,incoming_bit,33,1.0,1.0
cb_rnn,7,15,incoming_bit,34,1.0,1.0
cb_rnn,7,15,incoming_bit,35,1.0,1.0
cb_rnn,7,15,incoming_bit,36,1.0,1.0
cb_rnn,7,15,incoming_bit,37,1.0,1.0
cb_rnn,7,15,incoming_bit,38,1.0,1.0
cb_rnn,7,15,incoming_bit,39,1.0,1.0
cb_rnn,7,15,incoming_bit,40,1.0,1.0
cb_rnn,7,15,incoming_bit,41,1.0,1.0
cb_rnn,7,15,incoming_bit,42,1.0,1.0
cb_rnn,7,15,incoming_bit,43,1.0,1.0
cb_rnn,7,15,incoming_bit,44,0.9999999999999999,1.0
cb_rnn,7,15,incoming_bit,45,1.0,1.0
cb_rnn,7,15,incoming_bit,46,1.0,1.0
cb_rnn,7,15,incoming_bit,47,1.0,1.0
cb_rnn,7,15,incoming_bit,48,1.0,1.0
cb_rnn,7,15,incoming_bit,49,1.0,1.0
cb_rnn,7,15,incoming_bit,50,1.0,1.0
cb_rnn,7,15,incoming_bit,51,0.9999999999999999,0.9999999999999999
cb_rnn,7,15,incoming_bit,52,1.0,1.0
cb_rnn,7,15,incoming_bit,53,1.0,1.0
cb_rnn,7,15,incoming_bit,54,1.0,1.0
cb_rnn,7,15,incoming_bit,55,1.0,1.0
cb_rnn,7,15,incoming_bit,56,1.0,1.0
cb_rnn,7,15,incoming_bit,57,1.0,1.0
cb_rnn,7,15,incoming_bit,58,1.0,1.0
cb_rnn,7,15,incoming_bit,59,1.0,1.0
cb_rnn,7,15,outgoing_bit,0,0.8629156010230179,0.73537936913896
cb_rnn,7,15,outgoing_bit,1,0.8494841873837308,0.7779468966683578
cb_rnn,7,15,outgoing_bit,2,0.8784199726402189,0.7893296853625171
cb_rnn,7,15,outgoing_bit,3,0.8277665317139001,0.7417341430499326
cb_rnn,7,15,outgoing_bit,4,0.7883715749610158,0.7418133214524393
cb_rnn,7,15,outgoing_bit,5,0.7957636566332219,0.7707915273132665
cb_rnn,7,15,outgoing_bit,6,0.845484949832776,0.7600891861761427
cb_rnn,7,15,outgoing_bit,7,0.8156299124185942,0.7619582304064675
cb_rnn,7,15,outgoing_bit,8,0.8169696969696969,0.8027272727272726
cb_rnn,7,15,outgoing_bit,9,0.7683667273831208,0.71645415907711
cb_rnn,7,15,outgoing_bit,10,0.8623321123321123,0.7857142857142857
cb_rnn,7,15,outgoing_bit,11,0.7813067150635209,0.7571082879612825
cb_rnn,7,15,outgoing_bit,12,0.7337744171392565,0.6865154379332074
cb_rnn,7,15,outgoing_bit,13,0.7771672771672772,0.7387057387057387
cb_rnn,7,15,outgoing_bit,14,0.7727272727272727,0.7159090909090908
cb_rnn,7,15,outgoing_bit,15,0.8344579397210976,0.7291947818263608
cb_rnn,7,15,outgoing_bit,16,0.8019973947025618,0.6930091185410334
cb_rnn,7,15,outgoing_bit,17,0.8226579520697168,0.771677559912854
cb_rnn,7,15,outgoing_bit,18,0.8063395570994354,0.7655232305688232
cb_rnn,7,15,outgoing_bit,19,0.7046950416849496,0.7411145239139973
cb_rnn,7,15,outgoing_bit,20,0.7964409722222222,0.7565104166666666
cb_rnn,7,15,outgoing_bit,21,0.780720798957881,0.7277464177160226
cb_rnn,7,15,outgoing_bit,22,0.8598214285714285,0.7325892857142858
cb_rnn,7,15,outgoing_bit,23,0.7526785714285713,0.7473214285714285
cb_rnn,7,15,outgoing_bit,24,0.808076422058185,0.7277464177160226
cb_rnn,7,15,outgoing_bit,25,0.8154580981328702,0.752062527138515
cb_rnn,7,15,outgoing_bit,26,0.8325892857142856,0.7785714285714286
cb_rnn,7,15,outgoing_bit,27,0.7894051237516283,0.7477203647416414
cb_rnn,7,15,outgoing_bit,28,0.7747826086956522,0.7760869565217391
cb_rnn,7,15,outgoing_bit,29,0.8173076923076923,0.7819055944055944
cb_rnn,7,15,outgoing_bit,30,0.8841783216783217,0.8221153846153846
cb_rnn,7,15,outgoing_bit,31,0.8611973392461197,0.8297117516629712
cb_rnn,7,15,outgoing_bit,32,0.8974591651542648,0.8398366606170599
cb_rnn,7,15,outgoing_bit,33,0.7941970310391363,0.7273954116059379
cb_rnn,7,15,outgoing_bit,34,0.8712121212121212,0.8230027548209367
cb_rnn,7,15,outgoing_bit,35,0.7959183673469389,0.6979591836734694
cb_rnn,7,15,outgoing_bit,36,0.7781818181818181,0.7454545454545454
cb_rnn,7,15,outgoing_bit,37,0.8246153846153846,0.7538461538461538
cb_rnn,7,15,outgoing_bit,38,0.4709141274238227,0.6454293628808865
cb_rnn,7,15,outgoing_bit,39,0.8005540166204985,0.7091412742382271
cb_rnn,7,15,outgoing_bit,40,0.7888888888888889,0.8444444444444444
cb_rnn,7,15,outgoing_bit,41,0.3717948717948718,0.35897435897435903
cb_rnn,7,15,outgoing_bit,42,0.7285714285714285,0.5714285714285714
cb_rnn,7,15,outgoing_bit,43,0.5512820512820513,0.5
cb_rnn,7,15,outgoing_bit,44,0.8181818181818181,0.7386363636363636
cb_rnn,7,15,outgoing_bit,45,,
cb_rnn,7,15,outgoing_bit,46,,
cb_rnn,7,15,outgoing_bit,47,,
cb_rnn,7,15,outgoing_bit,48,,
cb_rnn,7,15,outgoing_bit,49,,
cb_rnn,7,15,outgoing_bit,50,,
cb_rnn,7,15,outgoing_bit,51,,
cb_rnn,7,15,outgoing_bit,52,,
cb_rnn,7,15,outgoing_bit,53,,
cb_rnn,7,15,outgoing_bit,54,,
cb_rnn,7,15,outgoing_bit,55,,
cb_rnn,7,15,outgoing_bit,56,,
cb_rnn,7,15,outgoing_bit,57,,
cb_rnn,7,15,outgoing_bit,58,,
cb_rnn,7,15,outgoing_bit,59,,
cb_rnn,7,15,next_parity,0,,
cb_rnn,7,15,next_parity,1,0.5010638297872341,0.46861702127659577
cb_rnn,7,15,next_parity,2,0.5399305555555556,0.4986111111111111
cb_rnn,7,15,next_parity,3,0.5057588075880759,0.445630081300813
cb_rnn,7,15,next_parity,4,0.45442176870748296,0.49676870748299323
cb_rnn,7,15,next_parity,5,0.4893581081081081,0.4381756756756757
cb_rnn,7,15,next_parity,6,0.49308035714285714,0.48013392857142856
cb_rnn,7,15,next_parity,7,0.46399108138238576,0.5500557413600891
cb_rnn,7,15,next_parity,8,0.4628136200716846,0.492831541218638
cb_rnn,7,15,next_parity,9,0.4395188237914903,0.5306304299398529
cb_rnn,7,15,next_parity,10,0.5166464891041163,0.525726392251816
cb_rnn,7,15,next_parity,11,0.5245157384987894,0.4594430992736077
cb_rnn,7,15,next_parity,12,0.5704779189352693,0.5559588626739262
cb_rnn,7,15,next_parity,13,0.5298507462686567,0.4598880597014925
cb_rnn,7,15,next_parity,14,0.4227941176470589,0.34773284313725494
cb_rnn,7,15,next_parity,15,0.5815018315018314,0.5235042735042735
cb_rnn,7,15,next_parity,16,0.6048632218844984,0.6335214937038646
cb_rnn,7,15,next_parity,17,0.5670194003527336,0.4576719576719577
cb_rnn,7,15,next_parity,18,0.37734204793028325,0.4797385620915033
cb_rnn,7,15,next_parity,19,0.4652777777777778,0.53515625
cb_rnn,7,15,next_parity,20,0.4439130434782608,0.4334782608695652
cb_rnn,7,15,next_parity,21,0.4291304347826087,0.4847826086956522
cb_rnn,7,15,next_parity,22,0.40952797202797203,0.4353146853146853
cb_rnn,7,15,next_parity,23,0.45896656534954405,0.4572297003907946
cb_rnn,7,15,next_parity,24,0.5507625272331155,0.5254901960784314
cb_rnn,7,15,next_parity,25,0.508695652173913,0.39869565217391306
cb_rnn,7,15,next_parity,26,0.5392461197339247,0.4802660753880266
cb_rnn,7,15,next_parity,27,0.41181657848324515,0.5480599647266314
cb_rnn,7,15,next_parity,28,0.5813747228381375,0.5250554323725055
cb_rnn,7,15,next_parity,29,0.4385809312638581,0.3844789356984479
cb_rnn,7,15,next_parity,30,0.5982608695652174,0.532608695652174
cb_rnn,7,15,next_parity,31,0.5775075987841944,0.545809813287017
cb_rnn,7,15,next_parity,32,0.5336517585757707,0.47850629613547546
cb_rnn,7,15,next_parity,33,0.48672964462438145,0.5389113810166442
cb_rnn,7,15,next_parity,34,0.59765625,0.5160590277777778
cb_rnn,7,15,next_parity,35,0.5458276333789329,0.4487004103967168
cb_rnn,7,15,next_parity,36,0.5648648648648649,0.5972972972972974
cb_rnn,7,15,next_parity,37,0.49729729729729727,0.508108108108108
cb_rnn,7,15,next_parity,38,0.39903846153846156,0.4110576923076923
cb_rnn,7,15,next_parity,39,0.6458333333333334,0.5773809523809524
cb_rnn,7,15,next_parity,40,0.5490196078431373,0.484593837535014
cb_rnn,7,15,next_parity,41,0.4709141274238227,0.332409972299169
cb_rnn,7,15,next_parity,42,0.3666666666666667,0.4666666666666667
cb_rnn,7,15,next_parity,43,0.5681818181818181,0.4772727272727273
cb_rnn,7,15,next_parity,44,0.38461538461538464,0.4615384615384615
cb_rnn,7,15,next_parity,45,0.4523809523809524,0.5
cb_rnn,7,15,next_parity,46,0.4431818181818182,0.29545454545454547
cb_rnn,7,15,next_parity,47,,
cb_rnn,7,15,next_parity,48,,
cb_rnn,7,15,next_parity,49,,
cb_rnn,7,15,next_parity,50,,
cb_rnn,7,15,next_parity,51,,
cb_rnn,7,15,next_parity,52,,
cb_rnn,7,15,next_parity,53,,
cb_rnn,7,15,next_parity,54,,
cb_rnn,7,15,next_parity,55,,
cb_rnn,7,15,next_parity,56,,
cb_rnn,7,15,next_parity,57,,
cb_rnn,7,15,next_parity,58,,
cb_rnn,7,15,next_parity,59,,
cb_rnn,8,2,incoming_bit,0,1.0,1.0
cb_rnn,8,2,incoming_bit,1,1.0,1.0
cb_rnn,8,2,incoming_bit,2,1.0,1.0
cb_rnn,8,2,incoming_bit,3,1.0,1.0
cb_rnn,8,2,incoming_bit,4,1.0,1.0
cb_rnn,8,2,incoming_bit,5,1.0,1.0
cb_rnn,8,2,incoming_bit,6,1.0,1.0
cb_rnn,8,2,incoming_bit,7,1.0,1.0
cb_rnn,8,2,incoming_bit,8,1.0,1.0
cb_rnn,8,2,outgoing_bit,0,1.0,1.0
cb_rnn,8,2,outgoing_bit,1,0.9999999999999999,1.0
cb_rnn,8,2,outgoing_bit,2,1.0,1.0
cb_rnn,8,2,outgoing_bit,3,0.9979539641943733,1.0
cb_rnn,8,2,outgoing_bit,4,1.0,1.0
cb_rnn,8,2,outgoing_bit,5,1.0,1.0
cb_rnn,8,2,outgoing_bit,6,1.0,1.0
cb_rnn,8,2,outgoing_bit,7,,
cb_rnn,8,2,outgoing_bit,8,,
cb_rnn,8,2,next_parity,0,,
cb_rnn,8,2,next_parity,1,0.44357045143638846,0.4615253077975377
cb_rnn,8,2,next_parity,2,0.49565217391304345,0.4518329070758738
cb_rnn,8,2,next_parity,3,0.4941653982749873,0.5243531202435312
cb_rnn,8,2,next_parity,4,0.5346601450497555,0.549165120593692
cb_rnn,8,2,next_parity,5,0.5132758329105361,0.5144596651445966
cb_rnn,8,2,next_parity,6,0.4785714285714286,0.4602040816326531
cb_rnn,8,2,next_parity,7,0.6666666666666666,0.663768115942029
cb_rnn,8,2,next_parity,8,0.5170454545454545,0.5170454545454545
cb_rnn,8,3,incoming_bit,0,1.0,1.0
cb_rnn,8,3,incoming_bit,1,1.0,1.0
cb_rnn,8,3,incoming_bit,2,1.0,1.0
cb_rnn,8,3,incoming_bit,3,1.0,1.0
cb_rnn,8,3,incoming_bit,4,0.9999999999999999,1.0
cb_rnn,8,3,incoming_bit,5,1.0,1.0
cb_rnn,8,3,incoming_bit,6,1.0,1.0
cb_rnn,8,3,incoming_bit,7,1.0,1.0
cb_rnn,8,3,incoming_bit,8,1.0,1.0
cb_rnn,8,3,incoming_bit,9,1.0,1.0
cb_rnn,8,3,incoming_bit,10,1.0,1.0
cb_rnn,8,3,incoming_bit,11,1.0,1.0
cb_rnn,8,3,outgoing_bit,0,0.9903455284552845,1.0
cb_rnn,8,3,outgoing_bit,1,0.9923780487804879,1.0
cb_rnn,8,3,outgoing_bit,2,0.9969512195121951,0.9996612466124661
cb_rnn,8,3,outgoing_bit,3,0.9972849143051077,0.9999999999999999
cb_rnn,8,3,outgoing_bit,4,1.0,0.9973856209150327
cb_rnn,8,3,outgoing_bit,5,0.9929873772791025,1.0
cb_rnn,8,3,outgoing_bit,6,0.9986225895316804,1.0
cb_rnn,8,3,outgoing_bit,7,1.0,0.9959459459459459
cb_rnn,8,3,outgoing_bit,8,1.0,0.7159090909090908
cb_rnn,8,3,outgoing_bit,9,,
cb_rnn,8,3,outgoing_bit,10,,
cb_rnn,8,3,outgoing_bit,11,,
cb_rnn,8,3,next_parity,0,,
cb_rnn,8,3,next_parity,1,0.5417738891748156,0.5093498027105849
cb_rnn,8,3,next_parity,2,0.5231577134986226,0.5197141873278237
cb_rnn,8,3,next_parity,3,0.5013640238704178,0.5294117647058824
cb_rnn,8,3,next_parity,4,0.5411598801339679,0.5728891239203243
cb_rnn,8,3,next_parity,5,0.5330578512396694,0.5381177264294147
cb_rnn,8,3,next_parity,6,0.5293478260869564,0.5536956521739129
cb_rnn,8,3,next_parity,7,0.3763550135501355,0.3794037940379404
cb_rnn,8,3,next_parity,8,0.3710884353741497,0.37925170068027214
cb_rnn,8,3,next_parity,9,0.48888888888888893,0.5319444444444444
cb_rnn,8,3,next_parity,10,0.35795454545454547,0.35795454545454547
cb_rnn,8,3,next_parity,11,,
cb_rnn,8,4,incoming_bit,0,1.0,1.0
cb_rnn,8,4,incoming_bit,1,0.9999999999999999,1.0
cb_rnn,8,4,incoming_bit,2,1.0,1.0
cb_rnn,8,4,incoming_bit,3,1.0,1.0
cb_rnn,8,4,incoming_bit,4,1.0,1.0
cb_rnn,8,4,incoming_bit,5,1.0,1.0
cb_rnn,8,4,incoming_bit,6,1.0,1.0
cb_rnn,8,4,incoming_bit,7,1.0,1.0
cb_rnn,8,4,incoming_bit,8,1.0,1.0
cb_rnn,8,4,incoming_bit,9,1.0,1.0
cb_rnn,8,4,incoming_bit,10,1.0,1.0
cb_rnn,8,4,incoming_bit,11,1.0,1.0
cb_rnn,8,4,incoming_bit,12,1.0,1.0
cb_rnn,8,4,incoming_bit,13,1.0,1.0
cb_rnn,8,4,incoming_bit,14,1.0,1.0
cb_rnn,8,4,incoming_bit,15,1.0,1.0
cb_rnn,8,4,incoming_bit,16,1.0,1.0
cb_rnn,8,4,outgoing_bit,0,0.9435975609756098,0.951050135501355
cb_rnn,8,4,outgoing_bit,1,0.9662618083670715,0.9719973009446693
cb_rnn,8,4,outgoing_bit,2,0.9757339216019005,0.9726794501951468
cb_rnn,8,4,outgoing_bit,3,0.966331746871144,0.9747928785475057
cb_rnn,8,4,outgoing_bit,4,0.9620915032679739,0.9755991285403051
cb_rnn,8,4,outgoing_bit,5,0.9504132231404959,0.9380165289256198
cb_rnn,8,4,outgoing_bit,6,0.9669365721997302,0.975033738191633
cb_rnn,8,4,outgoing_bit,7,0.9352226720647774,0.918353576248313
cb_rnn,8,4,outgoing_bit,8,0.8833333333333333,0.8194444444444444
cb_rnn,8,4,outgoing_bit,9,0.8947368421052632,0.9141274238227146
cb_rnn,8,4,outgoing_bit,10,0.9019607843137255,0.9187675070028011
cb_rnn,8,4,outgoing_bit,11,1.0,0.975
cb_rnn,8,4,outgoing_bit,12,0.9772727272727272,0.7727272727272727
cb_rnn,8,4,outgoing_bit,13,,
cb_rnn,8,4,outgoing_bit,14,,
cb_rnn,8,4,outgoing_bit,15,,
cb_rnn,8,4,outgoing_bit,16,,
cb_rnn,8,4,next_parity,0,,
cb_rnn,8,4,next_parity,1,0.4669098930935008,0.45876463600882395
cb_rnn,8,4,next_parity,2,0.5060501296456352,0.4923076923076923
cb_rnn,8,4,next_parity,3,0.547191011235955,0.5283491789109767
cb_rnn,8,4,next_parity,4,0.42890025575447577,0.4580562659846547
cb_rnn,8,4,next_parity,5,0.5245072387929531,0.5093319379033665
cb_rnn,8,4,next_parity,6,0.5251845419018671,0.5073816760746852
cb_rnn,8,4,next_parity,7,0.4425287356321839,0.4367816091954023
cb_rnn,8,4,next_parity,8,0.4421985815602837,0.45567375886524825
cb_rnn,8,4,next_parity,9,0.42411924119241196,0.5697831978319783
cb_rnn,8,4,next_parity,10,0.4943977591036414,0.5532212885154062
cb_rnn,8,4,next_parity,11,0.4419642857142857,0.4032738095238095
cb_rnn,8,4,next_parity,12,0.40724637681159415,0.41884057971014493
cb_rnn,8,4,next_parity,13,0.49444444444444446,0.47222222222222227
cb_rnn,8,4,next_parity,14,0.49999999999999994,0.49999999999999994
cb_rnn,8,4,next_parity,15,,
cb_rnn,8,4,next_parity,16,,
cb_rnn,8,5,incoming_bit,0,1.0,1.0
cb_rnn,8,5,incoming_bit,1,1.0,1.0
cb_rnn,8,5,incoming_bit,2,1.0,1.0
cb_rnn,8,5,incoming_bit,3,1.0,1.0
cb_rnn,8,5,incoming_bit,4,1.0,1.0
cb_rnn,8,5,incoming_bit,5,1.0,1.0
cb_rnn,8,5,incoming_bit,6,1.0,1.0
cb_rnn,8,5,incoming_bit,7,1.0,1.0
cb_rnn,8,5,incoming_bit,8,1.0,1.0
cb_rnn,8,5,incoming_bit,9,1.0,1.0
cb_rnn,8,5,incoming_bit,10,1.0,1.0
cb_rnn,8,5,incoming_bit,11,1.0,1.0
cb_rnn,8,5,incoming_bit,12,1.0,1.0
cb_rnn,8,5,incoming_bit,13,1.0,1.0
cb_rnn,8,5,incoming_bit,14,1.0,1.0
cb_rnn,8,5,incoming_bit,15,1.0,1.0
cb_rnn,8,5,incoming_bit,16,1.0,1.0
cb_rnn,8,5,incoming_bit,17,1.0,1.0
cb_rnn,8,5,incoming_bit,18,1.0,1.0
cb_rnn,8,5,incoming_bit,19,1.0,1.0
cb_rnn,8,5,outgoing_bit,0,0.9625,0.9348958333333334
cb_rnn,8,5,outgoing_bit,1,0.9447060875632304,0.9270887842316413
cb_rnn,8,5,outgoing_bit,2,0.9529411764705883,0.9072463768115943
cb_rnn,8,5,outgoing_bit,3,0.9651360544217688,0.945578231292517
cb_rnn,8,5,outgoing_bit,4,0.9406307977736549,0.9047619047619048
cb_rnn,8,5,outgoing_bit,5,0.9486616937253182,0.8968845985081175
cb_rnn,8,5,outgoing_bit,6,0.9175076788064942,0.8609039052215884
cb_rnn,8,5,outgoing_bit,7,0.9169565217391304,0.7943478260869565
cb_rnn,8,5,outgoing_bit,8,0.9366459627329192,0.8981366459627329
cb_rnn,8,5,outgoing_bit,9,0.9304347826086956,0.8559006211180125
cb_rnn,8,5,outgoing_bit,10,0.8828947368421053,0.7289473684210527
cb_rnn,8,5,outgoing_bit,11,0.9298454221165279,0.8644470868014268
cb_rnn,8,5,outgoing_bit,12,0.9078947368421052,0.743421052631579
cb_rnn,8,5,outgoing_bit,13,0.9,0.8027777777777778
cb_rnn,8,5,outgoing_bit,14,0.8295454545454546,0.7386363636363636
cb_rnn,8,5,outgoing_bit,15,,
cb_rnn,8,5,outgoing_bit,16,,
cb_rnn,8,5,outgoing_bit,17,,
cb_rnn,8,5,outgoing_bit,18,,
cb_rnn,8,5,outgoing_bit,19,,
cb_rnn,8,5,next_parity,0,,
cb_rnn,8,5,next_parity,1,0.5365728900255754,0.5428815004262575
cb_rnn,8,5,next_parity,2,0.5246443089430893,0.5739329268292683
cb_rnn,8,5,next_parity,3,0.5128726287262872,0.5121951219512194
cb_rnn,8,5,next_parity,4,0.5233589087809036,0.5579710144927537
cb_rnn,8,5,next_parity,5,0.5070945945945946,0.5268581081081082
cb_rnn,8,5,next_parity,6,0.410482374768089,0.4607297464440322
cb_rnn,8,5,next_parity,7,0.4117391304347826,0.5243478260869565
cb_rnn,8,5,next_parity,8,0.5258885476086003,0.522378236068451
cb_rnn,8,5,next_parity,9,0.5522875816993464,0.5941176470588235
cb_rnn,8,5,next_parity,10,0.4666666666666667,0.5285714285714286
cb_rnn,8,5,next_parity,11,0.5673076923076923,0.5420673076923076
cb_rnn,8,5,next_parity,12,0.6493428912783751,0.6851851851851852
cb_rnn,8,5,next_parity,13,0.4571078431372549,0.46568627450980393
cb_rnn,8,5,next_parity,14,0.41286057692307687,0.35276442307692313
cb_rnn,8,5,next_parity,15,0.3819444444444445,0.4236111111111111
cb_rnn,8,5,next_parity,16,0.6726190476190477,0.7559523809523809
cb_rnn,8,5,next_parity,17,,
cb_rnn,8,5,next_parity,18,,
cb_rnn,8,5,next_parity,19,,
cb_rnn,8,6,incoming_bit,0,1.0,1.0
cb_rnn,8,6,incoming_bit,1,1.0,1.0
cb_rnn,8,6,incoming_bit,2,1.0,1.0
cb_rnn,8,6,incoming_bit,3,1.0,1.0
cb_rnn,8,6,incoming_bit,4,0.9999999999999999,1.0
cb_rnn,8,6,incoming_bit,5,1.0,1.0
cb_rnn,8,6,incoming_bit,6,1.0,1.0
cb_rnn,8,6,incoming_bit,7,1.0,1.0
cb_rnn,8,6,incoming_bit,8,1.0,1.0
cb_rnn,8,6,incoming_bit,9,1.0,1.0
cb_rnn,8,6,incoming_bit,10,1.0,1.0
cb_rnn,8,6,incoming_bit,11,1.0,1.0
cb_rnn,8,6,incoming_bit,12,1.0,1.0
cb_rnn,8,6,incoming_bit,13,0.9999999999999999,1.0
cb_rnn,8,6,incoming_bit,14,1.0,1.0
cb_rnn,8,6,incoming_bit,15,1.0,1.0
cb_rnn,8,6,incoming_bit,16,1.0,1.0
cb_rnn,8,6,incoming_bit,17,1.0,0.9999999999999999
cb_rnn,8,6,incoming_bit,18,1.0,1.0
cb_rnn,8,6,incoming_bit,19,1.0,1.0
cb_rnn,8,6,outgoing_bit,0,0.9567373461012312,0.9343365253077975
cb_rnn,8,6,outgoing_bit,1,0.8873668188736682,0.8088956536445121
cb_rnn,8,6,outgoing_bit,2,0.9573170731707317,0.9214092140921409
cb_rnn,8,6,outgoing_bit,3,0.9082475965592849,0.806544105245404
cb_rnn,8,6,outgoing_bit,4,0.8665178571428571,0.746875
cb_rnn,8,6,outgoing_bit,5,0.7448979591836735,0.708843537414966
cb_rnn,8,6,outgoing_bit,6,0.8666666666666667,0.7381944444444445
cb_rnn,8,6,outgoing_bit,7,0.8722972972972973,0.7594594594594595
cb_rnn,8,6,outgoing_bit,8,0.9141274238227147,0.889196675900277
cb_rnn,8,6,outgoing_bit,9,0.9111111111111111,0.7388888888888889
cb_rnn,8,6,outgoing_bit,10,0.834733893557423,0.8319327731092436
cb_rnn,8,6,outgoing_bit,11,0.9612188365650969,0.7867036011080333
cb_rnn,8,6,outgoing_bit,12,0.7942028985507247,0.6231884057971014
cb_rnn,8,6,outgoing_bit,13,0.7045454545454546,0.5454545454545454
cb_rnn,8,6,outgoing_bit,14,,
cb_rnn,8,6,outgoing_bit,15,,
cb_rnn,8,6,outgoing_bit,16,,
cb_rnn,8,6,outgoing_bit,17,,
cb_rnn,8,6,outgoing_bit,18,,
cb_rnn,8,6,outgoing_bit,19,,
cb_rnn,8,6,next_parity,0,,
cb_rnn,8,6,next_parity,1,0.5114795918367347,0.508078231292517
cb_rnn,8,6,next_parity,2,0.5331473025536952,0.5032132589210214
cb_rnn,8,6,next_parity,3,0.495968433693601,0.4860181849373821
cb_rnn,8,6,next_parity,4,0.5435262175462413,0.5258781605294417
cb_rnn,8,6,next_parity,5,0.44408344733242133,0.41039671682626533
cb_rnn,8,6,next_parity,6,0.5230936819172114,0.5339869281045752
cb_rnn,8,6,next_parity,7,0.5903790087463556,0.6064139941690962
cb_rnn,8,6,next_parity,8,0.4486394557823129,0.4982993197278912
cb_rnn,8,6,next_parity,9,0.478125,0.49756944444444445
cb_rnn,8,6,next_parity,10,0.42559523809523814,0.42261904761904756
cb_rnn,8,6,next_parity,11,0.4277777777777778,0.40555555555555556
cb_rnn,8,6,next_parity,12,0.42659279778393355,0.4127423822714681
cb_rnn,8,6,next_parity,13,0.7347222222222222,0.6791666666666667
cb_rnn,8,6,next_parity,14,0.5497159090909091,0.5269886363636365
cb_rnn,8,6,next_parity,15,0.5111111111111112,0.5055555555555556
cb_rnn,8,6,next_parity,16,,
cb_rnn,8,6,next_parity,17,,
cb_rnn,8,6,next_parity,18,,
cb_rnn,8,6,next_parity,19,,
cb_rnn,8,7,incoming_bit,0,1.0,1.0
cb_rnn,8,7,incoming_bit,1,1.0,1.0
cb_rnn,8,7,incoming_bit,2,1.0,1.0
cb_rnn,8,7,incoming_bit,3,1.0,1.0
cb_rnn,8,7,incoming_bit,4,1.0,1.0
cb_rnn,8,7,incoming_bit,5,1.0,1.0
cb_rnn,8,7,incoming_bit,6,1.0,1.0
cb_rnn,8,7,incoming_bit,7,1.0,1.0
cb_rnn,8,7,incoming_bit,8,1.0,1.0
cb_rnn,8,7,incoming_bit,9,1.0,1.0
cb_rnn,8,7,incoming_bit,10,0.9999999999999999,1.0
cb_rnn,8,7,incoming_bit,11,1.0,1.0
cb_rnn,8,7,incoming_bit,12,1.0,1.0
cb_rnn,8,7,incoming_bit,13,1.0,1.0
cb_rnn,8,7,incoming_bit,14,1.0,1.0
cb_rnn,8,7,incoming_bit,15,1.0,1.0
cb_rnn,8,7,incoming_bit,16,1.0,1.0
cb_rnn,8,7,incoming_bit,17,1.0,1.0
cb_rnn,8,7,incoming_bit,18,1.0,1.0
cb_rnn,8,7,incoming_bit,19,1.0,1.0
cb_rnn,8,7,incoming_bit,20,1.0,1.0
cb_rnn,8,7,outgoing_bit,0,0.8183673469387756,0.7833333333333334
cb_rnn,8,7,outgoing_bit,1,0.9211696306429549,0.8649110807113543
cb_rnn,8,7,outgoing_bit,2,0.8888317035512094,0.7766340710241895
cb_rnn,8,7,outgoing_bit,3,0.8738191632928476,0.7435897435897436
cb_rnn,8,7,outgoing_bit,4,0.8587099605089951,0.8367705133830627
cb_rnn,8,7,outgoing_bit,5,0.8670715249662618,0.7456140350877193
cb_rnn,8,7,outgoing_bit,6,0.8277027027027027,0.8081081081081082
cb_rnn,8,7,outgoing_bit,7,0.8618055555555555,0.6729166666666667
cb_rnn,8,7,outgoing_bit,8,0.8670360110803323,0.778393351800554
cb_rnn,8,7,outgoing_bit,9,0.9083333333333333,0.8055555555555556
cb_rnn,8,7,outgoing_bit,10,0.9083333333333333,0.8694444444444445
cb_rnn,8,7,outgoing_bit,11,0.8833333333333333,0.8361111111111111
cb_rnn,8,7,outgoing_bit,12,0.7888888888888889,0.5833333333333333
cb_rnn,8,7,outgoing_bit,13,0.6071428571428571,0.41666666666666663
cb_rnn,8,7,outgoing_bit,14,,
cb_rnn,8,7,outgoing_bit,15,,
cb_rnn,8,7,outgoing_bit,16,,
cb_rnn,8,7,outgoing_bit,17,,
cb_rnn,8,7,outgoing_bit,18,,
cb_rnn,8,7,outgoing_bit,19,,
cb_rnn,8,7,outgoing_bit,20,,
cb_rnn,8,7,next_parity,0,,
cb_rnn,8,7,next_parity,1,0.4788972701149425,0.47494612068965514
cb_rnn,8,7,next_parity,2,0.40976153714187685,0.4720363698747641
cb_rnn,8,7,next_parity,3,0.5766928864569084,0.5385601915184679
cb_rnn,8,7,next_parity,4,0.5290038897344833,0.5115846440047354
cb_rnn,8,7,next_parity,5,0.5685975609756098,0.5674119241192412
cb_rnn,8,7,next_parity,6,0.49259259259259264,0.4542483660130719
cb_rnn,8,7,next_parity,7,0.5445578231292516,0.5037414965986394
cb_rnn,8,7,next_parity,8,0.5114583333333333,0.5406249999999999
cb_rnn,8,7,next_parity,9,0.43733062330623307,0.5159214092140922
cb_rnn,8,7,next_parity,10,0.36288088642659283,0.41274238227146814
cb_rnn,8,7,next_parity,11,0.5322128851540617,0.5574229691876751
cb_rnn,8,7,next_parity,12,0.408695652173913,0.3072463768115942
cb_rnn,8,7,next_parity,13,0.603641456582633,0.5952380952380951
cb_rnn,8,7,next_parity,14,0.4304347826086956,0.5202898550724637
cb_rnn,8,7,next_parity,15,0.6833333333333333,0.6666666666666667
cb_rnn,8,7,next_parity,16,,
cb_rnn,8,7,next_parity,17,,
cb_rnn,8,7,next_parity,18,,
cb_rnn,8,7,next_parity,19,,
cb_rnn,8,7,next_parity,20,,
cb_rnn,8,8,incoming_bit,0,1.0,1.0
cb_rnn,8,8,incoming_bit,1,1.0,1.0
cb_rnn,8,8,incoming_bit,2,1.0,1.0
cb_rnn,8,8,incoming_bit,3,1.0,1.0
cb_rnn,8,8,incoming_bit,4,1.0,1.0
cb_rnn,8,8,incoming_bit,5,1.0,1.0
cb_rnn,8,8,incoming_bit,6,1.0,1.0
cb_rnn,8,8,incoming_bit,7,0.9999999999999999,1.0
cb_rnn,8,8,incoming_bit,8,1.0,0.9999999999999999
cb_rnn,8,8,incoming_bit,9,0.9879518072289157,1.0
cb_rnn,8,8,incoming_bit,10,1.0,1.0
cb_rnn,8,8,incoming_bit,11,1.0,1.0
cb_rnn,8,8,incoming_bit,12,1.0,1.0
cb_rnn,8,8,incoming_bit,13,1.0,1.0
cb_rnn,8,8,incoming_bit,14,1.0,1.0
cb_rnn,8,8,incoming_bit,15,1.0,1.0
cb_rnn,8,8,incoming_bit,16,1.0,1.0
cb_rnn,8,8,incoming_bit,17,1.0,1.0
cb_rnn,8,8,incoming_bit,18,1.0,1.0
cb_rnn,8,8,incoming_bit,19,1.0,1.0
cb_rnn,8,8,incoming_bit,20,1.0,1.0
cb_rnn,8,8,incoming_bit,21,1.0,1.0
cb_rnn,8,8,outgoing_bit,0,0.8469973009446694,0.8186572199730094
cb_rnn,8,8,outgoing_bit,1,0.887331081081081,0.8898648648648649
cb_rnn,8,8,outgoing_bit,2,0.8920377867746289,0.8083670715249662
cb_rnn,8,8,outgoing_bit,3,0.8840136054421769,0.813265306122449
cb_rnn,8,8,outgoing_bit,4,0.7683310841205578,0.7692307692307693
cb_rnn,8,8,outgoing_bit,5,0.8831081081081081,0.8121621621621622
cb_rnn,8,8,outgoing_bit,6,0.9500683994528044,0.8837209302325582
cb_rnn,8,8,outgoing_bit,7,0.8652530779753761,0.8009575923392613
cb_rnn,8,8,outgoing_bit,8,0.7826086956521738,0.7623188405797102
cb_rnn,8,8,outgoing_bit,9,0.7333333333333333,0.6972222222222222
cb_rnn,8,8,outgoing_bit,10,0.680672268907563,0.6162464985994397
cb_rnn,8,8,outgoing_bit,11,0.9304347826086957,0.9275362318840581
cb_rnn,8,8,outgoing_bit,12,0.7843137254901961,0.680672268907563
cb_rnn,8,8,outgoing_bit,13,0.711111111111111,0.6666666666666667
cb_rnn,8,8,outgoing_bit,14,,
cb_rnn,8,8,outgoing_bit,15,,
cb_rnn,8,8,outgoing_bit,16,,
cb_rnn,8,8,outgoing_bit,17,,
cb_rnn,8,8,outgoing_bit,18,,
cb_rnn,8,8,outgoing_bit,19,,
cb_rnn,8,8,outgoing_bit,20,,
cb_rnn,8,8,outgoing_bit,21,,
cb_rnn,8,8,next_parity,0,,
cb_rnn,8,8,next_parity,1,0.48103741496598645,0.5283163265306122
cb_rnn,8,8,next_parity,2,0.547108843537415,0.5129251700680272
cb_rnn,8,8,next_parity,3,0.4997466216216216,0.5360641891891893
cb_rnn,8,8,next_parity,4,0.4888211382113821,0.4757791327913279
cb_rnn,8,8,next_parity,5,0.5224489795918367,0.4846938775510205
cb_rnn,8,8,next_parity,6,0.4951499118165785,0.4215167548500882
cb_rnn,8,8,next_parity,7,0.4555555555555556,0.42708333333333337
cb_rnn,8,8,next_parity,8,0.5858413132694938,0.5831053351573188
cb_rnn,8,8,next_parity,9,0.6179054054054054,0.5847972972972972
cb_rnn,8,8,next_parity,10,0.5041551246537397,0.5429362880886426
cb_rnn,8,8,next_parity,11,0.5658263305322129,0.5490196078431373
cb_rnn,8,8,next_parity,12,0.4583333333333333,0.48888888888888893
cb_rnn,8,8,next_parity,13,0.5826330532212884,0.6498599439775911
cb_rnn,8,8,next_parity,14,0.5333333333333333,0.4434782608695652
cb_rnn,8,8,next_parity,15,0.5909090909090908,0.5113636363636364
cb_rnn,8,8,next_parity,16,,
cb_rnn,8,8,next_parity,17,,
cb_rnn,8,8,next_parity,18,,
cb_rnn,8,8,next_parity,19,,
cb_rnn,8,8,next_parity,20,,
cb_rnn,8,8,next_parity,21,,
cb_rnn,8,9,incoming_bit,0,1.0,1.0
cb_rnn,8,9,incoming_bit,1,1.0,1.0
cb_rnn,8,9,incoming_bit,2,1.0,1.0
cb_rnn,8,9,incoming_bit,3,1.0,1.0
cb_rnn,8,9,incoming_bit,4,1.0,1.0
cb_rnn,8,9,incoming_bit,5,1.0,1.0
cb_rnn,8,9,incoming_bit,6,1.0,1.0
cb_rnn,8,9,incoming_bit,7,1.0,1.0
cb_rnn,8,9,incoming_bit,8,1.0,1.0
cb_rnn,8,9,incoming_bit,9,1.0,1.0
cb_rnn,8,9,incoming_bit,10,1.0,1.0
cb_rnn,8,9,incoming_bit,11,1.0,1.0
cb_rnn,8,9,incoming_bit,12,1.0,1.0
cb_rnn,8,9,incoming_bit,13,1.0,1.0
cb_rnn,8,9,incoming_bit,14,1.0,1.0
cb_rnn,8,9,incoming_bit,15,1.0,1.0
cb_rnn,8,9,incoming_bit,16,1.0,1.0
cb_rnn,8,9,incoming_bit,17,1.0,1.0
cb_rnn,8,9,incoming_bit,18,1.0,1.0
cb_rnn,8,9,incoming_bit,19,1.0,1.0
cb_rnn,8,9,incoming_bit,20,1.0,1.0
cb_rnn,8,9,incoming_bit,21,1.0,1.0
cb_rnn,8,9,incoming_bit,22,1.0,1.0
cb_rnn,8,9,outgoing_bit,0,0.8160472972972973,0.7984797297297297
cb_rnn,8,9,outgoing_bit,1,0.8614916286149162,0.7405716218501607
cb_rnn,8,9,outgoing_bit,2,0.8811814345991561,0.758987341772152
cb_rnn,8,9,outgoing_bit,3,0.8720515866282029,0.7676904802307822
cb_rnn,8,9,outgoing_bit,4,0.8643015521064302,0.7569844789356984
cb_rnn,8,9,outgoing_bit,5,0.8157181571815719,0.6490514905149052
cb_rnn,8,9,outgoing_bit,6,0.8006944444444445,0.65625
cb_rnn,8,9,outgoing_bit,7,0.8252361673414306,0.6261808367071525
cb_rnn,8,9,outgoing_bit,8,0.7768115942028986,0.6782608695652174
cb_rnn,8,9,outgoing_bit,9,0.742296918767507,0.8515406162464987
cb_rnn,8,9,outgoing_bit,10,0.742296918767507,0.7114845938375349
cb_rnn,8,9,outgoing_bit,11,0.7797101449275362,0.681159420289855
cb_rnn,8,9,outgoing_bit,12,0.6173913043478261,0.4463768115942029
cb_rnn,8,9,outgoing_bit,13,0.7,0.7222222222222223
cb_rnn,8,9,outgoing_bit,14,,
cb_rnn,8,9,outgoing_bit,15,,
cb_rnn,8,9,outgoing_bit,16,,
cb_rnn,8,9,outgoing_bit,17,,
cb_rnn,8,9,outgoing_bit,18,,
cb_rnn,8,9,outgoing_bit,19,,
cb_rnn,8,9,outgoing_bit,20,,
cb_rnn,8,9,outgoing_bit,21,,
cb_rnn,8,9,outgoing_bit,22,,
cb_rnn,8,9,next_parity,0,,
cb_rnn,8,9,next_parity,1,0.5406462585034013,0.5710884353741497
cb_rnn,8,9,next_parity,2,0.5308641975308641,0.5394892609504482
cb_rnn,8,9,next_parity,3,0.46748310810810806,0.4816722972972973
cb_rnn,8,9,next_parity,4,0.5224843034108263,0.5421686746987951
cb_rnn,8,9,next_parity,5,0.45127551020408163,0.45348639455782325
cb_rnn,8,9,next_parity,6,0.47821350762527237,0.48387799564270156
cb_rnn,8,9,next_parity,7,0.5102599179206566,0.5964432284541724
cb_rnn,8,9,next_parity,8,0.5084151472650771,0.4866760168302945
cb_rnn,8,9,next_parity,9,0.5355677154582763,0.6190150478796169
cb_rnn,8,9,next_parity,10,0.5692307692307692,0.46153846153846156
cb_rnn,8,9,next_parity,11,0.5210084033613446,0.4341736694677871
cb_rnn,8,9,next_parity,12,0.5568181818181818,0.5795454545454546
cb_rnn,8,9,next_parity,13,0.5083333333333333,0.5972222222222222
cb_rnn,8,9,next_parity,14,0.46376811594202894,0.42898550724637685
cb_rnn,8,9,next_parity,15,0.4833333333333334,0.5055555555555555
cb_rnn,8,9,next_parity,16,,
cb_rnn,8,9,next_parity,17,,
cb_rnn,8,9,next_parity,18,,
cb_rnn,8,9,next_parity,19,,
cb_rnn,8,9,next_parity,20,,
cb_rnn,8,9,next_parity,21,,
cb_rnn,8,9,next_parity,22,,
cb_rnn,8,10,incoming_bit,0,1.0,1.0
cb_rnn,8,10,incoming_bit,1,1.0,1.0
cb_rnn,8,10,incoming_bit,2,1.0,1.0
cb_rnn,8,10,incoming_bit,3,1.0,1.0
cb_rnn,8,10,incoming_bit,4,1.0,1.0
cb_rnn,8,10,incoming_bit,5,1.0,1.0
cb_rnn,8,10,incoming_bit,6,1.0,1.0
cb_rnn,8,10,incoming_bit,7,1.0,1.0
cb_rnn,8,10,incoming_bit,8,1.0,1.0
cb_rnn,8,10,incoming_bit,9,1.0,1.0
cb_rnn,8,10,incoming_bit,10,1.0,0.9999999999999999
cb_rnn,8,10,incoming_bit,11,1.0,1.0
cb_rnn,8,10,incoming_bit,12,1.0,1.0
cb_rnn,8,10,incoming_bit,13,1.0,1.0
cb_rnn,8,10,incoming_bit,14,1.0,1.0
cb_rnn,8,10,incoming_bit,15,1.0,1.0
cb_rnn,8,10,incoming_bit,16,1.0,1.0
cb_rnn,8,10,incoming_bit,17,1.0,1.0
cb_rnn,8,10,incoming_bit,18,1.0,1.0
cb_rnn,8,10,incoming_bit,19,1.0,1.0
cb_rnn,8,10,incoming_bit,20,1.0,1.0
cb_rnn,8,10,incoming_bit,21,1.0,1.0
cb_rnn,8,10,incoming_bit,22,1.0,1.0
cb_rnn,8,10,incoming_bit,23,1.0,1.0
cb_rnn,8,10,incoming_bit,24,1.0,1.0
cb_rnn,8,10,incoming_bit,25,1.0,1.0
cb_rnn,8,10,incoming_bit,26,1.0,1.0
cb_rnn,8,10,incoming_bit,27,1.0,1.0
cb_rnn,8,10,incoming_bit,28,1.0,1.0
cb_rnn,8,10,incoming_bit,29,1.0,1.0
cb_rnn,8,10,incoming_bit,30,1.0,1.0
cb_rnn,8,10,incoming_bit,31,1.0,1.0
cb_rnn,8,10,incoming_bit,32,1.0,1.0
cb_rnn,8,10,incoming_bit,33,1.0,1.0
cb_rnn,8,10,incoming_bit,34,1.0,1.0
cb_rnn,8,10,incoming_bit,35,1.0,1.0
cb_rnn,8,10,incoming_bit,36,1.0,1.0
cb_rnn,8,10,incoming_bit,37,1.0,1.0
cb_rnn,8,10,incoming_bit,38,1.0,1.0
cb_rnn,8,10,incoming_bit,39,1.0,1.0
cb_rnn,8,10,incoming_bit,40,1.0,1.0
cb_rnn,8,10,outgoing_bit,0,0.8355676226030884,0.7245884948243678
cb_rnn,8,10,outgoing_bit,1,0.8797392348601819,0.7817807514153371
cb_rnn,8,10,outgoing_bit,2,0.8405208861829866,0.7677997632335531
cb_rnn,8,10,outgoing_bit,3,0.7860646034162015,0.6621004566210046
cb_rnn,8,10,outgoing_bit,4,0.8035822707953856,0.6854887674559805
cb_rnn,8,10,outgoing_bit,5,0.8666982922201139,0.7106261859582542
cb_rnn,8,10,outgoing_bit,6,0.7775349650349651,0.6363636363636365
cb_rnn,8,10,outgoing_bit,7,0.7877995642701525,0.660566448801743
cb_rnn,8,10,outgoing_bit,8,0.8921212121212121,0.7648484848484849
cb_rnn,8,10,outgoing_bit,9,0.7734877734877735,0.6563706563706563
cb_rnn,8,10,outgoing_bit,10,0.7773809523809524,0.5797619047619047
cb_rnn,8,10,outgoing_bit,11,0.7575757575757576,0.7115151515151515
cb_rnn,8,10,outgoing_bit,12,0.7355769230769231,0.7055288461538461
cb_rnn,8,10,outgoing_bit,13,0.6050420168067228,0.607843137254902
cb_rnn,8,10,outgoing_bit,14,0.6666666666666666,0.6
cb_rnn,8,10,outgoing_bit,15,0.6444444444444444,0.5777777777777778
cb_rnn,8,10,outgoing_bit,16,0.7777777777777778,0.5444444444444444
cb_rnn,8,10,outgoing_bit,17,0.7976190476190476,0.5
cb_rnn,8,10,outgoing_bit,18,0.7613636363636364,0.6704545454545455
cb_rnn,8,10,outgoing_bit,19,0.6555555555555556,0.6111111111111112
cb_rnn,8,10,outgoing_bit,20,0.7333333333333334,0.4444444444444445
cb_rnn,8,10,outgoing_bit,21,0.75,0.75
cb_rnn,8,10,outgoing_bit,22,0.6931818181818182,0.48863636363636365
cb_rnn,8,10,outgoing_bit,23,0.9777777777777779,0.7888888888888889
cb_rnn,8,10,outgoing_bit,24,0.7777777777777778,0.5555555555555556
cb_rnn,8,10,outgoing_bit,25,0.48863636363636365,0.8409090909090908
cb_rnn,8,10,outgoing_bit,26,0.6888888888888889,0.611111111111111
cb_rnn,8,10,outgoing_bit,27,0.6477272727272727,0.625
cb_rnn,8,10,outgoing_bit,28,0.9000000000000001,0.9500000000000001
cb_rnn,8,10,outgoing_bit,29,0.9318181818181819,0.7159090909090908
cb_rnn,8,10,outgoing_bit,30,0.611111111111111,0.5888888888888889
cb_rnn,8,10,outgoing_bit,31,,
cb_rnn,8,10,outgoing_bit,32,,
cb_rnn,8,10,outgoing_bit,33,,
cb_rnn,8,10,outgoing_bit,34,,
cb_rnn,8,10,outgoing_bit,35,,
cb_rnn,8,10,outgoing_bit,36,,
cb_rnn,8,10,outgoing_bit,37,,
cb_rnn,8,10,outgoing_bit,38,,
cb_rnn,8,10,outgoing_bit,39,,
cb_rnn,8,10,outgoing_bit,40,,
cb_rnn,8,10,next_parity,0,,
cb_rnn,8,10,next_parity,1,0.5125850340136054,0.49642857142857144
cb_rnn,8,10,next_parity,2,0.5108108108108108,0.5173986486486486
cb_rnn,8,10,next_parity,3,0.4483471074380165,0.48415977961432505
cb_rnn,8,10,next_parity,4,0.4474040250295958,0.4228817858954846
cb_rnn,8,10,next_parity,5,0.5474345730027549,0.5519111570247934
cb_rnn,8,10,next_parity,6,0.4782410225197809,0.4055082166768107
cb_rnn,8,10,next_parity,7,0.5171957671957672,0.6238977072310405
cb_rnn,8,10,next_parity,8,0.48236331569664903,0.5145502645502645
cb_rnn,8,10,next_parity,9,0.46217391304347827,0.5213043478260868
cb_rnn,8,10,next_parity,10,0.4278846153846154,0.4471153846153847
cb_rnn,8,10,next_parity,11,0.36623067776456597,0.4589774078478003
cb_rnn,8,10,next_parity,12,0.6302021403091558,0.5172413793103448
cb_rnn,8,10,next_parity,13,0.5551470588235294,0.5367647058823529
cb_rnn,8,10,next_parity,14,0.5877403846153846,0.515625
cb_rnn,8,10,next_parity,15,0.39075630252100846,0.3851540616246499
cb_rnn,8,10,next_parity,16,0.6666666666666667,0.6333333333333333
cb_rnn,8,10,next_parity,17,0.4666666666666666,0.4777777777777778
cb_rnn,8,10,next_parity,18,0.5666666666666667,0.6555555555555556
cb_rnn,8,10,next_parity,19,0.2777777777777778,0.43333333333333335
cb_rnn,8,10,next_parity,20,0.48863636363636365,0.44318181818181823
cb_rnn,8,10,next_parity,21,0.47619047619047616,0.48809523809523814
cb_rnn,8,10,next_parity,22,0.47777777777777775,0.3666666666666667
cb_rnn,8,10,next_parity,23,0.6666666666666667,0.7111111111111111
cb_rnn,8,10,next_parity,24,0.5666666666666667,0.7
cb_rnn,8,10,next_parity,25,0.3571428571428571,0.3095238095238095
cb_rnn,8,10,next_parity,26,0.5333333333333333,0.5222222222222223
cb_rnn,8,10,next_parity,27,0.5333333333333333,0.42222222222222217
cb_rnn,8,10,next_parity,28,0.5111111111111111,0.4
cb_rnn,8,10,next_parity,29,0.6818181818181818,0.6363636363636364
cb_rnn,8,10,next_parity,30,0.7948717948717949,0.47435897435897434
cb_rnn,8,10,next_parity,31,0.2954545454545454,0.2954545454545454
cb_rnn,8,10,next_parity,32,0.375,0.4318181818181818
cb_rnn,8,10,next_parity,33,,
cb_rnn,8,10,next_parity,34,,
cb_rnn,8,10,next_parity,35,,
cb_rnn,8,10,next_parity,36,,
cb_rnn,8,10,next_parity,37,,
cb_rnn,8,10,next_parity,38,,
cb_rnn,8,10,next_parity,39,,
cb_rnn,8,10,next_parity,40,,
cb_rnn,8,11,incoming_bit,0,1.0,1.0
cb_rnn,8,11,incoming_bit,1,0.9866554054054054,1.0
cb_rnn,8,11,incoming_bit,2,1.0,1.0
cb_rnn,8,11,incoming_bit,3,1.0,1.0
cb_rnn,8,11,incoming_bit,4,1.0,1.0
cb_rnn,8,11,incoming_bit,5,1.0,1.0
cb_rnn,8,11,incoming_bit,6,1.0,1.0
cb_rnn,8,11,incoming_bit,7,0.991869918699187,1.0
cb_rnn,8,11,incoming_bit,8,1.0,1.0
cb_rnn,8,11,incoming_bit,9,1.0,1.0
cb_rnn,8,11,incoming_bit,10,1.0,1.0
cb_rnn,8,11,incoming_bit,11,1.0,1.0
cb_rnn,8,11,incoming_bit,12,1.0,1.0
cb_rnn,8,11,incoming_bit,13,0.987012987012987,1.0
cb_rnn,8,11,incoming_bit,14,1.0,1.0
cb_rnn,8,11,incoming_bit,15,1.0,1.0
cb_rnn,8,11,incoming_bit,16,1.0,1.0
cb_rnn,8,11,incoming_bit,17,1.0,1.0
cb_rnn,8,11,incoming_bit,18,1.0,1.0
cb_rnn,8,11,incoming_bit,19,1.0,1.0
cb_rnn,8,11,incoming_bit,20,1.0,1.0
cb_rnn,8,11,incoming_bit,21,0.9833333333333333,1.0
cb_rnn,8,11,incoming_bit,22,0.9836065573770492,1.0
cb_rnn,8,11,incoming_bit,23,1.0,1.0
cb_rnn,8,11,incoming_bit,24,1.0,1.0
cb_rnn,8,11,incoming_bit,25,1.0,1.0
cb_rnn,8,11,incoming_bit,26,1.0,1.0
cb_rnn,8,11,incoming_bit,27,1.0,1.0
cb_rnn,8,11,incoming_bit,28,1.0,1.0
cb_rnn,8,11,incoming_bit,29,1.0,1.0
cb_rnn,8,11,incoming_bit,30,1.0,1.0
cb_rnn,8,11,incoming_bit,31,1.0,1.0
cb_rnn,8,11,incoming_bit,32,1.0,1.0
cb_rnn,8,11,incoming_bit,33,1.0,1.0
cb_rnn,8,11,incoming_bit,34,1.0,1.0
cb_rnn,8,11,incoming_bit,35,1.0,1.0
cb_rnn,8,11,incoming_bit,36,1.0,1.0
cb_rnn,8,11,incoming_bit,37,1.0,1.0
cb_rnn,8,11,incoming_bit,38,1.0,1.0
cb_rnn,8,11,incoming_bit,39,1.0,1.0
cb_rnn,8,11,incoming_bit,40,1.0,1.0
cb_rnn,8,11,incoming_bit,41,1.0,1.0
cb_rnn,8,11,incoming_bit,42,1.0,1.0
cb_rnn,8,11,incoming_bit,43,1.0,1.0
cb_rnn,8,11,outgoing_bit,0,0.8533783783783784,0.7775337837837838
cb_rnn,8,11,outgoing_bit,1,0.8090955370778891,0.7648057016799593
cb_rnn,8,11,outgoing_bit,2,0.8122762148337596,0.7208866155157716
cb_rnn,8,11,outgoing_bit,3,0.8363821138211381,0.7586382113821138
cb_rnn,8,11,outgoing_bit,4,0.857174688057041,0.7045454545454546
cb_rnn,8,11,outgoing_bit,5,0.8102564102564104,0.7199554069119287
cb_rnn,8,11,outgoing_bit,6,0.796146953405018,0.7083333333333334
cb_rnn,8,11,outgoing_bit,7,0.8269617706237424,0.6966241895819361
cb_rnn,8,11,outgoing_bit,8,0.8306010928961749,0.701578627808136
cb_rnn,8,11,outgoing_bit,9,0.8568401937046005,0.7835956416464891
cb_rnn,8,11,outgoing_bit,10,0.7876243781094527,0.6393034825870647
cb_rnn,8,11,outgoing_bit,11,0.8282342657342657,0.7027972027972028
cb_rnn,8,11,outgoing_bit,12,0.7060356057316544,0.6009552757273122
cb_rnn,8,11,outgoing_bit,13,0.7678821879382889,0.7875175315568023
cb_rnn,8,11,outgoing_bit,14,0.7941176470588236,0.6421568627450981
cb_rnn,8,11,outgoing_bit,15,0.7945041816009558,0.7729988052568698
cb_rnn,8,11,outgoing_bit,16,0.8100961538461537,0.6598557692307692
cb_rnn,8,11,outgoing_bit,17,0.8061831153388823,0.7051129607609988
cb_rnn,8,11,outgoing_bit,18,0.7507002801120448,0.711484593837535
cb_rnn,8,11,outgoing_bit,19,0.8504155124653741,0.7479224376731302
cb_rnn,8,11,outgoing_bit,20,0.7980769230769231,0.6762820512820513
cb_rnn,8,11,outgoing_bit,21,0.8035714285714286,0.6101190476190477
cb_rnn,8,11,outgoing_bit,22,0.6000000000000001,0.6305555555555554
cb_rnn,8,11,outgoing_bit,23,0.7272727272727273,0.7045454545454545
cb_rnn,8,11,outgoing_bit,24,0.7555555555555556,0.6444444444444445
cb_rnn,8,11,outgoing_bit,25,0.8068181818181818,0.6136363636363636
cb_rnn,8,11,outgoing_bit,26,0.7428571428571429,0.3428571428571428
cb_rnn,8,11,outgoing_bit,27,0.5555555555555556,0.45555555555555555
cb_rnn,8,11,outgoing_bit,28,0.7727272727272727,0.6363636363636364
cb_rnn,8,11,outgoing_bit,29,0.423076923076923,0.4230769230769231
cb_rnn,8,11,outgoing_bit,30,0.6785714285714286,0.6666666666666666
cb_rnn,8,11,outgoing_bit,31,0.48863636363636365,0.4204545454545454
cb_rnn,8,11,outgoing_bit,32,0.711111111111111,0.5111111111111111
cb_rnn,8,11,outgoing_bit,33,,
cb_rnn,8,11,outgoing_bit,34,,
cb_rnn,8,11,outgoing_bit,35,,
cb_rnn,8,11,outgoing_bit,36,,
cb_rnn,8,11,outgoing_bit,37,,
cb_rnn,8,11,outgoing_bit,38,,
cb_rnn,8,11,outgoing_bit,39,,
cb_rnn,8,11,outgoing_bit,40,,
cb_rnn,8,11,outgoing_bit,41,,
cb_rnn,8,11,outgoing_bit,42,,
cb_rnn,8,11,outgoing_bit,43,,
cb_rnn,8,11,next_parity,0,,
cb_rnn,8,11,next_parity,1,0.4975477760865889,0.5619820733975985
cb_rnn,8,11,next_parity,2,0.48943006933874517,0.48215795704380177
cb_rnn,8,11,next_parity,3,0.4877551020408163,0.4770408163265306
cb_rnn,8,11,next_parity,4,0.4848945147679325,0.4519831223628692
cb_rnn,8,11,next_parity,5,0.5363713080168776,0.4914767932489451
cb_rnn,8,11,next_parity,6,0.6158482142857142,0.5453125
cb_rnn,8,11,next_parity,7,0.4782214156079855,0.4618874773139746
cb_rnn,8,11,next_parity,8,0.5436936936936937,0.6162162162162163
cb_rnn,8,11,next_parity,9,0.5317725752508361,0.5411371237458195
cb_rnn,8,11,next_parity,10,0.6545454545454545,0.5854545454545454
cb_rnn,8,11,next_parity,11,0.4525105868118572,0.5251058681185723
cb_rnn,8,11,next_parity,12,0.5943738656987295,0.4513006654567453
cb_rnn,8,11,next_parity,13,0.526797385620915,0.49150326797385624
cb_rnn,8,11,next_parity,14,0.42963286713286714,0.4637237762237762
cb_rnn,8,11,next_parity,15,0.5585399449035813,0.5392561983471075
cb_rnn,8,11,next_parity,16,0.36645962732919257,0.45962732919254656
cb_rnn,8,11,next_parity,17,0.6468489892984542,0.5862068965517242
cb_rnn,8,11,next_parity,18,0.6767676767676768,0.5138888888888888
cb_rnn,8,11,next_parity,19,0.32223543400713434,0.4482758620689655
cb_rnn,8,11,next_parity,20,0.5546218487394958,0.484593837535014
cb_rnn,8,11,next_parity,21,0.4487534626038781,0.4847645429362881
cb_rnn,8,11,next_parity,22,0.453125,0.328125
cb_rnn,8,11,next_parity,23,0.6330532212885155,0.5434173669467788
cb_rnn,8,11,next_parity,24,0.6071428571428572,0.6071428571428571
cb_rnn,8,11,next_parity,25,0.46590909090909094,0.5113636363636364
cb_rnn,8,11,next_parity,26,0.38888888888888884,0.4444444444444444
cb_rnn,8,11,next_parity,27,0.6022727272727273,0.48863636363636365
cb_rnn,8,11,next_parity,28,0.5222222222222223,0.4888888888888888
cb_rnn,8,11,next_parity,29,0.5227272727272727,0.5227272727272727
cb_rnn,8,11,next_parity,30,0.5952380952380951,0.41666666666666663
cb_rnn,8,11,next_parity,31,0.423076923076923,0.4230769230769231
cb_rnn,8,11,next_parity,32,0.5681818181818181,0.5795454545454546
cb_rnn,8,11,next_parity,33,0.5681818181818181,0.5909090909090908
cb_rnn,8,11,next_parity,34,0.35714285714285715,0.11428571428571425
cb_rnn,8,11,next_parity,35,,
cb_rnn,8,11,next_parity,36,,
cb_rnn,8,11,next_parity,37,,
cb_rnn,8,11,next_parity,38,,
cb_rnn,8,11,next_parity,39,,
cb_rnn,8,11,next_parity,40,,
cb_rnn,8,11,next_parity,41,,
cb_rnn,8,11,next_parity,42,,
cb_rnn,8,11,next_parity,43,,
cb_rnn,8,12,incoming_bit,0,1.0,1.0
cb_rnn,8,12,incoming_bit,1,1.0,1.0
cb_rnn,8,12,incoming_bit,2,0.9868421052631579,1.0
cb_rnn,8,12,incoming_bit,3,1.0,1.0
cb_rnn,8,12,incoming_bit,4,1.0,1.0
cb_rnn,8,12,incoming_bit,5,1.0,1.0
cb_rnn,8,12,incoming_bit,6,1.0,1.0
cb_rnn,8,12,incoming_bit,7,1.0,1.0
cb_rnn,8,12,incoming_bit,8,1.0,1.0
cb_rnn,8,12,incoming_bit,9,1.0,1.0
cb_rnn,8,12,incoming_bit,10,1.0,1.0
cb_rnn,8,12,incoming_bit,11,1.0,1.0
cb_rnn,8,12,incoming_bit,12,1.0,1.0
cb_rnn,8,12,incoming_bit,13,1.0,1.0
cb_rnn,8,12,incoming_bit,14,1.0,1.0
cb_rnn,8,12,incoming_bit,15,1.0,1.0
cb_rnn,8,12,incoming_bit,16,1.0,1.0
cb_rnn,8,12,incoming_bit,17,1.0,1.0
cb_rnn,8,12,incoming_bit,18,1.0,1.0
cb_rnn,8,12,incoming_bit,19,1.0,1.0
cb_rnn,8,12,incoming_bit,20,1.0,1.0
cb_rnn,8,12,incoming_bit,21,1.0,1.0
cb_rnn,8,12,incoming_bit,22,1.0,1.0
cb_rnn,8,12,incoming_bit,23,1.0,1.0
cb_rnn,8,12,incoming_bit,24,1.0,1.0
cb_rnn,8,12,incoming_bit,25,1.0,1.0
cb_rnn,8,12,incoming_bit,26,1.0,1.0
cb_rnn,8,12,incoming_bit,27,1.0,1.0
cb_rnn,8,12,incoming_bit,28,1.0,1.0
cb_rnn,8,12,incoming_bit,29,1.0,1.0
cb_rnn,8,12,incoming_bit,30,1.0,1.0
cb_rnn,8,12,incoming_bit,31,1.0,1.0
cb_rnn,8,12,incoming_bit,32,1.0,1.0
cb_rnn,8,12,incoming_bit,33,1.0,1.0
cb_rnn,8,12,incoming_bit,34,1.0,1.0
cb_rnn,8,12,incoming_bit,35,1.0,1.0
cb_rnn,8,12,incoming_bit,36,1.0,1.0
cb_rnn,8,12,incoming_bit,37,1.0,1.0
cb_rnn,8,12,incoming_bit,38,0.9999999999999999,1.0
cb_rnn,8,12,incoming_bit,39,1.0,1.0
cb_rnn,8,12,incoming_bit,40,1.0,1.0
cb_rnn,8,12,incoming_bit,41,1.0,1.0
cb_rnn,8,12,incoming_bit,42,1.0,0.9999999999999999
cb_rnn,8,12,incoming_bit,43,1.0,1.0
cb_rnn,8,12,incoming_bit,44,1.0,1.0
cb_rnn,8,12,incoming_bit,45,1.0,1.0
cb_rnn,8,12,incoming_bit,46,1.0,1.0
cb_rnn,8,12,incoming_bit,47,1.0,1.0
cb_rnn,8,12,incoming_bit,48,1.0,1.0
cb_rnn,8,12,outgoing_bit,0,0.7443181818181819,0.6942148760330579
cb_rnn,8,12,outgoing_bit,1,0.8173913043478261,0.773231031543052
cb_rnn,8,12,outgoing_bit,2,0.8170133603923558,0.728225942837815
cb_rnn,8,12,outgoing_bit,3,0.8043184885290149,0.6963562753036437
cb_rnn,8,12,outgoing_bit,4,0.8723451822043371,0.8209255533199195
cb_rnn,8,12,outgoing_bit,5,0.8082497212931995,0.7857302118171683
cb_rnn,8,12,outgoing_bit,6,0.7430926916221035,0.6751336898395723
cb_rnn,8,12,outgoing_bit,7,0.8136008918617614,0.7360089186176143
cb_rnn,8,12,outgoing_bit,8,0.777882797731569,0.682104599873976
cb_rnn,8,12,outgoing_bit,9,0.8210590383444918,0.7388922702373706
cb_rnn,8,12,outgoing_bit,10,0.7558983666061707,0.6346037507562008
cb_rnn,8,12,outgoing_bit,11,0.7550091074681239,0.6344869459623559
cb_rnn,8,12,outgoing_bit,12,0.7435661764705882,0.6933210784313726
cb_rnn,8,12,outgoing_bit,13,0.841579861111111,0.7157118055555556
cb_rnn,8,12,outgoing_bit,14,0.7972789115646259,0.7217687074829932
cb_rnn,8,12,outgoing_bit,15,0.7210884353741497,0.6183673469387755
cb_rnn,8,12,outgoing_bit,16,0.796221322537112,0.7098515519568152
cb_rnn,8,12,outgoing_bit,17,0.8224489795918367,0.6843537414965987
cb_rnn,8,12,outgoing_bit,18,0.6875843454790824,0.6875843454790822
cb_rnn,8,12,outgoing_bit,19,0.8516260162601627,0.7168021680216802
cb_rnn,8,12,outgoing_bit,20,0.8128378378378378,0.6614864864864866
cb_rnn,8,12,outgoing_bit,21,0.7979591836734694,0.6972789115646258
cb_rnn,8,12,outgoing_bit,22,0.7091767881241565,0.6673414304993253
cb_rnn,8,12,outgoing_bit,23,0.7777777777777778,0.6165311653116531
cb_rnn,8,12,outgoing_bit,24,0.7139001349527665,0.5944669365721997
cb_rnn,8,12,outgoing_bit,25,0.8050964187327824,0.6983471074380165
cb_rnn,8,12,outgoing_bit,26,0.8002699055330634,0.7145748987854251
cb_rnn,8,12,outgoing_bit,27,0.7610192837465565,0.6714876033057852
cb_rnn,8,12,outgoing_bit,28,0.7655405405405405,0.6594594594594595
cb_rnn,8,12,outgoing_bit,29,0.7010796221322536,0.7435897435897436
cb_rnn,8,12,outgoing_bit,30,0.7658569500674763,0.7078272604588395
cb_rnn,8,12,outgoing_bit,31,0.7737127371273713,0.7723577235772359
cb_rnn,8,12,outgoing_bit,32,0.7859078590785908,0.690379403794038
cb_rnn,8,12,outgoing_bit,33,0.7806372549019608,0.7156862745098038
cb_rnn,8,12,outgoing_bit,34,0.7395459976105137,0.6571087216248507
cb_rnn,8,12,outgoing_bit,35,0.7178571428571429,0.5380952380952381
cb_rnn,8,12,outgoing_bit,36,0.5888888888888889,0.3777777777777778
cb_rnn,8,12,outgoing_bit,37,,
cb_rnn,8,12,outgoing_bit,38,,
cb_rnn,8,12,outgoing_bit,39,,
cb_rnn,8,12,outgoing_bit,40,,
cb_rnn,8,12,outgoing_bit,41,,
cb_rnn,8,12,outgoing_bit,42,,
cb_rnn,8,12,outgoing_bit,43,,
cb_rnn,8,12,outgoing_bit,44,,
cb_rnn,8,12,outgoing_bit,45,,
cb_rnn,8,12,outgoing_bit,46,,
cb_rnn,8,12,outgoing_bit,47,,
cb_rnn,8,12,outgoing_bit,48,,
cb_rnn,8,12,next_parity,0,,
cb_rnn,8,12,next_parity,1,0.46244725738396625,0.4229535864978903
cb_rnn,8,12,next_parity,2,0.5287534435261708,0.5129132231404958
cb_rnn,8,12,next_parity,3,0.5019448672416709,0.5122611195670557
cb_rnn,8,12,next_parity,4,0.5296896086369771,0.5025303643724697
cb_rnn,8,12,next_parity,5,0.5030405405405406,0.5037162162162162
cb_rnn,8,12,next_parity,6,0.47393048128342247,0.447192513368984
cb_rnn,8,12,next_parity,7,0.5304347826086957,0.5574136008918616
cb_rnn,8,12,next_parity,8,0.48245025709814443,0.5137491616364855
cb_rnn,8,12,next_parity,9,0.45452503929934873,0.49562092971030763
cb_rnn,8,12,next_parity,10,0.4945222154595253,0.5203895313451004
cb_rnn,8,12,next_parity,11,0.6056466302367942,0.5343047965998786
cb_rnn,8,12,next_parity,12,0.5818624467437614,0.5526475958612295
cb_rnn,8,12,next_parity,13,0.572039072039072,0.4337606837606838
cb_rnn,8,12,next_parity,14,0.481990231990232,0.449023199023199
cb_rnn,8,12,next_parity,15,0.4824142422926618,0.5206252713851498
cb_rnn,8,12,next_parity,16,0.5054719562243501,0.44528043775649795
cb_rnn,8,12,next_parity,17,0.47314049586776863,0.43112947658402206
cb_rnn,8,12,next_parity,18,0.5468319559228649,0.5516528925619835
cb_rnn,8,12,next_parity,19,0.5571428571428572,0.5421768707482993
cb_rnn,8,12,next_parity,20,0.6559507523939808,0.5294117647058822
cb_rnn,8,12,next_parity,21,0.4747545582047686,0.4481065918653576
cb_rnn,8,12,next_parity,22,0.44173441734417346,0.4288617886178862
cb_rnn,8,12,next_parity,23,0.4283783783783784,0.5506756756756758
cb_rnn,8,12,next_parity,24,0.5116279069767442,0.5232558139534884
cb_rnn,8,12,next_parity,25,0.5169376693766937,0.44986449864498645
cb_rnn,8,12,next_parity,26,0.5385135135135135,0.4972972972972973
cb_rnn,8,12,next_parity,27,0.5248226950354609,0.451063829787234
cb_rnn,8,12,next_parity,28,0.6219512195121951,0.49119241192411917
cb_rnn,8,12,next_parity,29,0.5108843537414967,0.5789115646258504
cb_rnn,8,12,next_parity,30,0.4525745257452574,0.4186991869918699
cb_rnn,8,12,next_parity,31,0.5006756756756756,0.49256756756756753
cb_rnn,8,12,next_parity,32,0.4898785425101214,0.46491228070175433
cb_rnn,8,12,next_parity,33,0.4166666666666667,0.4227642276422765
cb_rnn,8,12,next_parity,34,0.5253036437246964,0.5283400809716599
cb_rnn,8,12,next_parity,35,0.5746714456391875,0.4802867383512545
cb_rnn,8,12,next_parity,36,0.41586538461538464,0.4435096153846154
cb_rnn,8,12,next_parity,37,0.3261648745519713,0.36678614097968937
cb_rnn,8,12,next_parity,38,0.7555555555555555,0.6555555555555554
cb_rnn,8,12,next_parity,39,,
cb_rnn,8,12,next_parity,40,,
cb_rnn,8,12,next_parity,41,,
cb_rnn,8,12,next_parity,42,,
cb_rnn,8,12,next_parity,43,,
cb_rnn,8,12,next_parity,44,,
cb_rnn,8,12,next_parity,45,,
cb_rnn,8,12,next_parity,46,,
cb_rnn,8,12,next_parity,47,,
cb_rnn,8,12,next_parity,48,,
cb_rnn,8,13,incoming_bit,0,1.0,1.0
cb_rnn,8,13,incoming_bit,1,1.0,1.0
cb_rnn,8,13,incoming_bit,2,1.0,1.0
cb_rnn,8,13,incoming_bit,3,0.9994939271255061,1.0
cb_rnn,8,13,incoming_bit,4,1.0,1.0
cb_rnn,8,13,incoming_bit,5,1.0,1.0
cb_rnn,8,13,incoming_bit,6,1.0,1.0
cb_rnn,8,13,incoming_bit,7,1.0,1.0
cb_rnn,8,13,incoming_bit,8,1.0,1.0
cb_rnn,8,13,incoming_bit,9,0.9876543209876543,1.0
cb_rnn,8,13,incoming_bit,10,1.0,1.0
cb_rnn,8,13,incoming_bit,11,1.0,1.0
cb_rnn,8,13,incoming_bit,12,1.0,1.0
cb_rnn,8,13,incoming_bit,13,1.0,1.0
cb_rnn,8,13,incoming_bit,14,1.0,1.0
cb_rnn,8,13,incoming_bit,15,1.0,1.0
cb_rnn,8,13,incoming_bit,16,1.0,1.0
cb_rnn,8,13,incoming_bit,17,1.0,1.0
cb_rnn,8,13,incoming_bit,18,1.0,1.0
cb_rnn,8,13,incoming_bit,19,1.0,1.0
cb_rnn,8,13,incoming_bit,20,1.0,1.0
cb_rnn,8,13,incoming_bit,21,1.0,1.0
cb_rnn,8,13,incoming_bit,22,1.0,1.0
cb_rnn,8,13,incoming_bit,23,1.0,1.0
cb_rnn,8,13,incoming_bit,24,1.0,1.0
cb_rnn,8,13,incoming_bit,25,1.0,1.0
cb_rnn,8,13,incoming_bit,26,1.0,1.0
cb_rnn,8,13,incoming_bit,27,1.0,1.0
cb_rnn,8,13,incoming_bit,28,1.0,1.0
cb_rnn,8,13,incoming_bit,29,1.0,1.0
cb_rnn,8,13,incoming_bit,30,1.0,1.0
cb_rnn,8,13,incoming_bit,31,1.0,1.0
cb_rnn,8,13,incoming_bit,32,1.0,1.0
cb_rnn,8,13,incoming_bit,33,1.0,1.0
cb_rnn,8,13,incoming_bit,34,1.0,1.0
cb_rnn,8,13,incoming_bit,35,1.0,1.0
cb_rnn,8,13,incoming_bit,36,1.0,1.0
cb_rnn,8,13,incoming_bit,37,1.0,1.0
cb_rnn,8,13,incoming_bit,38,1.0,1.0
cb_rnn,8,13,incoming_bit,39,1.0,1.0
cb_rnn,8,13,incoming_bit,40,1.0,1.0
cb_rnn,8,13,incoming_bit,41,1.0,1.0
cb_rnn,8,13,incoming_bit,42,0.9999999999999999,1.0
cb_rnn,8,13,incoming_bit,43,0.9999999999999999,1.0
cb_rnn,8,13,incoming_bit,44,1.0,1.0
cb_rnn,8,13,incoming_bit,45,1.0,1.0
cb_rnn,8,13,incoming_bit,46,1.0,1.0
cb_rnn,8,13,incoming_bit,47,1.0,1.0
cb_rnn,8,13,incoming_bit,48,1.0,1.0
cb_rnn,8,13,incoming_bit,49,1.0,1.0
cb_rnn,8,13,incoming_bit,50,1.0,1.0
cb_rnn,8,13,incoming_bit,51,1.0,1.0
cb_rnn,8,13,incoming_bit,52,1.0,1.0
cb_rnn,8,13,outgoing_bit,0,0.8055132758329104,0.7402333840690005
cb_rnn,8,13,outgoing_bit,1,0.7838435374149659,0.7061224489795918
cb_rnn,8,13,outgoing_bit,2,0.8390688259109311,0.7105263157894736
cb_rnn,8,13,outgoing_bit,3,0.7469594594594594,0.6412162162162162
cb_rnn,8,13,outgoing_bit,4,0.8416945373467113,0.7578595317725753
cb_rnn,8,13,outgoing_bit,5,0.838716863443974,0.6990421029182446
cb_rnn,8,13,outgoing_bit,6,0.8079322638146168,0.7791889483065954
cb_rnn,8,13,outgoing_bit,7,0.8299731182795699,0.7056451612903225
cb_rnn,8,13,outgoing_bit,8,0.74909200968523,0.6044188861985472
cb_rnn,8,13,outgoing_bit,9,0.7806060606060605,0.6657575757575758
cb_rnn,8,13,outgoing_bit,10,0.7657575757575757,0.712121212121212
cb_rnn,8,13,outgoing_bit,11,0.8295800365185636,0.8174071819841753
cb_rnn,8,13,outgoing_bit,12,0.8148148148148148,0.7595628415300546
cb_rnn,8,13,outgoing_bit,13,0.7887878787878788,0.7354545454545454
cb_rnn,8,13,outgoing_bit,14,0.7086441421676174,0.8038613426941641
cb_rnn,8,13,outgoing_bit,15,0.8132870169344333,0.7676943117672601
cb_rnn,8,13,outgoing_bit,16,0.7692307692307692,0.7347027972027972
cb_rnn,8,13,outgoing_bit,17,0.6950416849495393,0.6919701623519087
cb_rnn,8,13,outgoing_bit,18,0.7760141093474426,0.7641093474426808
cb_rnn,8,13,outgoing_bit,19,0.7325227963525835,0.678245766391663
cb_rnn,8,13,outgoing_bit,20,0.8617391304347826,0.7608695652173912
cb_rnn,8,13,outgoing_bit,21,0.8209741114523914,0.7472575691092584
cb_rnn,8,13,outgoing_bit,22,0.7237472766884532,0.7246187363834422
cb_rnn,8,13,outgoing_bit,23,0.6873643074250978,0.7016934433347808
cb_rnn,8,13,outgoing_bit,24,0.847740236946029,0.727950855638438
cb_rnn,8,13,outgoing_bit,25,0.7595652173913044,0.6895652173913043
cb_rnn,8,13,outgoing_bit,26,0.8343478260869565,0.8156521739130433
cb_rnn,8,13,outgoing_bit,27,0.7725490196078432,0.7006535947712418
cb_rnn,8,13,outgoing_bit,28,0.8056644880174292,0.6675381263616558
cb_rnn,8,13,outgoing_bit,29,0.7581669691470054,0.6215970961887477
cb_rnn,8,13,outgoing_bit,30,0.8187363834422657,0.7777777777777778
cb_rnn,8,13,outgoing_bit,31,0.8634782608695653,0.7469565217391304
cb_rnn,8,13,outgoing_bit,32,0.777972027972028,0.6704545454545454
cb_rnn,8,13,outgoing_bit,33,0.7847503373819162,0.7152496626180836
cb_rnn,8,13,outgoing_bit,34,0.6728650137741047,0.6831955922865013
cb_rnn,8,13,outgoing_bit,35,0.7412162162162161,0.5864864864864865
cb_rnn,8,13,outgoing_bit,36,0.6361111111111111,0.5861111111111111
cb_rnn,8,13,outgoing_bit,37,0.6555555555555556,0.5333333333333333
cb_rnn,8,13,outgoing_bit,38,0.4777777777777778,0.4111111111111111
cb_rnn,8,13,outgoing_bit,39,0.5,0.4222222222222222
cb_rnn,8,13,outgoing_bit,40,,
cb_rnn,8,13,outgoing_bit,41,,
cb_rnn,8,13,outgoing_bit,42,,
cb_rnn,8,13,outgoing_bit,43,,
cb_rnn,8,13,outgoing_bit,44,,
cb_rnn,8,13,outgoing_bit,45,,
cb_rnn,8,13,outgoing_bit,46,,
cb_rnn,8,13,outgoing_bit,47,,
cb_rnn,8,13,outgoing_bit,48,,
cb_rnn,8,13,outgoing_bit,49,,
cb_rnn,8,13,outgoing_bit,50,,
cb_rnn,8,13,outgoing_bit,51,,
cb_rnn,8,13,outgoing_bit,52,,
cb_rnn,8,13,next_parity,0,,
cb_rnn,8,13,next_parity,1,0.5517299578059072,0.5012658227848101
cb_rnn,8,13,next_parity,2,0.47074468085106386,0.476241134751773
cb_rnn,8,13,next_parity,3,0.5120748299319728,0.4840136054421769
cb_rnn,8,13,next_parity,4,0.4990666892923808,0.5143390463261497
cb_rnn,8,13,next_parity,5,0.4492240215924426,0.47199730094466935
cb_rnn,8,13,next_parity,6,0.5075757575757576,0.5142602495543671
cb_rnn,8,13,next_parity,7,0.5516164994425864,0.5331103678929766
cb_rnn,8,13,next_parity,8,0.43586238323080434,0.44816586921850077
cb_rnn,8,13,next_parity,9,0.5647877835167302,0.5416573096788682
cb_rnn,8,13,next_parity,10,0.5390909090909091,0.5869696969696969
cb_rnn,8,13,next_parity,11,0.5354477611940298,0.4645522388059702
cb_rnn,8,13,next_parity,12,0.5961904761904762,0.4892063492063492
cb_rnn,8,13,next_parity,13,0.460438222763238,0.42544126597687154
cb_rnn,8,13,next_parity,14,0.5919540229885057,0.5556563823351481
cb_rnn,8,13,next_parity,15,0.46237562189054726,0.4001865671641791
cb_rnn,8,13,next_parity,16,0.3921209344938159,0.42601923957856164
cb_rnn,8,13,next_parity,17,0.41608695652173916,0.4521739130434782
cb_rnn,8,13,next_parity,18,0.4444444444444445,0.4074074074074074
cb_rnn,8,13,next_parity,19,0.563834422657952,0.5699346405228758
cb_rnn,8,13,next_parity,20,0.5091783216783217,0.43006993006993005
cb_rnn,8,13,next_parity,21,0.5636126791141989,0.5119409465914025
cb_rnn,8,13,next_parity,22,0.511304347826087,0.5630434782608695
cb_rnn,8,13,next_parity,23,0.5371503496503497,0.5624999999999999
cb_rnn,8,13,next_parity,24,0.513668430335097,0.490299823633157
cb_rnn,8,13,next_parity,25,0.5698447893569846,0.5605321507760532
cb_rnn,8,13,next_parity,26,0.4466783216783217,0.3994755244755245
cb_rnn,8,13,next_parity,27,0.4748677248677249,0.4977954144620811
cb_rnn,8,13,next_parity,28,0.5381944444444444,0.47265625000000006
cb_rnn,8,13,next_parity,29,0.571304347826087,0.561304347826087
cb_rnn,8,13,next_parity,30,0.5247395833333334,0.5151909722222222
cb_rnn,8,13,next_parity,31,0.5407986111111112,0.4388020833333333
cb_rnn,8,13,next_parity,32,0.48762483716891014,0.5692574902301346
cb_rnn,8,13,next_parity,33,0.5865946918578498,0.5537561853351327
cb_rnn,8,13,next_parity,34,0.5145969498910675,0.4997821350762527
cb_rnn,8,13,next_parity,35,0.43918918918918914,0.4817567567567568
cb_rnn,8,13,next_parity,36,0.5216802168021679,0.5033875338753387
cb_rnn,8,13,next_parity,37,0.5236486486486487,0.47027027027027024
cb_rnn,8,13,next_parity,38,0.4285714285714286,0.5014005602240896
cb_rnn,8,13,next_parity,39,0.5384615384615385,0.6666666666666667
cb_rnn,8,13,next_parity,40,0.5357142857142857,0.5595238095238095
cb_rnn,8,13,next_parity,41,0.5454545454545454,0.6136363636363636
cb_rnn,8,13,next_parity,42,,
cb_rnn,8,13,next_parity,43,,
cb_rnn,8,13,next_parity,44,,
cb_rnn,8,13,next_parity,45,,
cb_rnn,8,13,next_parity,46,,
cb_rnn,8,13,next_parity,47,,
cb_rnn,8,13,next_parity,48,,
cb_rnn,8,13,next_parity,49,,
cb_rnn,8,13,next_parity,50,,
cb_rnn,8,13,next_parity,51,,
cb_rnn,8,13,next_parity,52,,
cb_rnn,8,14,incoming_bit,0,1.0,1.0
cb_rnn,8,14,incoming_bit,1,1.0,1.0
cb_rnn,8,14,incoming_bit,2,1.0,1.0
cb_rnn,8,14,incoming_bit,3,1.0,1.0
cb_rnn,8,14,incoming_bit,4,1.0,1.0
cb_rnn,8,14,incoming_bit,5,1.0,1.0
cb_rnn,8,14,incoming_bit,6,1.0,1.0
cb_rnn,8,14,incoming_bit,7,1.0,1.0
cb_rnn,8,14,incoming_bit,8,0.9977528089887641,1.0
cb_rnn,8,14,incoming_bit,9,1.0,1.0
cb_rnn,8,14,incoming_bit,10,1.0,1.0
cb_rnn,8,14,incoming_bit,11,1.0,1.0
cb_rnn,8,14,incoming_bit,12,1.0,1.0
cb_rnn,8,14,incoming_bit,13,1.0,1.0
cb_rnn,8,14,incoming_bit,14,1.0,0.9999999999999998
cb_rnn,8,14,incoming_bit,15,1.0,1.0
cb_rnn,8,14,incoming_bit,16,1.0,1.0
cb_rnn,8,14,incoming_bit,17,1.0,1.0
cb_rnn,8,14,incoming_bit,18,0.9999999999999999,1.0
cb_rnn,8,14,incoming_bit,19,1.0,1.0
cb_rnn,8,14,incoming_bit,20,1.0,1.0
cb_rnn,8,14,incoming_bit,21,1.0,1.0
cb_rnn,8,14,incoming_bit,22,1.0,1.0
cb_rnn,8,14,incoming_bit,23,1.0,1.0
cb_rnn,8,14,incoming_bit,24,1.0,1.0
cb_rnn,8,14,incoming_bit,25,1.0,1.0
cb_rnn,8,14,incoming_bit,26,1.0,1.0
cb_rnn,8,14,incoming_bit,27,1.0,1.0
cb_rnn,8,14,incoming_bit,28,1.0,1.0
cb_rnn,8,14,incoming_bit,29,0.9950090744101633,1.0
cb_rnn,8,14,incoming_bit,30,1.0,1.0
cb_rnn,8,14,incoming_bit,31,1.0,1.0
cb_rnn,8,14,incoming_bit,32,1.0,1.0
cb_rnn,8,14,incoming_bit,33,1.0,1.0
cb_rnn,8,14,incoming_bit,34,1.0,1.0
cb_rnn,8,14,incoming_bit,35,1.0,1.0
cb_rnn,8,14,incoming_bit,36,1.0,1.0
cb_rnn,8,14,incoming_bit,37,1.0,1.0
cb_rnn,8,14,incoming_bit,38,1.0,1.0
cb_rnn,8,14,incoming_bit,39,0.9934782608695651,1.0
cb_rnn,8,14,incoming_bit,40,1.0,1.0
cb_rnn,8,14,incoming_bit,41,1.0,1.0
cb_rnn,8,14,incoming_bit,42,1.0,1.0
cb_rnn,8,14,incoming_bit,43,1.0,1.0
cb_rnn,8,14,incoming_bit,44,1.0,1.0
cb_rnn,8,14,incoming_bit,45,1.0,1.0
cb_rnn,8,14,incoming_bit,46,0.9999999999999999,1.0
cb_rnn,8,14,incoming_bit,47,1.0,1.0
cb_rnn,8,14,incoming_bit,48,1.0,1.0
cb_rnn,8,14,incoming_bit,49,1.0,1.0
cb_rnn,8,14,incoming_bit,50,0.9999999999999999,1.0
cb_rnn,8,14,incoming_bit,51,1.0,1.0
cb_rnn,8,14,incoming_bit,52,1.0,1.0
cb_rnn,8,14,incoming_bit,53,1.0,1.0
cb_rnn,8,14,outgoing_bit,0,0.7918360433604337,0.8182588075880759
cb_rnn,8,14,outgoing_bit,1,0.8354473194655843,0.8048368002705902
cb_rnn,8,14,outgoing_bit,2,0.8216216216216216,0.7505067567567567
cb_rnn,8,14,outgoing_bit,3,0.7532051282051282,0.7088394062078273
cb_rnn,8,14,outgoing_bit,4,0.8345654121863799,0.7661290322580646
cb_rnn,8,14,outgoing_bit,5,0.8151785714285714,0.7816964285714286
cb_rnn,8,14,outgoing_bit,6,0.752005347593583,0.7898841354723708
cb_rnn,8,14,outgoing_bit,7,0.8064290705800139,0.7563475425110644
cb_rnn,8,14,outgoing_bit,8,0.7805250305250305,0.7197802197802198
cb_rnn,8,14,outgoing_bit,9,0.8388480392156863,0.7352941176470588
cb_rnn,8,14,outgoing_bit,10,0.7876923076923076,0.7972307692307692
cb_rnn,8,14,outgoing_bit,11,0.8183201460742544,0.7547169811320755
cb_rnn,8,14,outgoing_bit,12,0.7271062271062272,0.648046398046398
cb_rnn,8,14,outgoing_bit,13,0.7984213721918639,0.7213114754098361
cb_rnn,8,14,outgoing_bit,14,0.8437929454878608,0.7672927164452589
cb_rnn,8,14,outgoing_bit,15,0.7795652173913044,0.6886956521739129
cb_rnn,8,14,outgoing_bit,16,0.7994734532689776,0.6932865291794647
cb_rnn,8,14,outgoing_bit,17,0.8135146994295743,0.8025449758666082
cb_rnn,8,14,outgoing_bit,18,0.7551557700745942,0.679245283018868
cb_rnn,8,14,outgoing_bit,19,0.8480243161094225,0.8376031263569258
cb_rnn,8,14,outgoing_bit,20,0.7132897603485838,0.807843137254902
cb_rnn,8,14,outgoing_bit,21,0.8682926829268293,0.7889135254988914
cb_rnn,8,14,outgoing_bit,22,0.8703703703703703,0.828042328042328
cb_rnn,8,14,outgoing_bit,23,0.8317391304347826,0.8065217391304348
cb_rnn,8,14,outgoing_bit,24,0.7320885801128963,0.6830221450282241
cb_rnn,8,14,outgoing_bit,25,0.7736607142857143,0.7321428571428572
cb_rnn,8,14,outgoing_bit,26,0.7921568627450982,0.792156862745098
cb_rnn,8,14,outgoing_bit,27,0.8180555555555555,0.7837962962962962
cb_rnn,8,14,outgoing_bit,28,0.7973856209150326,0.7176470588235295
cb_rnn,8,14,outgoing_bit,29,0.8509615384615384,0.7652972027972029
cb_rnn,8,14,outgoing_bit,30,0.8459821428571428,0.7741071428571429
cb_rnn,8,14,outgoing_bit,31,0.6918706293706294,0.7722902097902098
cb_rnn,8,14,outgoing_bit,32,0.7412071211463308,0.6856274424663482
cb_rnn,8,14,outgoing_bit,33,0.7367346938775511,0.6462585034013606
cb_rnn,8,14,outgoing_bit,34,0.7533875338753389,0.7154471544715447
cb_rnn,8,14,outgoing_bit,35,0.6209459459459459,0.5587837837837838
cb_rnn,8,14,outgoing_bit,36,0.6302521008403361,0.5630252100840336
cb_rnn,8,14,outgoing_bit,37,0.5909090909090909,0.43181818181818177
cb_rnn,8,14,outgoing_bit,38,0.6904761904761905,0.5952380952380952
cb_rnn,8,14,outgoing_bit,39,0.38888888888888895,0.41111111111111115
cb_rnn,8,14,outgoing_bit,40,,
cb_rnn,8,14,outgoing_bit,41,,
cb_rnn,8,14,outgoing_bit,42,,
cb_rnn,8,14,outgoing_bit,43,,
cb_rnn,8,14,outgoing_bit,44,,
cb_rnn,8,14,outgoing_bit,45,,
cb_rnn,8,14,outgoing_bit,46,,
cb_rnn,8,14,outgoing_bit,47,,
cb_rnn,8,14,outgoing_bit,48,,
cb_rnn,8,14,outgoing_bit,49,,
cb_rnn,8,14,outgoing_bit,50,,
cb_rnn,8,14,outgoing_bit,51,,
cb_rnn,8,14,outgoing_bit,52,,
cb_rnn,8,14,outgoing_bit,53,,
cb_rnn,8,14,next_parity,0,,
cb_rnn,8,14,next_parity,1,0.4788328554562321,0.4869286557598246
cb_rnn,8,14,next_parity,2,0.5588235294117647,0.4955540355677155
cb_rnn,8,14,next_parity,3,0.5408232118758434,0.46794871794871795
cb_rnn,8,14,next_parity,4,0.5469735720375107,0.5635123614663257
cb_rnn,8,14,next_parity,5,0.5413292847503374,0.50472334682861
cb_rnn,8,14,next_parity,6,0.5347641403979432,0.46545942320590206
cb_rnn,8,14,next_parity,7,0.46192090395480223,0.48564971751412433
cb_rnn,8,14,next_parity,8,0.5687458081824279,0.5991504583053878
cb_rnn,8,14,next_parity,9,0.5285204991087343,0.5106951871657754
cb_rnn,8,14,next_parity,10,0.4189857761286333,0.4539270253555967
cb_rnn,8,14,next_parity,11,0.508,0.5384615384615384
cb_rnn,8,14,next_parity,12,0.5427692307692308,0.4643076923076923
cb_rnn,8,14,next_parity,13,0.5581253804017041,0.5693852708460134
cb_rnn,8,14,next_parity,14,0.5102040816326531,0.5089672232529375
cb_rnn,8,14,next_parity,15,0.45399515738498786,0.46156174334140443
cb_rnn,8,14,next_parity,16,0.5117391304347826,0.4995652173913044
cb_rnn,8,14,next_parity,17,0.37962962962962965,0.375462962962963
cb_rnn,8,14,next_parity,18,0.5568181818181818,0.5327797202797203
cb_rnn,8,14,next_parity,19,0.42416225749559083,0.3999118165784833
cb_rnn,8,14,next_parity,20,0.4504347826086956,0.4317391304347826
cb_rnn,8,14,next_parity,21,0.4589732338745064,0.5765686704695042
cb_rnn,8,14,next_parity,22,0.4576048951048951,0.513986013986014
cb_rnn,8,14,next_parity,23,0.4901272487933304,0.5423431329530496
cb_rnn,8,14,next_parity,24,0.5024133391838526,0.5208424747696359
cb_rnn,8,14,next_parity,25,0.53125,0.5455729166666666
cb_rnn,8,14,next_parity,26,0.4939130434782608,0.5347826086956522
cb_rnn,8,14,next_parity,27,0.48924967090829313,0.5190873189995613
cb_rnn,8,14,next_parity,28,0.48782608695652174,0.4895652173913043
cb_rnn,8,14,next_parity,29,0.5844550586191923,0.5688232739904473
cb_rnn,8,14,next_parity,30,0.5198257080610021,0.49411764705882355
cb_rnn,8,14,next_parity,31,0.4986979166666667,0.549045138888889
cb_rnn,8,14,next_parity,32,0.5343478260869565,0.5526086956521739
cb_rnn,8,14,next_parity,33,0.4988913525498891,0.5254988913525499
cb_rnn,8,14,next_parity,34,0.5306122448979591,0.517151541467651
cb_rnn,8,14,next_parity,35,0.4375,0.4777777777777778
cb_rnn,8,14,next_parity,36,0.4505420054200542,0.4173441734417344
cb_rnn,8,14,next_parity,37,0.6274104683195593,0.522038567493113
cb_rnn,8,14,next_parity,38,0.425,0.39722222222222225
cb_rnn,8,14,next_parity,39,0.5,0.5795454545454546
cb_rnn,8,14,next_parity,40,0.5714285714285715,0.6785714285714286
cb_rnn,8,14,next_parity,41,0.6249999999999999,0.6136363636363636
cb_rnn,8,14,next_parity,42,,
cb_rnn,8,14,next_parity,43,,
cb_rnn,8,14,next_parity,44,,
cb_rnn,8,14,next_parity,45,,
cb_rnn,8,14,next_parity,46,,
cb_rnn,8,14,next_parity,47,,
cb_rnn,8,14,next_parity,48,,
cb_rnn,8,14,next_parity,49,,
cb_rnn,8,14,next_parity,50,,
cb_rnn,8,14,next_parity,51,,
cb_rnn,8,14,next_parity,52,,
cb_rnn,8,14,next_parity,53,,
cb_rnn,8,15,incoming_bit,0,1.0,1.0
cb_rnn,8,15,incoming_bit,1,1.0,1.0
cb_rnn,8,15,incoming_bit,2,1.0,1.0
cb_rnn,8,15,incoming_bit,3,1.0,1.0
cb_rnn,8,15,incoming_bit,4,1.0,1.0
cb_rnn,8,15,incoming_bit,5,0.9920728622027323,1.0
cb_rnn,8,15,incoming_bit,6,1.0,1.0
cb_rnn,8,15,incoming_bit,7,1.0,1.0
cb_rnn,8,15,incoming_bit,8,1.0,1.0
cb_rnn,8,15,incoming_bit,9,0.9998313374936751,1.0
cb_rnn,8,15,incoming_bit,10,1.0,1.0
cb_rnn,8,15,incoming_bit,11,1.0,1.0
cb_rnn,8,15,incoming_bit,12,1.0,1.0
cb_rnn,8,15,incoming_bit,13,1.0,1.0
cb_rnn,8,15,incoming_bit,14,1.0,1.0
cb_rnn,8,15,incoming_bit,15,1.0,1.0
cb_rnn,8,15,incoming_bit,16,0.9999999999999999,1.0
cb_rnn,8,15,incoming_bit,17,0.9999999999999999,1.0
cb_rnn,8,15,incoming_bit,18,1.0,1.0
cb_rnn,8,15,incoming_bit,19,1.0,1.0
cb_rnn,8,15,incoming_bit,20,1.0,1.0
cb_rnn,8,15,incoming_bit,21,1.0,1.0
cb_rnn,8,15,incoming_bit,22,1.0,1.0
cb_rnn,8,15,incoming_bit,23,1.0,1.0
cb_rnn,8,15,incoming_bit,24,1.0,1.0
cb_rnn,8,15,incoming_bit,25,1.0,1.0
cb_rnn,8,15,incoming_bit,26,1.0,1.0
cb_rnn,8,15,incoming_bit,27,1.0,1.0
cb_rnn,8,15,incoming_bit,28,1.0,1.0
cb_rnn,8,15,incoming_bit,29,1.0,1.0
cb_rnn,8,15,incoming_bit,30,1.0,1.0
cb_rnn,8,15,incoming_bit,31,1.0,1.0
cb_rnn,8,15,incoming_bit,32,1.0,1.0
cb_rnn,8,15,incoming_bit,33,1.0,1.0
cb_rnn,8,15,incoming_bit,34,1.0,1.0
cb_rnn,8,15,incoming_bit,35,1.0,1.0
cb_rnn,8,15,incoming_bit,36,1.0,1.0
cb_rnn,8,15,incoming_bit,37,1.0,1.0
cb_rnn,8,15,incoming_bit,38,1.0,1.0
cb_rnn,8,15,incoming_bit,39,1.0,1.0
cb_rnn,8,15,incoming_bit,40,1.0,1.0
cb_rnn,8,15,incoming_bit,41,1.0,1.0
cb_rnn,8,15,incoming_bit,42,1.0,1.0
cb_rnn,8,15,incoming_bit,43,1.0,1.0
cb_rnn,8,15,incoming_bit,44,1.0,1.0
cb_rnn,8,15,incoming_bit,45,1.0,1.0
cb_rnn,8,15,incoming_bit,46,1.0,1.0
cb_rnn,8,15,incoming_bit,47,1.0,1.0
cb_rnn,8,15,incoming_bit,48,1.0,1.0
cb_rnn,8,15,incoming_bit,49,1.0,1.0
cb_rnn,8,15,incoming_bit,50,1.0,1.0
cb_rnn,8,15,incoming_bit,51,1.0,1.0
cb_rnn,8,15,incoming_bit,52,1.0,1.0
cb_rnn,8,15,incoming_bit,53,1.0,1.0
cb_rnn,8,15,incoming_bit,54,1.0,1.0
cb_rnn,8,15,incoming_bit,55,1.0,1.0
cb_rnn,8,15,incoming_bit,56,1.0,1.0
cb_rnn,8,15,incoming_bit,57,1.0,1.0
cb_rnn,8,15,incoming_bit,58,1.0,1.0
cb_rnn,8,15,incoming_bit,59,1.0,1.0
cb_rnn,8,15,outgoing_bit,0,0.8073316283034953,0.7106564364876387
cb_rnn,8,15,outgoing_bit,1,0.8127853881278538,0.7765939455437173
cb_rnn,8,15,outgoing_bit,2,0.8544801641586868,0.7058823529411764
cb_rnn,8,15,outgoing_bit,3,0.8022941970310391,0.8017881241565451
cb_rnn,8,15,outgoing_bit,4,0.8012920472265537,0.7311205168188906
cb_rnn,8,15,outgoing_bit,5,0.7509476031215161,0.6512820512820513
cb_rnn,8,15,outgoing_bit,6,0.7803790412486064,0.6816053511705685
cb_rnn,8,15,outgoing_bit,7,0.7617336626993039,0.662474736132944
cb_rnn,8,15,outgoing_bit,8,0.8309090909090909,0.6615151515151514
cb_rnn,8,15,outgoing_bit,9,0.8208864602307225,0.7289010321797207
cb_rnn,8,15,outgoing_bit,10,0.7295482295482296,0.6587301587301587
cb_rnn,8,15,outgoing_bit,11,0.7870538415003024,0.7368421052631579
cb_rnn,8,15,outgoing_bit,12,0.6893509766855703,0.7189666036546943
cb_rnn,8,15,outgoing_bit,13,0.7484737484737484,0.7173382173382173
cb_rnn,8,15,outgoing_bit,14,0.8221153846153846,0.784965034965035
cb_rnn,8,15,outgoing_bit,15,0.865047233468286,0.7723796671165092
cb_rnn,8,15,outgoing_bit,16,0.7802865827181936,0.7194963091619626
cb_rnn,8,15,outgoing_bit,17,0.8440087145969498,0.8008714596949891
cb_rnn,8,15,outgoing_bit,18,0.7346938775510203,0.7946157186278767
cb_rnn,8,15,outgoing_bit,19,0.7336551118911803,0.6827555945590171
cb_rnn,8,15,outgoing_bit,20,0.759548611111111,0.7916666666666666
cb_rnn,8,15,outgoing_bit,21,0.8302214502822405,0.7186278766825879
cb_rnn,8,15,outgoing_bit,22,0.8142857142857143,0.6745535714285713
cb_rnn,8,15,outgoing_bit,23,0.7924107142857142,0.7218749999999999
cb_rnn,8,15,outgoing_bit,24,0.804602692140686,0.6699956578376032
cb_rnn,8,15,outgoing_bit,25,0.769865392965697,0.5683890577507599
cb_rnn,8,15,outgoing_bit,26,0.7638392857142857,0.7950892857142857
cb_rnn,8,15,outgoing_bit,27,0.7524967433782024,0.7238384715588363
cb_rnn,8,15,outgoing_bit,28,0.7934782608695653,0.7317391304347826
cb_rnn,8,15,outgoing_bit,29,0.8142482517482518,0.6840034965034966
cb_rnn,8,15,outgoing_bit,30,0.8094405594405595,0.7478146853146853
cb_rnn,8,15,outgoing_bit,31,0.8155210643015521,0.7534368070953437
cb_rnn,8,15,outgoing_bit,32,0.8407441016333939,0.6851179673321234
cb_rnn,8,15,outgoing_bit,33,0.7766531713900134,0.6727395411605939
cb_rnn,8,15,outgoing_bit,34,0.7307162534435262,0.6825068870523416
cb_rnn,8,15,outgoing_bit,35,0.6666666666666666,0.6217687074829932
cb_rnn,8,15,outgoing_bit,36,0.7127272727272728,0.6412121212121212
cb_rnn,8,15,outgoing_bit,37,0.5907692307692307,0.676923076923077
cb_rnn,8,15,outgoing_bit,38,0.523545706371191,0.44321329639889195
cb_rnn,8,15,outgoing_bit,39,0.6703601108033241,0.706371191135734
cb_rnn,8,15,outgoing_bit,40,0.8111111111111111,0.7222222222222222
cb_rnn,8,15,outgoing_bit,41,0.4358974358974359,0.3589743589743589
cb_rnn,8,15,outgoing_bit,42,0.6142857142857143,0.4571428571428572
cb_rnn,8,15,outgoing_bit,43,0.41025641025641024,0.3846153846153846
cb_rnn,8,15,outgoing_bit,44,0.8636363636363636,0.875
cb_rnn,8,15,outgoing_bit,45,,
cb_rnn,8,15,outgoing_bit,46,,
cb_rnn,8,15,outgoing_bit,47,,
cb_rnn,8,15,outgoing_bit,48,,
cb_rnn,8,15,outgoing_bit,49,,
cb_rnn,8,15,outgoing_bit,50,,
cb_rnn,8,15,outgoing_bit,51,,
cb_rnn,8,15,outgoing_bit,52,,
cb_rnn,8,15,outgoing_bit,53,,
cb_rnn,8,15,outgoing_bit,54,,
cb_rnn,8,15,outgoing_bit,55,,
cb_rnn,8,15,outgoing_bit,56,,
cb_rnn,8,15,outgoing_bit,57,,
cb_rnn,8,15,outgoing_bit,58,,
cb_rnn,8,15,outgoing_bit,59,,
cb_rnn,8,15,next_parity,0,,
cb_rnn,8,15,next_parity,1,0.5381205673758865,0.500886524822695
cb_rnn,8,15,next_parity,2,0.6333333333333333,0.5817708333333332
cb_rnn,8,15,next_parity,3,0.5726626016260163,0.4974593495934959
cb_rnn,8,15,next_parity,4,0.4447278911564626,0.46836734693877546
cb_rnn,8,15,next_parity,5,0.4369932432432432,0.5155405405405405
cb_rnn,8,15,next_parity,6,0.4783482142857143,0.44888392857142856
cb_rnn,8,15,next_parity,7,0.4784838350055741,0.49944258639910816
cb_rnn,8,15,next_parity,8,0.426747311827957,0.49507168458781364
cb_rnn,8,15,next_parity,9,0.4961015816440187,0.5370906660726219
cb_rnn,8,15,next_parity,10,0.48365617433414043,0.5033292978208233
cb_rnn,8,15,next_parity,11,0.5242130750605326,0.46912832929782083
cb_rnn,8,15,next_parity,12,0.5822746521476104,0.5187537810042347
cb_rnn,8,15,next_parity,13,0.46610696517412936,0.4645522388059702
cb_rnn,8,15,next_parity,14,0.36182598039215685,0.33057598039215685
cb_rnn,8,15,next_parity,15,0.4642857142857143,0.4722222222222223
cb_rnn,8,15,next_parity,16,0.5987841945288754,0.579244463742944
cb_rnn,8,15,next_parity,17,0.5207231040564374,0.5687830687830688
cb_rnn,8,15,next_parity,18,0.45969498910675377,0.4392156862745098
cb_rnn,8,15,next_parity,19,0.4800347222222222,0.5390625
cb_rnn,8,15,next_parity,20,0.5273913043478261,0.4521739130434782
cb_rnn,8,15,next_parity,21,0.46347826086956523,0.4673913043478261
cb_rnn,8,15,next_parity,22,0.5008741258741259,0.4715909090909091
cb_rnn,8,15,next_parity,23,0.5497177594442032,0.4963091619626574
cb_rnn,8,15,next_parity,24,0.5228758169934641,0.514161220043573
cb_rnn,8,15,next_parity,25,0.5434782608695652,0.4339130434782608
cb_rnn,8,15,next_parity,26,0.5290465631929047,0.4572062084257207
cb_rnn,8,15,next_parity,27,0.4409171075837743,0.4911816578483245
cb_rnn,8,15,next_parity,28,0.6274944567627494,0.585809312638581
cb_rnn,8,15,next_parity,29,0.42616407982261645,0.44168514412416854
cb_rnn,8,15,next_parity,30,0.5634782608695652,0.6113043478260869
cb_rnn,8,15,next_parity,31,0.5922709509335649,0.4989144594007816
cb_rnn,8,15,next_parity,32,0.48458532349109856,0.5445071645679549
cb_rnn,8,15,next_parity,33,0.518668466036887,0.4718848403058929
cb_rnn,8,15,next_parity,34,0.5125868055555556,0.5251736111111112
cb_rnn,8,15,next_parity,35,0.554719562243502,0.38372093023255816
cb_rnn,8,15,next_parity,36,0.5472972972972974,0.5804054054054054
cb_rnn,8,15,next_parity,37,0.5128378378378378,0.5574324324324323
cb_rnn,8,15,next_parity,38,0.5444711538461537,0.4855769230769231
cb_rnn,8,15,next_parity,39,0.5654761904761905,0.6309523809523809
cb_rnn,8,15,next_parity,40,0.5490196078431373,0.38655462184873957
cb_rnn,8,15,next_parity,41,0.32132963988919666,0.36288088642659283
cb_rnn,8,15,next_parity,42,0.4,0.3833333333333333
cb_rnn,8,15,next_parity,43,0.5568181818181819,0.6590909090909091
cb_rnn,8,15,next_parity,44,0.3717948717948718,0.41025641025641024
cb_rnn,8,15,next_parity,45,0.6071428571428572,0.5119047619047619
cb_rnn,8,15,next_parity,46,0.38636363636363635,0.3522727272727273
cb_rnn,8,15,next_parity,47,,
cb_rnn,8,15,next_parity,48,,
cb_rnn,8,15,next_parity,49,,
cb_rnn,8,15,next_parity,50,,
cb_rnn,8,15,next_parity,51,,
cb_rnn,8,15,next_parity,52,,
cb_rnn,8,15,next_parity,53,,
cb_rnn,8,15,next_parity,54,,
cb_rnn,8,15,next_parity,55,,
cb_rnn,8,15,next_parity,56,,
cb_rnn,8,15,next_parity,57,,
cb_rnn,8,15,next_parity,58,,
cb_rnn,8,15,next_parity,59,,
