arch,seed,N,group_i,group_j,cosine,dist_per_unit
cb_rnn,1,2,0,0,0.9999999570428645,0.0
cb_rnn,1,2,0,1,0.782879517858496,0.041827449045133865
cb_rnn,1,2,0,2,0.9864682407474347,0.010187855391132658
cb_rnn,1,2,0,3,0.7666228299058984,0.04254390570046861
cb_rnn,1,2,0,4,0.8435959656647469,0.033202033757994034
cb_rnn,1,2,0,5,0.9833178209170419,0.010988564677637458
cb_rnn,1,2,0,6,0.8322198182768766,0.033930451968428595
cb_rnn,1,2,0,7,0.9748754963668421,0.013458089441070527
cb_rnn,1,2,1,0,0.782879517858496,0.041827449045133865
cb_rnn,1,2,1,1,0.9999999637972596,0.0
cb_rnn,1,2,1,2,0.7906179350437718,0.04054839126404422
cb_rnn,1,2,1,3,0.9908860918871348,0.008936602039660903
cb_rnn,1,2,1,4,0.9924361700698431,0.010681034467694635
cb_rnn,1,2,1,5,0.8771613960108181,0.031631665098146036
cb_rnn,1,2,1,6,0.9842822193912864,0.014511915352586401
cb_rnn,1,2,1,7,0.8816351309352259,0.031004129626280436
cb_rnn,1,2,2,0,0.9864682407474347,0.010187855391132658
cb_rnn,1,2,2,1,0.7906179350437718,0.04054839126404422
cb_rnn,1,2,2,2,0.9999999519771889,0.0
cb_rnn,1,2,2,3,0.7744467193959438,0.04110228176725689
cb_rnn,1,2,2,4,0.8529390998049439,0.03126803735375979
cb_rnn,1,2,2,5,0.972942108686122,0.013907661602663308
cb_rnn,1,2,2,6,0.844524754845596,0.031520034608002845
cb_rnn,1,2,2,7,0.9823891113772395,0.010835997156915324
cb_rnn,1,2,3,0,0.7666228299058984,0.04254390570046861
cb_rnn,1,2,3,1,0.9908860918871348,0.008936602039660903
cb_rnn,1,2,3,2,0.7744467193959438,0.04110228176725689
cb_rnn,1,2,3,3,0.9999999616759168,0.0
cb_rnn,1,2,3,4,0.9814979412837449,0.013018917959330476
cb_rnn,1,2,3,5,0.8609626814500202,0.032856786226938016
cb_rnn,1,2,3,6,0.991002875701172,0.011259575868974286
cb_rnn,1,2,3,7,0.8701511762077854,0.03155912518459507
cb_rnn,1,2,4,0,0.8435959656647469,0.033202033757994034
cb_rnn,1,2,4,1,0.9924361700698431,0.010681034467694635
cb_rnn,1,2,4,2,0.8529390998049439,0.03126803735375979
cb_rnn,1,2,4,3,0.9814979412837449,0.013018917959330476
cb_rnn,1,2,4,4,0.9999999538649746,0.0
cb_rnn,1,2,4,5,0.9215893872636324,0.02345356607153713
cb_rnn,1,2,4,6,0.9908171174536469,0.008053435504152846
cb_rnn,1,2,4,7,0.9271558563820304,0.022175095102765784
cb_rnn,1,2,5,0,0.9833178209170419,0.010988564677637458
cb_rnn,1,2,5,1,0.8771613960108181,0.031631665098146036
cb_rnn,1,2,5,2,0.972942108686122,0.013907661602663308
cb_rnn,1,2,5,3,0.8609626814500202,0.032856786226938016
cb_rnn,1,2,5,4,0.9215893872636324,0.02345356607153713
cb_rnn,1,2,5,5,0.9999999565094639,0.0
cb_rnn,1,2,5,6,0.9082395775112386,0.02512691697897902
cb_rnn,1,2,5,7,0.9927755244294946,0.007349411134440696
cb_rnn,1,2,6,0,0.8322198182768766,0.033930451968428595
cb_rnn,1,2,6,1,0.9842822193912864,0.014511915352586401
cb_rnn,1,2,6,2,0.844524754845596,0.031520034608002845
cb_rnn,1,2,6,3,0.991002875701172,0.011259575868974286
cb_rnn,1,2,6,4,0.9908171174536469,0.008053435504152846
cb_rnn,1,2,6,5,0.9082395775112386,0.02512691697897902
cb_rnn,1,2,6,6,0.9999999500798523,0.0
cb_rnn,1,2,6,7,0.9205058265456634,0.02280407290382334
cb_rnn,1,2,7,0,0.9748754963668421,0.013458089441070527
cb_rnn,1,2,7,1,0.8816351309352259,0.031004129626280436
cb_rnn,1,2,7,2,0.9823891113772395,0.010835997156915324
cb_rnn,1,2,7,3,0.8701511762077854,0.03155912518459507
cb_rnn,1,2,7,4,0.9271558563820304,0.022175095102765784
cb_rnn,1,2,7,5,0.9927755244294946,0.007349411134440696
cb_rnn,1,2,7,6,0.9205058265456634,0.02280407290382334
cb_rnn,1,2,7,7,0.999999953541093,0.0
cb_rnn,1,3,0,0,0.9999999983533167,0.0
cb_rnn,1,3,0,1,0.8547423353102859,0.15991489527642044
cb_rnn,1,3,0,2,0.9408433553250564,0.12269747934418303
cb_rnn,1,3,0,3,0.31021118355825106,0.3270856995079099
cb_rnn,1,3,0,4,0.9406217240672082,0.11354817468259176
cb_rnn,1,3,0,5,0.9731684969977963,0.07133976094651898
cb_rnn,1,3,0,6,0.20380693180504192,0.33549835151997165
cb_rnn,1,3,0,7,0.8212766662045223,0.17805598242205017
cb_rnn,1,3,1,0,0.8547423353102859,0.15991489527642044
cb_rnn,1,3,1,1,0.9999999977953229,0.0
cb_rnn,1,3,1,2,0.9173426349856607,0.107652614862312
cb_rnn,1,3,1,3,0.6593741958223034,0.21066033555303573
cb_rnn,1,3,1,4,0.9643809104581345,0.07131241242594996
cb_rnn,1,3,1,5,0.9273305349406619,0.10923722288703028
cb_rnn,1,3,1,6,0.5071255603809963,0.24132672816861644
cb_rnn,1,3,1,7,0.9372508254401299,0.09615787243144079
cb_rnn,1,3,2,0,0.9408433553250564,0.12269747934418303
cb_rnn,1,3,2,1,0.9173426349856607,0.107652614862312
cb_rnn,1,3,2,2,0.9999999969222289,0.0
cb_rnn,1,3,2,3,0.5330737927800941,0.22587039088055855
cb_rnn,1,3,2,4,0.9418894674126453,0.08267501747601746
cb_rnn,1,3,2,5,0.9561496247786967,0.10082606352082989
cb_rnn,1,3,2,6,0.42705340047840695,0.23325323185335314
cb_rnn,1,3,2,7,0.9420606313487846,0.07654787600271408
cb_rnn,1,3,3,0,0.31021118355825106,0.3270856995079099
cb_rnn,1,3,3,1,0.6593741958223034,0.21066033555303573
cb_rnn,1,3,3,2,0.5330737927800941,0.22587039088055855
cb_rnn,1,3,3,3,0.9999999973155197,0.0
cb_rnn,1,3,3,4,0.521836753505682,0.23802568877467364
cb_rnn,1,3,3,5,0.49937371085210847,0.2701776471257896
cb_rnn,1,3,3,6,0.9632263595294038,0.0686475731031088
cb_rnn,1,3,3,7,0.7736075403702058,0.15746890648908227
cb_rnn,1,3,4,0,0.9406217240672082,0.11354817468259176
cb_rnn,1,3,4,1,0.9643809104581345,0.07131241242594996
cb_rnn,1,3,4,2,0.9418894674126453,0.08267501747601746
cb_rnn,1,3,4,3,0.521836753505682,0.23802568877467364
cb_rnn,1,3,4,4,0.9999999974071885,0.0
cb_rnn,1,3,4,5,0.9680906168667861,0.08186692954422786
cb_rnn,1,3,4,6,0.40032550512606224,0.251080941614425
cb_rnn,1,3,4,7,0.896377223271854,0.10890816588672525
cb_rnn,1,3,5,0,0.9731684969977963,0.07133976094651898
cb_rnn,1,3,5,1,0.9273305349406619,0.10923722288703028
cb_rnn,1,3,5,2,0.9561496247786967,0.10082606352082989
cb_rnn,1,3,5,3,0.49937371085210847,0.2701776471257896
cb_rnn,1,3,5,4,0.9680906168667861,0.08186692954422786
cb_rnn,1,3,5,5,0.9999999981632676,0.0
cb_rnn,1,3,5,6,0.3851054357540751,0.2862757144629239
cb_rnn,1,3,5,7,0.9113378885597132,0.12700931954553077
cb_rnn,1,3,6,0,0.20380693180504192,0.33549835151997165
cb_rnn,1,3,6,1,0.5071255603809963,0.24132672816861644
cb_rnn,1,3,6,2,0.42705340047840695,0.23325323185335314
cb_rnn,1,3,6,3,0.9632263595294038,0.0686475731031088
cb_rnn,1,3,6,4,0.40032550512606224,0.251080941614425
cb_rnn,1,3,6,5,0.3851054357540751,0.2862757144629239
cb_rnn,1,3,6,6,0.9999999964499332,0.0
cb_rnn,1,3,6,7,0.672778764355943,0.17612958112077104
cb_rnn,1,3,7,0,0.8212766662045223,0.17805598242205017
cb_rnn,1,3,7,1,0.9372508254401299,0.09615787243144079
cb_rnn,1,3,7,2,0.9420606313487846,0.07654787600271408
cb_rnn,1,3,7,3,0.7736075403702058,0.15746890648908227
cb_rnn,1,3,7,4,0.896377223271854,0.10890816588672525
cb_rnn,1,3,7,5,0.9113378885597132,0.12700931954553077
cb_rnn,1,3,7,6,0.672778764355943,0.17612958112077104
cb_rnn,1,3,7,7,0.9999999968968332,0.0
cb_rnn,1,4,0,0,0.9999999989347768,0.0
cb_rnn,1,4,0,1,0.7794569428021529,0.2680296504882894
cb_rnn,1,4,0,2,0.750285496807674,0.26808499657078577
cb_rnn,1,4,0,3,0.7737993752431612,0.24662592169617148
cb_rnn,1,4,0,4,0.7243846799472716,0.30693971680368376
cb_rnn,1,4,0,5,0.9410531013797512,0.13240742497215427
cb_rnn,1,4,0,6,0.7350112585922641,0.27310418569086997
cb_rnn,1,4,0,7,0.8500905696516887,0.20274236060470785
cb_rnn,1,4,1,0,0.7794569428021529,0.2680296504882894
cb_rnn,1,4,1,1,0.9999999991057424,0.0
cb_rnn,1,4,1,2,0.9177242328958148,0.1662392126295561
cb_rnn,1,4,1,3,0.4784024421332134,0.39313259906446657
cb_rnn,1,4,1,4,0.9745913497520676,0.09732609050360246
cb_rnn,1,4,1,5,0.8674165140511964,0.20951069119032903
cb_rnn,1,4,1,6,0.4108894716200456,0.42775723306429103
cb_rnn,1,4,1,7,0.8620302459976432,0.2123424735515658
cb_rnn,1,4,2,0,0.750285496807674,0.26808499657078577
cb_rnn,1,4,2,1,0.9177242328958148,0.1662392126295561
cb_rnn,1,4,2,2,0.9999999988914705,0.0
cb_rnn,1,4,2,3,0.5756748309999898,0.3313150527624061
cb_rnn,1,4,2,4,0.8911439504182904,0.19721641932583334
cb_rnn,1,4,2,5,0.7811772723506236,0.2527180054708471
cb_rnn,1,4,2,6,0.5080548148066769,0.36783253155691187
cb_rnn,1,4,2,7,0.9585607455023424,0.10783694797713701
cb_rnn,1,4,3,0,0.7737993752431612,0.24662592169617148
cb_rnn,1,4,3,1,0.4784024421332134,0.39313259906446657
cb_rnn,1,4,3,2,0.5756748309999898,0.3313150527624061
cb_rnn,1,4,3,3,0.9999999986542591,0.0
cb_rnn,1,4,3,4,0.4061232139088161,0.42932256630848287
cb_rnn,1,4,3,5,0.6959622702198923,0.28732841699888567
cb_rnn,1,4,3,6,0.9758330118738088,0.08166189277435573
cb_rnn,1,4,3,7,0.7543614338743893,0.2407735344349731
cb_rnn,1,4,4,0,0.7243846799472716,0.30693971680368376
cb_rnn,1,4,4,1,0.9745913497520676,0.09732609050360246
cb_rnn,1,4,4,2,0.8911439504182904,0.19721641932583334
cb_rnn,1,4,4,3,0.4061232139088161,0.42932256630848287
cb_rnn,1,4,4,4,0.9999999991702757,0.0
cb_rnn,1,4,4,5,0.8559161127431616,0.22499818732014393
cb_rnn,1,4,4,6,0.38001483400566205,0.4489724954781751
cb_rnn,1,4,4,7,0.8118428882945828,0.2534500455971779
cb_rnn,1,4,5,0,0.9410531013797512,0.13240742497215427
cb_rnn,1,4,5,1,0.8674165140511964,0.20951069119032903
cb_rnn,1,4,5,2,0.7811772723506236,0.2527180054708471
cb_rnn,1,4,5,3,0.6959622702198923,0.28732841699888567
cb_rnn,1,4,5,4,0.8559161127431616,0.22499818732014393
cb_rnn,1,4,5,5,0.9999999989608812,0.0
cb_rnn,1,4,5,6,0.6826133010038629,0.30095384189504276
cb_rnn,1,4,5,7,0.8340205430232445,0.2151505747004199
cb_rnn,1,4,6,0,0.7350112585922641,0.27310418569086997
cb_rnn,1,4,6,1,0.4108894716200456,0.42775723306429103
cb_rnn,1,4,6,2,0.5080548148066769,0.36783253155691187
cb_rnn,1,4,6,3,0.9758330118738088,0.08166189277435573
cb_rnn,1,4,6,4,0.38001483400566205,0.4489724954781751
cb_rnn,1,4,6,5,0.6826133010038629,0.30095384189504276
cb_rnn,1,4,6,6,0.9999999988338559,0.0
cb_rnn,1,4,6,7,0.6921567786776914,0.2800074197114084
cb_rnn,1,4,7,0,0.8500905696516887,0.20274236060470785
cb_rnn,1,4,7,1,0.8620302459976432,0.2123424735515658
cb_rnn,1,4,7,2,0.9585607455023424,0.10783694797713701
cb_rnn,1,4,7,3,0.7543614338743893,0.2407735344349731
cb_rnn,1,4,7,4,0.8118428882945828,0.2534500455971779
cb_rnn,1,4,7,5,0.8340205430232445,0.2151505747004199
cb_rnn,1,4,7,6,0.6921567786776914,0.2800074197114084
cb_rnn,1,4,7,7,0.999999998695837,0.0
cb_rnn,1,5,0,0,0.9999999994751355,0.0
cb_rnn,1,5,0,1,0.863112595775315,0.27936104794850797
cb_rnn,1,5,0,2,0.7534823163928211,0.35900520363036853
cb_rnn,1,5,0,3,0.8976828717905103,0.24306053942052155
cb_rnn,1,5,0,4,0.830520649600472,0.3039599597079961
cb_rnn,1,5,0,5,0.984912232944179,0.10107197258686265
cb_rnn,1,5,0,6,0.8743358549060768,0.2991106585700215
cb_rnn,1,5,0,7,0.8081267230792519,0.32282557081203156
cb_rnn,1,5,1,0,0.863112595775315,0.27936104794850797
cb_rnn,1,5,1,1,0.9999999991345094,0.0
cb_rnn,1,5,1,2,0.8878882808720764,0.20129354386044307
cb_rnn,1,5,1,3,0.6825896541255448,0.3897066431346405
cb_rnn,1,5,1,4,0.9749272884147189,0.100115623540842
cb_rnn,1,5,1,5,0.773549480526276,0.36389061286906016
cb_rnn,1,5,1,6,0.6362107702438898,0.4765063977631028
cb_rnn,1,5,1,7,0.8501315674083898,0.2290625193614545
cb_rnn,1,5,2,0,0.7534823163928211,0.35900520363036853
cb_rnn,1,5,2,1,0.8878882808720764,0.20129354386044307
cb_rnn,1,5,2,2,0.9999999991361787,0.0
cb_rnn,1,5,2,3,0.7578636924634666,0.343915634100376
cb_rnn,1,5,2,4,0.8877701818231942,0.20776169656084936
cb_rnn,1,5,2,5,0.6667444202033721,0.4295319765272625
cb_rnn,1,5,2,6,0.7206467386109373,0.4275891839225108
cb_rnn,1,5,2,7,0.9767221614069231,0.09137206116792393
cb_rnn,1,5,3,0,0.8976828717905103,0.24306053942052155
cb_rnn,1,5,3,1,0.6825896541255448,0.3897066431346405
cb_rnn,1,5,3,2,0.7578636924634666,0.343915634100376
cb_rnn,1,5,3,3,0.9999999994342121,0.0
cb_rnn,1,5,3,4,0.6695955200999855,0.4017726857237967
cb_rnn,1,5,3,5,0.9137894846260153,0.2329298147011354
cb_rnn,1,5,3,6,0.9937190998268215,0.11082750968315826
cb_rnn,1,5,3,7,0.8578054155347579,0.273113985503933
cb_rnn,1,5,4,0,0.830520649600472,0.3039599597079961
cb_rnn,1,5,4,1,0.9749272884147189,0.100115623540842
cb_rnn,1,5,4,2,0.8877701818231942,0.20776169656084936
cb_rnn,1,5,4,3,0.6695955200999855,0.4017726857237967
cb_rnn,1,5,4,4,0.9999999992185583,0.0
cb_rnn,1,5,4,5,0.7316355962339528,0.39188617693859135
cb_rnn,1,5,4,6,0.6386544236331615,0.4771501940524227
cb_rnn,1,5,4,7,0.8430566222298029,0.24279390582728547
cb_rnn,1,5,5,0,0.984912232944179,0.10107197258686265
cb_rnn,1,5,5,1,0.773549480526276,0.36389061286906016
cb_rnn,1,5,5,2,0.6667444202033721,0.4295319765272625
cb_rnn,1,5,5,3,0.9137894846260153,0.2329298147011354
cb_rnn,1,5,5,4,0.7316355962339528,0.39188617693859135
cb_rnn,1,5,5,5,0.9999999995248373,0.0
cb_rnn,1,5,5,6,0.8982815504929337,0.2714843343899948
cb_rnn,1,5,5,7,0.7535995715905861,0.37757309597622757
cb_rnn,1,5,6,0,0.8743358549060768,0.2991106585700215
cb_rnn,1,5,6,1,0.6362107702438898,0.4765063977631028
cb_rnn,1,5,6,2,0.7206467386109373,0.4275891839225108
cb_rnn,1,5,6,3,0.9937190998268215,0.11082750968315826
cb_rnn,1,5,6,4,0.6386544236331615,0.4771501940524227
cb_rnn,1,5,6,5,0.8982815504929337,0.2714843343899948
cb_rnn,1,5,6,6,0.9999999995884282,0.0
cb_rnn,1,5,6,7,0.8268627095800191,0.36043024783768635
cb_rnn,1,5,7,0,0.8081267230792519,0.32282557081203156
cb_rnn,1,5,7,1,0.8501315674083898,0.2290625193614545
cb_rnn,1,5,7,2,0.9767221614069231,0.09137206116792393
cb_rnn,1,5,7,3,0.8578054155347579,0.273113985503933
cb_rnn,1,5,7,4,0.8430566222298029,0.24279390582728547
cb_rnn,1,5,7,5,0.7535995715905861,0.37757309597622757
cb_rnn,1,5,7,6,0.8268627095800191,0.36043024783768635
cb_rnn,1,5,7,7,0.9999999990719718,0.0
cb_rnn,1,6,0,0,0.9999999995974995,0.0
cb_rnn,1,6,0,1,0.8562596163611956,0.3488764037507723
cb_rnn,1,6,0,2,0.6906575242049617,0.45069667014005027
cb_rnn,1,6,0,3,0.926111471752722,0.23731671001570756
cb_rnn,1,6,0,4,0.8540698719584116,0.33509118199499105
cb_rnn,1,6,0,5,0.9961427995381622,0.06916060468411654
cb_rnn,1,6,0,6,0.9184294540430794,0.25974100007682266
cb_rnn,1,6,0,7,0.8344165075658082,0.3637038712812361
cb_rnn,1,6,1,0,0.8562596163611956,0.3488764037507723
cb_rnn,1,6,1,1,0.9999999990176907,0.0
cb_rnn,1,6,1,2,0.7922327777678132,0.26474868019311376
cb_rnn,1,6,1,3,0.7766409843230505,0.3436972693027747
cb_rnn,1,6,1,4,0.995469407220651,0.06271047147144503
cb_rnn,1,6,1,5,0.8503930337695134,0.31814879918658373
cb_rnn,1,6,1,6,0.7250389237550768,0.45682670060562963
cb_rnn,1,6,1,7,0.8571257133317102,0.21352022666990342
cb_rnn,1,6,2,0,0.6906575242049617,0.45069667014005027
cb_rnn,1,6,2,1,0.7922327777678132,0.26474868019311376
cb_rnn,1,6,2,2,0.9999999991150049,0.0
cb_rnn,1,6,2,3,0.8404210903044762,0.2973062237887556
cb_rnn,1,6,2,4,0.7903905815324623,0.2818689749216024
cb_rnn,1,6,2,5,0.6715840868636239,0.42965365753422496
cb_rnn,1,6,2,6,0.7991779976489676,0.40640341107273437
cb_rnn,1,6,2,7,0.9656990403466061,0.10925753072280792
cb_rnn,1,6,3,0,0.926111471752722,0.23731671001570756
cb_rnn,1,6,3,1,0.7766409843230505,0.3436972693027747
cb_rnn,1,6,3,2,0.8404210903044762,0.2973062237887556
cb_rnn,1,6,3,3,0.9999999994725597,0.0
cb_rnn,1,6,3,4,0.778061881702555,0.3427162287519387
cb_rnn,1,6,3,5,0.919726034620633,0.22735449088206544
cb_rnn,1,6,3,6,0.9931532803850752,0.13021519156400072
cb_rnn,1,6,3,7,0.9351755131480388,0.22144167282120963
cb_rnn,1,6,4,0,0.8540698719584116,0.33509118199499105
cb_rnn,1,6,4,1,0.995469407220651,0.06271047147144503
cb_rnn,1,6,4,2,0.7903905815324623,0.2818689749216024
cb_rnn,1,6,4,3,0.778061881702555,0.3427162287519387
cb_rnn,1,6,4,4,0.999999999217887,0.0
cb_rnn,1,6,4,5,0.851532832599083,0.3065907440482414
cb_rnn,1,6,4,6,0.731340507665746,0.4472752769756005
cb_rnn,1,6,4,7,0.8601963648014586,0.22846649482133533
cb_rnn,1,6,5,0,0.9961427995381622,0.06916060468411654
cb_rnn,1,6,5,1,0.8503930337695134,0.31814879918658373
cb_rnn,1,6,5,2,0.6715840868636239,0.42965365753422496
cb_rnn,1,6,5,3,0.919726034620633,0.22735449088206544
cb_rnn,1,6,5,4,0.851532832599083,0.3065907440482414
cb_rnn,1,6,5,5,0.9999999995327786,0.0
cb_rnn,1,6,5,6,0.9147476364547155,0.26507534137762134
cb_rnn,1,6,5,7,0.8246192828216727,0.3360374676409655
cb_rnn,1,6,6,0,0.9184294540430794,0.25974100007682266
cb_rnn,1,6,6,1,0.7250389237550768,0.45682670060562963
cb_rnn,1,6,6,2,0.7991779976489676,0.40640341107273437
cb_rnn,1,6,6,3,0.9931532803850752,0.13021519156400072
cb_rnn,1,6,6,4,0.731340507665746,0.4472752769756005
cb_rnn,1,6,6,5,0.9147476364547155,0.26507534137762134
cb_rnn,1,6,6,6,0.9999999996349014,0.0
cb_rnn,1,6,6,7,0.9034359400983817,0.33932044562121577
cb_rnn,1,6,7,0,0.8344165075658082,0.3637038712812361
cb_rnn,1,6,7,1,0.8571257133317102,0.21352022666990342
cb_rnn,1,6,7,2,0.9656990403466061,0.10925753072280792
cb_rnn,1,6,7,3,0.9351755131480388,0.22144167282120963
cb_rnn,1,6,7,4,0.8601963648014586,0.22846649482133533
cb_rnn,1,6,7,5,0.8246192828216727,0.3360374676409655
cb_rnn,1,6,7,6,0.9034359400983817,0.33932044562121577
cb_rnn,1,6,7,7,0.9999999990235916,0.0
cb_rnn,1,7,0,0,0.999999999412012,0.0
cb_rnn,1,7,0,1,0.8408961225378553,0.304552231671547
cb_rnn,1,7,0,2,0.6251471637729767,0.40480324634306974
cb_rnn,1,7,0,3,0.8834971610402831,0.2416450570343866
cb_rnn,1,7,0,4,0.8424750680509207,0.2886722888944845
cb_rnn,1,7,0,5,0.9970384563604203,0.047491514179098054
cb_rnn,1,7,0,6,0.9047199192275908,0.23972147133385766
cb_rnn,1,7,0,7,0.7398764568249508,0.3476046761876128
cb_rnn,1,7,1,0,0.8408961225378553,0.304552231671547
cb_rnn,1,7,1,1,0.9999999983879942,0.0
cb_rnn,1,7,1,2,0.7574476972756821,0.24179888343389244
cb_rnn,1,7,1,3,0.6885844685414699,0.3368964793291329
cb_rnn,1,7,1,4,0.9941856679408216,0.056915956879723374
cb_rnn,1,7,1,5,0.8280322219490939,0.2887607278471931
cb_rnn,1,7,1,6,0.6805436280043841,0.4183032273193744
cb_rnn,1,7,1,7,0.7577534826769662,0.23687349699815677
cb_rnn,1,7,2,0,0.6251471637729767,0.40480324634306974
cb_rnn,1,7,2,1,0.7574476972756821,0.24179888343389244
cb_rnn,1,7,2,2,0.999999998838475,0.0
cb_rnn,1,7,2,3,0.7966822058728544,0.280724192067917
cb_rnn,1,7,2,4,0.7696000905510173,0.24538192610228368
cb_rnn,1,7,2,5,0.5903333216348869,0.4015556763579254
cb_rnn,1,7,2,6,0.7560347882599502,0.3727959598078076
cb_rnn,1,7,2,7,0.9697667603761025,0.08952773138654001
cb_rnn,1,7,3,0,0.8834971610402831,0.2416450570343866
cb_rnn,1,7,3,1,0.6885844685414699,0.3368964793291329
cb_rnn,1,7,3,2,0.7966822058728544,0.280724192067917
cb_rnn,1,7,3,3,0.9999999992756228,0.0
cb_rnn,1,7,3,4,0.6931770400665,0.33643183652037334
cb_rnn,1,7,3,5,0.87084087411416,0.24304720691954235
cb_rnn,1,7,3,6,0.993446373478393,0.11419889040376802
cb_rnn,1,7,3,7,0.9083049848967225,0.2045905877699585
cb_rnn,1,7,4,0,0.8424750680509207,0.2886722888944845
cb_rnn,1,7,4,1,0.9941856679408216,0.056915956879723374
cb_rnn,1,7,4,2,0.7696000905510173,0.24538192610228368
cb_rnn,1,7,4,3,0.6931770400665,0.33643183652037334
cb_rnn,1,7,4,4,0.999999998763784,0.0
cb_rnn,1,7,4,5,0.8270983906671892,0.27834544680559553
cb_rnn,1,7,4,6,0.6917421938172068,0.40759619781946566
cb_rnn,1,7,4,7,0.767066557541053,0.24341630223722802
cb_rnn,1,7,5,0,0.9970384563604203,0.047491514179098054
cb_rnn,1,7,5,1,0.8280322219490939,0.2887607278471931
cb_rnn,1,7,5,2,0.5903333216348869,0.4015556763579254
cb_rnn,1,7,5,3,0.87084087411416,0.24304720691954235
cb_rnn,1,7,5,4,0.8270983906671892,0.27834544680559553
cb_rnn,1,7,5,5,0.9999999993434018,0.0
cb_rnn,1,7,5,6,0.8935381579196179,0.25299073091302887
cb_rnn,1,7,5,7,0.7149706062319535,0.34117910456723166
cb_rnn,1,7,6,0,0.9047199192275908,0.23972147133385766
cb_rnn,1,7,6,1,0.6805436280043841,0.4183032273193744
cb_rnn,1,7,6,2,0.7560347882599502,0.3727959598078076
cb_rnn,1,7,6,3,0.993446373478393,0.11419889040376802
cb_rnn,1,7,6,4,0.6917421938172068,0.40759619781946566
cb_rnn,1,7,6,5,0.8935381579196179,0.25299073091302887
cb_rnn,1,7,6,6,0.9999999995061816,0.0
cb_rnn,1,7,6,7,0.8776150205848262,0.3019770841049678
cb_rnn,1,7,7,0,0.7398764568249508,0.3476046761876128
cb_rnn,1,7,7,1,0.7577534826769662,0.23687349699815677
cb_rnn,1,7,7,2,0.9697667603761025,0.08952773138654001
cb_rnn,1,7,7,3,0.9083049848967225,0.2045905877699585
cb_rnn,1,7,7,4,0.767066557541053,0.24341630223722802
cb_rnn,1,7,7,5,0.7149706062319535,0.34117910456723166
cb_rnn,1,7,7,6,0.8776150205848262,0.3019770841049678
cb_rnn,1,7,7,7,0.9999999987789271,0.0
cb_rnn,1,8,0,0,0.999999999144486,0.0
cb_rnn,1,8,0,1,0.7261682584359825,0.30061770624482387
cb_rnn,1,8,0,2,0.3631452064076332,0.43330659273502425
cb_rnn,1,8,0,3,0.7723162727346864,0.28836484776625176
cb_rnn,1,8,0,4,0.8244560294543881,0.2532200243962425
cb_rnn,1,8,0,5,0.9959943915013768,0.04440973285844281
cb_rnn,1,8,0,6,0.835976010875744,0.2649063068583065
cb_rnn,1,8,0,7,0.4502643399798562,0.40005587618347904
cb_rnn,1,8,1,0,0.7261682584359825,0.30061770624482387
cb_rnn,1,8,1,1,0.9999999974340249,0.0
cb_rnn,1,8,1,2,0.6054027644362893,0.2641835637791618
cb_rnn,1,8,1,3,0.5152532562544293,0.3671715263950205
cb_rnn,1,8,1,4,0.9764244980215386,0.0645076641099194
cb_rnn,1,8,1,5,0.6873527105972681,0.33132634102169234
cb_rnn,1,8,1,6,0.5324787267710158,0.4067753752403189
cb_rnn,1,8,1,7,0.5856982777185266,0.2612288767575603
cb_rnn,1,8,2,0,0.3631452064076332,0.43330659273502425
cb_rnn,1,8,2,1,0.6054027644362893,0.2641835637791618
cb_rnn,1,8,2,2,0.9999999985304785,0.0
cb_rnn,1,8,2,3,0.7343939115959269,0.29027380201815733
cb_rnn,1,8,2,4,0.5939871704930804,0.2753352400562869
cb_rnn,1,8,2,5,0.3281839724839565,0.4597135235683579
cb_rnn,1,8,2,6,0.664338250140982,0.3591705168686704
cb_rnn,1,8,2,7,0.9832490284600449,0.05997603180603474
cb_rnn,1,8,3,0,0.7723162727346864,0.28836484776625176
cb_rnn,1,8,3,1,0.5152532562544293,0.3671715263950205
cb_rnn,1,8,3,2,0.7343939115959269,0.29027380201815733
cb_rnn,1,8,3,3,0.999999999144209,0.0
cb_rnn,1,8,3,4,0.6113989940278597,0.33850931711435533
cb_rnn,1,8,3,5,0.7651736008488527,0.3006668951726444
cb_rnn,1,8,3,6,0.9849910886881779,0.09480593665340077
cb_rnn,1,8,3,7,0.8229031514134562,0.24590140581369316
cb_rnn,1,8,4,0,0.8244560294543881,0.2532200243962425
cb_rnn,1,8,4,1,0.9764244980215386,0.0645076641099194
cb_rnn,1,8,4,2,0.5939871704930804,0.2753352400562869
cb_rnn,1,8,4,3,0.6113989940278597,0.33850931711435533
cb_rnn,1,8,4,4,0.9999999979685023,0.0
cb_rnn,1,8,4,5,0.7947317308070775,0.28330374561555005
cb_rnn,1,8,4,6,0.6497228372180873,0.3668815403921897
cb_rnn,1,8,4,7,0.5983721907316379,0.2662174554846064
cb_rnn,1,8,5,0,0.9959943915013768,0.04440973285844281
cb_rnn,1,8,5,1,0.6873527105972681,0.33132634102169234
cb_rnn,1,8,5,2,0.3281839724839565,0.4597135235683579
cb_rnn,1,8,5,3,0.7651736008488527,0.3006668951726444
cb_rnn,1,8,5,4,0.7947317308070775,0.28330374561555005
cb_rnn,1,8,5,5,0.9999999992224557,0.0
cb_rnn,1,8,5,6,0.8366177744634832,0.2672305105888633
cb_rnn,1,8,5,7,0.4257865311353648,0.4234754643686315
cb_rnn,1,8,6,0,0.835976010875744,0.2649063068583065
cb_rnn,1,8,6,1,0.5324787267710158,0.4067753752403189
cb_rnn,1,8,6,2,0.664338250140982,0.3591705168686704
cb_rnn,1,8,6,3,0.9849910886881779,0.09480593665340077
cb_rnn,1,8,6,4,0.6497228372180873,0.3668815403921897
cb_rnn,1,8,6,5,0.8366177744634832,0.2672305105888633
cb_rnn,1,8,6,6,0.9999999993231034,0.0
cb_rnn,1,8,6,7,0.7650174296871607,0.3142627521195384
cb_rnn,1,8,7,0,0.4502643399798562,0.40005587618347904
cb_rnn,1,8,7,1,0.5856982777185266,0.2612288767575603
cb_rnn,1,8,7,2,0.9832490284600449,0.05997603180603474
cb_rnn,1,8,7,3,0.8229031514134562,0.24590140581369316
cb_rnn,1,8,7,4,0.5983721907316379,0.2662174554846064
cb_rnn,1,8,7,5,0.4257865311353648,0.4234754643686315
cb_rnn,1,8,7,6,0.7650174296871607,0.3142627521195384
cb_rnn,1,8,7,7,0.9999999984006839,0.0
cb_rnn,1,9,0,0,0.9999999991436772,0.0
cb_rnn,1,9,0,1,0.7651998423774637,0.290621585387349
cb_rnn,1,9,0,2,0.23267542446273737,0.5013502233669852
cb_rnn,1,9,0,3,0.7182635910857332,0.32524751425472354
cb_rnn,1,9,0,4,0.8241436862746964,0.2531638243414254
cb_rnn,1,9,0,5,0.9948816489849123,0.04414625152803364
cb_rnn,1,9,0,6,0.7541147143946686,0.32559456504332196
cb_rnn,1,9,0,7,0.31856091720886925,0.4658124725204306
cb_rnn,1,9,1,0,0.7651998423774637,0.290621585387349
cb_rnn,1,9,1,1,0.9999999971187353,0.0
cb_rnn,1,9,1,2,0.45552441603068916,0.3435563708761456
cb_rnn,1,9,1,3,0.5189254948852428,0.37524010033810345
cb_rnn,1,9,1,4,0.9869411697941903,0.060644235214140585
cb_rnn,1,9,1,5,0.710218876457783,0.3148884081597841
cb_rnn,1,9,1,6,0.5261964277843872,0.41513096237864777
cb_rnn,1,9,1,7,0.46032173666266757,0.33152081271762185
cb_rnn,1,9,2,0,0.23267542446273737,0.5013502233669852
cb_rnn,1,9,2,1,0.45552441603068916,0.3435563708761456
cb_rnn,1,9,2,2,0.9999999989181595,0.0
cb_rnn,1,9,2,3,0.7370021645204279,0.3020092804004204
cb_rnn,1,9,2,4,0.4723291618136303,0.34901023851479446
cb_rnn,1,9,2,5,0.19756208978816345,0.517480689170418
cb_rnn,1,9,2,6,0.7011311900790353,0.3496317761008541
cb_rnn,1,9,2,7,0.9898483270478776,0.054899155697510534
cb_rnn,1,9,3,0,0.7182635910857332,0.32524751425472354
cb_rnn,1,9,3,1,0.5189254948852428,0.37524010033810345
cb_rnn,1,9,3,2,0.7370021645204279,0.3020092804004204
cb_rnn,1,9,3,3,0.9999999991889817,0.0
cb_rnn,1,9,3,4,0.5892874656195441,0.35512079259669893
cb_rnn,1,9,3,5,0.7230195947649618,0.32497215715827593
cb_rnn,1,9,3,6,0.9938311206915823,0.07062604617976166
cb_rnn,1,9,3,7,0.8166976905329245,0.2534140163528687
cb_rnn,1,9,4,0,0.8241436862746964,0.2531638243414254
cb_rnn,1,9,4,1,0.9869411697941903,0.060644235214140585
cb_rnn,1,9,4,2,0.4723291618136303,0.34901023851479446
cb_rnn,1,9,4,3,0.5892874656195441,0.35512079259669893
cb_rnn,1,9,4,4,0.9999999979706893,0.0
cb_rnn,1,9,4,5,0.7764910779119312,0.28006265701335975
cb_rnn,1,9,4,6,0.6089593209395405,0.3870824022817689
cb_rnn,1,9,4,7,0.4917856577764498,0.3335105465707159
cb_rnn,1,9,5,0,0.9948816489849123,0.04414625152803364
cb_rnn,1,9,5,1,0.710218876457783,0.3148884081597841
cb_rnn,1,9,5,2,0.19756208978816345,0.517480689170418
cb_rnn,1,9,5,3,0.7230195947649618,0.32497215715827593
cb_rnn,1,9,5,4,0.7764910779119312,0.28006265701335975
cb_rnn,1,9,5,5,0.9999999991713637,0.0
cb_rnn,1,9,5,6,0.761610761657286,0.32207564216094786
cb_rnn,1,9,5,7,0.2932783257512621,0.4790304284574294
cb_rnn,1,9,6,0,0.7541147143946686,0.32559456504332196
cb_rnn,1,9,6,1,0.5261964277843872,0.41513096237864777
cb_rnn,1,9,6,2,0.7011311900790353,0.3496317761008541
cb_rnn,1,9,6,3,0.9938311206915823,0.07062604617976166
cb_rnn,1,9,6,4,0.6089593209395405,0.3870824022817689
cb_rnn,1,9,6,5,0.761610761657286,0.32207564216094786
cb_rnn,1,9,6,6,0.999999999342246,0.0
cb_rnn,1,9,6,7,0.7867056048362528,0.3013647343657034
cb_rnn,1,9,7,0,0.31856091720886925,0.4658124725204306
cb_rnn,1,9,7,1,0.46032173666266757,0.33152081271762185
cb_rnn,1,9,7,2,0.9898483270478776,0.054899155697510534
cb_rnn,1,9,7,3,0.8166976905329245,0.2534140163528687
cb_rnn,1,9,7,4,0.4917856577764498,0.3335105465707159
cb_rnn,1,9,7,5,0.2932783257512621,0.4790304284574294
cb_rnn,1,9,7,6,0.7867056048362528,0.3013647343657034
cb_rnn,1,9,7,7,0.9999999988358834,0.0
cb_rnn,1,10,0,0,0.9999999990689752,0.0
cb_rnn,1,10,0,1,0.7315740871706673,0.2937868715329591
cb_rnn,1,10,0,2,0.06857486936047567,0.566380878691472
cb_rnn,1,10,0,3,0.574904040458921,0.38600250973683436
cb_rnn,1,10,0,4,0.737632820219254,0.28551910073139014
cb_rnn,1,10,0,5,0.9977617666571054,0.030241000316233675
cb_rnn,1,10,0,6,0.6206479344758186,0.4085238093592208
cb_rnn,1,10,0,7,0.15487274597501952,0.5334539620183932
cb_rnn,1,10,1,0,0.7315740871706673,0.2937868715329591
cb_rnn,1,10,1,1,0.9999999964080508,0.0
cb_rnn,1,10,1,2,0.2879092751242296,0.4118323924550974
cb_rnn,1,10,1,3,0.40871542427243895,0.3911356818411596
cb_rnn,1,10,1,4,0.9905409989458464,0.03787539708882869
cb_rnn,1,10,1,5,0.724204954017369,0.2840041714216795
cb_rnn,1,10,1,6,0.39733803982867694,0.46501576110697784
cb_rnn,1,10,1,7,0.2949068913045053,0.4022940748494933
cb_rnn,1,10,2,0,0.06857486936047567,0.566380878691472
cb_rnn,1,10,2,1,0.2879092751242296,0.4118323924550974
cb_rnn,1,10,2,2,0.999999999115086,0.0
cb_rnn,1,10,2,3,0.7940197932343044,0.27193959513169447
cb_rnn,1,10,2,4,0.33451529441559974,0.40628087980626626
cb_rnn,1,10,2,5,0.060135033971457544,0.5597574282326689
cb_rnn,1,10,2,6,0.7383577085031698,0.34480002124449755
cb_rnn,1,10,2,7,0.9917074162695232,0.0543080633898694
cb_rnn,1,10,3,0,0.574904040458921,0.38600250973683436
cb_rnn,1,10,3,1,0.40871542427243895,0.3911356818411596
cb_rnn,1,10,3,2,0.7940197932343044,0.27193959513169447
cb_rnn,1,10,3,3,0.9999999991427786,0.0
cb_rnn,1,10,3,4,0.4542694959206422,0.3821828995274967
cb_rnn,1,10,3,5,0.5717204686021921,0.3817778194778074
cb_rnn,1,10,3,6,0.9928512179202073,0.09721412656122211
cb_rnn,1,10,3,7,0.8598310813665898,0.22235666972271514
cb_rnn,1,10,4,0,0.737632820219254,0.28551910073139014
cb_rnn,1,10,4,1,0.9905409989458464,0.03787539708882869
cb_rnn,1,10,4,2,0.33451529441559974,0.40628087980626626
cb_rnn,1,10,4,3,0.4542694959206422,0.3821828995274967
cb_rnn,1,10,4,4,0.9999999970820265,0.0
cb_rnn,1,10,4,5,0.7318107428535502,0.2760719488082277
cb_rnn,1,10,4,6,0.4460050458633949,0.45351972818941033
cb_rnn,1,10,4,7,0.3450335906060775,0.3960029826692733
cb_rnn,1,10,5,0,0.9977617666571054,0.030241000316233675
cb_rnn,1,10,5,1,0.724204954017369,0.2840041714216795
cb_rnn,1,10,5,2,0.060135033971457544,0.5597574282326689
cb_rnn,1,10,5,3,0.5717204686021921,0.3817778194778074
cb_rnn,1,10,5,4,0.7318107428535502,0.2760719488082277
cb_rnn,1,10,5,5,0.9999999990033005,0.0
cb_rnn,1,10,5,6,0.6154547807763547,0.4081055621880052
cb_rnn,1,10,5,7,0.1489627723866969,0.526484059592512
cb_rnn,1,10,6,0,0.6206479344758186,0.4085238093592208
cb_rnn,1,10,6,1,0.39733803982867694,0.46501576110697784
cb_rnn,1,10,6,2,0.7383577085031698,0.34480002124449755
cb_rnn,1,10,6,3,0.9928512179202073,0.09721412656122211
cb_rnn,1,10,6,4,0.4460050458633949,0.45351972818941033
cb_rnn,1,10,6,5,0.6154547807763547,0.4081055621880052
cb_rnn,1,10,6,6,0.9999999993913529,0.0
cb_rnn,1,10,6,7,0.8120378993593049,0.29569680380763247
cb_rnn,1,10,7,0,0.15487274597501952,0.5334539620183932
cb_rnn,1,10,7,1,0.2949068913045053,0.4022940748494933
cb_rnn,1,10,7,2,0.9917074162695232,0.0543080633898694
cb_rnn,1,10,7,3,0.8598310813665898,0.22235666972271514
cb_rnn,1,10,7,4,0.3450335906060775,0.3960029826692733
cb_rnn,1,10,7,5,0.1489627723866969,0.526484059592512
cb_rnn,1,10,7,6,0.8120378993593049,0.29569680380763247
cb_rnn,1,10,7,7,0.999999999074875,0.0
cb_rnn,1,11,0,0,0.9999999990614787,0.0
cb_rnn,1,11,0,1,0.5752751501160531,0.3345170626635361
cb_rnn,1,11,0,2,0.025936273781312993,0.6539087647616546
cb_rnn,1,11,0,3,0.4599579904397885,0.5055668168263077
cb_rnn,1,11,0,4,0.6853603132971948,0.30264939082034453
cb_rnn,1,11,0,5,0.9970484151668552,0.031885776442707486
cb_rnn,1,11,0,6,0.5159197548065144,0.503479288706259
cb_rnn,1,11,0,7,0.057874313468493886,0.6442799848540501
cb_rnn,1,11,1,0,0.5752751501160531,0.3345170626635361
cb_rnn,1,11,1,1,0.9999999965258182,0.0
cb_rnn,1,11,1,2,0.210410367946187,0.5201637454263336
cb_rnn,1,11,1,3,0.21040183784853347,0.5372780362947503
cb_rnn,1,11,1,4,0.979802383064858,0.04475403278314269
cb_rnn,1,11,1,5,0.538708693590654,0.34790633417583583
cb_rnn,1,11,1,6,0.2220596753017444,0.5649951018075389
cb_rnn,1,11,1,7,0.19042235051125211,0.5254073339453694
cb_rnn,1,11,2,0,0.025936273781312993,0.6539087647616546
cb_rnn,1,11,2,1,0.210410367946187,0.5201637454263336
cb_rnn,1,11,2,2,0.9999999994258745,0.0
cb_rnn,1,11,2,3,0.851673984992443,0.2897580612227512
cb_rnn,1,11,2,4,0.23389412493942646,0.5169899876754956
cb_rnn,1,11,2,5,0.00296259062395038,0.6642701553937779
cb_rnn,1,11,2,6,0.8128997461730183,0.3383167731891416
cb_rnn,1,11,2,7,0.9970034170176437,0.040443854555245864
cb_rnn,1,11,3,0,0.4599579904397885,0.5055668168263077
cb_rnn,1,11,3,1,0.21040183784853347,0.5372780362947503
cb_rnn,1,11,3,2,0.851673984992443,0.2897580612227512
cb_rnn,1,11,3,3,0.9999999994647296,0.0
cb_rnn,1,11,3,4,0.30197371972616777,0.5184241559613787
cb_rnn,1,11,3,5,0.4511149178513374,0.510957429125813
cb_rnn,1,11,3,6,0.9952896554383885,0.06307898995003829
cb_rnn,1,11,3,7,0.8777685806442618,0.26335404523056394
cb_rnn,1,11,4,0,0.6853603132971948,0.30264939082034453
cb_rnn,1,11,4,1,0.979802383064858,0.04475403278314269
cb_rnn,1,11,4,2,0.23389412493942646,0.5169899876754956
cb_rnn,1,11,4,3,0.30197371972616777,0.5184241559613787
cb_rnn,1,11,4,4,0.9999999968321567,0.0
cb_rnn,1,11,4,5,0.6534721388826437,0.3160568374227159
cb_rnn,1,11,4,6,0.3236960169718468,0.5432834705204672
cb_rnn,1,11,4,7,0.22183296242267964,0.5206858432221904
cb_rnn,1,11,5,0,0.9970484151668552,0.031885776442707486
cb_rnn,1,11,5,1,0.538708693590654,0.34790633417583583
cb_rnn,1,11,5,2,0.00296259062395038,0.6642701553937779
cb_rnn,1,11,5,3,0.4511149178513374,0.510957429125813
cb_rnn,1,11,5,4,0.6534721388826437,0.3160568374227159
cb_rnn,1,11,5,5,0.9999999990829204,0.0
cb_rnn,1,11,5,6,0.5091731200893596,0.5077118244233031
cb_rnn,1,11,5,7,0.03853656965652156,0.6534890251190272
cb_rnn,1,11,6,0,0.5159197548065144,0.503479288706259
cb_rnn,1,11,6,1,0.2220596753017444,0.5649951018075389
cb_rnn,1,11,6,2,0.8128997461730183,0.3383167731891416
cb_rnn,1,11,6,3,0.9952896554383885,0.06307898995003829
cb_rnn,1,11,6,4,0.3236960169718468,0.5432834705204672
cb_rnn,1,11,6,5,0.5091731200893596,0.5077118244233031
cb_rnn,1,11,6,6,0.999999999523922,0.0
cb_rnn,1,11,6,7,0.843386832461667,0.3103562617607686
cb_rnn,1,11,7,0,0.057874313468493886,0.6442799848540501
cb_rnn,1,11,7,1,0.19042235051125211,0.5254073339453694
cb_rnn,1,11,7,2,0.9970034170176437,0.040443854555245864
cb_rnn,1,11,7,3,0.8777685806442618,0.26335404523056394
cb_rnn,1,11,7,4,0.22183296242267964,0.5206858432221904
cb_rnn,1,11,7,5,0.03853656965652156,0.6534890251190272
cb_rnn,1,11,7,6,0.843386832461667,0.3103562617607686
cb_rnn,1,11,7,7,0.9999999994282872,0.0
cb_rnn,1,12,0,0,0.9999999986250848,0.0
cb_rnn,1,12,0,1,0.45191512273786755,0.3038567638105354
cb_rnn,1,12,0,2,-0.04802264255268014,0.763174233646061
cb_rnn,1,12,0,3,0.2861289136575593,0.6134969163185168
cb_rnn,1,12,0,4,0.5515003692248284,0.2816336213289492
cb_rnn,1,12,0,5,0.9974911778669638,0.023914358481732498
cb_rnn,1,12,0,6,0.31626596664324486,0.6550025273356763
cb_rnn,1,12,0,7,-0.049891056565475524,0.7352713209286128
cb_rnn,1,12,1,0,0.45191512273786755,0.3038567638105354
cb_rnn,1,12,1,1,0.9999999959273954,0.0
cb_rnn,1,12,1,2,0.17179990620053204,0.6637041873378191
cb_rnn,1,12,1,3,0.11550613974968588,0.6263886296228429
cb_rnn,1,12,1,4,0.9868054283119236,0.03272939200250885
cb_rnn,1,12,1,5,0.42756925615874203,0.3071446681478338
cb_rnn,1,12,1,6,0.0875767459834177,0.6892786827471482
cb_rnn,1,12,1,7,0.1560854459724502,0.6363845534340536
cb_rnn,1,12,2,0,-0.04802264255268014,0.763174233646061
cb_rnn,1,12,2,1,0.17179990620053204,0.6637041873378191
cb_rnn,1,12,2,2,0.9999999996505575,0.0
cb_rnn,1,12,2,3,0.9145527698045776,0.27053880396688
cb_rnn,1,12,2,4,0.1641795091870776,0.6659411654706217
cb_rnn,1,12,2,5,-0.06156485555810456,0.7659872924914749
cb_rnn,1,12,2,6,0.8921844116854429,0.31286769914301304
cb_rnn,1,12,2,7,0.9976005236813621,0.055299872600583076
cb_rnn,1,12,3,0,0.2861289136575593,0.6134969163185168
cb_rnn,1,12,3,1,0.11550613974968588,0.6263886296228429
cb_rnn,1,12,3,2,0.9145527698045776,0.27053880396688
cb_rnn,1,12,3,3,0.9999999995909277,0.0
cb_rnn,1,12,3,4,0.15908035898422765,0.6188031929024843
cb_rnn,1,12,3,5,0.2799784546290226,0.6149489091611634
cb_rnn,1,12,3,6,0.9974489386713455,0.07591897318275229
cb_rnn,1,12,3,7,0.9183548944197961,0.2542084931092295
cb_rnn,1,12,4,0,0.5515003692248284,0.2816336213289492
cb_rnn,1,12,4,1,0.9868054283119236,0.03272939200250885
cb_rnn,1,12,4,2,0.1641795091870776,0.6659411654706217
cb_rnn,1,12,4,3,0.15908035898422765,0.6188031929024843
cb_rnn,1,12,4,4,0.9999999961470264,0.0
cb_rnn,1,12,4,5,0.5296282567426999,0.28493943326976745
cb_rnn,1,12,4,6,0.13713705545835592,0.680514474147798
cb_rnn,1,12,4,7,0.15196314438912756,0.63807142770729
cb_rnn,1,12,5,0,0.9974911778669638,0.023914358481732498
cb_rnn,1,12,5,1,0.42756925615874203,0.3071446681478338
cb_rnn,1,12,5,2,-0.06156485555810456,0.7659872924914749
cb_rnn,1,12,5,3,0.2799784546290226,0.6149489091611634
cb_rnn,1,12,5,4,0.5296282567426999,0.28493943326976745
cb_rnn,1,12,5,5,0.9999999986053656,0.0
cb_rnn,1,12,5,6,0.3113236272298814,0.6562709448798566
cb_rnn,1,12,5,7,-0.060004245333686715,0.7370051202523866
cb_rnn,1,12,6,0,0.31626596664324486,0.6550025273356763
cb_rnn,1,12,6,1,0.0875767459834177,0.6892786827471482
cb_rnn,1,12,6,2,0.8921844116854429,0.31286769914301304
cb_rnn,1,12,6,3,0.9974489386713455,0.07591897318275229
cb_rnn,1,12,6,4,0.13713705545835592,0.680514474147798
cb_rnn,1,12,6,5,0.3113236272298814,0.6562709448798566
cb_rnn,1,12,6,6,0.9999999996603318,0.0
cb_rnn,1,12,6,7,0.8964255427915317,0.3019723896823806
cb_rnn,1,12,7,0,-0.049891056565475524,0.7352713209286128
cb_rnn,1,12,7,1,0.1560854459724502,0.6363845534340536
cb_rnn,1,12,7,2,0.9976005236813621,0.055299872600583076
cb_rnn,1,12,7,3,0.9183548944197961,0.2542084931092295
cb_rnn,1,12,7,4,0.15196314438912756,0.63807142770729
cb_rnn,1,12,7,5,-0.060004245333686715,0.7370051202523866
cb_rnn,1,12,7,6,0.8964255427915317,0.3019723896823806
cb_rnn,1,12,7,7,0.9999999996147294,0.0
cb_rnn,1,13,0,0,0.9999999981694085,0.0
cb_rnn,1,13,0,1,0.3293809326251566,0.2972554124965161
cb_rnn,1,13,0,2,-0.07839309972968746,0.8916518913057118
cb_rnn,1,13,0,3,0.17335350766196111,0.7679988691664983
cb_rnn,1,13,0,4,0.5295316149450884,0.250450324553176
cb_rnn,1,13,0,5,0.9965200331131369,0.02644013970466605
cb_rnn,1,13,0,6,0.1771272757624364,0.8245778429187158
cb_rnn,1,13,0,7,-0.0894753116950076,0.8651863360979345
cb_rnn,1,13,1,0,0.3293809326251566,0.2972554124965161
cb_rnn,1,13,1,1,0.9999999963528834,0.0
cb_rnn,1,13,1,2,0.09691761939627287,0.8258839593881124
cb_rnn,1,13,1,3,-0.025618201636736095,0.7953958425338326
cb_rnn,1,13,1,4,0.9698511854697339,0.05140804919905011
cb_rnn,1,13,1,5,0.28504799135481673,0.3132677432578651
cb_rnn,1,13,1,6,-0.03990064970734799,0.8581237941518516
cb_rnn,1,13,1,7,0.09375392674881435,0.7963635841566197
cb_rnn,1,13,2,0,-0.07839309972968746,0.8916518913057118
cb_rnn,1,13,2,1,0.09691761939627287,0.8258839593881124
cb_rnn,1,13,2,2,0.9999999997675317,0.0
cb_rnn,1,13,2,3,0.9421676933919058,0.2749338278155186
cb_rnn,1,13,2,4,0.09084634268200714,0.8246955827803841
cb_rnn,1,13,2,5,-0.0874366576804401,0.897894950184841
cb_rnn,1,13,2,6,0.9386028376793827,0.2881544626426739
cb_rnn,1,13,2,7,0.9990219563681924,0.04730480408839441
cb_rnn,1,13,3,0,0.17335350766196111,0.7679988691664983
cb_rnn,1,13,3,1,-0.025618201636736095,0.7953958425338326
cb_rnn,1,13,3,2,0.9421676933919058,0.2749338278155186
cb_rnn,1,13,3,3,0.9999999997314017,0.0
cb_rnn,1,13,3,4,0.039793367185103304,0.7788153134724973
cb_rnn,1,13,3,5,0.17558679439704017,0.7693181309243569
cb_rnn,1,13,3,6,0.9985080047294809,0.07552109711328496
cb_rnn,1,13,3,7,0.9400260113027343,0.26985580180413116
cb_rnn,1,13,4,0,0.5295316149450884,0.250450324553176
cb_rnn,1,13,4,1,0.9698511854697339,0.05140804919905011
cb_rnn,1,13,4,2,0.09084634268200714,0.8246955827803841
cb_rnn,1,13,4,3,0.039793367185103304,0.7788153134724973
cb_rnn,1,13,4,4,0.9999999957088881,0.0
cb_rnn,1,13,4,5,0.48973373270888126,0.26634079786041237
cb_rnn,1,13,4,6,0.029261404536740983,0.8409035322055655
cb_rnn,1,13,4,7,0.08573963141560846,0.7953411860349904
cb_rnn,1,13,5,0,0.9965200331131369,0.02644013970466605
cb_rnn,1,13,5,1,0.28504799135481673,0.3132677432578651
cb_rnn,1,13,5,2,-0.0874366576804401,0.897894950184841
cb_rnn,1,13,5,3,0.17558679439704017,0.7693181309243569
cb_rnn,1,13,5,4,0.48973373270888126,0.26634079786041237
cb_rnn,1,13,5,5,0.9999999982804022,0.0
cb_rnn,1,13,5,6,0.17926519381280737,0.8256294786362752
cb_rnn,1,13,5,7,-0.0965602337086416,0.8710540614637321
cb_rnn,1,13,6,0,0.1771272757624364,0.8245778429187158
cb_rnn,1,13,6,1,-0.03990064970734799,0.8581237941518516
cb_rnn,1,13,6,2,0.9386028376793827,0.2881544626426739
cb_rnn,1,13,6,3,0.9985080047294809,0.07552109711328496
cb_rnn,1,13,6,4,0.029261404536740983,0.8409035322055655
cb_rnn,1,13,6,5,0.17926519381280737,0.8256294786362752
cb_rnn,1,13,6,6,0.9999999997701917,0.0
cb_rnn,1,13,6,7,0.9355887538497151,0.2916553638741735
cb_rnn,1,13,7,0,-0.0894753116950076,0.8651863360979345
cb_rnn,1,13,7,1,0.09375392674881435,0.7963635841566197
cb_rnn,1,13,7,2,0.9990219563681924,0.04730480408839441
cb_rnn,1,13,7,3,0.9400260113027343,0.26985580180413116
cb_rnn,1,13,7,4,0.08573963141560846,0.7953411860349904
cb_rnn,1,13,7,5,-0.0965602337086416,0.8710540614637321
cb_rnn,1,13,7,6,0.9355887538497151,0.2916553638741735
cb_rnn,1,13,7,7,0.9999999997487784,0.0
cb_rnn,1,14,0,0,0.9999999977806022,0.0
cb_rnn,1,14,0,1,0.2956317977068434,0.29669432518924876
cb_rnn,1,14,0,2,-0.14745319723080103,1.0385249742362879
cb_rnn,1,14,0,3,0.025984435048561526,0.9686335235993638
cb_rnn,1,14,0,4,0.35068584755673715,0.2809461180270932
cb_rnn,1,14,0,5,0.9946292783127365,0.02797883327969374
cb_rnn,1,14,0,6,0.03374711920862243,0.9867036724375633
cb_rnn,1,14,0,7,-0.15232865770544238,1.011441145433405
cb_rnn,1,14,1,0,0.2956317977068434,0.29669432518924876
cb_rnn,1,14,1,1,0.9999999971130702,0.0
cb_rnn,1,14,1,2,0.038722315936676514,0.984526327187495
cb_rnn,1,14,1,3,-0.11044167970329073,0.9915343569848474
cb_rnn,1,14,1,4,0.9957608759130342,0.022678304936688
cb_rnn,1,14,1,5,0.28860574517091575,0.2936922880594986
cb_rnn,1,14,1,6,-0.12915965606902913,1.0159428430546706
cb_rnn,1,14,1,7,0.03585893188152373,0.9567719694696378
cb_rnn,1,14,2,0,-0.14745319723080103,1.0385249742362879
cb_rnn,1,14,2,1,0.038722315936676514,0.984526327187495
cb_rnn,1,14,2,2,0.9999999998324518,0.0
cb_rnn,1,14,2,3,0.9619958640477442,0.26386808999927236
cb_rnn,1,14,2,4,0.021529750033980263,0.9866555842693225
cb_rnn,1,14,2,5,-0.16344691073307369,1.0397316044467164
cb_rnn,1,14,2,6,0.9559448246942804,0.28577894878761134
cb_rnn,1,14,2,7,0.9988509470839718,0.054169068550085415
cb_rnn,1,14,3,0,0.025984435048561526,0.9686335235993638
cb_rnn,1,14,3,1,-0.11044167970329073,0.9915343569848474
cb_rnn,1,14,3,2,0.9619958640477442,0.26386808999927236
cb_rnn,1,14,3,3,0.9999999998226026,0.0
cb_rnn,1,14,3,4,-0.11469991608601869,0.9895904810985816
cb_rnn,1,14,3,5,0.012696071095747939,0.9702993349843363
cb_rnn,1,14,3,6,0.9993210108186081,0.04071169352514742
cb_rnn,1,14,3,7,0.9616721592733535,0.2595632757926039
cb_rnn,1,14,4,0,0.35068584755673715,0.2809461180270932
cb_rnn,1,14,4,1,0.9957608759130342,0.022678304936688
cb_rnn,1,14,4,2,0.021529750033980263,0.9866555842693225
cb_rnn,1,14,4,3,-0.11469991608601869,0.9895904810985816
cb_rnn,1,14,4,4,0.9999999968900524,0.0
cb_rnn,1,14,4,5,0.34495254131260833,0.27768836496930316
cb_rnn,1,14,4,6,-0.1314953749217387,1.0134877849808295
cb_rnn,1,14,4,7,0.017919004208610853,0.9589750620351079
cb_rnn,1,14,5,0,0.9946292783127365,0.02797883327969374
cb_rnn,1,14,5,1,0.28860574517091575,0.2936922880594986
cb_rnn,1,14,5,2,-0.16344691073307369,1.0397316044467164
cb_rnn,1,14,5,3,0.012696071095747939,0.9702993349843363
cb_rnn,1,14,5,4,0.34495254131260833,0.27768836496930316
cb_rnn,1,14,5,5,0.9999999976627599,0.0
cb_rnn,1,14,5,6,0.019454985591957023,0.988718131027583
cb_rnn,1,14,5,7,-0.16450789335406502,1.0116463491163263
cb_rnn,1,14,6,0,0.03374711920862243,0.9867036724375633
cb_rnn,1,14,6,1,-0.12915965606902913,1.0159428430546706
cb_rnn,1,14,6,2,0.9559448246942804,0.28577894878761134
cb_rnn,1,14,6,3,0.9993210108186081,0.04071169352514742
cb_rnn,1,14,6,4,-0.1314953749217387,1.0134877849808295
cb_rnn,1,14,6,5,0.019454985591957023,0.988718131027583
cb_rnn,1,14,6,6,0.9999999998302298,0.0
cb_rnn,1,14,6,7,0.9547217492700196,0.28614509327337356
cb_rnn,1,14,7,0,-0.15232865770544238,1.011441145433405
cb_rnn,1,14,7,1,0.03585893188152373,0.9567719694696378
cb_rnn,1,14,7,2,0.9988509470839718,0.054169068550085415
cb_rnn,1,14,7,3,0.9616721592733535,0.2595632757926039
cb_rnn,1,14,7,4,0.017919004208610853,0.9589750620351079
cb_rnn,1,14,7,5,-0.16450789335406502,1.0116463491163263
cb_rnn,1,14,7,6,0.9547217492700196,0.28614509327337356
cb_rnn,1,14,7,7,0.9999999998218182,0.0
cb_rnn,1,15,0,0,0.9999999976656119,0.0
cb_rnn,1,15,0,1,0.31183690267098635,0.3008627439244543
cb_rnn,1,15,0,2,-0.22029478406940128,1.2703843064763938
cb_rnn,1,15,0,3,-0.07562940651109001,1.1968048175221906
cb_rnn,1,15,0,4,0.30748891978236975,0.3014100457129653
cb_rnn,1,15,0,5,0.9912598470511299,0.03418303579348572
cb_rnn,1,15,0,6,-0.07530416368342029,1.2261456688544425
cb_rnn,1,15,0,7,-0.22115466992934604,1.2692461185219548
cb_rnn,1,15,1,0,0.31183690267098635,0.3008627439244543
cb_rnn,1,15,1,1,0.9999999975809987,0.0
cb_rnn,1,15,1,2,-0.01737370601805201,1.2192626602763383
cb_rnn,1,15,1,3,-0.1474298781928984,1.212907722329971
cb_rnn,1,15,1,4,0.9960583104891986,0.02254550169988392
cb_rnn,1,15,1,5,0.3517686509806318,0.29178934411842133
cb_rnn,1,15,1,6,-0.15897392134639132,1.2451637266151396
cb_rnn,1,15,1,7,-0.023991177186790568,1.2195568746698238
cb_rnn,1,15,2,0,-0.22029478406940128,1.2703843064763938
cb_rnn,1,15,2,1,-0.01737370601805201,1.2192626602763383
cb_rnn,1,15,2,2,0.9999999998893037,0.0
cb_rnn,1,15,2,3,0.9714176133998235,0.28206558891886113
cb_rnn,1,15,2,4,-0.028075998388775412,1.2217468952490507
cb_rnn,1,15,2,5,-0.21594277096139947,1.2691795916914004
cb_rnn,1,15,2,6,0.9692550371506464,0.2936417827265026
cb_rnn,1,15,2,7,0.9995143609427464,0.03703075304785032
cb_rnn,1,15,3,0,-0.07562940651109001,1.1968048175221906
cb_rnn,1,15,3,1,-0.1474298781928984,1.212907722329971
cb_rnn,1,15,3,2,0.9714176133998235,0.28206558891886113
cb_rnn,1,15,3,3,0.9999999998816683,0.0
cb_rnn,1,15,3,4,-0.15928624154753612,1.2155094669004305
cb_rnn,1,15,3,5,-0.07717093227728995,1.1970795500125415
cb_rnn,1,15,3,6,0.9994430211560908,0.04915506553254518
cb_rnn,1,15,3,7,0.97285573312919,0.2746696945537067
cb_rnn,1,15,4,0,0.30748891978236975,0.3014100457129653
cb_rnn,1,15,4,1,0.9960583104891986,0.02254550169988392
cb_rnn,1,15,4,2,-0.028075998388775412,1.2217468952490507
cb_rnn,1,15,4,3,-0.15928624154753612,1.2155094669004305
cb_rnn,1,15,4,4,0.9999999975677168,0.0
cb_rnn,1,15,4,5,0.34842216552435656,0.2921520939737162
cb_rnn,1,15,4,6,-0.16991926896635,1.2475424447201329
cb_rnn,1,15,4,7,-0.03383493839800455,1.2218216842214837
cb_rnn,1,15,5,0,0.9912598470511299,0.03418303579348572
cb_rnn,1,15,5,1,0.3517686509806318,0.29178934411842133
cb_rnn,1,15,5,2,-0.21594277096139947,1.2691795916914004
cb_rnn,1,15,5,3,-0.07717093227728995,1.1970795500125415
cb_rnn,1,15,5,4,0.34842216552435656,0.2921520939737162
cb_rnn,1,15,5,5,0.9999999976588694,0.0
cb_rnn,1,15,5,6,-0.07792514599585881,1.2266911380243515
cb_rnn,1,15,5,7,-0.21494746552257313,1.2675927182513926
cb_rnn,1,15,6,0,-0.07530416368342029,1.2261456688544425
cb_rnn,1,15,6,1,-0.15897392134639132,1.2451637266151396
cb_rnn,1,15,6,2,0.9692550371506464,0.2936417827265026
cb_rnn,1,15,6,3,0.9994430211560908,0.04915506553254518
cb_rnn,1,15,6,4,-0.16991926896635,1.2475424447201329
cb_rnn,1,15,6,5,-0.07792514599585881,1.2266911380243515
cb_rnn,1,15,6,6,0.9999999998876348,0.0
cb_rnn,1,15,6,7,0.9703704109110236,0.28806561889979354
cb_rnn,1,15,7,0,-0.22115466992934604,1.2692461185219548
cb_rnn,1,15,7,1,-0.023991177186790568,1.2195568746698238
cb_rnn,1,15,7,2,0.9995143609427464,0.03703075304785032
cb_rnn,1,15,7,3,0.97285573312919,0.2746696945537067
cb_rnn,1,15,7,4,-0.03383493839800455,1.2218216842214837
cb_rnn,1,15,7,5,-0.21494746552257313,1.2675927182513926
cb_rnn,1,15,7,6,0.9703704109110236,0.28806561889979354
cb_rnn,1,15,7,7,0.9999999998890473,0.0
cb_rnn,2,2,0,0,0.9999999809474625,0.0
cb_rnn,2,2,0,1,0.10462009765409967,0.14789495527523044
cb_rnn,2,2,0,2,0.9892318726776601,0.013893870651109827
cb_rnn,2,2,0,3,0.14638158592785597,0.14151947493511666
cb_rnn,2,2,0,4,0.25720377341515843,0.11913616236461962
cb_rnn,2,2,0,5,0.9793587208420481,0.01895234816745399
cb_rnn,2,2,0,6,0.31442748806430254,0.11258971155842447
cb_rnn,2,2,0,7,0.9715401945824648,0.021489088809032553
cb_rnn,2,2,1,0,0.10462009765409967,0.14789495527523044
cb_rnn,2,2,1,1,0.9999999902795197,0.0
cb_rnn,2,2,1,2,0.08125633478436665,0.1514335089820598
cb_rnn,2,2,1,3,0.9916482263264,0.01660919022105279
cb_rnn,2,2,1,4,0.9854508446781854,0.02995550690473114
cb_rnn,2,2,1,5,0.2696943829271256,0.13177187254790204
cb_rnn,2,2,1,6,0.9635386255178716,0.03988750631863175
cb_rnn,2,2,1,7,0.222829375356893,0.13783278854173442
cb_rnn,2,2,2,0,0.9892318726776601,0.013893870651109827
cb_rnn,2,2,2,1,0.08125633478436665,0.1514335089820598
cb_rnn,2,2,2,2,0.9999999822230637,0.0
cb_rnn,2,2,2,3,0.1318346229103807,0.14434826232629352
cb_rnn,2,2,2,4,0.23442725967653674,0.12270119769497846
cb_rnn,2,2,2,5,0.9657808544139067,0.025239296630233384
cb_rnn,2,2,2,6,0.3056903213049747,0.11501096723638266
cb_rnn,2,2,2,7,0.9816471491910351,0.01809311983333716
cb_rnn,2,2,3,0,0.14638158592785597,0.14151947493511666
cb_rnn,2,2,3,1,0.9916482263264,0.01660919022105279
cb_rnn,2,2,3,2,0.1318346229103807,0.14434826232629352
cb_rnn,2,2,3,3,0.999999989640521,0.0
cb_rnn,2,2,3,4,0.9824899004039859,0.02822820835225076
cb_rnn,2,2,3,5,0.31339300624062444,0.12511037200050953
cb_rnn,2,2,3,6,0.9813197369190596,0.03053132325932722
cb_rnn,2,2,3,7,0.279780908909984,0.13006076281907997
cb_rnn,2,2,4,0,0.25720377341515843,0.11913616236461962
cb_rnn,2,2,4,1,0.9854508446781854,0.02995550690473114
cb_rnn,2,2,4,2,0.23442725967653674,0.12270119769497846
cb_rnn,2,2,4,3,0.9824899004039859,0.02822820835225076
cb_rnn,2,2,4,4,0.9999999855901985,0.0
cb_rnn,2,2,4,5,0.4127435397270522,0.10325023049958065
cb_rnn,2,2,4,6,0.9861095578815654,0.017361059863386243
cb_rnn,2,2,4,7,0.3675077333207793,0.10944668740871416
cb_rnn,2,2,5,0,0.9793587208420481,0.01895234816745399
cb_rnn,2,2,5,1,0.2696943829271256,0.13177187254790204
cb_rnn,2,2,5,2,0.9657808544139067,0.025239296630233384
cb_rnn,2,2,5,3,0.31339300624062444,0.12511037200050953
cb_rnn,2,2,5,4,0.4127435397270522,0.10325023049958065
cb_rnn,2,2,5,5,0.9999999777383115,0.0
cb_rnn,2,2,5,6,0.47132347049821466,0.09625883025835233
cb_rnn,2,2,5,7,0.9852843751058111,0.015814521402118458
cb_rnn,2,2,6,0,0.31442748806430254,0.11258971155842447
cb_rnn,2,2,6,1,0.9635386255178716,0.03988750631863175
cb_rnn,2,2,6,2,0.3056903213049747,0.11501096723638266
cb_rnn,2,2,6,3,0.9813197369190596,0.03053132325932722
cb_rnn,2,2,6,4,0.9861095578815654,0.017361059863386243
cb_rnn,2,2,6,5,0.47132347049821466,0.09625883025835233
cb_rnn,2,2,6,6,0.9999999847375668,0.0
cb_rnn,2,2,6,7,0.4459487158529101,0.10074504999485241
cb_rnn,2,2,7,0,0.9715401945824648,0.021489088809032553
cb_rnn,2,2,7,1,0.222829375356893,0.13783278854173442
cb_rnn,2,2,7,2,0.9816471491910351,0.01809311983333716
cb_rnn,2,2,7,3,0.279780908909984,0.13006076281907997
cb_rnn,2,2,7,4,0.3675077333207793,0.10944668740871416
cb_rnn,2,2,7,5,0.9852843751058111,0.015814521402118458
cb_rnn,2,2,7,6,0.4459487158529101,0.10074504999485241
cb_rnn,2,2,7,7,0.9999999803874302,0.0
cb_rnn,2,3,0,0,0.9999999984904675,0.0
cb_rnn,2,3,0,1,0.7100476320890629,0.26442354678905283
cb_rnn,2,3,0,2,0.9813437269693329,0.07088703800577618
cb_rnn,2,3,0,3,0.8442731751651591,0.17881749346318418
cb_rnn,2,3,0,4,0.7635725672786969,0.22234862694531368
cb_rnn,2,3,0,5,0.9723694860718346,0.0751811040834373
cb_rnn,2,3,0,6,0.8764962666622924,0.16136167912833793
cb_rnn,2,3,0,7,0.9670752600356344,0.08615307362298165
cb_rnn,2,3,1,0,0.7100476320890629,0.26442354678905283
cb_rnn,2,3,1,1,0.9999999988259638,0.0
cb_rnn,2,3,1,2,0.63869526041565,0.3042485615929388
cb_rnn,2,3,1,3,0.837281625198805,0.199931095617866
cb_rnn,2,3,1,4,0.9826787223054648,0.07548767187898238
cb_rnn,2,3,1,5,0.8266939135360251,0.2057807767796781
cb_rnn,2,3,1,6,0.7174350798226681,0.262449930522005
cb_rnn,2,3,1,7,0.7447133408139806,0.2523253359630125
cb_rnn,2,3,2,0,0.9813437269693329,0.07088703800577618
cb_rnn,2,3,2,1,0.63869526041565,0.3042485615929388
cb_rnn,2,3,2,2,0.9999999987270347,0.0
cb_rnn,2,3,2,3,0.8602017355806745,0.17953329720265837
cb_rnn,2,3,2,4,0.6945299508487879,0.2649373634145841
cb_rnn,2,3,2,5,0.9417605207096277,0.11861767659213873
cb_rnn,2,3,2,6,0.9107344891891804,0.1449229678836691
cb_rnn,2,3,2,7,0.9768716821367235,0.07503763100739252
cb_rnn,2,3,3,0,0.8442731751651591,0.17881749346318418
cb_rnn,2,3,3,1,0.837281625198805,0.199931095617866
cb_rnn,2,3,3,2,0.8602017355806745,0.17953329720265837
cb_rnn,2,3,3,3,0.9999999984648834,0.0
cb_rnn,2,3,3,4,0.8583897065980566,0.1714426282977221
cb_rnn,2,3,3,5,0.9072395647907575,0.1368303483329311
cb_rnn,2,3,3,6,0.9661428268517712,0.08448366261401953
cb_rnn,2,3,3,7,0.9284558502461161,0.12563642389226015
cb_rnn,2,3,4,0,0.7635725672786969,0.22234862694531368
cb_rnn,2,3,4,1,0.9826787223054648,0.07548767187898238
cb_rnn,2,3,4,2,0.6945299508487879,0.2649373634145841
cb_rnn,2,3,4,3,0.8583897065980566,0.1714426282977221
cb_rnn,2,3,4,4,0.9999999985198917,0.0
cb_rnn,2,3,4,5,0.8502205307282671,0.17564316651807077
cb_rnn,2,3,4,6,0.7791303541125794,0.21673839825858715
cb_rnn,2,3,4,7,0.7725183575726303,0.22388609483197733
cb_rnn,2,3,5,0,0.9723694860718346,0.0751811040834373
cb_rnn,2,3,5,1,0.8266939135360251,0.2057807767796781
cb_rnn,2,3,5,2,0.9417605207096277,0.11861767659213873
cb_rnn,2,3,5,3,0.9072395647907575,0.1368303483329311
cb_rnn,2,3,5,4,0.8502205307282671,0.17564316651807077
cb_rnn,2,3,5,5,0.9999999984371009,0.0
cb_rnn,2,3,5,6,0.8853784978510086,0.15441348300220403
cb_rnn,2,3,5,7,0.9771542244826278,0.07318117935703143
cb_rnn,2,3,6,0,0.8764962666622924,0.16136167912833793
cb_rnn,2,3,6,1,0.7174350798226681,0.262449930522005
cb_rnn,2,3,6,2,0.9107344891891804,0.1449229678836691
cb_rnn,2,3,6,3,0.9661428268517712,0.08448366261401953
cb_rnn,2,3,6,4,0.7791303541125794,0.21673839825858715
cb_rnn,2,3,6,5,0.8853784978510086,0.15441348300220403
cb_rnn,2,3,6,6,0.9999999985410606,0.0
cb_rnn,2,3,6,7,0.9301486120252646,0.12475745638275904
cb_rnn,2,3,7,0,0.9670752600356344,0.08615307362298165
cb_rnn,2,3,7,1,0.7447133408139806,0.2523253359630125
cb_rnn,2,3,7,2,0.9768716821367235,0.07503763100739252
cb_rnn,2,3,7,3,0.9284558502461161,0.12563642389226015
cb_rnn,2,3,7,4,0.7725183575726303,0.22388609483197733
cb_rnn,2,3,7,5,0.9771542244826278,0.07318117935703143
cb_rnn,2,3,7,6,0.9301486120252646,0.12475745638275904
cb_rnn,2,3,7,7,0.9999999986318358,0.0
cb_rnn,2,4,0,0,0.9999999997344168,0.0
cb_rnn,2,4,0,1,0.910597410283576,0.34887580356654424
cb_rnn,2,4,0,2,0.9449430272093794,0.267614637362337
cb_rnn,2,4,0,3,0.9130491396055738,0.33709938567463416
cb_rnn,2,4,0,4,0.9259265465361298,0.30218515734720647
cb_rnn,2,4,0,5,0.9849198350146084,0.19750698402389344
cb_rnn,2,4,0,6,0.8800670635249086,0.3642243327850835
cb_rnn,2,4,0,7,0.9603836259149294,0.2391724727344058
cb_rnn,2,4,1,0,0.910597410283576,0.34887580356654424
cb_rnn,2,4,1,1,0.9999999994886511,0.0
cb_rnn,2,4,1,2,0.853378812661904,0.3297124187870795
cb_rnn,2,4,1,3,0.8102861900137749,0.34789173058321904
cb_rnn,2,4,1,4,0.9907720500170563,0.10714664095167399
cb_rnn,2,4,1,5,0.8710413778084378,0.300052671920737
cb_rnn,2,4,1,6,0.7399282309848669,0.4580143687398472
cb_rnn,2,4,1,7,0.8488300545911949,0.333231150195721
cb_rnn,2,4,2,0,0.9449430272093794,0.267614637362337
cb_rnn,2,4,2,1,0.853378812661904,0.3297124187870795
cb_rnn,2,4,2,2,0.9999999996087664,0.0
cb_rnn,2,4,2,3,0.9705845255002706,0.1569794959404648
cb_rnn,2,4,2,4,0.8910870665206625,0.2932496918446923
cb_rnn,2,4,2,5,0.9567304554914199,0.1839424109915871
cb_rnn,2,4,2,6,0.9510524918823512,0.20934333547929757
cb_rnn,2,4,2,7,0.9926573838685251,0.07646900976245642
cb_rnn,2,4,3,0,0.9130491396055738,0.33709938567463416
cb_rnn,2,4,3,1,0.8102861900137749,0.34789173058321904
cb_rnn,2,4,3,2,0.9705845255002706,0.1569794959404648
cb_rnn,2,4,3,3,0.9999999995269867,0.0
cb_rnn,2,4,3,4,0.8611425345270514,0.3195255115861169
cb_rnn,2,4,3,5,0.9223974078361057,0.2356395948380303
cb_rnn,2,4,3,6,0.9899155851913726,0.1348347270132544
cb_rnn,2,4,3,7,0.9646644442132388,0.1689496281326324
cb_rnn,2,4,4,0,0.9259265465361298,0.30218515734720647
cb_rnn,2,4,4,1,0.9907720500170563,0.10714664095167399
cb_rnn,2,4,4,2,0.8910870665206625,0.2932496918446923
cb_rnn,2,4,4,3,0.8611425345270514,0.3195255115861169
cb_rnn,2,4,4,4,0.9999999995990689,0.0
cb_rnn,2,4,4,5,0.8967452393275698,0.2806456760279449
cb_rnn,2,4,4,6,0.8059447682488569,0.4081776042465837
cb_rnn,2,4,4,7,0.8788556116759325,0.30857254161976533
cb_rnn,2,4,5,0,0.9849198350146084,0.19750698402389344
cb_rnn,2,4,5,1,0.8710413778084378,0.300052671920737
cb_rnn,2,4,5,2,0.9567304554914199,0.1839424109915871
cb_rnn,2,4,5,3,0.9223974078361057,0.2356395948380303
cb_rnn,2,4,5,4,0.8967452393275698,0.2806456760279449
cb_rnn,2,4,5,5,0.9999999995789494,0.0
cb_rnn,2,4,5,6,0.9053101494112126,0.2873302134175669
cb_rnn,2,4,5,7,0.9679675192138271,0.15801309907193417
cb_rnn,2,4,6,0,0.8800670635249086,0.3642243327850835
cb_rnn,2,4,6,1,0.7399282309848669,0.4580143687398472
cb_rnn,2,4,6,2,0.9510524918823512,0.20934333547929757
cb_rnn,2,4,6,3,0.9899155851913726,0.1348347270132544
cb_rnn,2,4,6,4,0.8059447682488569,0.4081776042465837
cb_rnn,2,4,6,5,0.9053101494112126,0.2873302134175669
cb_rnn,2,4,6,6,0.9999999996585083,0.0
cb_rnn,2,4,6,7,0.9417841020426959,0.22755687896776075
cb_rnn,2,4,7,0,0.9603836259149294,0.2391724727344058
cb_rnn,2,4,7,1,0.8488300545911949,0.333231150195721
cb_rnn,2,4,7,2,0.9926573838685251,0.07646900976245642
cb_rnn,2,4,7,3,0.9646644442132388,0.1689496281326324
cb_rnn,2,4,7,4,0.8788556116759325,0.30857254161976533
cb_rnn,2,4,7,5,0.9679675192138271,0.15801309907193417
cb_rnn,2,4,7,6,0.9417841020426959,0.22755687896776075
cb_rnn,2,4,7,7,0.9999999996055041,0.0
cb_rnn,2,5,0,0,0.999999999697205,0.0
cb_rnn,2,5,0,1,0.8761101186328569,0.3464140975805695
cb_rnn,2,5,0,2,0.8267116292298881,0.40978791197072467
cb_rnn,2,5,0,3,0.873758103071184,0.34965390512306177
cb_rnn,2,5,0,4,0.8655926002155325,0.3629961348831913
cb_rnn,2,5,0,5,0.9948564319033625,0.07378672044307615
cb_rnn,2,5,0,6,0.8333643287947562,0.4271599214016609
cb_rnn,2,5,0,7,0.8626693138200014,0.36420558245147855
cb_rnn,2,5,1,0,0.8761101186328569,0.3464140975805695
cb_rnn,2,5,1,1,0.9999999996152273,0.0
cb_rnn,2,5,1,2,0.8866071595286668,0.31015249478137474
cb_rnn,2,5,1,3,0.7946944978700411,0.4014300357167584
cb_rnn,2,5,1,4,0.9828278202095222,0.12562335567063837
cb_rnn,2,5,1,5,0.846890763286675,0.3759191585083032
cb_rnn,2,5,1,6,0.6962204573012432,0.5539978733534978
cb_rnn,2,5,1,7,0.8911773095335386,0.2902926606455444
cb_rnn,2,5,2,0,0.8267116292298881,0.40978791197072467
cb_rnn,2,5,2,1,0.8866071595286668,0.31015249478137474
cb_rnn,2,5,2,2,0.9999999996429655,0.0
cb_rnn,2,5,2,3,0.9426008359806085,0.22111995268797696
cb_rnn,2,5,2,4,0.9012508650009734,0.29611588573239156
cb_rnn,2,5,2,5,0.7906675909754111,0.44296177719880464
cb_rnn,2,5,2,6,0.8790781972927784,0.3604698024765221
cb_rnn,2,5,2,7,0.9911047339259209,0.10731423826154404
cb_rnn,2,5,3,0,0.873758103071184,0.34965390512306177
cb_rnn,2,5,3,1,0.7946944978700411,0.4014300357167584
cb_rnn,2,5,3,2,0.9426008359806085,0.22111995268797696
cb_rnn,2,5,3,3,0.9999999995851995,0.0
cb_rnn,2,5,3,4,0.8283597348282571,0.38011935025568416
cb_rnn,2,5,3,5,0.8538372624605496,0.365905033514093
cb_rnn,2,5,3,6,0.9843449360580355,0.18659807076120294
cb_rnn,2,5,3,7,0.9522025476242931,0.18774023778243562
cb_rnn,2,5,4,0,0.8655926002155325,0.3629961348831913
cb_rnn,2,5,4,1,0.9828278202095222,0.12562335567063837
cb_rnn,2,5,4,2,0.9012508650009734,0.29611588573239156
cb_rnn,2,5,4,3,0.8283597348282571,0.38011935025568416
cb_rnn,2,5,4,4,0.9999999996524577,0.0
cb_rnn,2,5,4,5,0.829211377903556,0.4023607302656899
cb_rnn,2,5,4,6,0.7502792599478576,0.5104617389655585
cb_rnn,2,5,4,7,0.9019432962497163,0.2897526904298731
cb_rnn,2,5,5,0,0.9948564319033625,0.07378672044307615
cb_rnn,2,5,5,1,0.846890763286675,0.3759191585083032
cb_rnn,2,5,5,2,0.7906675909754111,0.44296177719880464
cb_rnn,2,5,5,3,0.8538372624605496,0.365905033514093
cb_rnn,2,5,5,4,0.829211377903556,0.4023607302656899
cb_rnn,2,5,5,5,0.999999999683315,0.0
cb_rnn,2,5,5,6,0.8169059903953969,0.4442905089580253
cb_rnn,2,5,5,7,0.8379063168721207,0.38343301142403596
cb_rnn,2,5,6,0,0.8333643287947562,0.4271599214016609
cb_rnn,2,5,6,1,0.6962204573012432,0.5539978733534978
cb_rnn,2,5,6,2,0.8790781972927784,0.3604698024765221
cb_rnn,2,5,6,3,0.9843449360580355,0.18659807076120294
cb_rnn,2,5,6,4,0.7502792599478576,0.5104617389655585
cb_rnn,2,5,6,5,0.8169059903953969,0.4442905089580253
cb_rnn,2,5,6,6,0.9999999997267462,0.0
cb_rnn,2,5,6,7,0.8913668508417335,0.35191879347570276
cb_rnn,2,5,7,0,0.8626693138200014,0.36420558245147855
cb_rnn,2,5,7,1,0.8911773095335386,0.2902926606455444
cb_rnn,2,5,7,2,0.9911047339259209,0.10731423826154404
cb_rnn,2,5,7,3,0.9522025476242931,0.18774023778243562
cb_rnn,2,5,7,4,0.9019432962497163,0.2897526904298731
cb_rnn,2,5,7,5,0.8379063168721207,0.38343301142403596
cb_rnn,2,5,7,6,0.8913668508417335,0.35191879347570276
cb_rnn,2,5,7,7,0.9999999995575947,0.0
cb_rnn,2,6,0,0,0.9999999996812426,0.0
cb_rnn,2,6,0,1,0.8498867601490955,0.36895519064288496
cb_rnn,2,6,0,2,0.710754821156131,0.5003414952723918
cb_rnn,2,6,0,3,0.8368957030042122,0.3833255010899862
cb_rnn,2,6,0,4,0.879865167347139,0.33449927470262736
cb_rnn,2,6,0,5,0.9903415957699224,0.1110796667766527
cb_rnn,2,6,0,6,0.7983383531902102,0.4481517633227778
cb_rnn,2,6,0,7,0.76992067062142,0.44737223243501484
cb_rnn,2,6,1,0,0.8498867601490955,0.36895519064288496
cb_rnn,2,6,1,1,0.9999999995626808,0.0
cb_rnn,2,6,1,2,0.8348462593352192,0.34030940337813254
cb_rnn,2,6,1,3,0.6894366090514774,0.4698886495422248
cb_rnn,2,6,1,4,0.9841959584089732,0.12276891545562775
cb_rnn,2,6,1,5,0.8083945547016289,0.38495214086033774
cb_rnn,2,6,1,6,0.6003948750835301,0.5936078488104888
cb_rnn,2,6,1,7,0.8332931096347835,0.336575547949658
cb_rnn,2,6,2,0,0.710754821156131,0.5003414952723918
cb_rnn,2,6,2,1,0.8348462593352192,0.34030940337813254
cb_rnn,2,6,2,2,0.9999999995447575,0.0
cb_rnn,2,6,2,3,0.8408542649607845,0.33311903790253633
cb_rnn,2,6,2,4,0.8892554010951073,0.29763152804748677
cb_rnn,2,6,2,5,0.640333605218298,0.5218345026355585
cb_rnn,2,6,2,6,0.7830841287157169,0.4430438188471925
cb_rnn,2,6,2,7,0.9817045088458747,0.11232089524522049
cb_rnn,2,6,3,0,0.8368957030042122,0.3833255010899862
cb_rnn,2,6,3,1,0.6894366090514774,0.4698886495422248
cb_rnn,2,6,3,2,0.8408542649607845,0.33311903790253633
cb_rnn,2,6,3,3,0.999999999558166,0.0
cb_rnn,2,6,3,4,0.7909709031426523,0.405994459822427
cb_rnn,2,6,3,5,0.8067904233755921,0.38590431153813876
cb_rnn,2,6,3,6,0.9851449481801053,0.1614063993842849
cb_rnn,2,6,3,7,0.9015519527219855,0.2585982079592548
cb_rnn,2,6,4,0,0.879865167347139,0.33449927470262736
cb_rnn,2,6,4,1,0.9841959584089732,0.12276891545562775
cb_rnn,2,6,4,2,0.8892554010951073,0.29763152804748677
cb_rnn,2,6,4,3,0.7909709031426523,0.405994459822427
cb_rnn,2,6,4,4,0.9999999996307298,0.0
cb_rnn,2,6,4,5,0.835469558241792,0.3701094441910389
cb_rnn,2,6,4,6,0.7139987780272354,0.5178122116800712
cb_rnn,2,6,4,7,0.9029381419212422,0.28070464546862783
cb_rnn,2,6,5,0,0.9903415957699224,0.1110796667766527
cb_rnn,2,6,5,1,0.8083945547016289,0.38495214086033774
cb_rnn,2,6,5,2,0.640333605218298,0.5218345026355585
cb_rnn,2,6,5,3,0.8067904233755921,0.38590431153813876
cb_rnn,2,6,5,4,0.835469558241792,0.3701094441910389
cb_rnn,2,6,5,5,0.9999999996177821,0.0
cb_rnn,2,6,5,6,0.7800903717414605,0.4527693069034602
cb_rnn,2,6,5,7,0.7052358142558333,0.46671745163934236
cb_rnn,2,6,6,0,0.7983383531902102,0.4481517633227778
cb_rnn,2,6,6,1,0.6003948750835301,0.5936078488104888
cb_rnn,2,6,6,2,0.7830841287157169,0.4430438188471925
cb_rnn,2,6,6,3,0.9851449481801053,0.1614063993842849
cb_rnn,2,6,6,4,0.7139987780272354,0.5178122116800712
cb_rnn,2,6,6,5,0.7800903717414605,0.4527693069034602
cb_rnn,2,6,6,6,0.99999999969077,0.0
cb_rnn,2,6,6,7,0.8408003892663779,0.3864553958935434
cb_rnn,2,6,7,0,0.76992067062142,0.44737223243501484
cb_rnn,2,6,7,1,0.8332931096347835,0.336575547949658
cb_rnn,2,6,7,2,0.9817045088458747,0.11232089524522049
cb_rnn,2,6,7,3,0.9015519527219855,0.2585982079592548
cb_rnn,2,6,7,4,0.9029381419212422,0.28070464546862783
cb_rnn,2,6,7,5,0.7052358142558333,0.46671745163934236
cb_rnn,2,6,7,6,0.8408003892663779,0.3864553958935434
cb_rnn,2,6,7,7,0.9999999995053303,0.0
cb_rnn,2,7,0,0,0.9999999994788181,0.0
cb_rnn,2,7,0,1,0.8045794019439266,0.32531994736097325
cb_rnn,2,7,0,2,0.575382579872911,0.47888663148548466
cb_rnn,2,7,0,3,0.8340746324487177,0.3022528867321046
cb_rnn,2,7,0,4,0.8228808626743024,0.3164140312856037
cb_rnn,2,7,0,5,0.9948806366431864,0.055599022273908276
cb_rnn,2,7,0,6,0.8424960238800522,0.31484865906931725
cb_rnn,2,7,0,7,0.6427362434030902,0.4340628289115588
cb_rnn,2,7,1,0,0.8045794019439266,0.32531994736097325
cb_rnn,2,7,1,1,0.9999999992316065,0.0
cb_rnn,2,7,1,2,0.7542230983452984,0.3295171083878166
cb_rnn,2,7,1,3,0.6397043698299886,0.3902158689550873
cb_rnn,2,7,1,4,0.9880858750409062,0.09348517502532339
cb_rnn,2,7,1,5,0.7708964301633532,0.3453116803096289
cb_rnn,2,7,1,6,0.6121882139705646,0.4630101847425769
cb_rnn,2,7,1,7,0.7502582959186109,0.3233702186985688
cb_rnn,2,7,2,0,0.575382579872911,0.47888663148548466
cb_rnn,2,7,2,1,0.7542230983452984,0.3295171083878166
cb_rnn,2,7,2,2,0.9999999993349451,0.0
cb_rnn,2,7,2,3,0.7913889937617065,0.30802334781585394
cb_rnn,2,7,2,4,0.7919960839438263,0.32097788034664343
cb_rnn,2,7,2,5,0.5232233443485323,0.5022381110166928
cb_rnn,2,7,2,6,0.7634658894188676,0.37222036629594785
cb_rnn,2,7,2,7,0.9876126713147243,0.07755102341120511
cb_rnn,2,7,3,0,0.8340746324487177,0.3022528867321046
cb_rnn,2,7,3,1,0.6397043698299886,0.3902158689550873
cb_rnn,2,7,3,2,0.7913889937617065,0.30802334781585394
cb_rnn,2,7,3,3,0.9999999992857916,0.0
cb_rnn,2,7,3,4,0.6855885656894662,0.3887287047576383
cb_rnn,2,7,3,5,0.8227632852961906,0.307469524573525
cb_rnn,2,7,3,6,0.9888114218419551,0.12935664292641813
cb_rnn,2,7,3,7,0.852917352416272,0.2525827435144196
cb_rnn,2,7,4,0,0.8228808626743024,0.3164140312856037
cb_rnn,2,7,4,1,0.9880858750409062,0.09348517502532339
cb_rnn,2,7,4,2,0.7919960839438263,0.32097788034664343
cb_rnn,2,7,4,3,0.6855885656894662,0.3887287047576383
cb_rnn,2,7,4,4,0.9999999993950074,0.0
cb_rnn,2,7,4,5,0.7847343331809058,0.3449119913327605
cb_rnn,2,7,4,6,0.6735685100661086,0.43998646525065827
cb_rnn,2,7,4,7,0.7949597979191999,0.3140051646700097
cb_rnn,2,7,5,0,0.9948806366431864,0.055599022273908276
cb_rnn,2,7,5,1,0.7708964301633532,0.3453116803096289
cb_rnn,2,7,5,2,0.5232233443485323,0.5022381110166928
cb_rnn,2,7,5,3,0.8227632852961906,0.307469524573525
cb_rnn,2,7,5,4,0.7847343331809058,0.3449119913327605
cb_rnn,2,7,5,5,0.9999999994627733,0.0
cb_rnn,2,7,5,6,0.8318165215070705,0.323558943925357
cb_rnn,2,7,5,7,0.5998889929540315,0.4536397300409692
cb_rnn,2,7,6,0,0.8424960238800522,0.31484865906931725
cb_rnn,2,7,6,1,0.6121882139705646,0.4630101847425769
cb_rnn,2,7,6,2,0.7634658894188676,0.37222036629594785
cb_rnn,2,7,6,3,0.9888114218419551,0.12935664292641813
cb_rnn,2,7,6,4,0.6735685100661086,0.43998646525065827
cb_rnn,2,7,6,5,0.8318165215070705,0.323558943925357
cb_rnn,2,7,6,6,0.9999999995214797,0.0
cb_rnn,2,7,6,7,0.8348796548263029,0.31482173094767046
cb_rnn,2,7,7,0,0.6427362434030902,0.4340628289115588
cb_rnn,2,7,7,1,0.7502582959186109,0.3233702186985688
cb_rnn,2,7,7,2,0.9876126713147243,0.07755102341120511
cb_rnn,2,7,7,3,0.852917352416272,0.2525827435144196
cb_rnn,2,7,7,4,0.7949597979191999,0.3140051646700097
cb_rnn,2,7,7,5,0.5998889929540315,0.4536397300409692
cb_rnn,2,7,7,6,0.8348796548263029,0.31482173094767046
cb_rnn,2,7,7,7,0.9999999992728548,0.0
cb_rnn,2,8,0,0,0.9999999993871068,0.0
cb_rnn,2,8,0,1,0.7728504501574011,0.320429383191633
cb_rnn,2,8,0,2,0.4113954872505558,0.514835949407466
cb_rnn,2,8,0,3,0.8344888981770481,0.27962127935838
cb_rnn,2,8,0,4,0.814571114567824,0.29362074399853977
cb_rnn,2,8,0,5,0.9916944364101807,0.06714018378123204
cb_rnn,2,8,0,6,0.8122182247827396,0.3108168217759675
cb_rnn,2,8,0,7,0.46510147473216357,0.4727358910851828
cb_rnn,2,8,1,0,0.7728504501574011,0.320429383191633
cb_rnn,2,8,1,1,0.999999998990914,0.0
cb_rnn,2,8,1,2,0.6917700866297732,0.3292401083661119
cb_rnn,2,8,1,3,0.59396547634674,0.3545525171065746
cb_rnn,2,8,1,4,0.9836940135869912,0.08387346412307432
cb_rnn,2,8,1,5,0.7009896293271426,0.3705183719369783
cb_rnn,2,8,1,6,0.5554505897082581,0.43774985677609435
cb_rnn,2,8,1,7,0.6663240791157691,0.3195455690675016
cb_rnn,2,8,2,0,0.4113954872505558,0.514835949407466
cb_rnn,2,8,2,1,0.6917700866297732,0.3292401083661119
cb_rnn,2,8,2,2,0.9999999991874355,0.0
cb_rnn,2,8,2,3,0.6509771913336904,0.3499326560854458
cb_rnn,2,8,2,4,0.7020605693434245,0.3360777096302275
cb_rnn,2,8,2,5,0.3437376387124265,0.5516212313545945
cb_rnn,2,8,2,6,0.65426822684901,0.3993270993164143
cb_rnn,2,8,2,7,0.986389648057052,0.08436054252445067
cb_rnn,2,8,3,0,0.8344888981770481,0.27962127935838
cb_rnn,2,8,3,1,0.59396547634674,0.3545525171065746
cb_rnn,2,8,3,2,0.6509771913336904,0.3499326560854458
cb_rnn,2,8,3,3,0.9999999989903389,0.0
cb_rnn,2,8,3,4,0.6628078861309533,0.34078135091740175
cb_rnn,2,8,3,5,0.8363357684656996,0.2866031906534781
cb_rnn,2,8,3,6,0.9805592001874528,0.14573486398205981
cb_rnn,2,8,3,7,0.7313231769361999,0.2867031524798602
cb_rnn,2,8,4,0,0.814571114567824,0.29362074399853977
cb_rnn,2,8,4,1,0.9836940135869912,0.08387346412307432
cb_rnn,2,8,4,2,0.7020605693434245,0.3360777096302275
cb_rnn,2,8,4,3,0.6628078861309533,0.34078135091740175
cb_rnn,2,8,4,4,0.9999999991631342,0.0
cb_rnn,2,8,4,5,0.7503669464997517,0.34501884173778197
cb_rnn,2,8,4,6,0.6363038600301589,0.4075054010257337
cb_rnn,2,8,4,7,0.6971346578751065,0.32191339611936876
cb_rnn,2,8,5,0,0.9916944364101807,0.06714018378123204
cb_rnn,2,8,5,1,0.7009896293271426,0.3705183719369783
cb_rnn,2,8,5,2,0.3437376387124265,0.5516212313545945
cb_rnn,2,8,5,3,0.8363357684656996,0.2866031906534781
cb_rnn,2,8,5,4,0.7503669464997517,0.34501884173778197
cb_rnn,2,8,5,5,0.9999999994171572,0.0
cb_rnn,2,8,5,6,0.8215370718075301,0.3069227533551263
cb_rnn,2,8,5,7,0.41313895896968267,0.5028855411082311
cb_rnn,2,8,6,0,0.8122182247827396,0.3108168217759675
cb_rnn,2,8,6,1,0.5554505897082581,0.43774985677609435
cb_rnn,2,8,6,2,0.65426822684901,0.3993270993164143
cb_rnn,2,8,6,3,0.9805592001874528,0.14573486398205981
cb_rnn,2,8,6,4,0.6363038600301589,0.4075054010257337
cb_rnn,2,8,6,5,0.8215370718075301,0.3069227533551263
cb_rnn,2,8,6,6,0.9999999993977435,0.0
cb_rnn,2,8,6,7,0.7431689894082233,0.34096338938447635
cb_rnn,2,8,7,0,0.46510147473216357,0.4727358910851828
cb_rnn,2,8,7,1,0.6663240791157691,0.3195455690675016
cb_rnn,2,8,7,2,0.986389648057052,0.08436054252445067
cb_rnn,2,8,7,3,0.7313231769361999,0.2867031524798602
cb_rnn,2,8,7,4,0.6971346578751065,0.32191339611936876
cb_rnn,2,8,7,5,0.41313895896968267,0.5028855411082311
cb_rnn,2,8,7,6,0.7431689894082233,0.34096338938447635
cb_rnn,2,8,7,7,0.9999999989660905,0.0
cb_rnn,2,9,0,0,0.9999999993808033,0.0
cb_rnn,2,9,0,1,0.8134999881009796,0.29809802447216516
cb_rnn,2,9,0,2,0.3855500538717224,0.4962811065684398
cb_rnn,2,9,0,3,0.8034505405916429,0.30228038722645584
cb_rnn,2,9,0,4,0.8440579026690465,0.272799760521906
cb_rnn,2,9,0,5,0.9897900061854625,0.07343552077846621
cb_rnn,2,9,0,6,0.7852040898354828,0.32621281001437435
cb_rnn,2,9,0,7,0.4520024859421563,0.47088968736043224
cb_rnn,2,9,1,0,0.8134999881009796,0.29809802447216516
cb_rnn,2,9,1,1,0.9999999987198146,0.0
cb_rnn,2,9,1,2,0.5746540856245733,0.332786044708069
cb_rnn,2,9,1,3,0.557178388778122,0.3848204238479857
cb_rnn,2,9,1,4,0.9879369970707684,0.06487001816497431
cb_rnn,2,9,1,5,0.7509556731373586,0.34104263433600474
cb_rnn,2,9,1,6,0.5353733666930954,0.4248407148963873
cb_rnn,2,9,1,7,0.5551639589550065,0.34068112696677866
cb_rnn,2,9,2,0,0.3855500538717224,0.4962811065684398
cb_rnn,2,9,2,1,0.5746540856245733,0.332786044708069
cb_rnn,2,9,2,2,0.9999999988651208,0.0
cb_rnn,2,9,2,3,0.6652857300298824,0.3420470342428723
cb_rnn,2,9,2,4,0.6265615044650747,0.32506607664709664
cb_rnn,2,9,2,5,0.31039987222147936,0.5320697321029101
cb_rnn,2,9,2,6,0.6747661514683633,0.36566107488661576
cb_rnn,2,9,2,7,0.9794683549567961,0.07526935039419753
cb_rnn,2,9,3,0,0.8034505405916429,0.30228038722645584
cb_rnn,2,9,3,1,0.557178388778122,0.3848204238479857
cb_rnn,2,9,3,2,0.6652857300298824,0.3420470342428723
cb_rnn,2,9,3,3,0.9999999992197153,0.0
cb_rnn,2,9,3,4,0.6338454452312398,0.3595322674217004
cb_rnn,2,9,3,5,0.8058932198422636,0.30589418010482183
cb_rnn,2,9,3,6,0.9915227487918856,0.07603036204108204
cb_rnn,2,9,3,7,0.7622916418244349,0.29125091575243395
cb_rnn,2,9,4,0,0.8440579026690465,0.272799760521906
cb_rnn,2,9,4,1,0.9879369970707684,0.06487001816497431
cb_rnn,2,9,4,2,0.6265615044650747,0.32506607664709664
cb_rnn,2,9,4,3,0.6338454452312398,0.3595322674217004
cb_rnn,2,9,4,4,0.9999999989232717,0.0
cb_rnn,2,9,4,5,0.7819423286642385,0.320769206420075
cb_rnn,2,9,4,6,0.6225021568264443,0.39266710198641164
cb_rnn,2,9,4,7,0.6203536397288794,0.3280608253992752
cb_rnn,2,9,5,0,0.9897900061854625,0.07343552077846621
cb_rnn,2,9,5,1,0.7509556731373586,0.34104263433600474
cb_rnn,2,9,5,2,0.31039987222147936,0.5320697321029101
cb_rnn,2,9,5,3,0.8058932198422636,0.30589418010482183
cb_rnn,2,9,5,4,0.7819423286642385,0.320769206420075
cb_rnn,2,9,5,5,0.9999999994074898,0.0
cb_rnn,2,9,5,6,0.7880321341151926,0.3281659161261174
cb_rnn,2,9,5,7,0.3994786137499093,0.49939822074777196
cb_rnn,2,9,6,0,0.7852040898354828,0.32621281001437435
cb_rnn,2,9,6,1,0.5353733666930954,0.4248407148963873
cb_rnn,2,9,6,2,0.6747661514683633,0.36566107488661576
cb_rnn,2,9,6,3,0.9915227487918856,0.07603036204108204
cb_rnn,2,9,6,4,0.6225021568264443,0.39266710198641164
cb_rnn,2,9,6,5,0.7880321341151926,0.3281659161261174
cb_rnn,2,9,6,6,0.9999999993563046,0.0
cb_rnn,2,9,6,7,0.780249378572746,0.30841767481429794
cb_rnn,2,9,7,0,0.4520024859421563,0.47088968736043224
cb_rnn,2,9,7,1,0.5551639589550065,0.34068112696677866
cb_rnn,2,9,7,2,0.9794683549567961,0.07526935039419753
cb_rnn,2,9,7,3,0.7622916418244349,0.29125091575243395
cb_rnn,2,9,7,4,0.6203536397288794,0.3280608253992752
cb_rnn,2,9,7,5,0.3994786137499093,0.49939822074777196
cb_rnn,2,9,7,6,0.780249378572746,0.30841767481429794
cb_rnn,2,9,7,7,0.9999999988696574,0.0
cb_rnn,2,10,0,0,0.9999999990876395,0.0
cb_rnn,2,10,0,1,0.8450297493071998,0.22992912547507724
cb_rnn,2,10,0,2,0.3422342398662432,0.45431767876092255
cb_rnn,2,10,0,3,0.7285714494867891,0.301807148300918
cb_rnn,2,10,0,4,0.8402936968994005,0.22745065815765028
cb_rnn,2,10,0,5,0.9967400585012225,0.033661811271115935
cb_rnn,2,10,0,6,0.7292874818516242,0.32796538948495524
cb_rnn,2,10,0,7,0.4493619502065654,0.4163092082681537
cb_rnn,2,10,1,0,0.8450297493071998,0.22992912547507724
cb_rnn,2,10,1,1,0.9999999981063631,0.0
cb_rnn,2,10,1,2,0.5235829697799684,0.3332451071757101
cb_rnn,2,10,1,3,0.5912200921536325,0.3302027018155428
cb_rnn,2,10,1,4,0.9919601529743792,0.04434036903498746
cb_rnn,2,10,1,5,0.8360263096573899,0.2303976748777215
cb_rnn,2,10,1,6,0.5500242344478773,0.3914319960843355
cb_rnn,2,10,1,7,0.5430156765033554,0.3274051243741045
cb_rnn,2,10,2,0,0.3422342398662432,0.45431767876092255
cb_rnn,2,10,2,1,0.5235829697799684,0.3332451071757101
cb_rnn,2,10,2,2,0.9999999988982152,0.0
cb_rnn,2,10,2,3,0.7839757525358765,0.2583186139288502
cb_rnn,2,10,2,4,0.5548056400087967,0.3293102596662643
cb_rnn,2,10,2,5,0.33874610213850703,0.45199404510164415
cb_rnn,2,10,2,6,0.7346033200873042,0.31880461659904547
cb_rnn,2,10,2,7,0.980556385987161,0.07434301851834782
cb_rnn,2,10,3,0,0.7285714494867891,0.301807148300918
cb_rnn,2,10,3,1,0.5912200921536325,0.3302027018155428
cb_rnn,2,10,3,2,0.7839757525358765,0.2583186139288502
cb_rnn,2,10,3,3,0.999999999047969,0.0
cb_rnn,2,10,3,4,0.6085535293747952,0.3277370696977247
cb_rnn,2,10,3,5,0.7357626374973829,0.2956415933727413
cb_rnn,2,10,3,6,0.9871904082996951,0.0933596232782285
cb_rnn,2,10,3,7,0.8787592389500682,0.19452671681915068
cb_rnn,2,10,4,0,0.8402936968994005,0.22745065815765028
cb_rnn,2,10,4,1,0.9919601529743792,0.04434036903498746
cb_rnn,2,10,4,2,0.5548056400087967,0.3293102596662643
cb_rnn,2,10,4,3,0.6085535293747952,0.3277370696977247
cb_rnn,2,10,4,4,0.9999999983775547,0.0
cb_rnn,2,10,4,5,0.8283587367001356,0.23035841874080504
cb_rnn,2,10,4,6,0.5716763014731819,0.38583295265816836
cb_rnn,2,10,4,7,0.5725855607335681,0.3234216703915683
cb_rnn,2,10,5,0,0.9967400585012225,0.033661811271115935
cb_rnn,2,10,5,1,0.8360263096573899,0.2303976748777215
cb_rnn,2,10,5,2,0.33874610213850703,0.45199404510164415
cb_rnn,2,10,5,3,0.7357626374973829,0.2956415933727413
cb_rnn,2,10,5,4,0.8283587367001356,0.23035841874080504
cb_rnn,2,10,5,5,0.9999999990622874,0.0
cb_rnn,2,10,5,6,0.7376200965112133,0.3218560027706029
cb_rnn,2,10,5,7,0.4525235383296001,0.41184876820625443
cb_rnn,2,10,6,0,0.7292874818516242,0.32796538948495524
cb_rnn,2,10,6,1,0.5500242344478773,0.3914319960843355
cb_rnn,2,10,6,2,0.7346033200873042,0.31880461659904547
cb_rnn,2,10,6,3,0.9871904082996951,0.0933596232782285
cb_rnn,2,10,6,4,0.5716763014731819,0.38583295265816836
cb_rnn,2,10,6,5,0.7376200965112133,0.3218560027706029
cb_rnn,2,10,6,6,0.9999999992844625,0.0
cb_rnn,2,10,6,7,0.8447726668469147,0.25066716929914773
cb_rnn,2,10,7,0,0.4493619502065654,0.4163092082681537
cb_rnn,2,10,7,1,0.5430156765033554,0.3274051243741045
cb_rnn,2,10,7,2,0.980556385987161,0.07434301851834782
cb_rnn,2,10,7,3,0.8787592389500682,0.19452671681915068
cb_rnn,2,10,7,4,0.5725855607335681,0.3234216703915683
cb_rnn,2,10,7,5,0.4525235383296001,0.41184876820625443
cb_rnn,2,10,7,6,0.8447726668469147,0.25066716929914773
cb_rnn,2,10,7,7,0.9999999989027822,0.0
cb_rnn,2,11,0,0,0.9999999989870579,0.0
cb_rnn,2,11,0,1,0.8044660141299302,0.2413921066843946
cb_rnn,2,11,0,2,0.3071633206719975,0.4705663369855973
cb_rnn,2,11,0,3,0.6766351091335074,0.348532110821662
cb_rnn,2,11,0,4,0.8378883097313817,0.22025651397041132
cb_rnn,2,11,0,5,0.9971372504669506,0.030094913011987644
cb_rnn,2,11,0,6,0.6826782869200283,0.39114579841507163
cb_rnn,2,11,0,7,0.38513647834620285,0.46057318712426487
cb_rnn,2,11,1,0,0.8044660141299302,0.2413921066843946
cb_rnn,2,11,1,1,0.9999999975772409,0.0
cb_rnn,2,11,1,2,0.5420240075224733,0.3432801869316556
cb_rnn,2,11,1,3,0.5916650208910881,0.37152846435038633
cb_rnn,2,11,1,4,0.982704205095892,0.055240972287203274
cb_rnn,2,11,1,5,0.7970435983577363,0.24737335786368864
cb_rnn,2,11,1,6,0.5936598711543047,0.4342221292066735
cb_rnn,2,11,1,7,0.5646241288298144,0.35947765002186766
cb_rnn,2,11,2,0,0.3071633206719975,0.4705663369855973
cb_rnn,2,11,2,1,0.5420240075224733,0.3432801869316556
cb_rnn,2,11,2,2,0.9999999990545498,0.0
cb_rnn,2,11,2,3,0.8226946969126633,0.26314228447852256
cb_rnn,2,11,2,4,0.527611513593194,0.3512302293924386
cb_rnn,2,11,2,5,0.31770449349212976,0.46910472362800154
cb_rnn,2,11,2,6,0.8131869686609347,0.31194969253766053
cb_rnn,2,11,2,7,0.9878235029340623,0.07173957805951432
cb_rnn,2,11,3,0,0.6766351091335074,0.348532110821662
cb_rnn,2,11,3,1,0.5916650208910881,0.37152846435038633
cb_rnn,2,11,3,2,0.8226946969126633,0.26314228447852256
cb_rnn,2,11,3,3,0.9999999992624892,0.0
cb_rnn,2,11,3,4,0.5983329592317094,0.36881479523884364
cb_rnn,2,11,3,5,0.691223846990061,0.3417221006802282
cb_rnn,2,11,3,6,0.9971912273710084,0.08245024150140126
cb_rnn,2,11,3,7,0.8838069183515483,0.21724007066516154
cb_rnn,2,11,4,0,0.8378883097313817,0.22025651397041132
cb_rnn,2,11,4,1,0.982704205095892,0.055240972287203274
cb_rnn,2,11,4,2,0.527611513593194,0.3512302293924386
cb_rnn,2,11,4,3,0.5983329592317094,0.36881479523884364
cb_rnn,2,11,4,4,0.9999999979861194,0.0
cb_rnn,2,11,4,5,0.8308579652554995,0.22644233590974952
cb_rnn,2,11,4,6,0.6025383358605201,0.42826959676877335
cb_rnn,2,11,4,7,0.5497804713368647,0.36582469725427685
cb_rnn,2,11,5,0,0.9971372504669506,0.030094913011987644
cb_rnn,2,11,5,1,0.7970435983577363,0.24737335786368864
cb_rnn,2,11,5,2,0.31770449349212976,0.46910472362800154
cb_rnn,2,11,5,3,0.691223846990061,0.3417221006802282
cb_rnn,2,11,5,4,0.8308579652554995,0.22644233590974952
cb_rnn,2,11,5,5,0.9999999990061431,0.0
cb_rnn,2,11,5,6,0.6973955212822928,0.3833932973153908
cb_rnn,2,11,5,7,0.39757732931962364,0.4577500489037039
cb_rnn,2,11,6,0,0.6826782869200283,0.39114579841507163
cb_rnn,2,11,6,1,0.5936598711543047,0.4342221292066735
cb_rnn,2,11,6,2,0.8131869686609347,0.31194969253766053
cb_rnn,2,11,6,3,0.9971912273710084,0.08245024150140126
cb_rnn,2,11,6,4,0.6025383358605201,0.42826959676877335
cb_rnn,2,11,6,5,0.6973955212822928,0.3833932973153908
cb_rnn,2,11,6,6,0.999999999451825,0.0
cb_rnn,2,11,6,7,0.8798829779735905,0.2560098356667053
cb_rnn,2,11,7,0,0.38513647834620285,0.46057318712426487
cb_rnn,2,11,7,1,0.5646241288298144,0.35947765002186766
cb_rnn,2,11,7,2,0.9878235029340623,0.07173957805951432
cb_rnn,2,11,7,3,0.8838069183515483,0.21724007066516154
cb_rnn,2,11,7,4,0.5497804713368647,0.36582469725427685
cb_rnn,2,11,7,5,0.39757732931962364,0.4577500489037039
cb_rnn,2,11,7,6,0.8798829779735905,0.2560098356667053
cb_rnn,2,11,7,7,0.9999999991759169,0.0
cb_rnn,2,12,0,0,0.9999999990467955,0.0
cb_rnn,2,12,0,1,0.850455610408595,0.23634853233397357
cb_rnn,2,12,0,2,0.3299909189977598,0.5369754022911827
cb_rnn,2,12,0,3,0.6669152672685357,0.4391344514714916
cb_rnn,2,12,0,4,0.8684633404178288,0.2096272329860347
cb_rnn,2,12,0,5,0.9980732657355029,0.044019409189640236
cb_rnn,2,12,0,6,0.6418174478934892,0.4898697283253069
cb_rnn,2,12,0,7,0.35817655854041713,0.5326978982678976
cb_rnn,2,12,1,0,0.850455610408595,0.23634853233397357
cb_rnn,2,12,1,1,0.9999999973288327,0.0
cb_rnn,2,12,1,2,0.45149826645916186,0.4559049271621335
cb_rnn,2,12,1,3,0.6008680399534331,0.48407426215225235
cb_rnn,2,12,1,4,0.9866117684573661,0.0656879658098512
cb_rnn,2,12,1,5,0.8441854523395027,0.26932493012722797
cb_rnn,2,12,1,6,0.5828414848178871,0.5351926861957643
cb_rnn,2,12,1,7,0.4812403327502204,0.4562128063366738
cb_rnn,2,12,2,0,0.3299909189977598,0.5369754022911827
cb_rnn,2,12,2,1,0.45149826645916186,0.4559049271621335
cb_rnn,2,12,2,2,0.9999999994011339,0.0
cb_rnn,2,12,2,3,0.889053059168472,0.27001167860496694
cb_rnn,2,12,2,4,0.4944307318273873,0.4456644538904057
cb_rnn,2,12,2,5,0.3460623448487084,0.5468831473315726
cb_rnn,2,12,2,6,0.9041833570915726,0.2808967042373299
cb_rnn,2,12,2,7,0.9960975821572723,0.04653793858814371
cb_rnn,2,12,3,0,0.6669152672685357,0.4391344514714916
cb_rnn,2,12,3,1,0.6008680399534331,0.48407426215225235
cb_rnn,2,12,3,2,0.889053059168472,0.27001167860496694
cb_rnn,2,12,3,3,0.9999999995497885,0.0
cb_rnn,2,12,3,4,0.6577193822876569,0.4540947830133423
cb_rnn,2,12,3,5,0.6856351381922091,0.4303803656094244
cb_rnn,2,12,3,6,0.9970724937430254,0.0683255756739231
cb_rnn,2,12,3,7,0.9008810787229856,0.25592612539346266
cb_rnn,2,12,4,0,0.8684633404178288,0.2096272329860347
cb_rnn,2,12,4,1,0.9866117684573661,0.0656879658098512
cb_rnn,2,12,4,2,0.4944307318273873,0.4456644538904057
cb_rnn,2,12,4,3,0.6577193822876569,0.4540947830133423
cb_rnn,2,12,4,4,0.9999999981566976,0.0
cb_rnn,2,12,4,5,0.867702874419035,0.23694436090824705
cb_rnn,2,12,4,6,0.6412755912019703,0.5042492445701424
cb_rnn,2,12,4,7,0.5270852155117014,0.4425215411349093
cb_rnn,2,12,5,0,0.9980732657355029,0.044019409189640236
cb_rnn,2,12,5,1,0.8441854523395027,0.26932493012722797
cb_rnn,2,12,5,2,0.3460623448487084,0.5468831473315726
cb_rnn,2,12,5,3,0.6856351381922091,0.4303803656094244
cb_rnn,2,12,5,4,0.867702874419035,0.23694436090824705
cb_rnn,2,12,5,5,0.9999999991937992,0.0
cb_rnn,2,12,5,6,0.6605910282184104,0.4798997780915449
cb_rnn,2,12,5,7,0.37728536472311963,0.540109551609683
cb_rnn,2,12,6,0,0.6418174478934892,0.4898697283253069
cb_rnn,2,12,6,1,0.5828414848178871,0.5351926861957643
cb_rnn,2,12,6,2,0.9041833570915726,0.2808967042373299
cb_rnn,2,12,6,3,0.9970724937430254,0.0683255756739231
cb_rnn,2,12,6,4,0.6412755912019703,0.5042492445701424
cb_rnn,2,12,6,5,0.6605910282184104,0.4798997780915449
cb_rnn,2,12,6,6,0.9999999996170562,0.0
cb_rnn,2,12,6,7,0.914539708596282,0.2661458345321344
cb_rnn,2,12,7,0,0.35817655854041713,0.5326978982678976
cb_rnn,2,12,7,1,0.4812403327502204,0.4562128063366738
cb_rnn,2,12,7,2,0.9960975821572723,0.04653793858814371
cb_rnn,2,12,7,3,0.9008810787229856,0.25592612539346266
cb_rnn,2,12,7,4,0.5270852155117014,0.4425215411349093
cb_rnn,2,12,7,5,0.37728536472311963,0.540109551609683
cb_rnn,2,12,7,6,0.914539708596282,0.2661458345321344
cb_rnn,2,12,7,7,0.9999999994229283,0.0
cb_rnn,2,13,0,0,0.9999999992690981,0.0
cb_rnn,2,13,0,1,0.9314995276572404,0.23520424287510555
cb_rnn,2,13,0,2,0.35089800784357367,0.6506081632086289
cb_rnn,2,13,0,3,0.6117204706672993,0.6134927318551839
cb_rnn,2,13,0,4,0.8964582141430558,0.24293272649746972
cb_rnn,2,13,0,5,0.9983473622939075,0.03768279869351179
cb_rnn,2,13,0,6,0.6143795804363851,0.6643074854094629
cb_rnn,2,13,0,7,0.4158757607294632,0.6689199376328695
cb_rnn,2,13,1,0,0.9314995276572404,0.23520424287510555
cb_rnn,2,13,1,1,0.9999999977960266,0.0
cb_rnn,2,13,1,2,0.4064237968663015,0.5919571717322355
cb_rnn,2,13,1,3,0.5875870123795321,0.6553473330354966
cb_rnn,2,13,1,4,0.9869602320849007,0.04780026583931566
cb_rnn,2,13,1,5,0.9338468066703999,0.2578978571295223
cb_rnn,2,13,1,6,0.5892765174007174,0.7154465822933325
cb_rnn,2,13,1,7,0.4587145124152763,0.6360301220568818
cb_rnn,2,13,2,0,0.35089800784357367,0.6506081632086289
cb_rnn,2,13,2,1,0.4064237968663015,0.5919571717322355
cb_rnn,2,13,2,2,0.9999999996277428,0.0
cb_rnn,2,13,2,3,0.9359421953444076,0.2839262276668013
cb_rnn,2,13,2,4,0.4501508789841923,0.5785690832814533
cb_rnn,2,13,2,5,0.36184332968929,0.6551640923016696
cb_rnn,2,13,2,6,0.9359919778859344,0.3259250170956743
cb_rnn,2,13,2,7,0.993728460462089,0.09985148041512676
cb_rnn,2,13,3,0,0.6117204706672993,0.6134927318551839
cb_rnn,2,13,3,1,0.5875870123795321,0.6553473330354966
cb_rnn,2,13,3,2,0.9359421953444076,0.2839262276668013
cb_rnn,2,13,3,3,0.9999999997401035,0.0
cb_rnn,2,13,3,4,0.5990916427504309,0.6465499068242274
cb_rnn,2,13,3,5,0.6229031213875729,0.6065958958906297
cb_rnn,2,13,3,6,0.9989816089381937,0.07351609385405637
cb_rnn,2,13,3,7,0.961992288851815,0.21435034248271706
cb_rnn,2,13,4,0,0.8964582141430558,0.24293272649746972
cb_rnn,2,13,4,1,0.9869602320849007,0.04780026583931566
cb_rnn,2,13,4,2,0.4501508789841923,0.5785690832814533
cb_rnn,2,13,4,3,0.5990916427504309,0.6465499068242274
cb_rnn,2,13,4,4,0.9999999980621469,0.0
cb_rnn,2,13,4,5,0.900899591194045,0.2631466733619215
cb_rnn,2,13,4,6,0.6036026453896253,0.7051738332538269
cb_rnn,2,13,4,7,0.4959028044998861,0.6226195649733659
cb_rnn,2,13,5,0,0.9983473622939075,0.03768279869351179
cb_rnn,2,13,5,1,0.9338468066703999,0.2578978571295223
cb_rnn,2,13,5,2,0.36184332968929,0.6551640923016696
cb_rnn,2,13,5,3,0.6229031213875729,0.6065958958906297
cb_rnn,2,13,5,4,0.900899591194045,0.2631466733619215
cb_rnn,2,13,5,5,0.9999999993447348,0.0
cb_rnn,2,13,5,6,0.6258450199048755,0.6556037592994377
cb_rnn,2,13,5,7,0.42958929929229545,0.6687332934529843
cb_rnn,2,13,6,0,0.6143795804363851,0.6643074854094629
cb_rnn,2,13,6,1,0.5892765174007174,0.7154465822933325
cb_rnn,2,13,6,2,0.9359919778859344,0.3259250170956743
cb_rnn,2,13,6,3,0.9989816089381937,0.07351609385405637
cb_rnn,2,13,6,4,0.6036026453896253,0.7051738332538269
cb_rnn,2,13,6,5,0.6258450199048755,0.6556037592994377
cb_rnn,2,13,6,6,0.9999999997781562,0.0
cb_rnn,2,13,6,7,0.9615730647820263,0.24902590047091666
cb_rnn,2,13,7,0,0.4158757607294632,0.6689199376328695
cb_rnn,2,13,7,1,0.4587145124152763,0.6360301220568818
cb_rnn,2,13,7,2,0.993728460462089,0.09985148041512676
cb_rnn,2,13,7,3,0.961992288851815,0.21435034248271706
cb_rnn,2,13,7,4,0.4959028044998861,0.6226195649733659
cb_rnn,2,13,7,5,0.42958929929229545,0.6687332934529843
cb_rnn,2,13,7,6,0.9615730647820263,0.24902590047091666
cb_rnn,2,13,7,7,0.9999999996922345,0.0
cb_rnn,2,14,0,0,0.9999999993326624,0.0
cb_rnn,2,14,0,1,0.9337902167756492,0.26725659680259795
cb_rnn,2,14,0,2,0.36257839146278154,0.6990771184630251
cb_rnn,2,14,0,3,0.5646897346642724,0.6811544685488474
cb_rnn,2,14,0,4,0.9135120804118435,0.25446282896224626
cb_rnn,2,14,0,5,0.9980543817162542,0.034536922641973056
cb_rnn,2,14,0,6,0.5946422099364301,0.7157482599177055
cb_rnn,2,14,0,7,0.3959958128408607,0.73580861185861
cb_rnn,2,14,1,0,0.9337902167756492,0.26725659680259795
cb_rnn,2,14,1,1,0.9999999974647197,0.0
cb_rnn,2,14,1,2,0.387084134467718,0.6548402870859747
cb_rnn,2,14,1,3,0.5310528657126605,0.7244279252590075
cb_rnn,2,14,1,4,0.989077401169248,0.05079816864797981
cb_rnn,2,14,1,5,0.9349034337809292,0.2817830374920448
cb_rnn,2,14,1,6,0.558160890242622,0.7777322939366803
cb_rnn,2,14,1,7,0.4121122989522131,0.7126614793490493
cb_rnn,2,14,2,0,0.36257839146278154,0.6990771184630251
cb_rnn,2,14,2,1,0.387084134467718,0.6548402870859747
cb_rnn,2,14,2,2,0.9999999996897149,0.0
cb_rnn,2,14,2,3,0.9626100540596121,0.23896612609155463
cb_rnn,2,14,2,4,0.44412541681595674,0.6367289344878748
cb_rnn,2,14,2,5,0.3722757049061,0.6994812485923211
cb_rnn,2,14,2,6,0.9526416963907705,0.3028619609003283
cb_rnn,2,14,2,7,0.9966499195628824,0.09160416722599793
cb_rnn,2,14,3,0,0.5646897346642724,0.6811544685488474
cb_rnn,2,14,3,1,0.5310528657126605,0.7244279252590075
cb_rnn,2,14,3,2,0.9626100540596121,0.23896612609155463
cb_rnn,2,14,3,3,0.9999999997704598,0.0
cb_rnn,2,14,3,4,0.5697940597352698,0.703955002063908
cb_rnn,2,14,3,5,0.5741721102650291,0.6759988467125195
cb_rnn,2,14,3,6,0.9984460719657958,0.07941794568182704
cb_rnn,2,14,3,7,0.9737912892926505,0.1893509660708779
cb_rnn,2,14,4,0,0.9135120804118435,0.25446282896224626
cb_rnn,2,14,4,1,0.989077401169248,0.05079816864797981
cb_rnn,2,14,4,2,0.44412541681595674,0.6367289344878748
cb_rnn,2,14,4,3,0.5697940597352698,0.703955002063908
cb_rnn,2,14,4,4,0.9999999980180377,0.0
cb_rnn,2,14,4,5,0.9155177645049358,0.26768844421884885
cb_rnn,2,14,4,6,0.5983009565953162,0.7548418392100577
cb_rnn,2,14,4,7,0.4676914194306173,0.692782651084575
cb_rnn,2,14,5,0,0.9980543817162542,0.034536922641973056
cb_rnn,2,14,5,1,0.9349034337809292,0.2817830374920448
cb_rnn,2,14,5,2,0.3722757049061,0.6994812485923211
cb_rnn,2,14,5,3,0.5741721102650291,0.6759988467125195
cb_rnn,2,14,5,4,0.9155177645049358,0.26768844421884885
cb_rnn,2,14,5,5,0.9999999993743709,0.0
cb_rnn,2,14,5,6,0.6043635133966896,0.7088741658761706
cb_rnn,2,14,5,7,0.4082611021745366,0.7332836614156336
cb_rnn,2,14,6,0,0.5946422099364301,0.7157482599177055
cb_rnn,2,14,6,1,0.558160890242622,0.7777322939366803
cb_rnn,2,14,6,2,0.9526416963907705,0.3028619609003283
cb_rnn,2,14,6,3,0.9984460719657958,0.07941794568182704
cb_rnn,2,14,6,4,0.5983009565953162,0.7548418392100577
cb_rnn,2,14,6,5,0.6043635133966896,0.7088741658761706
cb_rnn,2,14,6,6,0.999999999802084,0.0
cb_rnn,2,14,6,7,0.9656617445124742,0.2442751316477397
cb_rnn,2,14,7,0,0.3959958128408607,0.73580861185861
cb_rnn,2,14,7,1,0.4121122989522131,0.7126614793490493
cb_rnn,2,14,7,2,0.9966499195628824,0.09160416722599793
cb_rnn,2,14,7,3,0.9737912892926505,0.1893509660708779
cb_rnn,2,14,7,4,0.4676914194306173,0.692782651084575
cb_rnn,2,14,7,5,0.4082611021745366,0.7332836614156336
cb_rnn,2,14,7,6,0.9656617445124742,0.2442751316477397
cb_rnn,2,14,7,7,0.9999999997419377,0.0
cb_rnn,2,15,0,0,0.9999999995310765,0.0
cb_rnn,2,15,0,1,0.9532867340545917,0.3054530130741565
cb_rnn,2,15,0,2,0.370956397283065,0.8362160819082047
cb_rnn,2,15,0,3,0.57286948838209,0.8574192775169771
cb_rnn,2,15,0,4,0.9448699048020601,0.29190220521444493
cb_rnn,2,15,0,5,0.9977416203149556,0.052306759010903044
cb_rnn,2,15,0,6,0.5988202902499752,0.8681656353949243
cb_rnn,2,15,0,7,0.3946140285547252,0.8889580354665513
cb_rnn,2,15,1,0,0.9532867340545917,0.3054530130741565
cb_rnn,2,15,1,1,0.9999999982578993,0.0
cb_rnn,2,15,1,2,0.3819964390038223,0.7914932980689081
cb_rnn,2,15,1,3,0.5425837575740129,0.9183769755554972
cb_rnn,2,15,1,4,0.9904572849874033,0.04897058807856697
cb_rnn,2,15,1,5,0.9505003731559205,0.33939620428757555
cb_rnn,2,15,1,6,0.5643253658781989,0.944432420229264
cb_rnn,2,15,1,7,0.4012183594906945,0.8656354279065499
cb_rnn,2,15,2,0,0.370956397283065,0.8362160819082047
cb_rnn,2,15,2,1,0.3819964390038223,0.7914932980689081
cb_rnn,2,15,2,2,0.9999999997867215,0.0
cb_rnn,2,15,2,3,0.9651571365756904,0.3136963815311931
cb_rnn,2,15,2,4,0.44800822426222064,0.7676099541268865
cb_rnn,2,15,2,5,0.3849888401100159,0.8386195338405005
cb_rnn,2,15,2,6,0.9551623678413096,0.36519695012040326
cb_rnn,2,15,2,7,0.9980064106900053,0.102370469504345
cb_rnn,2,15,3,0,0.57286948838209,0.8574192775169771
cb_rnn,2,15,3,1,0.5425837575740129,0.9183769755554972
cb_rnn,2,15,3,2,0.9651571365756904,0.3136963815311931
cb_rnn,2,15,3,3,0.9999999998571211,0.0
cb_rnn,2,15,3,4,0.5963500515429628,0.8916607390857423
cb_rnn,2,15,3,5,0.5876411939618359,0.8461419924685588
cb_rnn,2,15,3,6,0.9984595142684924,0.06847893985530447
cb_rnn,2,15,3,7,0.9728186576219296,0.2538500314108993
cb_rnn,2,15,4,0,0.9448699048020601,0.29190220521444493
cb_rnn,2,15,4,1,0.9904572849874033,0.04897058807856697
cb_rnn,2,15,4,2,0.44800822426222064,0.7676099541268865
cb_rnn,2,15,4,3,0.5963500515429628,0.8916607390857423
cb_rnn,2,15,4,4,0.9999999985021427,0.0
cb_rnn,2,15,4,5,0.9445451577612197,0.32384093873736053
cb_rnn,2,15,4,6,0.6188253830305785,0.9164528517639643
cb_rnn,2,15,4,7,0.46757647504488664,0.8401559045972841
cb_rnn,2,15,5,0,0.9977416203149556,0.052306759010903044
cb_rnn,2,15,5,1,0.9505003731559205,0.33939620428757555
cb_rnn,2,15,5,2,0.3849888401100159,0.8386195338405005
cb_rnn,2,15,5,3,0.5876411939618359,0.8461419924685588
cb_rnn,2,15,5,4,0.9445451577612197,0.32384093873736053
cb_rnn,2,15,5,5,0.9999999995815266,0.0
cb_rnn,2,15,5,6,0.6137577936204508,0.8546411925766311
cb_rnn,2,15,5,7,0.41024042437989433,0.8873177627862716
cb_rnn,2,15,6,0,0.5988202902499752,0.8681656353949243
cb_rnn,2,15,6,1,0.5643253658781989,0.944432420229264
cb_rnn,2,15,6,2,0.9551623678413096,0.36519695012040326
cb_rnn,2,15,6,3,0.9984595142684924,0.06847893985530447
cb_rnn,2,15,6,4,0.6188253830305785,0.9164528517639643
cb_rnn,2,15,6,5,0.6137577936204508,0.8546411925766311
cb_rnn,2,15,6,6,0.9999999998661655,0.0
cb_rnn,2,15,6,7,0.9641654803671529,0.30380075816515983
cb_rnn,2,15,7,0,0.3946140285547252,0.8889580354665513
cb_rnn,2,15,7,1,0.4012183594906945,0.8656354279065499
cb_rnn,2,15,7,2,0.9980064106900053,0.102370469504345
cb_rnn,2,15,7,3,0.9728186576219296,0.2538500314108993
cb_rnn,2,15,7,4,0.46757647504488664,0.8401559045972841
cb_rnn,2,15,7,5,0.41024042437989433,0.8873177627862716
cb_rnn,2,15,7,6,0.9641654803671529,0.30380075816515983
cb_rnn,2,15,7,7,0.9999999998236088,0.0
cb_rnn,3,2,0,0,0.9999999615954962,0.0
cb_rnn,3,2,0,1,0.25459594016935205,0.11265476509953713
cb_rnn,3,2,0,2,0.9230373593568914,0.024548051015609335
cb_rnn,3,2,0,3,0.263411389780016,0.10060346004750596
cb_rnn,3,2,0,4,0.35218551584320495,0.0893313477670073
cb_rnn,3,2,0,5,0.9879651751781232,0.011532062410365942
cb_rnn,3,2,0,6,0.372110596652053,0.07823150288071046
cb_rnn,3,2,0,7,0.9278867252219531,0.024627008692059138
cb_rnn,3,2,1,0,0.25459594016935205,0.11265476509953713
cb_rnn,3,2,1,1,0.999999987204878,0.0
cb_rnn,3,2,1,2,0.09055617900918149,0.12069038254522285
cb_rnn,3,2,1,3,0.9845484886366521,0.02298616162253563
cb_rnn,3,2,1,4,0.992902013271309,0.024607439955520508
cb_rnn,3,2,1,5,0.3686673954532086,0.10653579902208123
cb_rnn,3,2,1,6,0.9663725883434259,0.04273486118439506
cb_rnn,3,2,1,7,0.21238809507875164,0.11590440198286289
cb_rnn,3,2,2,0,0.9230373593568914,0.024548051015609335
cb_rnn,3,2,2,1,0.09055617900918149,0.12069038254522285
cb_rnn,3,2,2,2,0.9999999559405806,0.0
cb_rnn,3,2,2,3,0.08695918606049734,0.10881022175508032
cb_rnn,3,2,2,4,0.17691450939018344,0.0978737497555808
cb_rnn,3,2,2,5,0.9048510950997184,0.029510366543444435
cb_rnn,3,2,2,6,0.19115899163457115,0.08629903486179419
cb_rnn,3,2,2,7,0.9864035505868344,0.011937618536519236
cb_rnn,3,2,3,0,0.263411389780016,0.10060346004750596
cb_rnn,3,2,3,1,0.9845484886366521,0.02298616162253563
cb_rnn,3,2,3,2,0.08695918606049734,0.10881022175508032
cb_rnn,3,2,3,3,0.9999999831838584,0.0
cb_rnn,3,2,3,4,0.9802771671351039,0.019848560833172536
cb_rnn,3,2,3,5,0.37684742436930724,0.09507347711506278
cb_rnn,3,2,3,6,0.9907041098362053,0.024440601754556913
cb_rnn,3,2,3,7,0.21223309541751773,0.10444570365448819
cb_rnn,3,2,4,0,0.35218551584320495,0.0893313477670073
cb_rnn,3,2,4,1,0.992902013271309,0.024607439955520508
cb_rnn,3,2,4,2,0.17691450939018344,0.0978737497555808
cb_rnn,3,2,4,3,0.9802771671351039,0.019848560833172536
cb_rnn,3,2,4,4,0.9999999802378388,0.0
cb_rnn,3,2,4,5,0.4601839149568555,0.0837857223352709
cb_rnn,3,2,4,6,0.9773034213847387,0.022349760112735064
cb_rnn,3,2,4,7,0.29450051646301295,0.09366115308698543
cb_rnn,3,2,5,0,0.9879651751781232,0.011532062410365942
cb_rnn,3,2,5,1,0.3686673954532086,0.10653579902208123
cb_rnn,3,2,5,2,0.9048510950997184,0.029510366543444435
cb_rnn,3,2,5,3,0.37684742436930724,0.09507347711506278
cb_rnn,3,2,5,4,0.4601839149568555,0.0837857223352709
cb_rnn,3,2,5,5,0.9999999671700031,0.0
cb_rnn,3,2,5,6,0.47898559994558965,0.07360025297566458
cb_rnn,3,2,5,7,0.9340189334360364,0.024670587375668886
cb_rnn,3,2,6,0,0.372110596652053,0.07823150288071046
cb_rnn,3,2,6,1,0.9663725883434259,0.04273486118439506
cb_rnn,3,2,6,2,0.19115899163457115,0.08629903486179419
cb_rnn,3,2,6,3,0.9907041098362053,0.024440601754556913
cb_rnn,3,2,6,4,0.9773034213847387,0.022349760112735064
cb_rnn,3,2,6,5,0.47898559994558965,0.07360025297566458
cb_rnn,3,2,6,6,0.9999999721272134,0.0
cb_rnn,3,2,6,7,0.312170823169585,0.08270879464265656
cb_rnn,3,2,7,0,0.9278867252219531,0.024627008692059138
cb_rnn,3,2,7,1,0.21238809507875164,0.11590440198286289
cb_rnn,3,2,7,2,0.9864035505868344,0.011937618536519236
cb_rnn,3,2,7,3,0.21223309541751773,0.10444570365448819
cb_rnn,3,2,7,4,0.29450051646301295,0.09366115308698543
cb_rnn,3,2,7,5,0.9340189334360364,0.024670587375668886
cb_rnn,3,2,7,6,0.312170823169585,0.08270879464265656
cb_rnn,3,2,7,7,0.9999999636659742,0.0
cb_rnn,3,3,0,0,0.9999999988277841,0.0
cb_rnn,3,3,0,1,0.8177523816436636,0.2811351668545455
cb_rnn,3,3,0,2,0.938728096002338,0.13769931219836715
cb_rnn,3,3,0,3,0.9328858567874991,0.13194086464735152
cb_rnn,3,3,0,4,0.8464886426350342,0.23900359119579692
cb_rnn,3,3,0,5,0.9907276122325565,0.06435580320391864
cb_rnn,3,3,0,6,0.8881954219937278,0.16933991073793309
cb_rnn,3,3,0,7,0.966814051843724,0.10194675791010226
cb_rnn,3,3,1,0,0.8177523816436636,0.2811351668545455
cb_rnn,3,3,1,1,0.9999999993366092,0.0
cb_rnn,3,3,1,2,0.6897975957091144,0.35462923567749277
cb_rnn,3,3,1,3,0.7402178186566061,0.32763816156118075
cb_rnn,3,3,1,4,0.9962019421896406,0.0550993268976142
cb_rnn,3,3,1,5,0.8540882908851264,0.25270210454453645
cb_rnn,3,3,1,6,0.5939620675324653,0.3948928802457754
cb_rnn,3,3,1,7,0.7725575965233454,0.31454371673575304
cb_rnn,3,3,2,0,0.938728096002338,0.13769931219836715
cb_rnn,3,3,2,1,0.6897975957091144,0.35462923567749277
cb_rnn,3,3,2,2,0.9999999981004656,0.0
cb_rnn,3,3,2,3,0.9416652291100425,0.1134983084807326
cb_rnn,3,3,2,4,0.7260331148418645,0.31055181399055876
cb_rnn,3,3,2,5,0.904285655056497,0.1885327870382082
cb_rnn,3,3,2,6,0.9241201361787997,0.13710667961596543
cb_rnn,3,3,2,7,0.9831689990297569,0.060307918333866006
cb_rnn,3,3,3,0,0.9328858567874991,0.13194086464735152
cb_rnn,3,3,3,1,0.7402178186566061,0.32763816156118075
cb_rnn,3,3,3,2,0.9416652291100425,0.1134983084807326
cb_rnn,3,3,3,3,0.9999999985632899,0.0
cb_rnn,3,3,3,4,0.7744556957016551,0.28401559848641694
cb_rnn,3,3,3,5,0.9317588082387182,0.15311708419264083
cb_rnn,3,3,3,6,0.9745081001301935,0.07844265442398012
cb_rnn,3,3,3,7,0.9707591064515069,0.07960008006242295
cb_rnn,3,3,4,0,0.8464886426350342,0.23900359119579692
cb_rnn,3,3,4,1,0.9962019421896406,0.0550993268976142
cb_rnn,3,3,4,2,0.7260331148418645,0.31055181399055876
cb_rnn,3,3,4,3,0.7744556957016551,0.28401559848641694
cb_rnn,3,3,4,4,0.9999999992218909,0.0
cb_rnn,3,3,4,5,0.8760170993147881,0.21635557935353217
cb_rnn,3,3,4,6,0.6413372112021232,0.3490237951785351
cb_rnn,3,3,4,7,0.8012216051131914,0.2722613114367234
cb_rnn,3,3,5,0,0.9907276122325565,0.06435580320391864
cb_rnn,3,3,5,1,0.8540882908851264,0.25270210454453645
cb_rnn,3,3,5,2,0.904285655056497,0.1885327870382082
cb_rnn,3,3,5,3,0.9317588082387182,0.15311708419264083
cb_rnn,3,3,5,4,0.8760170993147881,0.21635557935353217
cb_rnn,3,3,5,5,0.999999999036549,0.0
cb_rnn,3,3,5,6,0.8720584071447821,0.19712402838527512
cb_rnn,3,3,5,7,0.95614114321928,0.138832440802425
cb_rnn,3,3,6,0,0.8881954219937278,0.16933991073793309
cb_rnn,3,3,6,1,0.5939620675324653,0.3948928802457754
cb_rnn,3,3,6,2,0.9241201361787997,0.13710667961596543
cb_rnn,3,3,6,3,0.9745081001301935,0.07844265442398012
cb_rnn,3,3,6,4,0.6413372112021232,0.3490237951785351
cb_rnn,3,3,6,5,0.8720584071447821,0.19712402838527512
cb_rnn,3,3,6,6,0.9999999987055855,0.0
cb_rnn,3,3,6,7,0.931541770684951,0.1268905639949452
cb_rnn,3,3,7,0,0.966814051843724,0.10194675791010226
cb_rnn,3,3,7,1,0.7725575965233454,0.31454371673575304
cb_rnn,3,3,7,2,0.9831689990297569,0.060307918333866006
cb_rnn,3,3,7,3,0.9707591064515069,0.07960008006242295
cb_rnn,3,3,7,4,0.8012216051131914,0.2722613114367234
cb_rnn,3,3,7,5,0.95614114321928,0.138832440802425
cb_rnn,3,3,7,6,0.931541770684951,0.1268905639949452
cb_rnn,3,3,7,7,0.9999999983931598,0.0
cb_rnn,3,4,0,0,0.9999999996395589,0.0
cb_rnn,3,4,0,1,0.8837525088323674,0.3088256937081011
cb_rnn,3,4,0,2,0.8550181481974292,0.36210839945048545
cb_rnn,3,4,0,3,0.846554404358827,0.38654176245809463
cb_rnn,3,4,0,4,0.9000242538893477,0.29070101799124337
cb_rnn,3,4,0,5,0.9920393833010865,0.1146579675526147
cb_rnn,3,4,0,6,0.8028435877438529,0.39607136546148974
cb_rnn,3,4,0,7,0.9184820613200767,0.3062844547862844
cb_rnn,3,4,1,0,0.8837525088323674,0.3088256937081011
cb_rnn,3,4,1,1,0.9999999995702433,0.0
cb_rnn,3,4,1,2,0.9372534713830506,0.24344298301851044
cb_rnn,3,4,1,3,0.7203001293575396,0.4201686418100194
cb_rnn,3,4,1,4,0.988197609576367,0.1019761006130764
cb_rnn,3,4,1,5,0.8476833481261873,0.3259925089630202
cb_rnn,3,4,1,6,0.6098618008871688,0.4899251101011169
cb_rnn,3,4,1,7,0.9402933392945647,0.23954157230552783
cb_rnn,3,4,2,0,0.8550181481974292,0.36210839945048545
cb_rnn,3,4,2,1,0.9372534713830506,0.24344298301851044
cb_rnn,3,4,2,2,0.9999999992015919,0.0
cb_rnn,3,4,2,3,0.8732289510207565,0.21572662573140636
cb_rnn,3,4,2,4,0.9531132040269579,0.25534019904905103
cb_rnn,3,4,2,5,0.8430852027604756,0.311447930680257
cb_rnn,3,4,2,6,0.7819230043222418,0.30482087160150495
cb_rnn,3,4,2,7,0.9868714101173016,0.0717773859925567
cb_rnn,3,4,3,0,0.846554404358827,0.38654176245809463
cb_rnn,3,4,3,1,0.7203001293575396,0.4201686418100194
cb_rnn,3,4,3,2,0.8732289510207565,0.21572662573140636
cb_rnn,3,4,3,3,0.9999999989951319,0.0
cb_rnn,3,4,3,4,0.7750378842240325,0.416273502201905
cb_rnn,3,4,3,5,0.876661316526265,0.2968185903736146
cb_rnn,3,4,3,6,0.9806599014755693,0.11786319547785636
cb_rnn,3,4,3,7,0.8997591077193505,0.193567771104214
cb_rnn,3,4,4,0,0.9000242538893477,0.29070101799124337
cb_rnn,3,4,4,1,0.988197609576367,0.1019761006130764
cb_rnn,3,4,4,2,0.9531132040269579,0.25534019904905103
cb_rnn,3,4,4,3,0.7750378842240325,0.416273502201905
cb_rnn,3,4,4,4,0.999999999617423,0.0
cb_rnn,3,4,4,5,0.8727048648124114,0.3124489267430988
cb_rnn,3,4,4,6,0.6863910315660179,0.46623557080371947
cb_rnn,3,4,4,7,0.9553824757503698,0.25211241393812545
cb_rnn,3,4,5,0,0.9920393833010865,0.1146579675526147
cb_rnn,3,4,5,1,0.8476833481261873,0.3259925089630202
cb_rnn,3,4,5,2,0.8430852027604756,0.311447930680257
cb_rnn,3,4,5,3,0.876661316526265,0.2968185903736146
cb_rnn,3,4,5,4,0.8727048648124114,0.3124489267430988
cb_rnn,3,4,5,5,0.9999999995257073,0.0
cb_rnn,3,4,5,6,0.8468121295656339,0.30546079361857936
cb_rnn,3,4,5,7,0.9079531236990225,0.2527700162081093
cb_rnn,3,4,6,0,0.8028435877438529,0.39607136546148974
cb_rnn,3,4,6,1,0.6098618008871688,0.4899251101011169
cb_rnn,3,4,6,2,0.7819230043222418,0.30482087160150495
cb_rnn,3,4,6,3,0.9806599014755693,0.11786319547785636
cb_rnn,3,4,6,4,0.6863910315660179,0.46623557080371947
cb_rnn,3,4,6,5,0.8468121295656339,0.30546079361857936
cb_rnn,3,4,6,6,0.9999999993097497,0.0
cb_rnn,3,4,6,7,0.8187207559678928,0.2784575316764136
cb_rnn,3,4,7,0,0.9184820613200767,0.3062844547862844
cb_rnn,3,4,7,1,0.9402933392945647,0.23954157230552783
cb_rnn,3,4,7,2,0.9868714101173016,0.0717773859925567
cb_rnn,3,4,7,3,0.8997591077193505,0.193567771104214
cb_rnn,3,4,7,4,0.9553824757503698,0.25211241393812545
cb_rnn,3,4,7,5,0.9079531236990225,0.2527700162081093
cb_rnn,3,4,7,6,0.8187207559678928,0.2784575316764136
cb_rnn,3,4,7,7,0.9999999992053982,0.0
cb_rnn,3,5,0,0,0.9999999996968557,0.0
cb_rnn,3,5,0,1,0.8817586876966094,0.3386867577147109
cb_rnn,3,5,0,2,0.756289929284838,0.47715783849023763
cb_rnn,3,5,0,3,0.8666094337857342,0.39130050311826087
cb_rnn,3,5,0,4,0.8783871550389973,0.34338898057864775
cb_rnn,3,5,0,5,0.9938165912785801,0.07979666108095688
cb_rnn,3,5,0,6,0.8199339816044979,0.4112490479262865
cb_rnn,3,5,0,7,0.8268639131730116,0.43910584121647794
cb_rnn,3,5,1,0,0.8817586876966094,0.3386867577147109
cb_rnn,3,5,1,1,0.9999999996039385,0.0
cb_rnn,3,5,1,2,0.8951474428791844,0.29843977935408633
cb_rnn,3,5,1,3,0.7039981530070939,0.4466483337961724
cb_rnn,3,5,1,4,0.980376130471345,0.12694813638596625
cb_rnn,3,5,1,5,0.8443911880798747,0.3848322034921717
cb_rnn,3,5,1,6,0.6093115000766406,0.533514946271799
cb_rnn,3,5,1,7,0.9154216633319856,0.2959808471460066
cb_rnn,3,5,2,0,0.756289929284838,0.47715783849023763
cb_rnn,3,5,2,1,0.8951474428791844,0.29843977935408633
cb_rnn,3,5,2,2,0.9999999992581375,0.0
cb_rnn,3,5,2,3,0.7889707988152334,0.3000913106301704
cb_rnn,3,5,2,4,0.9428713080360431,0.26062406225098655
cb_rnn,3,5,2,5,0.6914801628402981,0.5193425899813882
cb_rnn,3,5,2,6,0.7179025415243457,0.40232762323585397
cb_rnn,3,5,2,7,0.9886077814615946,0.07640473205187723
cb_rnn,3,5,3,0,0.8666094337857342,0.39130050311826087
cb_rnn,3,5,3,1,0.7039981530070939,0.4466483337961724
cb_rnn,3,5,3,2,0.7889707988152334,0.3000913106301704
cb_rnn,3,5,3,3,0.9999999992766057,0.0
cb_rnn,3,5,3,4,0.7629563110685985,0.41700733249070815
cb_rnn,3,5,3,5,0.8501519920056986,0.4044236114770264
cb_rnn,3,5,3,6,0.9886927980328539,0.13404821489564936
cb_rnn,3,5,3,7,0.8405644737900128,0.25359047550494973
cb_rnn,3,5,4,0,0.8783871550389973,0.34338898057864775
cb_rnn,3,5,4,1,0.980376130471345,0.12694813638596625
cb_rnn,3,5,4,2,0.9428713080360431,0.26062406225098655
cb_rnn,3,5,4,3,0.7629563110685985,0.41700733249070815
cb_rnn,3,5,4,4,0.9999999996229928,0.0
cb_rnn,3,5,4,5,0.8288970584841963,0.40417273380109947
cb_rnn,3,5,4,6,0.6860821923890273,0.4866960340007972
cb_rnn,3,5,4,7,0.9583736602174399,0.2686510905241573
cb_rnn,3,5,5,0,0.9938165912785801,0.07979666108095688
cb_rnn,3,5,5,1,0.8443911880798747,0.3848322034921717
cb_rnn,3,5,5,2,0.6914801628402981,0.5193425899813882
cb_rnn,3,5,5,3,0.8501519920056986,0.4044236114770264
cb_rnn,3,5,5,4,0.8288970584841963,0.40417273380109947
cb_rnn,3,5,5,5,0.9999999996961473,0.0
cb_rnn,3,5,5,6,0.8062813165871946,0.42420700933817107
cb_rnn,3,5,5,7,0.7733281766521805,0.47383940820899256
cb_rnn,3,5,6,0,0.8199339816044979,0.4112490479262865
cb_rnn,3,5,6,1,0.6093115000766406,0.533514946271799
cb_rnn,3,5,6,2,0.7179025415243457,0.40232762323585397
cb_rnn,3,5,6,3,0.9886927980328539,0.13404821489564936
cb_rnn,3,5,6,4,0.6860821923890273,0.4866960340007972
cb_rnn,3,5,6,5,0.8062813165871946,0.42420700933817107
cb_rnn,3,5,6,6,0.9999999995257711,0.0
cb_rnn,3,5,6,7,0.7721732846205744,0.3654038323177003
cb_rnn,3,5,7,0,0.8268639131730116,0.43910584121647794
cb_rnn,3,5,7,1,0.9154216633319856,0.2959808471460066
cb_rnn,3,5,7,2,0.9886077814615946,0.07640473205187723
cb_rnn,3,5,7,3,0.8405644737900128,0.25359047550494973
cb_rnn,3,5,7,4,0.9583736602174399,0.2686510905241573
cb_rnn,3,5,7,5,0.7733281766521805,0.47383940820899256
cb_rnn,3,5,7,6,0.7721732846205744,0.3654038323177003
cb_rnn,3,5,7,7,0.9999999991186461,0.0
cb_rnn,3,6,0,0,0.9999999996361196,0.0
cb_rnn,3,6,0,1,0.9230941034659372,0.25594857894862055
cb_rnn,3,6,0,2,0.6963855641702802,0.4739748370439344
cb_rnn,3,6,0,3,0.8913231352493693,0.33441133179608135
cb_rnn,3,6,0,4,0.9522023333652132,0.2032347689213097
cb_rnn,3,6,0,5,0.9937132071176753,0.07370635416669583
cb_rnn,3,6,0,6,0.8240357056773164,0.3719312614846849
cb_rnn,3,6,0,7,0.8756921275832232,0.38127200296958974
cb_rnn,3,6,1,0,0.9230941034659372,0.25594857894862055
cb_rnn,3,6,1,1,0.9999999995020022,0.0
cb_rnn,3,6,1,2,0.7998048742053625,0.3400388987218635
cb_rnn,3,6,1,3,0.7613496060682171,0.3631847226177824
cb_rnn,3,6,1,4,0.9924828374476269,0.07602419221304643
cb_rnn,3,6,1,5,0.8867294357679599,0.29794337730807924
cb_rnn,3,6,1,6,0.6524469637622842,0.4508599274897741
cb_rnn,3,6,1,7,0.9115865366095451,0.2745526054930828
cb_rnn,3,6,2,0,0.6963855641702802,0.4739748370439344
cb_rnn,3,6,2,1,0.7998048742053625,0.3400388987218635
cb_rnn,3,6,2,2,0.9999999990098501,0.0
cb_rnn,3,6,2,3,0.7442549526192461,0.29764028903721224
cb_rnn,3,6,2,4,0.8142782616304607,0.35152704379176003
cb_rnn,3,6,2,5,0.6415078834782294,0.4943251525776932
cb_rnn,3,6,2,6,0.7006564027982979,0.37078335714235683
cb_rnn,3,6,2,7,0.9490895175322993,0.12614234974636032
cb_rnn,3,6,3,0,0.8913231352493693,0.33441133179608135
cb_rnn,3,6,3,1,0.7613496060682171,0.3631847226177824
cb_rnn,3,6,3,2,0.7442549526192461,0.29764028903721224
cb_rnn,3,6,3,3,0.9999999991570809,0.0
cb_rnn,3,6,3,4,0.8214807915649321,0.33993272890623133
cb_rnn,3,6,3,5,0.9040696972319725,0.31431063859970043
cb_rnn,3,6,3,6,0.9841046115406017,0.12092462139364427
cb_rnn,3,6,3,7,0.8842302443777803,0.2020375848606939
cb_rnn,3,6,4,0,0.9522023333652132,0.2032347689213097
cb_rnn,3,6,4,1,0.9924828374476269,0.07602419221304643
cb_rnn,3,6,4,2,0.8142782616304607,0.35152704379176003
cb_rnn,3,6,4,3,0.8214807915649321,0.33993272890623133
cb_rnn,3,6,4,4,0.9999999995492982,0.0
cb_rnn,3,6,4,5,0.921961442134083,0.24948257519935335
cb_rnn,3,6,4,6,0.7283582152150014,0.41304036440770214
cb_rnn,3,6,4,7,0.933271283005296,0.28322434799485097
cb_rnn,3,6,5,0,0.9937132071176753,0.07370635416669583
cb_rnn,3,6,5,1,0.8867294357679599,0.29794337730807924
cb_rnn,3,6,5,2,0.6415078834782294,0.4943251525776932
cb_rnn,3,6,5,3,0.9040696972319725,0.31431063859970043
cb_rnn,3,6,5,4,0.921961442134083,0.24948257519935335
cb_rnn,3,6,5,5,0.9999999996233238,0.0
cb_rnn,3,6,5,6,0.844401743140877,0.34604262955776294
cb_rnn,3,6,5,7,0.8414554731981095,0.39218218182202497
cb_rnn,3,6,6,0,0.8240357056773164,0.3719312614846849
cb_rnn,3,6,6,1,0.6524469637622842,0.4508599274897741
cb_rnn,3,6,6,2,0.7006564027982979,0.37078335714235683
cb_rnn,3,6,6,3,0.9841046115406017,0.12092462139364427
cb_rnn,3,6,6,4,0.7283582152150014,0.41304036440770214
cb_rnn,3,6,6,5,0.844401743140877,0.34604262955776294
cb_rnn,3,6,6,6,0.9999999994162929,0.0
cb_rnn,3,6,6,7,0.8250054207623154,0.29968373660248965
cb_rnn,3,6,7,0,0.8756921275832232,0.38127200296958974
cb_rnn,3,6,7,1,0.9115865366095451,0.2745526054930828
cb_rnn,3,6,7,2,0.9490895175322993,0.12614234974636032
cb_rnn,3,6,7,3,0.8842302443777803,0.2020375848606939
cb_rnn,3,6,7,4,0.933271283005296,0.28322434799485097
cb_rnn,3,6,7,5,0.8414554731981095,0.39218218182202497
cb_rnn,3,6,7,6,0.8250054207623154,0.29968373660248965
cb_rnn,3,6,7,7,0.9999999988017853,0.0
cb_rnn,3,7,0,0,0.9999999995537744,0.0
cb_rnn,3,7,0,1,0.8409864125617792,0.3216725421015803
cb_rnn,3,7,0,2,0.48926086223344795,0.5188228767160317
cb_rnn,3,7,0,3,0.8291697187981381,0.37855801158085267
cb_rnn,3,7,0,4,0.8618972724159792,0.3038803167285378
cb_rnn,3,7,0,5,0.9944448603085388,0.06336592176920233
cb_rnn,3,7,0,6,0.808563664422897,0.3577866361679818
cb_rnn,3,7,0,7,0.619926592139868,0.4703896997855018
cb_rnn,3,7,1,0,0.8409864125617792,0.3216725421015803
cb_rnn,3,7,1,1,0.9999999994411056,0.0
cb_rnn,3,7,1,2,0.7243567854942222,0.3667404641843215
cb_rnn,3,7,1,3,0.5784619032577375,0.43130173758898827
cb_rnn,3,7,1,4,0.9886362225556368,0.08697253394356325
cb_rnn,3,7,1,5,0.8150085273919516,0.3393355889828326
cb_rnn,3,7,1,6,0.47666187818909234,0.4866371580376504
cb_rnn,3,7,1,7,0.7428773364013144,0.36816549309916397
cb_rnn,3,7,2,0,0.48926086223344795,0.5188228767160317
cb_rnn,3,7,2,1,0.7243567854942222,0.3667404641843215
cb_rnn,3,7,2,2,0.9999999986702469,0.0
cb_rnn,3,7,2,3,0.5734998853317377,0.30158048097102724
cb_rnn,3,7,2,4,0.7640458801692105,0.3696000622932994
cb_rnn,3,7,2,5,0.41297286239762315,0.5356321330299686
cb_rnn,3,7,2,6,0.45797647566360133,0.3873618512456052
cb_rnn,3,7,2,7,0.9702641669130239,0.09259290122884396
cb_rnn,3,7,3,0,0.8291697187981381,0.37855801158085267
cb_rnn,3,7,3,1,0.5784619032577375,0.43130173758898827
cb_rnn,3,7,3,2,0.5734998853317377,0.30158048097102724
cb_rnn,3,7,3,3,0.9999999983374446,0.0
cb_rnn,3,7,3,4,0.6326724963988059,0.4346500943790415
cb_rnn,3,7,3,5,0.8075706989487976,0.37561290728123153
cb_rnn,3,7,3,6,0.9754269996485198,0.1182852306538898
cb_rnn,3,7,3,7,0.7245917202858114,0.2223712998862393
cb_rnn,3,7,4,0,0.8618972724159792,0.3038803167285378
cb_rnn,3,7,4,1,0.9886362225556368,0.08697253394356325
cb_rnn,3,7,4,2,0.7640458801692105,0.3696000622932994
cb_rnn,3,7,4,3,0.6326724963988059,0.4346500943790415
cb_rnn,3,7,4,4,0.9999999994982464,0.0
cb_rnn,3,7,4,5,0.8273101944084348,0.33395116384323414
cb_rnn,3,7,4,6,0.5472523531601886,0.47579510065646163
cb_rnn,3,7,4,7,0.7945453308121887,0.37133154053398704
cb_rnn,3,7,5,0,0.9944448603085388,0.06336592176920233
cb_rnn,3,7,5,1,0.8150085273919516,0.3393355889828326
cb_rnn,3,7,5,2,0.41297286239762315,0.5356321330299686
cb_rnn,3,7,5,3,0.8075706989487976,0.37561290728123153
cb_rnn,3,7,5,4,0.8273101944084348,0.33395116384323414
cb_rnn,3,7,5,5,0.9999999995303666,0.0
cb_rnn,3,7,5,6,0.7906957836236065,0.35817816059485696
cb_rnn,3,7,5,7,0.5537459967211823,0.4811092965287667
cb_rnn,3,7,6,0,0.808563664422897,0.3577866361679818
cb_rnn,3,7,6,1,0.47666187818909234,0.4866371580376504
cb_rnn,3,7,6,2,0.45797647566360133,0.3873618512456052
cb_rnn,3,7,6,3,0.9754269996485198,0.1182852306538898
cb_rnn,3,7,6,4,0.5472523531601886,0.47579510065646163
cb_rnn,3,7,6,5,0.7906957836236065,0.35817816059485696
cb_rnn,3,7,6,6,0.9999999990042933,0.0
cb_rnn,3,7,6,7,0.6334552154430317,0.30919363558500607
cb_rnn,3,7,7,0,0.619926592139868,0.4703896997855018
cb_rnn,3,7,7,1,0.7428773364013144,0.36816549309916397
cb_rnn,3,7,7,2,0.9702641669130239,0.09259290122884396
cb_rnn,3,7,7,3,0.7245917202858114,0.2223712998862393
cb_rnn,3,7,7,4,0.7945453308121887,0.37133154053398704
cb_rnn,3,7,7,5,0.5537459967211823,0.4811092965287667
cb_rnn,3,7,7,6,0.6334552154430317,0.30919363558500607
cb_rnn,3,7,7,7,0.9999999981610842,0.0
cb_rnn,3,8,0,0,0.9999999996358601,0.0
cb_rnn,3,8,0,1,0.8821392940855352,0.3086596679623591
cb_rnn,3,8,0,2,0.3919650118858263,0.606733665818552
cb_rnn,3,8,0,3,0.6972490443236111,0.49497229778776386
cb_rnn,3,8,0,4,0.9086919529707301,0.27352783047855606
cb_rnn,3,8,0,5,0.9968890376627848,0.0517273865744836
cb_rnn,3,8,0,6,0.7679062637749076,0.44611897418400026
cb_rnn,3,8,0,7,0.4572506072981332,0.5828178990996187
cb_rnn,3,8,1,0,0.8821392940855352,0.3086596679623591
cb_rnn,3,8,1,1,0.9999999995167693,0.0
cb_rnn,3,8,1,2,0.6679514962165163,0.42644364369275656
cb_rnn,3,8,1,3,0.4864665563188167,0.49737297239111916
cb_rnn,3,8,1,4,0.9937036276039547,0.07325072193774579
cb_rnn,3,8,1,5,0.8487617245976623,0.3440424945786529
cb_rnn,3,8,1,6,0.5211915267888096,0.4884169078438495
cb_rnn,3,8,1,7,0.6760413108602783,0.43127534935197936
cb_rnn,3,8,2,0,0.3919650118858263,0.606733665818552
cb_rnn,3,8,2,1,0.6679514962165163,0.42644364369275656
cb_rnn,3,8,2,2,0.9999999985401965,0.0
cb_rnn,3,8,2,3,0.47853622974623733,0.32116993561369256
cb_rnn,3,8,2,4,0.6487669088936991,0.4618074126959783
cb_rnn,3,8,2,5,0.32692761615734,0.6247506277858003
cb_rnn,3,8,2,6,0.4000273270376457,0.37227000650670466
cb_rnn,3,8,2,7,0.9871718107236263,0.06621059992625043
cb_rnn,3,8,3,0,0.6972490443236111,0.49497229778776386
cb_rnn,3,8,3,1,0.4864665563188167,0.49737297239111916
cb_rnn,3,8,3,2,0.47853622974623733,0.32116993561369256
cb_rnn,3,8,3,3,0.9999999982659228,0.0
cb_rnn,3,8,3,4,0.538236248228647,0.5072298226370018
cb_rnn,3,8,3,5,0.6947979364549077,0.4912561098213433
cb_rnn,3,8,3,6,0.9834223542208678,0.07831313231412694
cb_rnn,3,8,3,7,0.592541120432858,0.263383902258167
cb_rnn,3,8,4,0,0.9086919529707301,0.27352783047855606
cb_rnn,3,8,4,1,0.9937036276039547,0.07325072193774579
cb_rnn,3,8,4,2,0.6487669088936991,0.4618074126959783
cb_rnn,3,8,4,3,0.538236248228647,0.5072298226370018
cb_rnn,3,8,4,4,0.9999999995677056,0.0
cb_rnn,3,8,4,5,0.8791509003536953,0.31111582652526354
cb_rnn,3,8,4,6,0.5790442064007217,0.4901691021563705
cb_rnn,3,8,4,7,0.6696544869820342,0.4624232380039424
cb_rnn,3,8,5,0,0.9968890376627848,0.0517273865744836
cb_rnn,3,8,5,1,0.8487617245976623,0.3440424945786529
cb_rnn,3,8,5,2,0.32692761615734,0.6247506277858003
cb_rnn,3,8,5,3,0.6947979364549077,0.4912561098213433
cb_rnn,3,8,5,4,0.8791509003536953,0.31111582652526354
cb_rnn,3,8,5,5,0.9999999996299932,0.0
cb_rnn,3,8,5,6,0.7727293682359415,0.4391237790966447
cb_rnn,3,8,5,7,0.3988047736414021,0.5963731673188379
cb_rnn,3,8,6,0,0.7679062637749076,0.44611897418400026
cb_rnn,3,8,6,1,0.5211915267888096,0.4884169078438495
cb_rnn,3,8,6,2,0.4000273270376457,0.37227000650670466
cb_rnn,3,8,6,3,0.9834223542208678,0.07831313231412694
cb_rnn,3,8,6,4,0.5790442064007217,0.4901691021563705
cb_rnn,3,8,6,5,0.7727293682359415,0.4391237790966447
cb_rnn,3,8,6,6,0.9999999987353855,0.0
cb_rnn,3,8,6,7,0.5192663612314012,0.31653004754195074
cb_rnn,3,8,7,0,0.4572506072981332,0.5828178990996187
cb_rnn,3,8,7,1,0.6760413108602783,0.43127534935197936
cb_rnn,3,8,7,2,0.9871718107236263,0.06621059992625043
cb_rnn,3,8,7,3,0.592541120432858,0.263383902258167
cb_rnn,3,8,7,4,0.6696544869820342,0.4624232380039424
cb_rnn,3,8,7,5,0.3988047736414021,0.5963731673188379
cb_rnn,3,8,7,6,0.5192663612314012,0.31653004754195074
cb_rnn,3,8,7,7,0.9999999980390708,0.0
cb_rnn,3,9,0,0,0.9999999996478294,0.0
cb_rnn,3,9,0,1,0.8992872331962578,0.2961553070989866
cb_rnn,3,9,0,2,0.36275085731035744,0.620780212442188
cb_rnn,3,9,0,3,0.7583724165615017,0.49437314314692665
cb_rnn,3,9,0,4,0.9317333895680074,0.24429875315347457
cb_rnn,3,9,0,5,0.9954091765206913,0.0641232942250539
cb_rnn,3,9,0,6,0.7603413965645612,0.47360100924341664
cb_rnn,3,9,0,7,0.44144590148251506,0.6015213660132164
cb_rnn,3,9,1,0,0.8992872331962578,0.2961553070989866
cb_rnn,3,9,1,1,0.999999999475322,0.0
cb_rnn,3,9,1,2,0.5689394074395712,0.4528106454787459
cb_rnn,3,9,1,3,0.5483254945053313,0.457378906091946
cb_rnn,3,9,1,4,0.9935458498463533,0.07605052904202798
cb_rnn,3,9,1,5,0.8612582278411383,0.33399460508934825
cb_rnn,3,9,1,6,0.5106451503935997,0.47051184503280646
cb_rnn,3,9,1,7,0.575161542183105,0.4549556375352533
cb_rnn,3,9,2,0,0.36275085731035744,0.620780212442188
cb_rnn,3,9,2,1,0.5689394074395712,0.4528106454787459
cb_rnn,3,9,2,2,0.9999999975042496,0.0
cb_rnn,3,9,2,3,0.5166761633407715,0.25560851398554435
cb_rnn,3,9,2,4,0.5559930427567514,0.49324407328557335
cb_rnn,3,9,2,5,0.30042923934388205,0.6280800873667859
cb_rnn,3,9,2,6,0.42325782099628445,0.3075848418244999
cb_rnn,3,9,2,7,0.9752128095265955,0.05818039425824033
cb_rnn,3,9,3,0,0.7583724165615017,0.49437314314692665
cb_rnn,3,9,3,1,0.5483254945053313,0.457378906091946
cb_rnn,3,9,3,2,0.5166761633407715,0.25560851398554435
cb_rnn,3,9,3,3,0.9999999978361013,0.0
cb_rnn,3,9,3,4,0.6127889040593686,0.4721532220780282
cb_rnn,3,9,3,5,0.7698746499481982,0.48088502846678866
cb_rnn,3,9,3,6,0.9905563029548212,0.06020533119521121
cb_rnn,3,9,3,7,0.6502575468345746,0.2105165137455315
cb_rnn,3,9,4,0,0.9317333895680074,0.24429875315347457
cb_rnn,3,9,4,1,0.9935458498463533,0.07605052904202798
cb_rnn,3,9,4,2,0.5559930427567514,0.49324407328557335
cb_rnn,3,9,4,3,0.6127889040593686,0.4721532220780282
cb_rnn,3,9,4,4,0.9999999995455616,0.0
cb_rnn,3,9,4,5,0.900010031915909,0.2860230905616641
cb_rnn,3,9,4,6,0.5842635137394236,0.4767485531215549
cb_rnn,3,9,4,7,0.580594396086611,0.49091447351219425
cb_rnn,3,9,5,0,0.9954091765206913,0.0641232942250539
cb_rnn,3,9,5,1,0.8612582278411383,0.33399460508934825
cb_rnn,3,9,5,2,0.30042923934388205,0.6280800873667859
cb_rnn,3,9,5,3,0.7698746499481982,0.48088502846678866
cb_rnn,3,9,5,4,0.900010031915909,0.2860230905616641
cb_rnn,3,9,5,5,0.9999999996370706,0.0
cb_rnn,3,9,5,6,0.7812217659842516,0.45529519076770786
cb_rnn,3,9,5,7,0.39524082187871973,0.6036327720854786
cb_rnn,3,9,6,0,0.7603413965645612,0.47360100924341664
cb_rnn,3,9,6,1,0.5106451503935997,0.47051184503280646
cb_rnn,3,9,6,2,0.42325782099628445,0.3075848418244999
cb_rnn,3,9,6,3,0.9905563029548212,0.06020533119521121
cb_rnn,3,9,6,4,0.5842635137394236,0.4767485531215549
cb_rnn,3,9,6,5,0.7812217659842516,0.45529519076770786
cb_rnn,3,9,6,6,0.9999999984131623,0.0
cb_rnn,3,9,6,7,0.5730407638450583,0.261299085976563
cb_rnn,3,9,7,0,0.44144590148251506,0.6015213660132164
cb_rnn,3,9,7,1,0.575161542183105,0.4549556375352533
cb_rnn,3,9,7,2,0.9752128095265955,0.05818039425824033
cb_rnn,3,9,7,3,0.6502575468345746,0.2105165137455315
cb_rnn,3,9,7,4,0.580594396086611,0.49091447351219425
cb_rnn,3,9,7,5,0.39524082187871973,0.6036327720854786
cb_rnn,3,9,7,6,0.5730407638450583,0.261299085976563
cb_rnn,3,9,7,7,0.9999999969443256,0.0
cb_rnn,3,10,0,0,0.9999999995989117,0.0
cb_rnn,3,10,0,1,0.9056153144880582,0.2695726261274816
cb_rnn,3,10,0,2,0.3913869743825099,0.5750321965819923
cb_rnn,3,10,0,3,0.7210339923872437,0.48061249707385434
cb_rnn,3,10,0,4,0.9412738221602345,0.21576226623425723
cb_rnn,3,10,0,5,0.9980346170232997,0.039179983973656206
cb_rnn,3,10,0,6,0.6914758058468605,0.47488656030489035
cb_rnn,3,10,0,7,0.4642166382235435,0.5614976112397982
cb_rnn,3,10,1,0,0.9056153144880582,0.2695726261274816
cb_rnn,3,10,1,1,0.9999999994091182,0.0
cb_rnn,3,10,1,2,0.6048765773336823,0.4202664288107749
cb_rnn,3,10,1,3,0.49375576560957957,0.4473815447315265
cb_rnn,3,10,1,4,0.9924439227131275,0.07024438339232943
cb_rnn,3,10,1,5,0.8827853210559058,0.2961260692930908
cb_rnn,3,10,1,6,0.4338213221635957,0.46712068638207704
cb_rnn,3,10,1,7,0.6205058356068407,0.42298384933847494
cb_rnn,3,10,2,0,0.3913869743825099,0.5750321965819923
cb_rnn,3,10,2,1,0.6048765773336823,0.4202664288107749
cb_rnn,3,10,2,2,0.9999999966665009,0.0
cb_rnn,3,10,2,3,0.4499567700697112,0.2404619773531602
cb_rnn,3,10,2,4,0.589419996755137,0.4490682314162393
cb_rnn,3,10,2,5,0.3519406960441213,0.5852344632451748
cb_rnn,3,10,2,6,0.3808119938127406,0.2830333593384378
cb_rnn,3,10,2,7,0.9798379640100566,0.04795470220278149
cb_rnn,3,10,3,0,0.7210339923872437,0.48061249707385434
cb_rnn,3,10,3,1,0.49375576560957957,0.4473815447315265
cb_rnn,3,10,3,2,0.4499567700697112,0.2404619773531602
cb_rnn,3,10,3,3,0.9999999972959358,0.0
cb_rnn,3,10,3,4,0.5737997002340413,0.4487773779902731
cb_rnn,3,10,3,5,0.7339881716812422,0.47755923605830214
cb_rnn,3,10,3,6,0.989898700257112,0.05610990591236159
cb_rnn,3,10,3,7,0.5794696248050758,0.2027290514901693
cb_rnn,3,10,4,0,0.9412738221602345,0.21576226623425723
cb_rnn,3,10,4,1,0.9924439227131275,0.07024438339232943
cb_rnn,3,10,4,2,0.589419996755137,0.4490682314162393
cb_rnn,3,10,4,3,0.5737997002340413,0.4487773779902731
cb_rnn,3,10,4,4,0.9999999994665777,0.0
cb_rnn,3,10,4,5,0.9234487426624532,0.24261914835289816
cb_rnn,3,10,4,6,0.5221386276388852,0.46158594116427537
cb_rnn,3,10,4,7,0.6217322621534849,0.44803383120545237
cb_rnn,3,10,5,0,0.9980346170232997,0.039179983973656206
cb_rnn,3,10,5,1,0.8827853210559058,0.2961260692930908
cb_rnn,3,10,5,2,0.3519406960441213,0.5852344632451748
cb_rnn,3,10,5,3,0.7339881716812422,0.47755923605830214
cb_rnn,3,10,5,4,0.9234487426624532,0.24261914835289816
cb_rnn,3,10,5,5,0.9999999996002866,0.0
cb_rnn,3,10,5,6,0.7078358719649773,0.4697429800603156
cb_rnn,3,10,5,7,0.4341265879372186,0.5688865410281772
cb_rnn,3,10,6,0,0.6914758058468605,0.47488656030489035
cb_rnn,3,10,6,1,0.4338213221635957,0.46712068638207704
cb_rnn,3,10,6,2,0.3808119938127406,0.2830333593384378
cb_rnn,3,10,6,3,0.989898700257112,0.05610990591236159
cb_rnn,3,10,6,4,0.5221386276388852,0.46158594116427537
cb_rnn,3,10,6,5,0.7078358719649773,0.4697429800603156
cb_rnn,3,10,6,6,0.9999999980425162,0.0
cb_rnn,3,10,6,7,0.5149615602738412,0.24650544694316256
cb_rnn,3,10,7,0,0.4642166382235435,0.5614976112397982
cb_rnn,3,10,7,1,0.6205058356068407,0.42298384933847494
cb_rnn,3,10,7,2,0.9798379640100566,0.04795470220278149
cb_rnn,3,10,7,3,0.5794696248050758,0.2027290514901693
cb_rnn,3,10,7,4,0.6217322621534849,0.44803383120545237
cb_rnn,3,10,7,5,0.4341265879372186,0.5688865410281772
cb_rnn,3,10,7,6,0.5149615602738412,0.24650544694316256
cb_rnn,3,10,7,7,0.999999995736299,0.0
cb_rnn,3,11,0,0,0.9999999996902225,0.0
cb_rnn,3,11,0,1,0.9157286324132576,0.2861578775551872
cb_rnn,3,11,0,2,0.3231448010180019,0.6721115447351833
cb_rnn,3,11,0,3,0.7225570545256683,0.5664179048029683
cb_rnn,3,11,0,4,0.9353703096357003,0.25220821886427425
cb_rnn,3,11,0,5,0.9990369652029335,0.031603888904203535
cb_rnn,3,11,0,6,0.7591225364273818,0.53761716484866
cb_rnn,3,11,0,7,0.461715081873866,0.6410845287921774
cb_rnn,3,11,1,0,0.9157286324132576,0.2861578775551872
cb_rnn,3,11,1,1,0.9999999996050641,0.0
cb_rnn,3,11,1,2,0.5636986097980918,0.5336550180434141
cb_rnn,3,11,1,3,0.5331813058768805,0.5423214614587091
cb_rnn,3,11,1,4,0.9970118753229745,0.050686069980160425
cb_rnn,3,11,1,5,0.9064413090110707,0.3024726065403836
cb_rnn,3,11,1,6,0.5582126608522566,0.528977813754993
cb_rnn,3,11,1,7,0.6467736551734958,0.5188786680758212
cb_rnn,3,11,2,0,0.3231448010180019,0.6721115447351833
cb_rnn,3,11,2,1,0.5636986097980918,0.5336550180434141
cb_rnn,3,11,2,2,0.999999997112589,0.0
cb_rnn,3,11,2,3,0.4058435825008761,0.2525522279077014
cb_rnn,3,11,2,4,0.549390515383838,0.5492831746466065
cb_rnn,3,11,2,5,0.2943581291722942,0.6834859754390883
cb_rnn,3,11,2,6,0.37247676418278947,0.2798500402946093
cb_rnn,3,11,2,7,0.9799275585824634,0.05007017566945272
cb_rnn,3,11,3,0,0.7225570545256683,0.5664179048029683
cb_rnn,3,11,3,1,0.5331813058768805,0.5423214614587091
cb_rnn,3,11,3,2,0.4058435825008761,0.2525522279077014
cb_rnn,3,11,3,3,0.9999999970648016,0.0
cb_rnn,3,11,3,4,0.5696123228120562,0.544228723366908
cb_rnn,3,11,3,5,0.7166962922389518,0.572510818663831
cb_rnn,3,11,3,6,0.9918838736382696,0.04633717832267649
cb_rnn,3,11,3,7,0.5593767529816035,0.2073133447922819
cb_rnn,3,11,4,0,0.9353703096357003,0.25220821886427425
cb_rnn,3,11,4,1,0.9970118753229745,0.050686069980160425
cb_rnn,3,11,4,2,0.549390515383838,0.5492831746466065
cb_rnn,3,11,4,3,0.5696123228120562,0.544228723366908
cb_rnn,3,11,4,4,0.9999999996203642,0.0
cb_rnn,3,11,4,5,0.9269418063504047,0.26901728459782387
cb_rnn,3,11,4,6,0.5969986311605272,0.5280905258842498
cb_rnn,3,11,4,7,0.63869069583513,0.532873655001821
cb_rnn,3,11,5,0,0.9990369652029335,0.031603888904203535
cb_rnn,3,11,5,1,0.9064413090110707,0.3024726065403836
cb_rnn,3,11,5,2,0.2943581291722942,0.6834859754390883
cb_rnn,3,11,5,3,0.7166962922389518,0.572510818663831
cb_rnn,3,11,5,4,0.9269418063504047,0.26901728459782387
cb_rnn,3,11,5,5,0.9999999996941852,0.0
cb_rnn,3,11,5,6,0.7536823313286861,0.543859529557032
cb_rnn,3,11,5,7,0.4356533463110915,0.6514821770224285
cb_rnn,3,11,6,0,0.7591225364273818,0.53761716484866
cb_rnn,3,11,6,1,0.5582126608522566,0.528977813754993
cb_rnn,3,11,6,2,0.37247676418278947,0.2798500402946093
cb_rnn,3,11,6,3,0.9918838736382696,0.04633717832267649
cb_rnn,3,11,6,4,0.5969986311605272,0.5280905258842498
cb_rnn,3,11,6,5,0.7536823313286861,0.543859529557032
cb_rnn,3,11,6,6,0.9999999977702843,0.0
cb_rnn,3,11,6,7,0.5321572211955495,0.23427127334533224
cb_rnn,3,11,7,0,0.461715081873866,0.6410845287921774
cb_rnn,3,11,7,1,0.6467736551734958,0.5188786680758212
cb_rnn,3,11,7,2,0.9799275585824634,0.05007017566945272
cb_rnn,3,11,7,3,0.5593767529816035,0.2073133447922819
cb_rnn,3,11,7,4,0.63869069583513,0.532873655001821
cb_rnn,3,11,7,5,0.4356533463110915,0.6514821770224285
cb_rnn,3,11,7,6,0.5321572211955495,0.23427127334533224
cb_rnn,3,11,7,7,0.9999999964255403,0.0
cb_rnn,3,12,0,0,0.9999999997942116,0.0
cb_rnn,3,12,0,1,0.9326050501898419,0.31628850295931865
cb_rnn,3,12,0,2,0.35994529579977624,0.8142743847331492
cb_rnn,3,12,0,3,0.6916952674406502,0.7190480748853315
cb_rnn,3,12,0,4,0.9517810158268221,0.26735958898970336
cb_rnn,3,12,0,5,0.9989657737396838,0.03962316263062735
cb_rnn,3,12,0,6,0.710959087774419,0.698059287724687
cb_rnn,3,12,0,7,0.4180295478660726,0.8003506842868321
cb_rnn,3,12,1,0,0.9326050501898419,0.31628850295931865
cb_rnn,3,12,1,1,0.9999999997423923,0.0
cb_rnn,3,12,1,2,0.5900665235785988,0.6574829799526606
cb_rnn,3,12,1,3,0.5810547549699088,0.6639601025025643
cb_rnn,3,12,1,4,0.9976317418726056,0.07161407444303576
cb_rnn,3,12,1,5,0.9229986760586455,0.33610136220959513
cb_rnn,3,12,1,6,0.5382119880095921,0.6699293992531724
cb_rnn,3,12,1,7,0.6267813343131743,0.6533447359081327
cb_rnn,3,12,2,0,0.35994529579977624,0.8142743847331492
cb_rnn,3,12,2,1,0.5900665235785988,0.6574829799526606
cb_rnn,3,12,2,2,0.9999999978145407,0.0
cb_rnn,3,12,2,3,0.5170901510122445,0.2568410101977385
cb_rnn,3,12,2,4,0.5642775868078513,0.7088624641245616
cb_rnn,3,12,2,5,0.3352767822367199,0.8209509245795251
cb_rnn,3,12,2,6,0.365159958607953,0.31164093419884337
cb_rnn,3,12,2,7,0.9924632888263477,0.03802913602966124
cb_rnn,3,12,3,0,0.6916952674406502,0.7190480748853315
cb_rnn,3,12,3,1,0.5810547549699088,0.6639601025025643
cb_rnn,3,12,3,2,0.5170901510122445,0.2568410101977385
cb_rnn,3,12,3,3,0.9999999975939242,0.0
cb_rnn,3,12,3,4,0.608308159563488,0.6993630674438447
cb_rnn,3,12,3,5,0.6934139892894474,0.718159974188487
cb_rnn,3,12,3,6,0.9756850723207737,0.0667261722923108
cb_rnn,3,12,3,7,0.5859670002474259,0.22803879109201916
cb_rnn,3,12,4,0,0.9517810158268221,0.26735958898970336
cb_rnn,3,12,4,1,0.9976317418726056,0.07161407444303576
cb_rnn,3,12,4,2,0.5642775868078513,0.7088624641245616
cb_rnn,3,12,4,3,0.608308159563488,0.6993630674438447
cb_rnn,3,12,4,4,0.9999999997701493,0.0
cb_rnn,3,12,4,5,0.9432371856440583,0.2892895396233208
cb_rnn,3,12,4,6,0.576831622184027,0.6999082019020205
cb_rnn,3,12,4,7,0.604511927648153,0.7035983893253331
cb_rnn,3,12,5,0,0.9989657737396838,0.03962316263062735
cb_rnn,3,12,5,1,0.9229986760586455,0.33610136220959513
cb_rnn,3,12,5,2,0.3352767822367199,0.8209509245795251
cb_rnn,3,12,5,3,0.6934139892894474,0.718159974188487
cb_rnn,3,12,5,4,0.9432371856440583,0.2892895396233208
cb_rnn,3,12,5,5,0.9999999997940369,0.0
cb_rnn,3,12,5,6,0.7157194862031174,0.6960088569482463
cb_rnn,3,12,5,7,0.3957535001126366,0.8059417761393021
cb_rnn,3,12,6,0,0.710959087774419,0.698059287724687
cb_rnn,3,12,6,1,0.5382119880095921,0.6699293992531724
cb_rnn,3,12,6,2,0.365159958607953,0.31164093419884337
cb_rnn,3,12,6,3,0.9756850723207737,0.0667261722923108
cb_rnn,3,12,6,4,0.576831622184027,0.6999082019020205
cb_rnn,3,12,6,5,0.7157194862031174,0.6960088569482463
cb_rnn,3,12,6,6,0.9999999980782684,0.0
cb_rnn,3,12,6,7,0.4385014795804516,0.28341078276329057
cb_rnn,3,12,7,0,0.4180295478660726,0.8003506842868321
cb_rnn,3,12,7,1,0.6267813343131743,0.6533447359081327
cb_rnn,3,12,7,2,0.9924632888263477,0.03802913602966124
cb_rnn,3,12,7,3,0.5859670002474259,0.22803879109201916
cb_rnn,3,12,7,4,0.604511927648153,0.7035983893253331
cb_rnn,3,12,7,5,0.3957535001126366,0.8059417761393021
cb_rnn,3,12,7,6,0.4385014795804516,0.28341078276329057
cb_rnn,3,12,7,7,0.9999999974194648,0.0
cb_rnn,3,13,0,0,0.9999999998446809,0.0
cb_rnn,3,13,0,1,0.9522160565069913,0.3083994467907444
cb_rnn,3,13,0,2,0.36047612494164394,0.9360835941058929
cb_rnn,3,13,0,3,0.6306800947067115,0.8551123531477187
cb_rnn,3,13,0,4,0.9591958096164552,0.2841750149097183
cb_rnn,3,13,0,5,0.9994916056214993,0.03203008300723739
cb_rnn,3,13,0,6,0.6593927146781056,0.8376684094859536
cb_rnn,3,13,0,7,0.4048478528904532,0.9201277185306808
cb_rnn,3,13,1,0,0.9522160565069913,0.3083994467907444
cb_rnn,3,13,1,1,0.9999999998151852,0.0
cb_rnn,3,13,1,2,0.5618817493224831,0.7831131575327831
cb_rnn,3,13,1,3,0.5872851597647122,0.788813028967586
cb_rnn,3,13,1,4,0.9990692704972675,0.04699015481432906
cb_rnn,3,13,1,5,0.955628288539695,0.2985686636164071
cb_rnn,3,13,1,6,0.5730485306658932,0.7879596624405357
cb_rnn,3,13,1,7,0.5982831727073893,0.7684468981252387
cb_rnn,3,13,2,0,0.36047612494164394,0.9360835941058929
cb_rnn,3,13,2,1,0.5618817493224831,0.7831131575327831
cb_rnn,3,13,2,2,0.9999999985673811,0.0
cb_rnn,3,13,2,3,0.6437354457952317,0.26117617744221394
cb_rnn,3,13,2,4,0.5439933720744533,0.8128616556163178
cb_rnn,3,13,2,5,0.3664556031044628,0.9352000147578098
cb_rnn,3,13,2,6,0.5273436011215731,0.3061262041899046
cb_rnn,3,13,2,7,0.9960381472313571,0.02950027897512754
cb_rnn,3,13,3,0,0.6306800947067115,0.8551123531477187
cb_rnn,3,13,3,1,0.5872851597647122,0.788813028967586
cb_rnn,3,13,3,2,0.6437354457952317,0.26117617744221394
cb_rnn,3,13,3,3,0.9999999979854796,0.0
cb_rnn,3,13,3,4,0.5860201853304029,0.8125814516838505
cb_rnn,3,13,3,5,0.6291975119611279,0.8568614335437896
cb_rnn,3,13,3,6,0.9834419617834733,0.05532036334217448
cb_rnn,3,13,3,7,0.6748438395401665,0.2508263772394381
cb_rnn,3,13,4,0,0.9591958096164552,0.2841750149097183
cb_rnn,3,13,4,1,0.9990692704972675,0.04699015481432906
cb_rnn,3,13,4,2,0.5439933720744533,0.8128616556163178
cb_rnn,3,13,4,3,0.5860201853304029,0.8125814516838505
cb_rnn,3,13,4,4,0.9999999998245963,0.0
cb_rnn,3,13,4,5,0.9624479980809577,0.2735821285800824
cb_rnn,3,13,4,6,0.5777457673798615,0.8095297646175611
cb_rnn,3,13,4,7,0.5804827646633152,0.7983451281727035
cb_rnn,3,13,5,0,0.9994916056214993,0.03203008300723739
cb_rnn,3,13,5,1,0.955628288539695,0.2985686636164071
cb_rnn,3,13,5,2,0.3664556031044628,0.9352000147578098
cb_rnn,3,13,5,3,0.6291975119611279,0.8568614335437896
cb_rnn,3,13,5,4,0.9624479980809577,0.2735821285800824
cb_rnn,3,13,5,5,0.9999999998450855,0.0
cb_rnn,3,13,5,6,0.6574211926875173,0.839628297692433
cb_rnn,3,13,5,7,0.4118448260286514,0.9188285848742044
cb_rnn,3,13,6,0,0.6593927146781056,0.8376684094859536
cb_rnn,3,13,6,1,0.5730485306658932,0.7879596624405357
cb_rnn,3,13,6,2,0.5273436011215731,0.3061262041899046
cb_rnn,3,13,6,3,0.9834419617834733,0.05532036334217448
cb_rnn,3,13,6,4,0.5777457673798615,0.8095297646175611
cb_rnn,3,13,6,5,0.6574211926875173,0.839628297692433
cb_rnn,3,13,6,6,0.9999999982231248,0.0
cb_rnn,3,13,6,7,0.5621387414638421,0.29560824151567844
cb_rnn,3,13,7,0,0.4048478528904532,0.9201277185306808
cb_rnn,3,13,7,1,0.5982831727073893,0.7684468981252387
cb_rnn,3,13,7,2,0.9960381472313571,0.02950027897512754
cb_rnn,3,13,7,3,0.6748438395401665,0.2508263772394381
cb_rnn,3,13,7,4,0.5804827646633152,0.7983451281727035
cb_rnn,3,13,7,5,0.4118448260286514,0.9188285848742044
cb_rnn,3,13,7,6,0.5621387414638421,0.29560824151567844
cb_rnn,3,13,7,7,0.9999999985801306,0.0
cb_rnn,3,14,0,0,0.9999999998840162,0.0
cb_rnn,3,14,0,1,0.9649839505665193,0.30756378819070945
cb_rnn,3,14,0,2,0.39112395921174165,1.0737610326744902
cb_rnn,3,14,0,3,0.565982604294168,1.0233952259599162
cb_rnn,3,14,0,4,0.9712884413581622,0.28200427056408717
cb_rnn,3,14,0,5,0.9994782378181702,0.037666696469823034
cb_rnn,3,14,0,6,0.5633504725161841,1.018729840652836
cb_rnn,3,14,0,7,0.3591661536433725,1.0864868879983327
cb_rnn,3,14,1,0,0.9649839505665193,0.30756378819070945
cb_rnn,3,14,1,1,0.9999999998651485,0.0
cb_rnn,3,14,1,2,0.5247351034505929,0.9423279435137983
cb_rnn,3,14,1,3,0.4912620229485398,0.9665310360934972
cb_rnn,3,14,1,4,0.9990870202108162,0.04629558247875917
cb_rnn,3,14,1,5,0.9679688239219696,0.29642857404201667
cb_rnn,3,14,1,6,0.46249721441999964,0.9726697547847206
cb_rnn,3,14,1,7,0.5103601842545485,0.9506749484219092
cb_rnn,3,14,2,0,0.39112395921174165,1.0737610326744902
cb_rnn,3,14,2,1,0.5247351034505929,0.9423279435137983
cb_rnn,3,14,2,2,0.9999999986870481,0.0
cb_rnn,3,14,2,3,0.6761552149236435,0.2613197503731715
cb_rnn,3,14,2,4,0.5163159882902254,0.939633378039141
cb_rnn,3,14,2,5,0.38603499437149924,1.0785680900678414
cb_rnn,3,14,2,6,0.5936764364597529,0.2968971890439987
cb_rnn,3,14,2,7,0.9943877047847405,0.037906257939929515
cb_rnn,3,14,3,0,0.565982604294168,1.0233952259599162
cb_rnn,3,14,3,1,0.4912620229485398,0.9665310360934972
cb_rnn,3,14,3,2,0.6761552149236435,0.2613197503731715
cb_rnn,3,14,3,3,0.999999998192267,0.0
cb_rnn,3,14,3,4,0.5031839029599411,0.9565202712597464
cb_rnn,3,14,3,5,0.5502547446431585,1.0315853776577157
cb_rnn,3,14,3,6,0.9908344813370662,0.0439332893104832
cb_rnn,3,14,3,7,0.6125965441158356,0.2780540295883008
cb_rnn,3,14,4,0,0.9712884413581622,0.28200427056408717
cb_rnn,3,14,4,1,0.9990870202108162,0.04629558247875917
cb_rnn,3,14,4,2,0.5163159882902254,0.939633378039141
cb_rnn,3,14,4,3,0.5031839029599411,0.9565202712597464
cb_rnn,3,14,4,4,0.9999999998635499,0.0
cb_rnn,3,14,4,5,0.9739415361266575,0.27141697300638734
cb_rnn,3,14,4,6,0.4783806562280715,0.9611361539479589
cb_rnn,3,14,4,7,0.5001119800904409,0.9485008465787681
cb_rnn,3,14,5,0,0.9994782378181702,0.037666696469823034
cb_rnn,3,14,5,1,0.9679688239219696,0.29642857404201667
cb_rnn,3,14,5,2,0.38603499437149924,1.0785680900678414
cb_rnn,3,14,5,3,0.5502547446431585,1.0315853776577157
cb_rnn,3,14,5,4,0.9739415361266575,0.27141697300638734
cb_rnn,3,14,5,5,0.9999999998846228,0.0
cb_rnn,3,14,5,6,0.5474801147440194,1.0272694336221924
cb_rnn,3,14,5,7,0.35565403798658957,1.0906550222951552
cb_rnn,3,14,6,0,0.5633504725161841,1.018729840652836
cb_rnn,3,14,6,1,0.46249721441999964,0.9726697547847206
cb_rnn,3,14,6,2,0.5936764364597529,0.2968971890439987
cb_rnn,3,14,6,3,0.9908344813370662,0.0439332893104832
cb_rnn,3,14,6,4,0.4783806562280715,0.9611361539479589
cb_rnn,3,14,6,5,0.5474801147440194,1.0272694336221924
cb_rnn,3,14,6,6,0.9999999983750304,0.0
cb_rnn,3,14,6,7,0.5251133390131244,0.31389464235399317
cb_rnn,3,14,7,0,0.3591661536433725,1.0864868879983327
cb_rnn,3,14,7,1,0.5103601842545485,0.9506749484219092
cb_rnn,3,14,7,2,0.9943877047847405,0.037906257939929515
cb_rnn,3,14,7,3,0.6125965441158356,0.2780540295883008
cb_rnn,3,14,7,4,0.5001119800904409,0.9485008465787681
cb_rnn,3,14,7,5,0.35565403798658957,1.0906550222951552
cb_rnn,3,14,7,6,0.5251133390131244,0.31389464235399317
cb_rnn,3,14,7,7,0.9999999985892272,0.0
cb_rnn,3,15,0,0,0.9999999999182244,0.0
cb_rnn,3,15,0,1,0.9744259306787927,0.3124711047374975
cb_rnn,3,15,0,2,0.4216667501254231,1.27212652263337
cb_rnn,3,15,0,3,0.5241851694509764,1.2307269813278472
cb_rnn,3,15,0,4,0.972507386353406,0.3247015306263858
cb_rnn,3,15,0,5,0.9991055093368828,0.06342601669020646
cb_rnn,3,15,0,6,0.5524074542139024,1.2142968880398262
cb_rnn,3,15,0,7,0.40941687708255964,1.2806115464614378
cb_rnn,3,15,1,0,0.9744259306787927,0.3124711047374975
cb_rnn,3,15,1,1,0.9999999999093532,0.0
cb_rnn,3,15,1,2,0.5070626782559824,1.1707961945285221
cb_rnn,3,15,1,3,0.44295568922483686,1.1967532260368896
cb_rnn,3,15,1,4,0.999640203311887,0.03681682037748055
cb_rnn,3,15,1,5,0.9812052173322438,0.279244554919893
cb_rnn,3,15,1,6,0.4568904773452387,1.188307081161
cb_rnn,3,15,1,7,0.5040985103754941,1.177754166925384
cb_rnn,3,15,2,0,0.4216667501254231,1.27212652263337
cb_rnn,3,15,2,1,0.5070626782559824,1.1707961945285221
cb_rnn,3,15,2,2,0.9999999988293422,0.0
cb_rnn,3,15,2,3,0.7214647969951271,0.27271585167283613
cb_rnn,3,15,2,4,0.5149703594412706,1.1567555671705623
cb_rnn,3,15,2,5,0.4294238075709544,1.2916372240393834
cb_rnn,3,15,2,6,0.6705748721255882,0.3029519052127266
cb_rnn,3,15,2,7,0.9969410108391276,0.03534537391954355
cb_rnn,3,15,3,0,0.5241851694509764,1.2307269813278472
cb_rnn,3,15,3,1,0.44295568922483686,1.1967532260368896
cb_rnn,3,15,3,2,0.7214647969951271,0.27271585167283613
cb_rnn,3,15,3,3,0.9999999988299917,0.0
cb_rnn,3,15,3,4,0.4441695921293112,1.1854872846616924
cb_rnn,3,15,3,5,0.5078311734633008,1.260049417073881
cb_rnn,3,15,3,6,0.9938424587424862,0.0439823029065501
cb_rnn,3,15,3,7,0.6888950939118152,0.28029627842219995
cb_rnn,3,15,4,0,0.972507386353406,0.3247015306263858
cb_rnn,3,15,4,1,0.999640203311887,0.03681682037748055
cb_rnn,3,15,4,2,0.5149703594412706,1.1567555671705623
cb_rnn,3,15,4,3,0.4441695921293112,1.1854872846616924
cb_rnn,3,15,4,4,0.999999999907785,0.0
cb_rnn,3,15,4,5,0.9795531698654025,0.2926372229845422
cb_rnn,3,15,4,6,0.45786534158591813,1.1771542521621892
cb_rnn,3,15,4,7,0.5123562745553756,1.1637401402893723
cb_rnn,3,15,5,0,0.9991055093368828,0.06342601669020646
cb_rnn,3,15,5,1,0.9812052173322438,0.279244554919893
cb_rnn,3,15,5,2,0.4294238075709544,1.2916372240393834
cb_rnn,3,15,5,3,0.5078311734633008,1.260049417073881
cb_rnn,3,15,5,4,0.9795531698654025,0.2926372229845422
cb_rnn,3,15,5,5,0.9999999999209225,0.0
cb_rnn,3,15,5,6,0.5348625745119695,1.2444453486101497
cb_rnn,3,15,5,7,0.41890548511493875,1.299778208268252
cb_rnn,3,15,6,0,0.5524074542139024,1.2142968880398262
cb_rnn,3,15,6,1,0.4568904773452387,1.188307081161
cb_rnn,3,15,6,2,0.6705748721255882,0.3029519052127266
cb_rnn,3,15,6,3,0.9938424587424862,0.0439823029065501
cb_rnn,3,15,6,4,0.45786534158591813,1.1771542521621892
cb_rnn,3,15,6,5,0.5348625745119695,1.2444453486101497
cb_rnn,3,15,6,6,0.9999999989199909,0.0
cb_rnn,3,15,6,7,0.6355720191159511,0.3107477349842026
cb_rnn,3,15,7,0,0.40941687708255964,1.2806115464614378
cb_rnn,3,15,7,1,0.5040985103754941,1.177754166925384
cb_rnn,3,15,7,2,0.9969410108391276,0.03534537391954355
cb_rnn,3,15,7,3,0.6888950939118152,0.28029627842219995
cb_rnn,3,15,7,4,0.5123562745553756,1.1637401402893723
cb_rnn,3,15,7,5,0.41890548511493875,1.299778208268252
cb_rnn,3,15,7,6,0.6355720191159511,0.3107477349842026
cb_rnn,3,15,7,7,0.999999998674902,0.0
cb_rnn,4,2,0,0,0.9999999380696015,0.0
cb_rnn,4,2,0,1,0.44264594158312776,0.0661447451509097
cb_rnn,4,2,0,2,0.9749975743895081,0.0121989853740155
cb_rnn,4,2,0,3,0.4321939666908319,0.06487803192233248
cb_rnn,4,2,0,4,0.5267850498888841,0.05656386904000607
cb_rnn,4,2,0,5,0.9275953601830145,0.01879321133873169
cb_rnn,4,2,0,6,0.534814738356794,0.054301787159816914
cb_rnn,4,2,0,7,0.926595007465701,0.019339721819195924
cb_rnn,4,2,1,0,0.44264594158312776,0.0661447451509097
cb_rnn,4,2,1,1,0.9999999687178222,0.0
cb_rnn,4,2,1,2,0.42383446951732845,0.06834334838688678
cb_rnn,4,2,1,3,0.9926648808984159,0.008775071864242694
cb_rnn,4,2,1,4,0.9918396446289379,0.01113054851014748
cb_rnn,4,2,1,5,0.7292007488708119,0.04852054749793885
cb_rnn,4,2,1,6,0.98238980852221,0.015810007742149034
cb_rnn,4,2,1,7,0.6935592984445196,0.050941279548207416
cb_rnn,4,2,2,0,0.9749975743895081,0.0121989853740155
cb_rnn,4,2,2,1,0.42383446951732845,0.06834334838688678
cb_rnn,4,2,2,2,0.9999999462093958,0.0
cb_rnn,4,2,2,3,0.416816398479784,0.06699184690120734
cb_rnn,4,2,2,4,0.5078559641618597,0.0588677150001832
cb_rnn,4,2,2,5,0.890541153485144,0.024520312648159594
cb_rnn,4,2,2,6,0.5207928902381304,0.056427566560526006
cb_rnn,4,2,2,7,0.9389173731094607,0.01854812419263264
cb_rnn,4,2,3,0,0.4321939666908319,0.06487803192233248
cb_rnn,4,2,3,1,0.9926648808984159,0.008775071864242694
cb_rnn,4,2,3,2,0.416816398479784,0.06699184690120734
cb_rnn,4,2,3,3,0.9999999663645016,0.0
cb_rnn,4,2,3,4,0.98436273931928,0.012513833204698304
cb_rnn,4,2,3,5,0.7241919167072052,0.047033122344427664
cb_rnn,4,2,3,6,0.9896431583689299,0.011866835199658435
cb_rnn,4,2,3,7,0.6950513522808478,0.04911451709035501
cb_rnn,4,2,4,0,0.5267850498888841,0.05656386904000607
cb_rnn,4,2,4,1,0.9918396446289379,0.01113054851014748
cb_rnn,4,2,4,2,0.5078559641618597,0.0588677150001832
cb_rnn,4,2,4,3,0.98436273931928,0.012513833204698304
cb_rnn,4,2,4,4,0.9999999613265335,0.0
cb_rnn,4,2,4,5,0.7915763245138637,0.0389346409907348
cb_rnn,4,2,4,6,0.9918661484107449,0.008413936403334746
cb_rnn,4,2,4,7,0.7566549364130902,0.04163936414090512
cb_rnn,4,2,5,0,0.9275953601830145,0.01879321133873169
cb_rnn,4,2,5,1,0.7292007488708119,0.04852054749793885
cb_rnn,4,2,5,2,0.890541153485144,0.024520312648159594
cb_rnn,4,2,5,3,0.7241919167072052,0.047033122344427664
cb_rnn,4,2,5,4,0.7915763245138637,0.0389346409907348
cb_rnn,4,2,5,5,0.9999999311010392,0.0
cb_rnn,4,2,5,6,0.7990945286762868,0.036526049116034916
cb_rnn,4,2,5,7,0.9716727718628807,0.012090996027742246
cb_rnn,4,2,6,0,0.534814738356794,0.054301787159816914
cb_rnn,4,2,6,1,0.98238980852221,0.015810007742149034
cb_rnn,4,2,6,2,0.5207928902381304,0.056427566560526006
cb_rnn,4,2,6,3,0.9896431583689299,0.011866835199658435
cb_rnn,4,2,6,4,0.9918661484107449,0.008413936403334746
cb_rnn,4,2,6,5,0.7990945286762868,0.036526049116034916
cb_rnn,4,2,6,6,0.9999999576424203,0.0
cb_rnn,4,2,6,7,0.7736085878375064,0.038664085875371325
cb_rnn,4,2,7,0,0.926595007465701,0.019339721819195924
cb_rnn,4,2,7,1,0.6935592984445196,0.050941279548207416
cb_rnn,4,2,7,2,0.9389173731094607,0.01854812419263264
cb_rnn,4,2,7,3,0.6950513522808478,0.04911451709035501
cb_rnn,4,2,7,4,0.7566549364130902,0.04163936414090512
cb_rnn,4,2,7,5,0.9716727718628807,0.012090996027742246
cb_rnn,4,2,7,6,0.7736085878375064,0.038664085875371325
cb_rnn,4,2,7,7,0.9999999391945302,0.0
cb_rnn,4,3,0,0,0.9999999975973397,0.0
cb_rnn,4,3,0,1,0.7552690872507746,0.18403884580910487
cb_rnn,4,3,0,2,0.8839265197926076,0.11926244949461093
cb_rnn,4,3,0,3,0.2538548338948708,0.29778191149021505
cb_rnn,4,3,0,4,0.7824181096478879,0.17397252493539014
cb_rnn,4,3,0,5,0.9672251086500304,0.06858875546036615
cb_rnn,4,3,0,6,0.22451152577240072,0.3049405372921444
cb_rnn,4,3,0,7,0.7429550082359793,0.17296215789982358
cb_rnn,4,3,1,0,0.7552690872507746,0.18403884580910487
cb_rnn,4,3,1,1,0.999999997850929,0.0
cb_rnn,4,3,1,2,0.7273156762858898,0.18762472395434596
cb_rnn,4,3,1,3,0.5399810027514712,0.24268647564928963
cb_rnn,4,3,1,4,0.9827271278697546,0.05021042948739265
cb_rnn,4,3,1,5,0.8565102837968902,0.13934075030913307
cb_rnn,4,3,1,6,0.5068390606130116,0.2519928816507587
cb_rnn,4,3,1,7,0.7601145618469626,0.17565042819308396
cb_rnn,4,3,2,0,0.8839265197926076,0.11926244949461093
cb_rnn,4,3,2,1,0.7273156762858898,0.18762472395434596
cb_rnn,4,3,2,2,0.9999999969693478,0.0
cb_rnn,4,3,2,3,0.5652118117258776,0.21387535911909625
cb_rnn,4,3,2,4,0.7157516322219624,0.19187727970935292
cb_rnn,4,3,2,5,0.9061260727446532,0.09777534161141235
cb_rnn,4,3,2,6,0.5252495212779815,0.2247091269381729
cb_rnn,4,3,2,7,0.9438851748543086,0.07505541154126655
cb_rnn,4,3,3,0,0.2538548338948708,0.29778191149021505
cb_rnn,4,3,3,1,0.5399810027514712,0.24268647564928963
cb_rnn,4,3,3,2,0.5652118117258776,0.21387535911909625
cb_rnn,4,3,3,3,0.9999999970861827,0.0
cb_rnn,4,3,3,4,0.48542561684846186,0.2569038879613316
cb_rnn,4,3,3,5,0.4586592158317756,0.23712227970579083
cb_rnn,4,3,3,6,0.9769623655322199,0.05002385605437069
cb_rnn,4,3,3,7,0.7928417308289494,0.1451157326368312
cb_rnn,4,3,4,0,0.7824181096478879,0.17397252493539014
cb_rnn,4,3,4,1,0.9827271278697546,0.05021042948739265
cb_rnn,4,3,4,2,0.7157516322219624,0.19187727970935292
cb_rnn,4,3,4,3,0.48542561684846186,0.2569038879613316
cb_rnn,4,3,4,4,0.9999999978655114,0.0
cb_rnn,4,3,4,5,0.8633652445724666,0.13685255490199358
cb_rnn,4,3,4,6,0.48456452661301835,0.2580684415244405
cb_rnn,4,3,4,7,0.7219301174324906,0.188514909226389
cb_rnn,4,3,5,0,0.9672251086500304,0.06858875546036615
cb_rnn,4,3,5,1,0.8565102837968902,0.13934075030913307
cb_rnn,4,3,5,2,0.9061260727446532,0.09777534161141235
cb_rnn,4,3,5,3,0.4586592158317756,0.23712227970579083
cb_rnn,4,3,5,4,0.8633652445724666,0.13685255490199358
cb_rnn,4,3,5,5,0.9999999968870977,0.0
cb_rnn,4,3,5,6,0.4191640719141907,0.2469752519305966
cb_rnn,4,3,5,7,0.8448177430024579,0.12312924971169827
cb_rnn,4,3,6,0,0.22451152577240072,0.3049405372921444
cb_rnn,4,3,6,1,0.5068390606130116,0.2519928816507587
cb_rnn,4,3,6,2,0.5252495212779815,0.2247091269381729
cb_rnn,4,3,6,3,0.9769623655322199,0.05002385605437069
cb_rnn,4,3,6,4,0.48456452661301835,0.2580684415244405
cb_rnn,4,3,6,5,0.4191640719141907,0.2469752519305966
cb_rnn,4,3,6,6,0.9999999971461081,0.0
cb_rnn,4,3,6,7,0.7436257555338207,0.16235114891781688
cb_rnn,4,3,7,0,0.7429550082359793,0.17296215789982358
cb_rnn,4,3,7,1,0.7601145618469626,0.17565042819308396
cb_rnn,4,3,7,2,0.9438851748543086,0.07505541154126655
cb_rnn,4,3,7,3,0.7928417308289494,0.1451157326368312
cb_rnn,4,3,7,4,0.7219301174324906,0.188514909226389
cb_rnn,4,3,7,5,0.8448177430024579,0.12312924971169827
cb_rnn,4,3,7,6,0.7436257555338207,0.16235114891781688
cb_rnn,4,3,7,7,0.9999999966939855,0.0
cb_rnn,4,4,0,0,0.9999999989722165,0.0
cb_rnn,4,4,0,1,0.844421412102016,0.22680384571058287
cb_rnn,4,4,0,2,0.8274747623762814,0.24363939379581045
cb_rnn,4,4,0,3,0.8220908106484649,0.23440774523548388
cb_rnn,4,4,0,4,0.7834259815450497,0.2819990643349025
cb_rnn,4,4,0,5,0.9306553013893677,0.14721221972299398
cb_rnn,4,4,0,6,0.7882035555854995,0.2635093731169653
cb_rnn,4,4,0,7,0.8704117725015661,0.20731454591907886
cb_rnn,4,4,1,0,0.844421412102016,0.22680384571058287
cb_rnn,4,4,1,1,0.9999999991042364,0.0
cb_rnn,4,4,1,2,0.8413049511437184,0.238915413834838
cb_rnn,4,4,1,3,0.5394955519172168,0.3908037985949058
cb_rnn,4,4,1,4,0.975786411799181,0.10061082231504985
cb_rnn,4,4,1,5,0.8888583090156159,0.1965047827153373
cb_rnn,4,4,1,6,0.4755373011091615,0.4270179469083752
cb_rnn,4,4,1,7,0.8070069186866629,0.25948535097050174
cb_rnn,4,4,2,0,0.8274747623762814,0.24363939379581045
cb_rnn,4,4,2,1,0.8413049511437184,0.238915413834838
cb_rnn,4,4,2,2,0.9999999991531414,0.0
cb_rnn,4,4,2,3,0.7725865569266889,0.28011650743324507
cb_rnn,4,4,2,4,0.7870828900292214,0.28751043261770365
cb_rnn,4,4,2,5,0.8318952510844863,0.24034423908163555
cb_rnn,4,4,2,6,0.6905178505983784,0.33292578903487213
cb_rnn,4,4,2,7,0.983996690058998,0.07670099235994007
cb_rnn,4,4,3,0,0.8220908106484649,0.23440774523548388
cb_rnn,4,4,3,1,0.5394955519172168,0.3908037985949058
cb_rnn,4,4,3,2,0.7725865569266889,0.28011650743324507
cb_rnn,4,4,3,3,0.9999999990026267,0.0
cb_rnn,4,4,3,4,0.4644901149744508,0.4399302826853027
cb_rnn,4,4,3,5,0.723652649086845,0.27610336606591074
cb_rnn,4,4,3,6,0.9730323967484054,0.09644974797161059
cb_rnn,4,4,3,7,0.8580005150215395,0.21778132492319066
cb_rnn,4,4,4,0,0.7834259815450497,0.2819990643349025
cb_rnn,4,4,4,1,0.975786411799181,0.10061082231504985
cb_rnn,4,4,4,2,0.7870828900292214,0.28751043261770365
cb_rnn,4,4,4,3,0.4644901149744508,0.4399302826853027
cb_rnn,4,4,4,4,0.9999999992273618,0.0
cb_rnn,4,4,4,5,0.8840432633021297,0.22185631779967527
cb_rnn,4,4,4,6,0.44233981681494056,0.45812902882929524
cb_rnn,4,4,4,7,0.7340337113581943,0.31770699445632505
cb_rnn,4,4,5,0,0.9306553013893677,0.14721221972299398
cb_rnn,4,4,5,1,0.8888583090156159,0.1965047827153373
cb_rnn,4,4,5,2,0.8318952510844863,0.24034423908163555
cb_rnn,4,4,5,3,0.723652649086845,0.27610336606591074
cb_rnn,4,4,5,4,0.8840432633021297,0.22185631779967527
cb_rnn,4,4,5,5,0.9999999985348306,0.0
cb_rnn,4,4,5,6,0.7230575976524098,0.2886620054314526
cb_rnn,4,4,5,7,0.829293534286032,0.23424300778361207
cb_rnn,4,4,6,0,0.7882035555854995,0.2635093731169653
cb_rnn,4,4,6,1,0.4755373011091615,0.4270179469083752
cb_rnn,4,4,6,2,0.6905178505983784,0.33292578903487213
cb_rnn,4,4,6,3,0.9730323967484054,0.09644974797161059
cb_rnn,4,4,6,4,0.44233981681494056,0.45812902882929524
cb_rnn,4,4,6,5,0.7230575976524098,0.2886620054314526
cb_rnn,4,4,6,6,0.9999999990980941,0.0
cb_rnn,4,4,6,7,0.7751638332427739,0.2796011526914027
cb_rnn,4,4,7,0,0.8704117725015661,0.20731454591907886
cb_rnn,4,4,7,1,0.8070069186866629,0.25948535097050174
cb_rnn,4,4,7,2,0.983996690058998,0.07670099235994007
cb_rnn,4,4,7,3,0.8580005150215395,0.21778132492319066
cb_rnn,4,4,7,4,0.7340337113581943,0.31770699445632505
cb_rnn,4,4,7,5,0.829293534286032,0.23424300778361207
cb_rnn,4,4,7,6,0.7751638332427739,0.2796011526914027
cb_rnn,4,4,7,7,0.999999999104349,0.0
cb_rnn,4,5,0,0,0.9999999987571172,0.0
cb_rnn,4,5,0,1,0.7722855972529334,0.2965463789464582
cb_rnn,4,5,0,2,0.5761811989594903,0.41674364910478834
cb_rnn,4,5,0,3,0.7675627200956024,0.2358449449201556
cb_rnn,4,5,0,4,0.7480380978685046,0.3507906718202433
cb_rnn,4,5,0,5,0.9854178603767053,0.06185067816672952
cb_rnn,4,5,0,6,0.7765733748014589,0.251315741797766
cb_rnn,4,5,0,7,0.5941224366153541,0.38983392086426544
cb_rnn,4,5,1,0,0.7722855972529334,0.2965463789464582
cb_rnn,4,5,1,1,0.9999999992826532,0.0
cb_rnn,4,5,1,2,0.8636473485520799,0.25591656306641675
cb_rnn,4,5,1,3,0.6022286075128077,0.37649371335276227
cb_rnn,4,5,1,4,0.9611403834633195,0.15000147426511873
cb_rnn,4,5,1,5,0.7074153233460124,0.3315020691367192
cb_rnn,4,5,1,6,0.5084302479892694,0.4300952709993307
cb_rnn,4,5,1,7,0.8667613520749535,0.24360825953529747
cb_rnn,4,5,2,0,0.5761811989594903,0.41674364910478834
cb_rnn,4,5,2,1,0.8636473485520799,0.25591656306641675
cb_rnn,4,5,2,2,0.9999999993843556,0.0
cb_rnn,4,5,2,3,0.7403797836139354,0.34074293784982673
cb_rnn,4,5,2,4,0.7811724104220795,0.3410375585942385
cb_rnn,4,5,2,5,0.5147813540923173,0.44417716908969246
cb_rnn,4,5,2,6,0.6068176755583042,0.4093067068912784
cb_rnn,4,5,2,7,0.9944362457641652,0.058478160003983495
cb_rnn,4,5,3,0,0.7675627200956024,0.2358449449201556
cb_rnn,4,5,3,1,0.6022286075128077,0.37649371335276227
cb_rnn,4,5,3,2,0.7403797836139354,0.34074293784982673
cb_rnn,4,5,3,3,0.9999999986092076,0.0
cb_rnn,4,5,3,4,0.5158005348086077,0.4546586090335867
cb_rnn,4,5,3,5,0.7782640130310391,0.23395869937590527
cb_rnn,4,5,3,6,0.9539214645778464,0.12296883251597887
cb_rnn,4,5,3,7,0.7644082811408883,0.30852762619818813
cb_rnn,4,5,4,0,0.7480380978685046,0.3507906718202433
cb_rnn,4,5,4,1,0.9611403834633195,0.15000147426511873
cb_rnn,4,5,4,2,0.7811724104220795,0.3410375585942385
cb_rnn,4,5,4,3,0.5158005348086077,0.4546586090335867
cb_rnn,4,5,4,4,0.9999999994339456,0.0
cb_rnn,4,5,4,5,0.663766429392283,0.3932191306107343
cb_rnn,4,5,4,6,0.49326200754994043,0.4755229324399002
cb_rnn,4,5,4,7,0.7762898916998191,0.33821519824103224
cb_rnn,4,5,5,0,0.9854178603767053,0.06185067816672952
cb_rnn,4,5,5,1,0.7074153233460124,0.3315020691367192
cb_rnn,4,5,5,2,0.5147813540923173,0.44417716908969246
cb_rnn,4,5,5,3,0.7782640130310391,0.23395869937590527
cb_rnn,4,5,5,4,0.663766429392283,0.3932191306107343
cb_rnn,4,5,5,5,0.9999999988143813,0.0
cb_rnn,4,5,5,6,0.7865368399499733,0.24753759132757094
cb_rnn,4,5,5,7,0.5470623674484023,0.41174091271761165
cb_rnn,4,5,6,0,0.7765733748014589,0.251315741797766
cb_rnn,4,5,6,1,0.5084302479892694,0.4300952709993307
cb_rnn,4,5,6,2,0.6068176755583042,0.4093067068912784
cb_rnn,4,5,6,3,0.9539214645778464,0.12296883251597887
cb_rnn,4,5,6,4,0.49326200754994043,0.4755229324399002
cb_rnn,4,5,6,5,0.7865368399499733,0.24753759132757094
cb_rnn,4,5,6,6,0.999999998975301,0.0
cb_rnn,4,5,6,7,0.6285502411686575,0.38156284135255997
cb_rnn,4,5,7,0,0.5941224366153541,0.38983392086426544
cb_rnn,4,5,7,1,0.8667613520749535,0.24360825953529747
cb_rnn,4,5,7,2,0.9944362457641652,0.058478160003983495
cb_rnn,4,5,7,3,0.7644082811408883,0.30852762619818813
cb_rnn,4,5,7,4,0.7762898916998191,0.33821519824103224
cb_rnn,4,5,7,5,0.5470623674484023,0.41174091271761165
cb_rnn,4,5,7,6,0.6285502411686575,0.38156284135255997
cb_rnn,4,5,7,7,0.9999999993115944,0.0
cb_rnn,4,6,0,0,0.9999999988943684,0.0
cb_rnn,4,6,0,1,0.7388001412242362,0.2930608673148001
cb_rnn,4,6,0,2,0.5047026881472825,0.4277612122595278
cb_rnn,4,6,0,3,0.7576511099006774,0.24571724025682132
cb_rnn,4,6,0,4,0.7349824438021664,0.32274032420057497
cb_rnn,4,6,0,5,0.9920712375803027,0.05657945699289403
cb_rnn,4,6,0,6,0.8221005783067342,0.21512398770299454
cb_rnn,4,6,0,7,0.5062198882289829,0.4031568467876673
cb_rnn,4,6,1,0,0.7388001412242362,0.2930608673148001
cb_rnn,4,6,1,1,0.9999999991351293,0.0
cb_rnn,4,6,1,2,0.8990291116073745,0.20514498096199463
cb_rnn,4,6,1,3,0.7637637022687388,0.27563554816853164
cb_rnn,4,6,1,4,0.9936518130918661,0.07056769253147042
cb_rnn,4,6,1,5,0.7567658279376893,0.2785759408665036
cb_rnn,4,6,1,6,0.6519833145689357,0.3267062422723466
cb_rnn,4,6,1,7,0.8889844747183041,0.20149245290161463
cb_rnn,4,6,2,0,0.5047026881472825,0.4277612122595278
cb_rnn,4,6,2,1,0.8990291116073745,0.20514498096199463
cb_rnn,4,6,2,2,0.9999999992878258,0.0
cb_rnn,4,6,2,3,0.8125190688345173,0.2852063091837291
cb_rnn,4,6,2,4,0.8988568003613632,0.21205933475455227
cb_rnn,4,6,2,5,0.5135433154548212,0.41447992325636335
cb_rnn,4,6,2,6,0.6435073486703561,0.35972586102004234
cb_rnn,4,6,2,7,0.9930873182090477,0.06529205902842729
cb_rnn,4,6,3,0,0.7576511099006774,0.24571724025682132
cb_rnn,4,6,3,1,0.7637637022687388,0.27563554816853164
cb_rnn,4,6,3,2,0.8125190688345173,0.2852063091837291
cb_rnn,4,6,3,3,0.9999999982427893,0.0
cb_rnn,4,6,3,4,0.7696467859384258,0.3100725400927718
cb_rnn,4,6,3,5,0.7431007801902918,0.2329662269196293
cb_rnn,4,6,3,6,0.9414898375592919,0.11223385845834304
cb_rnn,4,6,3,7,0.8373259087703465,0.2430435862803632
cb_rnn,4,6,4,0,0.7349824438021664,0.32274032420057497
cb_rnn,4,6,4,1,0.9936518130918661,0.07056769253147042
cb_rnn,4,6,4,2,0.8988568003613632,0.21205933475455227
cb_rnn,4,6,4,3,0.7696467859384258,0.3100725400927718
cb_rnn,4,6,4,4,0.9999999993052677,0.0
cb_rnn,4,6,4,5,0.760136430072059,0.30871129185814566
cb_rnn,4,6,4,6,0.6803017654392988,0.34768195520646117
cb_rnn,4,6,4,7,0.8873473153307173,0.21886477156601555
cb_rnn,4,6,5,0,0.9920712375803027,0.05657945699289403
cb_rnn,4,6,5,1,0.7567658279376893,0.2785759408665036
cb_rnn,4,6,5,2,0.5135433154548212,0.41447992325636335
cb_rnn,4,6,5,3,0.7431007801902918,0.2329662269196293
cb_rnn,4,6,5,4,0.760136430072059,0.30871129185814566
cb_rnn,4,6,5,5,0.9999999986626886,0.0
cb_rnn,4,6,5,6,0.8196209533302431,0.2022458293752035
cb_rnn,4,6,5,7,0.5110977851348644,0.3891875704315259
cb_rnn,4,6,6,0,0.8221005783067342,0.21512398770299454
cb_rnn,4,6,6,1,0.6519833145689357,0.3267062422723466
cb_rnn,4,6,6,2,0.6435073486703561,0.35972586102004234
cb_rnn,4,6,6,3,0.9414898375592919,0.11223385845834304
cb_rnn,4,6,6,4,0.6803017654392988,0.34768195520646117
cb_rnn,4,6,6,5,0.8196209533302431,0.2022458293752035
cb_rnn,4,6,6,6,0.9999999985712729,0.0
cb_rnn,4,6,6,7,0.65771790513249,0.3273877824261735
cb_rnn,4,6,7,0,0.5062198882289829,0.4031568467876673
cb_rnn,4,6,7,1,0.8889844747183041,0.20149245290161463
cb_rnn,4,6,7,2,0.9930873182090477,0.06529205902842729
cb_rnn,4,6,7,3,0.8373259087703465,0.2430435862803632
cb_rnn,4,6,7,4,0.8873473153307173,0.21886477156601555
cb_rnn,4,6,7,5,0.5110977851348644,0.3891875704315259
cb_rnn,4,6,7,6,0.65771790513249,0.3273877824261735
cb_rnn,4,6,7,7,0.9999999991547309,0.0
cb_rnn,4,7,0,0,0.9999999983905369,0.0
cb_rnn,4,7,0,1,0.7614863584180834,0.24044974295813054
cb_rnn,4,7,0,2,0.4721921151109766,0.39165661885010944
cb_rnn,4,7,0,3,0.7211127152952944,0.22071942792268096
cb_rnn,4,7,0,4,0.7299768299233811,0.2905482471747446
cb_rnn,4,7,0,5,0.9918027608515091,0.041836865961968166
cb_rnn,4,7,0,6,0.7856614028084353,0.1948115149096545
cb_rnn,4,7,0,7,0.5074149011868888,0.3502404890664312
cb_rnn,4,7,1,0,0.7614863584180834,0.24044974295813054
cb_rnn,4,7,1,1,0.9999999988446839,0.0
cb_rnn,4,7,1,2,0.8738531049149867,0.20733616469883062
cb_rnn,4,7,1,3,0.800308060933107,0.22176298958540921
cb_rnn,4,7,1,4,0.9909891626213153,0.07814098013941695
cb_rnn,4,7,1,5,0.8008291357311816,0.22025265344915712
cb_rnn,4,7,1,6,0.7077180318657712,0.26012884916805906
cb_rnn,4,7,1,7,0.8805673842061464,0.18405771374592114
cb_rnn,4,7,2,0,0.4721921151109766,0.39165661885010944
cb_rnn,4,7,2,1,0.8738531049149867,0.20733616469883062
cb_rnn,4,7,2,2,0.9999999991403636,0.0
cb_rnn,4,7,2,3,0.860263260464189,0.23764554105015923
cb_rnn,4,7,2,4,0.8746673981577795,0.21314608164776633
cb_rnn,4,7,2,5,0.5194037004976332,0.37190257177378677
cb_rnn,4,7,2,6,0.7261285730231412,0.29540615898352907
cb_rnn,4,7,2,7,0.9971536126144891,0.052983102483371604
cb_rnn,4,7,3,0,0.7211127152952944,0.22071942792268096
cb_rnn,4,7,3,1,0.800308060933107,0.22176298958540921
cb_rnn,4,7,3,2,0.860263260464189,0.23764554105015923
cb_rnn,4,7,3,3,0.9999999978678212,0.0
cb_rnn,4,7,3,4,0.7685924036973263,0.27766515211058507
cb_rnn,4,7,3,5,0.744837119107839,0.2038726676951193
cb_rnn,4,7,3,6,0.9663069023575497,0.07060446446259598
cb_rnn,4,7,3,7,0.8872198603301936,0.1897300032661526
cb_rnn,4,7,4,0,0.7299768299233811,0.2905482471747446
cb_rnn,4,7,4,1,0.9909891626213153,0.07814098013941695
cb_rnn,4,7,4,2,0.8746673981577795,0.21314608164776633
cb_rnn,4,7,4,3,0.7685924036973263,0.27766515211058507
cb_rnn,4,7,4,4,0.9999999991353643,0.0
cb_rnn,4,7,4,5,0.76602563602209,0.2748443267550896
cb_rnn,4,7,4,6,0.6769962615291396,0.3132196832268217
cb_rnn,4,7,4,7,0.8763797170190095,0.20500482841036127
cb_rnn,4,7,5,0,0.9918027608515091,0.041836865961968166
cb_rnn,4,7,5,1,0.8008291357311816,0.22025265344915712
cb_rnn,4,7,5,2,0.5194037004976332,0.37190257177378677
cb_rnn,4,7,5,3,0.744837119107839,0.2038726676951193
cb_rnn,4,7,5,4,0.76602563602209,0.2748443267550896
cb_rnn,4,7,5,5,0.9999999982187137,0.0
cb_rnn,4,7,5,6,0.7910745617097781,0.1852596727405353
cb_rnn,4,7,5,7,0.5556098675586572,0.32917913053154385
cb_rnn,4,7,6,0,0.7856614028084353,0.1948115149096545
cb_rnn,4,7,6,1,0.7077180318657712,0.26012884916805906
cb_rnn,4,7,6,2,0.7261285730231412,0.29540615898352907
cb_rnn,4,7,6,3,0.9663069023575497,0.07060446446259598
cb_rnn,4,7,6,4,0.6769962615291396,0.3132196832268217
cb_rnn,4,7,6,5,0.7910745617097781,0.1852596727405353
cb_rnn,4,7,6,6,0.9999999979032999,0.0
cb_rnn,4,7,6,7,0.7586719717783268,0.25013634683852654
cb_rnn,4,7,7,0,0.5074149011868888,0.3502404890664312
cb_rnn,4,7,7,1,0.8805673842061464,0.18405771374592114
cb_rnn,4,7,7,2,0.9971536126144891,0.052983102483371604
cb_rnn,4,7,7,3,0.8872198603301936,0.1897300032661526
cb_rnn,4,7,7,4,0.8763797170190095,0.20500482841036127
cb_rnn,4,7,7,5,0.5556098675586572,0.32917913053154385
cb_rnn,4,7,7,6,0.7586719717783268,0.25013634683852654
cb_rnn,4,7,7,7,0.999999998934848,0.0
cb_rnn,4,8,0,0,0.999999998301924,0.0
cb_rnn,4,8,0,1,0.6863946564351774,0.27702588457593696
cb_rnn,4,8,0,2,0.26799974253822856,0.43371081905062703
cb_rnn,4,8,0,3,0.6345245087874422,0.23783519509218334
cb_rnn,4,8,0,4,0.6607830552817049,0.2990150623719615
cb_rnn,4,8,0,5,0.9873248005959453,0.0481544187680794
cb_rnn,4,8,0,6,0.6300789659907656,0.24350733209038827
cb_rnn,4,8,0,7,0.24145045475334947,0.43457162010613276
cb_rnn,4,8,1,0,0.6863946564351774,0.27702588457593696
cb_rnn,4,8,1,1,0.9999999988935052,0.0
cb_rnn,4,8,1,2,0.7986047355322038,0.24796357256373958
cb_rnn,4,8,1,3,0.648432481000805,0.286292146351172
cb_rnn,4,8,1,4,0.9949976172491615,0.04271272635572006
cb_rnn,4,8,1,5,0.6128144555235907,0.30468719086032897
cb_rnn,4,8,1,6,0.6258248075767224,0.29362877820844396
cb_rnn,4,8,1,7,0.7837107532404481,0.25331194832631576
cb_rnn,4,8,2,0,0.26799974253822856,0.43371081905062703
cb_rnn,4,8,2,1,0.7986047355322038,0.24796357256373958
cb_rnn,4,8,2,2,0.9999999990319788,0.0
cb_rnn,4,8,2,3,0.7233719243497319,0.2834346146454809
cb_rnn,4,8,2,4,0.8089176021145174,0.2461559018156856
cb_rnn,4,8,2,5,0.18292867347055625,0.454575131217888
cb_rnn,4,8,2,6,0.7192196411781544,0.2814610093709413
cb_rnn,4,8,2,7,0.9962388704858999,0.03557338220076907
cb_rnn,4,8,3,0,0.6345245087874422,0.23783519509218334
cb_rnn,4,8,3,1,0.648432481000805,0.286292146351172
cb_rnn,4,8,3,2,0.7233719243497319,0.2834346146454809
cb_rnn,4,8,3,3,0.9999999971080737,0.0
cb_rnn,4,8,3,4,0.6408391501912487,0.30335098187399967
cb_rnn,4,8,3,5,0.6074776451805114,0.24255595763426357
cb_rnn,4,8,3,6,0.9843160059748426,0.04754276206453082
cb_rnn,4,8,3,7,0.7247456548376424,0.2757471184334643
cb_rnn,4,8,4,0,0.6607830552817049,0.2990150623719615
cb_rnn,4,8,4,1,0.9949976172491615,0.04271272635572006
cb_rnn,4,8,4,2,0.8089176021145174,0.2461559018156856
cb_rnn,4,8,4,3,0.6408391501912487,0.30335098187399967
cb_rnn,4,8,4,4,0.9999999989948775,0.0
cb_rnn,4,8,4,5,0.5822806926577857,0.32786751964713035
cb_rnn,4,8,4,6,0.6165337939666062,0.31057858861061094
cb_rnn,4,8,4,7,0.7936234802763368,0.25287712816377683
cb_rnn,4,8,5,0,0.9873248005959453,0.0481544187680794
cb_rnn,4,8,5,1,0.6128144555235907,0.30468719086032897
cb_rnn,4,8,5,2,0.18292867347055625,0.454575131217888
cb_rnn,4,8,5,3,0.6074776451805114,0.24255595763426357
cb_rnn,4,8,5,4,0.5822806926577857,0.32786751964713035
cb_rnn,4,8,5,5,0.9999999982464022,0.0
cb_rnn,4,8,5,6,0.6047983670869196,0.24847761667183452
cb_rnn,4,8,5,7,0.16386885748702731,0.45283188920203615
cb_rnn,4,8,6,0,0.6300789659907656,0.24350733209038827
cb_rnn,4,8,6,1,0.6258248075767224,0.29362877820844396
cb_rnn,4,8,6,2,0.7192196411781544,0.2814610093709413
cb_rnn,4,8,6,3,0.9843160059748426,0.04754276206453082
cb_rnn,4,8,6,4,0.6165337939666062,0.31057858861061094
cb_rnn,4,8,6,5,0.6047983670869196,0.24847761667183452
cb_rnn,4,8,6,6,0.9999999975561488,0.0
cb_rnn,4,8,6,7,0.716425757522698,0.27562642749846855
cb_rnn,4,8,7,0,0.24145045475334947,0.43457162010613276
cb_rnn,4,8,7,1,0.7837107532404481,0.25331194832631576
cb_rnn,4,8,7,2,0.9962388704858999,0.03557338220076907
cb_rnn,4,8,7,3,0.7247456548376424,0.2757471184334643
cb_rnn,4,8,7,4,0.7936234802763368,0.25287712816377683
cb_rnn,4,8,7,5,0.16386885748702731,0.45283188920203615
cb_rnn,4,8,7,6,0.716425757522698,0.27562642749846855
cb_rnn,4,8,7,7,0.9999999989879824,0.0
cb_rnn,4,9,0,0,0.9999999986540891,0.0
cb_rnn,4,9,0,1,0.7228528333483318,0.2869105952302448
cb_rnn,4,9,0,2,0.21793884545645542,0.4732258674617318
cb_rnn,4,9,0,3,0.5847014238470875,0.28584061310952924
cb_rnn,4,9,0,4,0.752152096823582,0.27730557567599157
cb_rnn,4,9,0,5,0.9956440133416835,0.033609470768776496
cb_rnn,4,9,0,6,0.6046718275621832,0.27895995001796575
cb_rnn,4,9,0,7,0.2377425334427954,0.4648020690617731
cb_rnn,4,9,1,0,0.7228528333483318,0.2869105952302448
cb_rnn,4,9,1,1,0.9999999990716744,0.0
cb_rnn,4,9,1,2,0.7357487249680195,0.298504467985704
cb_rnn,4,9,1,3,0.6117720155876205,0.3252120299112721
cb_rnn,4,9,1,4,0.9924039261971913,0.05184777509892344
cb_rnn,4,9,1,5,0.6957120467531571,0.29779670813694337
cb_rnn,4,9,1,6,0.5612868090096406,0.341929624840328
cb_rnn,4,9,1,7,0.7424580860010976,0.2934142353525532
cb_rnn,4,9,2,0,0.21793884545645542,0.4732258674617318
cb_rnn,4,9,2,1,0.7357487249680195,0.298504467985704
cb_rnn,4,9,2,2,0.9999999990748005,0.0
cb_rnn,4,9,2,3,0.7083942804477525,0.2906847798894522
cb_rnn,4,9,2,4,0.7327380852094681,0.30349141939911994
cb_rnn,4,9,2,5,0.17595236447168924,0.47871550280926295
cb_rnn,4,9,2,6,0.6518034577566875,0.31167418166044325
cb_rnn,4,9,2,7,0.9972648322540232,0.03047391227887804
cb_rnn,4,9,3,0,0.5847014238470875,0.28584061310952924
cb_rnn,4,9,3,1,0.6117720155876205,0.3252120299112721
cb_rnn,4,9,3,2,0.7083942804477525,0.2906847798894522
cb_rnn,4,9,3,3,0.9999999978885821,0.0
cb_rnn,4,9,3,4,0.6414340530219363,0.32147387307440184
cb_rnn,4,9,3,5,0.5656250324104265,0.284149627445422
cb_rnn,4,9,3,6,0.9899127853313116,0.03856430579102075
cb_rnn,4,9,3,7,0.7324549863703774,0.27858758327760996
cb_rnn,4,9,4,0,0.752152096823582,0.27730557567599157
cb_rnn,4,9,4,1,0.9924039261971913,0.05184777509892344
cb_rnn,4,9,4,2,0.7327380852094681,0.30349141939911994
cb_rnn,4,9,4,3,0.6414340530219363,0.32147387307440184
cb_rnn,4,9,4,4,0.9999999991100492,0.0
cb_rnn,4,9,4,5,0.7246647473894778,0.28979016642750755
cb_rnn,4,9,4,6,0.6053192838797419,0.3339591052420689
cb_rnn,4,9,4,7,0.7410723378632921,0.2975376648247359
cb_rnn,4,9,5,0,0.9956440133416835,0.033609470768776496
cb_rnn,4,9,5,1,0.6957120467531571,0.29779670813694337
cb_rnn,4,9,5,2,0.17595236447168924,0.47871550280926295
cb_rnn,4,9,5,3,0.5656250324104265,0.284149627445422
cb_rnn,4,9,5,4,0.7246647473894778,0.28979016642750755
cb_rnn,4,9,5,5,0.9999999985500009,0.0
cb_rnn,4,9,5,6,0.5866560718900741,0.2770610225570176
cb_rnn,4,9,5,7,0.1994254780704711,0.4694336456159635
cb_rnn,4,9,6,0,0.6046718275621832,0.27895995001796575
cb_rnn,4,9,6,1,0.5612868090096406,0.341929624840328
cb_rnn,4,9,6,2,0.6518034577566875,0.31167418166044325
cb_rnn,4,9,6,3,0.9899127853313116,0.03856430579102075
cb_rnn,4,9,6,4,0.6053192838797419,0.3339591052420689
cb_rnn,4,9,6,5,0.5866560718900741,0.2770610225570176
cb_rnn,4,9,6,6,0.9999999978665227,0.0
cb_rnn,4,9,6,7,0.6765611924895036,0.30001838829822103
cb_rnn,4,9,7,0,0.2377425334427954,0.4648020690617731
cb_rnn,4,9,7,1,0.7424580860010976,0.2934142353525532
cb_rnn,4,9,7,2,0.9972648322540232,0.03047391227887804
cb_rnn,4,9,7,3,0.7324549863703774,0.27858758327760996
cb_rnn,4,9,7,4,0.7410723378632921,0.2975376648247359
cb_rnn,4,9,7,5,0.1994254780704711,0.4694336456159635
cb_rnn,4,9,7,6,0.6765611924895036,0.30001838829822103
cb_rnn,4,9,7,7,0.9999999990584234,0.0
cb_rnn,4,10,0,0,0.9999999986574327,0.0
cb_rnn,4,10,0,1,0.7346715294515128,0.2903092081597846
cb_rnn,4,10,0,2,0.2090717608921216,0.47143280274709576
cb_rnn,4,10,0,3,0.48972087784776264,0.3151948878764772
cb_rnn,4,10,0,4,0.7625876033750474,0.26835990185233116
cb_rnn,4,10,0,5,0.9933849620533145,0.04218359322149841
cb_rnn,4,10,0,6,0.5148125896109108,0.30102472156035576
cb_rnn,4,10,0,7,0.25370753124411294,0.4417690579562974
cb_rnn,4,10,1,0,0.7346715294515128,0.2903092081597846
cb_rnn,4,10,1,1,0.9999999991385402,0.0
cb_rnn,4,10,1,2,0.6841275281478605,0.3305614670198836
cb_rnn,4,10,1,3,0.47565806059487403,0.380884459672427
cb_rnn,4,10,1,4,0.9944441742860998,0.046082848360585675
cb_rnn,4,10,1,5,0.702322454439858,0.30819550008174973
cb_rnn,4,10,1,6,0.4810718960277309,0.3757219517795168
cb_rnn,4,10,1,7,0.7110288767298047,0.3093202910978686
cb_rnn,4,10,2,0,0.2090717608921216,0.47143280274709576
cb_rnn,4,10,2,1,0.6841275281478605,0.3305614670198836
cb_rnn,4,10,2,2,0.9999999990446796,0.0
cb_rnn,4,10,2,3,0.727494741598715,0.27841916829256347
cb_rnn,4,10,2,4,0.6637808622869192,0.3351797080782674
cb_rnn,4,10,2,5,0.15637443362429923,0.4943798453756195
cb_rnn,4,10,2,6,0.7159473017400584,0.285552462668377
cb_rnn,4,10,2,7,0.9972018396562334,0.03800101619589252
cb_rnn,4,10,3,0,0.48972087784776264,0.3151948878764772
cb_rnn,4,10,3,1,0.47565806059487403,0.380884459672427
cb_rnn,4,10,3,2,0.727494741598715,0.27841916829256347
cb_rnn,4,10,3,3,0.9999999978781317,0.0
cb_rnn,4,10,3,4,0.47914192597155797,0.3697629865676968
cb_rnn,4,10,3,5,0.45781349885489975,0.333531996895158
cb_rnn,4,10,3,6,0.9856980930865271,0.05015050976672611
cb_rnn,4,10,3,7,0.7447012827241237,0.2540656558543939
cb_rnn,4,10,4,0,0.7625876033750474,0.26835990185233116
cb_rnn,4,10,4,1,0.9944441742860998,0.046082848360585675
cb_rnn,4,10,4,2,0.6637808622869192,0.3351797080782674
cb_rnn,4,10,4,3,0.47914192597155797,0.3697629865676968
cb_rnn,4,10,4,4,0.9999999990832852,0.0
cb_rnn,4,10,4,5,0.7343143976454846,0.2849170225819107
cb_rnn,4,10,4,6,0.49774114321930457,0.3604615279453158
cb_rnn,4,10,4,7,0.6931021911844454,0.3121279441154899
cb_rnn,4,10,5,0,0.9933849620533145,0.04218359322149841
cb_rnn,4,10,5,1,0.702322454439858,0.30819550008174973
cb_rnn,4,10,5,2,0.15637443362429923,0.4943798453756195
cb_rnn,4,10,5,3,0.45781349885489975,0.333531996895158
cb_rnn,4,10,5,4,0.7343143976454846,0.2849170225819107
cb_rnn,4,10,5,5,0.999999998756927,0.0
cb_rnn,4,10,5,6,0.4836895228386583,0.3193364352536172
cb_rnn,4,10,5,7,0.20382465079893103,0.4640492424834407
cb_rnn,4,10,6,0,0.5148125896109108,0.30102472156035576
cb_rnn,4,10,6,1,0.4810718960277309,0.3757219517795168
cb_rnn,4,10,6,2,0.7159473017400584,0.285552462668377
cb_rnn,4,10,6,3,0.9856980930865271,0.05015050976672611
cb_rnn,4,10,6,4,0.49774114321930457,0.3604615279453158
cb_rnn,4,10,6,5,0.4836895228386583,0.3193364352536172
cb_rnn,4,10,6,6,0.9999999974367327,0.0
cb_rnn,4,10,6,7,0.7344056538971275,0.2601150609410496
cb_rnn,4,10,7,0,0.25370753124411294,0.4417690579562974
cb_rnn,4,10,7,1,0.7110288767298047,0.3093202910978686
cb_rnn,4,10,7,2,0.9972018396562334,0.03800101619589252
cb_rnn,4,10,7,3,0.7447012827241237,0.2540656558543939
cb_rnn,4,10,7,4,0.6931021911844454,0.3121279441154899
cb_rnn,4,10,7,5,0.20382465079893103,0.4640492424834407
cb_rnn,4,10,7,6,0.7344056538971275,0.2601150609410496
cb_rnn,4,10,7,7,0.9999999989194638,0.0
cb_rnn,4,11,0,0,0.9999999991167023,0.0
cb_rnn,4,11,0,1,0.803657663339522,0.2969629067329534
cb_rnn,4,11,0,2,0.17922613387984593,0.5294887753085052
cb_rnn,4,11,0,3,0.44577752435481743,0.3908634851079426
cb_rnn,4,11,0,4,0.8108269409441649,0.27892088980998153
cb_rnn,4,11,0,5,0.9951111842725396,0.041643337862133936
cb_rnn,4,11,0,6,0.4966835274590057,0.374892432994576
cb_rnn,4,11,0,7,0.2296983642599574,0.4976788107527759
cb_rnn,4,11,1,0,0.803657663339522,0.2969629067329534
cb_rnn,4,11,1,1,0.9999999993695381,0.0
cb_rnn,4,11,1,2,0.5661950098310555,0.4286394903168888
cb_rnn,4,11,1,3,0.3393363191381184,0.4843254183515028
cb_rnn,4,11,1,4,0.9967790137034167,0.04661020213113163
cb_rnn,4,11,1,5,0.775753166365943,0.315518787020343
cb_rnn,4,11,1,6,0.33576249588192997,0.4858543812401884
cb_rnn,4,11,1,7,0.5764872055884277,0.4172032533677499
cb_rnn,4,11,2,0,0.17922613387984593,0.5294887753085052
cb_rnn,4,11,2,1,0.5661950098310555,0.4286394903168888
cb_rnn,4,11,2,2,0.9999999990509371,0.0
cb_rnn,4,11,2,3,0.6458857125843588,0.31125950460935614
cb_rnn,4,11,2,4,0.5505977846929935,0.4202497430593316
cb_rnn,4,11,2,5,0.11073285444470525,0.5477120056193017
cb_rnn,4,11,2,6,0.5787876323796814,0.33617816622784286
cb_rnn,4,11,2,7,0.9923337840045664,0.05515797625103674
cb_rnn,4,11,3,0,0.44577752435481743,0.3908634851079426
cb_rnn,4,11,3,1,0.3393363191381184,0.4843254183515028
cb_rnn,4,11,3,2,0.6458857125843588,0.31125950460935614
cb_rnn,4,11,3,3,0.9999999981740044,0.0
cb_rnn,4,11,3,4,0.3246696523641747,0.4677920540891509
cb_rnn,4,11,3,5,0.3999204967569358,0.4012907341569074
cb_rnn,4,11,3,6,0.987538999083612,0.046351008172793126
cb_rnn,4,11,3,7,0.7100430909674449,0.26832964270002296
cb_rnn,4,11,4,0,0.8108269409441649,0.27892088980998153
cb_rnn,4,11,4,1,0.9967790137034167,0.04661020213113163
cb_rnn,4,11,4,2,0.5505977846929935,0.4202497430593316
cb_rnn,4,11,4,3,0.3246696523641747,0.4677920540891509
cb_rnn,4,11,4,4,0.9999999992991618,0.0
cb_rnn,4,11,4,5,0.7848890420326231,0.29601034947234056
cb_rnn,4,11,4,6,0.32738369763649966,0.46751065251018054
cb_rnn,4,11,4,7,0.5612316872471238,0.40727452772880135
cb_rnn,4,11,5,0,0.9951111842725396,0.041643337862133936
cb_rnn,4,11,5,1,0.775753166365943,0.315518787020343
cb_rnn,4,11,5,2,0.11073285444470525,0.5477120056193017
cb_rnn,4,11,5,3,0.3999204967569358,0.4012907341569074
cb_rnn,4,11,5,4,0.7848890420326231,0.29601034947234056
cb_rnn,4,11,5,5,0.9999999990952275,0.0
cb_rnn,4,11,5,6,0.45596852717676245,0.3844109222682021
cb_rnn,4,11,5,7,0.1635776865466134,0.5150011291690596
cb_rnn,4,11,6,0,0.4966835274590057,0.374892432994576
cb_rnn,4,11,6,1,0.33576249588192997,0.4858543812401884
cb_rnn,4,11,6,2,0.5787876323796814,0.33617816622784286
cb_rnn,4,11,6,3,0.987538999083612,0.046351008172793126
cb_rnn,4,11,6,4,0.32738369763649966,0.46751065251018054
cb_rnn,4,11,6,5,0.45596852717676245,0.3844109222682021
cb_rnn,4,11,6,6,0.9999999981956876,0.0
cb_rnn,4,11,6,7,0.650851643998447,0.2920802619065303
cb_rnn,4,11,7,0,0.2296983642599574,0.4976788107527759
cb_rnn,4,11,7,1,0.5764872055884277,0.4172032533677499
cb_rnn,4,11,7,2,0.9923337840045664,0.05515797625103674
cb_rnn,4,11,7,3,0.7100430909674449,0.26832964270002296
cb_rnn,4,11,7,4,0.5612316872471238,0.40727452772880135
cb_rnn,4,11,7,5,0.1635776865466134,0.5150011291690596
cb_rnn,4,11,7,6,0.650851643998447,0.2920802619065303
cb_rnn,4,11,7,7,0.9999999989160492,0.0
cb_rnn,4,12,0,0,0.9999999992242028,0.0
cb_rnn,4,12,0,1,0.8547399902937105,0.31393034363974237
cb_rnn,4,12,0,2,0.29826219052013875,0.5353321779714831
cb_rnn,4,12,0,3,0.3850854924444109,0.4375184627982013
cb_rnn,4,12,0,4,0.8718764619177872,0.2956822370743892
cb_rnn,4,12,0,5,0.9966217721057904,0.04086091607657787
cb_rnn,4,12,0,6,0.38877207378852624,0.4281449356908493
cb_rnn,4,12,0,7,0.32904760081599227,0.5044876421558642
cb_rnn,4,12,1,0,0.8547399902937105,0.31393034363974237
cb_rnn,4,12,1,1,0.9999999995572241,0.0
cb_rnn,4,12,1,2,0.6134136747414802,0.4778093184003257
cb_rnn,4,12,1,3,0.389050417176175,0.553458335267638
cb_rnn,4,12,1,4,0.997873389997401,0.038897120341381715
cb_rnn,4,12,1,5,0.8615707223951902,0.30518478734199284
cb_rnn,4,12,1,6,0.3491237045169978,0.562127436492998
cb_rnn,4,12,1,7,0.6218741846420354,0.4680966665535655
cb_rnn,4,12,2,0,0.29826219052013875,0.5353321779714831
cb_rnn,4,12,2,1,0.6134136747414802,0.4778093184003257
cb_rnn,4,12,2,2,0.999999999245042,0.0
cb_rnn,4,12,2,3,0.782825965084738,0.2862225016221849
cb_rnn,4,12,2,4,0.5848989526131351,0.490392244901583
cb_rnn,4,12,2,5,0.2877948662810739,0.5489662514143975
cb_rnn,4,12,2,6,0.733786667730568,0.31281652948467703
cb_rnn,4,12,2,7,0.9961870724634158,0.05087917896294979
cb_rnn,4,12,3,0,0.3850854924444109,0.4375184627982013
cb_rnn,4,12,3,1,0.389050417176175,0.553458335267638
cb_rnn,4,12,3,2,0.782825965084738,0.2862225016221849
cb_rnn,4,12,3,3,0.9999999984135112,0.0
cb_rnn,4,12,3,4,0.37512114190527296,0.5539026513463187
cb_rnn,4,12,3,5,0.36399739872517634,0.4565195614893525
cb_rnn,4,12,3,6,0.990530046128243,0.0499560154564596
cb_rnn,4,12,3,7,0.8147281457678403,0.2460967646144608
cb_rnn,4,12,4,0,0.8718764619177872,0.2956822370743892
cb_rnn,4,12,4,1,0.997873389997401,0.038897120341381715
cb_rnn,4,12,4,2,0.5848989526131351,0.490392244901583
cb_rnn,4,12,4,3,0.37512114190527296,0.5539026513463187
cb_rnn,4,12,4,4,0.9999999995497351,0.0
cb_rnn,4,12,4,5,0.8795998272648218,0.28524952115426416
cb_rnn,4,12,4,6,0.34105417254900017,0.5601980831396627
cb_rnn,4,12,4,7,0.5950583779172045,0.478703671382425
cb_rnn,4,12,5,0,0.9966217721057904,0.04086091607657787
cb_rnn,4,12,5,1,0.8615707223951902,0.30518478734199284
cb_rnn,4,12,5,2,0.2877948662810739,0.5489662514143975
cb_rnn,4,12,5,3,0.36399739872517634,0.4565195614893525
cb_rnn,4,12,5,4,0.8795998272648218,0.28524952115426416
cb_rnn,4,12,5,5,0.999999999277078,0.0
cb_rnn,4,12,5,6,0.36483651076529805,0.44812362358237506
cb_rnn,4,12,5,7,0.3210103647978944,0.5176069511338999
cb_rnn,4,12,6,0,0.38877207378852624,0.4281449356908493
cb_rnn,4,12,6,1,0.3491237045169978,0.562127436492998
cb_rnn,4,12,6,2,0.733786667730568,0.31281652948467703
cb_rnn,4,12,6,3,0.990530046128243,0.0499560154564596
cb_rnn,4,12,6,4,0.34105417254900017,0.5601980831396627
cb_rnn,4,12,6,5,0.36483651076529805,0.44812362358237506
cb_rnn,4,12,6,6,0.9999999980840807,0.0
cb_rnn,4,12,6,7,0.767080356859644,0.27293603534024957
cb_rnn,4,12,7,0,0.32904760081599227,0.5044876421558642
cb_rnn,4,12,7,1,0.6218741846420354,0.4680966665535655
cb_rnn,4,12,7,2,0.9961870724634158,0.05087917896294979
cb_rnn,4,12,7,3,0.8147281457678403,0.2460967646144608
cb_rnn,4,12,7,4,0.5950583779172045,0.478703671382425
cb_rnn,4,12,7,5,0.3210103647978944,0.5176069511338999
cb_rnn,4,12,7,6,0.767080356859644,0.27293603534024957
cb_rnn,4,12,7,7,0.9999999991199604,0.0
cb_rnn,4,13,0,0,0.9999999994824221,0.0
cb_rnn,4,13,0,1,0.8828195755925641,0.3322338331943324
cb_rnn,4,13,0,2,0.2960252163302118,0.6237915671232422
cb_rnn,4,13,0,3,0.3028102091432686,0.5480981939722971
cb_rnn,4,13,0,4,0.9137456253685354,0.2800674924076628
cb_rnn,4,13,0,5,0.9980391490765662,0.03486698268751764
cb_rnn,4,13,0,6,0.3350765139431374,0.5339853904623368
cb_rnn,4,13,0,7,0.32393196457474555,0.5974989789065979
cb_rnn,4,13,1,0,0.8828195755925641,0.3322338331943324
cb_rnn,4,13,1,1,0.9999999996758475,0.0
cb_rnn,4,13,1,2,0.5775114123057339,0.5753565703875806
cb_rnn,4,13,1,3,0.3420679975265895,0.6586827730061889
cb_rnn,4,13,1,4,0.9964313894160961,0.062124170768806414
cb_rnn,4,13,1,5,0.8766022939378879,0.33851530475259944
cb_rnn,4,13,1,6,0.3321750883922514,0.6602790584296071
cb_rnn,4,13,1,7,0.6136857776823746,0.5501405518226272
cb_rnn,4,13,2,0,0.2960252163302118,0.6237915671232422
cb_rnn,4,13,2,1,0.5775114123057339,0.5753565703875806
cb_rnn,4,13,2,2,0.999999999374547,0.0
cb_rnn,4,13,2,3,0.8176353100378483,0.29878738229836055
cb_rnn,4,13,2,4,0.5274009939803157,0.5886007525333627
cb_rnn,4,13,2,5,0.26461425779225634,0.640531778126353
cb_rnn,4,13,2,6,0.7743750008527656,0.3243393253405637
cb_rnn,4,13,2,7,0.9957635631272513,0.05237012090693793
cb_rnn,4,13,3,0,0.3028102091432686,0.5480981939722971
cb_rnn,4,13,3,1,0.3420679975265895,0.6586827730061889
cb_rnn,4,13,3,2,0.8176353100378483,0.29878738229836055
cb_rnn,4,13,3,3,0.9999999985499403,0.0
cb_rnn,4,13,3,4,0.3205252654206803,0.6457575113070201
cb_rnn,4,13,3,5,0.271888478116076,0.5620316857003989
cb_rnn,4,13,3,6,0.9880517022282679,0.051436418493256
cb_rnn,4,13,3,7,0.79668970667787,0.2896765968272948
cb_rnn,4,13,4,0,0.9137456253685354,0.2800674924076628
cb_rnn,4,13,4,1,0.9964313894160961,0.062124170768806414
cb_rnn,4,13,4,2,0.5274009939803157,0.5886007525333627
cb_rnn,4,13,4,3,0.3205252654206803,0.6457575113070201
cb_rnn,4,13,4,4,0.9999999996531524,0.0
cb_rnn,4,13,4,5,0.9093683649861175,0.28481556310062345
cb_rnn,4,13,4,6,0.31687729376207213,0.644773340743233
cb_rnn,4,13,4,7,0.5638178278457757,0.5622708356397973
cb_rnn,4,13,5,0,0.9980391490765662,0.03486698268751764
cb_rnn,4,13,5,1,0.8766022939378879,0.33851530475259944
cb_rnn,4,13,5,2,0.26461425779225634,0.640531778126353
cb_rnn,4,13,5,3,0.271888478116076,0.5620316857003989
cb_rnn,4,13,5,4,0.9093683649861175,0.28481556310062345
cb_rnn,4,13,5,5,0.9999999994910972,0.0
cb_rnn,4,13,5,6,0.30473715189801565,0.5476267815172421
cb_rnn,4,13,5,7,0.29598345226301587,0.6126672047506763
cb_rnn,4,13,6,0,0.3350765139431374,0.5339853904623368
cb_rnn,4,13,6,1,0.3321750883922514,0.6602790584296071
cb_rnn,4,13,6,2,0.7743750008527656,0.3243393253405637
cb_rnn,4,13,6,3,0.9880517022282679,0.051436418493256
cb_rnn,4,13,6,4,0.31687729376207213,0.644773340743233
cb_rnn,4,13,6,5,0.30473715189801565,0.5476267815172421
cb_rnn,4,13,6,6,0.999999998425861,0.0
cb_rnn,4,13,6,7,0.7536523204162728,0.3133319472677769
cb_rnn,4,13,7,0,0.32393196457474555,0.5974989789065979
cb_rnn,4,13,7,1,0.6136857776823746,0.5501405518226272
cb_rnn,4,13,7,2,0.9957635631272513,0.05237012090693793
cb_rnn,4,13,7,3,0.79668970667787,0.2896765968272948
cb_rnn,4,13,7,4,0.5638178278457757,0.5622708356397973
cb_rnn,4,13,7,5,0.29598345226301587,0.6126672047506763
cb_rnn,4,13,7,6,0.7536523204162728,0.3133319472677769
cb_rnn,4,13,7,7,0.9999999993004072,0.0
cb_rnn,4,14,0,0,0.9999999997034119,0.0
cb_rnn,4,14,0,1,0.9284704723514771,0.3233137980649284
cb_rnn,4,14,0,2,0.29585674046349925,0.7530741707644432
cb_rnn,4,14,0,3,0.2815285901120904,0.7088893623181773
cb_rnn,4,14,0,4,0.9439721455507363,0.2865430940281267
cb_rnn,4,14,0,5,0.9987530359993733,0.036877742009295264
cb_rnn,4,14,0,6,0.27211529311929816,0.7115903380812785
cb_rnn,4,14,0,7,0.3017234408998164,0.7370552708950547
cb_rnn,4,14,1,0,0.9284704723514771,0.3233137980649284
cb_rnn,4,14,1,1,0.9999999997849548,0.0
cb_rnn,4,14,1,2,0.5211685143528204,0.7303361443051625
cb_rnn,4,14,1,3,0.30913479999355814,0.8139267430795631
cb_rnn,4,14,1,4,0.9983173621475052,0.050163761720445926
cb_rnn,4,14,1,5,0.9287224836054857,0.321671766637548
cb_rnn,4,14,1,6,0.2343630819900723,0.8394146036396036
cb_rnn,4,14,1,7,0.511170622386844,0.7335576781961591
cb_rnn,4,14,2,0,0.29585674046349925,0.7530741707644432
cb_rnn,4,14,2,1,0.5211685143528204,0.7303361443051625
cb_rnn,4,14,2,2,0.9999999993961846,0.0
cb_rnn,4,14,2,3,0.8101421004951275,0.3076624318834467
cb_rnn,4,14,2,4,0.4866139085765814,0.7425406670462155
cb_rnn,4,14,2,5,0.293859036572587,0.758606615041351
cb_rnn,4,14,2,6,0.6938912262118322,0.3668089691970617
cb_rnn,4,14,2,7,0.9949357725234361,0.06105969087429567
cb_rnn,4,14,3,0,0.2815285901120904,0.7088893623181773
cb_rnn,4,14,3,1,0.30913479999355814,0.8139267430795631
cb_rnn,4,14,3,2,0.8101421004951275,0.3076624318834467
cb_rnn,4,14,3,3,0.9999999986197365,0.0
cb_rnn,4,14,3,4,0.29389481857167177,0.8100961784109587
cb_rnn,4,14,3,5,0.27828179675552034,0.7153056180025268
cb_rnn,4,14,3,6,0.9776195117234113,0.07094416112629709
cb_rnn,4,14,3,7,0.8406618377860288,0.26317667613381607
cb_rnn,4,14,4,0,0.9439721455507363,0.2865430940281267
cb_rnn,4,14,4,1,0.9983173621475052,0.050163761720445926
cb_rnn,4,14,4,2,0.4866139085765814,0.7425406670462155
cb_rnn,4,14,4,3,0.29389481857167177,0.8100961784109587
cb_rnn,4,14,4,4,0.9999999997798218,0.0
cb_rnn,4,14,4,5,0.9449494817843803,0.28304126429278087
cb_rnn,4,14,4,6,0.22812698426868086,0.832314269675955
cb_rnn,4,14,4,7,0.47852504400275697,0.7429670308678562
cb_rnn,4,14,5,0,0.9987530359993733,0.036877742009295264
cb_rnn,4,14,5,1,0.9287224836054857,0.321671766637548
cb_rnn,4,14,5,2,0.293859036572587,0.758606615041351
cb_rnn,4,14,5,3,0.27828179675552034,0.7153056180025268
cb_rnn,4,14,5,4,0.9449494817843803,0.28304126429278087
cb_rnn,4,14,5,5,0.9999999997082113,0.0
cb_rnn,4,14,5,6,0.2690107744707967,0.7179573729616453
cb_rnn,4,14,5,7,0.3008555176468938,0.7421728025628881
cb_rnn,4,14,6,0,0.27211529311929816,0.7115903380812785
cb_rnn,4,14,6,1,0.2343630819900723,0.8394146036396036
cb_rnn,4,14,6,2,0.6938912262118322,0.3668089691970617
cb_rnn,4,14,6,3,0.9776195117234113,0.07094416112629709
cb_rnn,4,14,6,4,0.22812698426868086,0.832314269675955
cb_rnn,4,14,6,5,0.2690107744707967,0.7179573729616453
cb_rnn,4,14,6,6,0.9999999985967613,0.0
cb_rnn,4,14,6,7,0.7316918785728526,0.3224699372212916
cb_rnn,4,14,7,0,0.3017234408998164,0.7370552708950547
cb_rnn,4,14,7,1,0.511170622386844,0.7335576781961591
cb_rnn,4,14,7,2,0.9949357725234361,0.06105969087429567
cb_rnn,4,14,7,3,0.8406618377860288,0.26317667613381607
cb_rnn,4,14,7,4,0.47852504400275697,0.7429670308678562
cb_rnn,4,14,7,5,0.3008555176468938,0.7421728025628881
cb_rnn,4,14,7,6,0.7316918785728526,0.3224699372212916
cb_rnn,4,14,7,7,0.9999999993008518,0.0
cb_rnn,4,15,0,0,0.9999999997891162,0.0
cb_rnn,4,15,0,1,0.9334051060495457,0.3814567297456488
cb_rnn,4,15,0,2,0.24172469138846991,0.8878416055684262
cb_rnn,4,15,0,3,0.23186824870372463,0.8547400400549748
cb_rnn,4,15,0,4,0.9459681832554194,0.344353486564581
cb_rnn,4,15,0,5,0.9987691871156735,0.06747599230440048
cb_rnn,4,15,0,6,0.251015209960811,0.8469117352938041
cb_rnn,4,15,0,7,0.24139057653406137,0.8889304214015623
cb_rnn,4,15,1,0,0.9334051060495457,0.3814567297456488
cb_rnn,4,15,1,1,0.9999999998519457,0.0
cb_rnn,4,15,1,2,0.45244329739828854,0.9172140423400302
cb_rnn,4,15,1,3,0.24526897047573754,1.0030492437841803
cb_rnn,4,15,1,4,0.9987150455767635,0.05302106443382341
cb_rnn,4,15,1,5,0.9436515655194113,0.3447969883259743
cb_rnn,4,15,1,6,0.2524600056387708,0.9999224994329662
cb_rnn,4,15,1,7,0.45209876676932215,0.9175465251413076
cb_rnn,4,15,2,0,0.24172469138846991,0.8878416055684262
cb_rnn,4,15,2,1,0.45244329739828854,0.9172140423400302
cb_rnn,4,15,2,2,0.9999999993971733,0.0
cb_rnn,4,15,2,3,0.8031966594979065,0.30560942912848926
cb_rnn,4,15,2,4,0.4229080981135895,0.9240431512613947
cb_rnn,4,15,2,5,0.26087043707846697,0.9212137267960845
cb_rnn,4,15,2,6,0.7858977261833139,0.3164693540011535
cb_rnn,4,15,2,7,0.9974622004771146,0.03646827427777357
cb_rnn,4,15,3,0,0.23186824870372463,0.8547400400549748
cb_rnn,4,15,3,1,0.24526897047573754,1.0030492437841803
cb_rnn,4,15,3,2,0.8031966594979065,0.30560942912848926
cb_rnn,4,15,3,3,0.9999999988666355,0.0
cb_rnn,4,15,3,4,0.2346644039293519,0.9964762727494096
cb_rnn,4,15,3,5,0.2337470698399504,0.9006908563597523
cb_rnn,4,15,3,6,0.9963132942809068,0.03192653893380458
cb_rnn,4,15,3,7,0.8085870503970123,0.3041373264973802
cb_rnn,4,15,4,0,0.9459681832554194,0.344353486564581
cb_rnn,4,15,4,1,0.9987150455767635,0.05302106443382341
cb_rnn,4,15,4,2,0.4229080981135895,0.9240431512613947
cb_rnn,4,15,4,3,0.2346644039293519,0.9964762727494096
cb_rnn,4,15,4,4,0.999999999848616,0.0
cb_rnn,4,15,4,5,0.9548840942058764,0.30726503633408864
cb_rnn,4,15,4,6,0.24386209042248025,0.9925558604984144
cb_rnn,4,15,4,7,0.42333834370177803,0.9240382299356633
cb_rnn,4,15,5,0,0.9987691871156735,0.06747599230440048
cb_rnn,4,15,5,1,0.9436515655194113,0.3447969883259743
cb_rnn,4,15,5,2,0.26087043707846697,0.9212137267960845
cb_rnn,4,15,5,3,0.2337470698399504,0.9006908563597523
cb_rnn,4,15,5,4,0.9548840942058764,0.30726503633408864
cb_rnn,4,15,5,5,0.9999999998121271,0.0
cb_rnn,4,15,5,6,0.25189253600347766,0.893291428078816
cb_rnn,4,15,5,7,0.26073413115283167,0.922084776658339
cb_rnn,4,15,6,0,0.251015209960811,0.8469117352938041
cb_rnn,4,15,6,1,0.2524600056387708,0.9999224994329662
cb_rnn,4,15,6,2,0.7858977261833139,0.3164693540011535
cb_rnn,4,15,6,3,0.9963132942809068,0.03192653893380458
cb_rnn,4,15,6,4,0.24386209042248025,0.9925558604984144
cb_rnn,4,15,6,5,0.25189253600347766,0.893291428078816
cb_rnn,4,15,6,6,0.9999999988448024,0.0
cb_rnn,4,15,6,7,0.7889704966071739,0.3165392255837976
cb_rnn,4,15,7,0,0.24139057653406137,0.8889304214015623
cb_rnn,4,15,7,1,0.45209876676932215,0.9175465251413076
cb_rnn,4,15,7,2,0.9974622004771146,0.03646827427777357
cb_rnn,4,15,7,3,0.8085870503970123,0.3041373264973802
cb_rnn,4,15,7,4,0.42333834370177803,0.9240382299356633
cb_rnn,4,15,7,5,0.26073413115283167,0.922084776658339
cb_rnn,4,15,7,6,0.7889704966071739,0.3165392255837976
cb_rnn,4,15,7,7,0.9999999994035447,0.0
cb_rnn,5,2,0,0,0.9999999746073339,0.0
cb_rnn,5,2,0,1,0.09785870022053302,0.12092522435713525
cb_rnn,5,2,0,2,0.9774316684680939,0.023819737132657223
cb_rnn,5,2,0,3,0.22558133028162974,0.1094659533716916
cb_rnn,5,2,0,4,0.15918997462232878,0.11240792979519368
cb_rnn,5,2,0,5,0.9927619512964143,0.009459368634882203
cb_rnn,5,2,0,6,0.3037075989071584,0.10034998781348876
cb_rnn,5,2,0,7,0.9786390849404385,0.024803584804501257
cb_rnn,5,2,1,0,0.09785870022053302,0.12092522435713525
cb_rnn,5,2,1,1,0.9999999843831707,0.0
cb_rnn,5,2,1,2,0.025234486036566334,0.13537780029250698
cb_rnn,5,2,1,3,0.9787496546956264,0.02059277105747485
cb_rnn,5,2,1,4,0.995020311931715,0.011418297630079554
cb_rnn,5,2,1,5,0.19437083644535805,0.11463848302684994
cb_rnn,5,2,1,6,0.9523440152429183,0.030836315356968312
cb_rnn,5,2,1,7,0.09440109751146752,0.1316867449321549
cb_rnn,5,2,2,0,0.9774316684680939,0.023819737132657223
cb_rnn,5,2,2,1,0.025234486036566334,0.13537780029250698
cb_rnn,5,2,2,2,0.9999999822349444,0.0
cb_rnn,5,2,2,3,0.1578971616887379,0.12320528973676037
cb_rnn,5,2,2,4,0.09198930724927938,0.1265029327586134
cb_rnn,5,2,2,5,0.962617241828557,0.027905284748052348
cb_rnn,5,2,2,6,0.2435654108163105,0.11353556752479199
cb_rnn,5,2,2,7,0.995371518319517,0.009292616822714142
cb_rnn,5,2,3,0,0.22558133028162974,0.1094659533716916
cb_rnn,5,2,3,1,0.9787496546956264,0.02059277105747485
cb_rnn,5,2,3,2,0.1578971616887379,0.12320528973676037
cb_rnn,5,2,3,3,0.9999999830704481,0.0
cb_rnn,5,2,3,4,0.9892461617765466,0.014092222706330466
cb_rnn,5,2,3,5,0.320878467459306,0.10282807345174756
cb_rnn,5,2,3,6,0.9927284545795318,0.012439170513745691
cb_rnn,5,2,3,7,0.22929154941345023,0.11899129948347004
cb_rnn,5,2,4,0,0.15918997462232878,0.11240792979519368
cb_rnn,5,2,4,1,0.995020311931715,0.011418297630079554
cb_rnn,5,2,4,2,0.09198930724927938,0.1265029327586134
cb_rnn,5,2,4,3,0.9892461617765466,0.014092222706330466
cb_rnn,5,2,4,4,0.9999999823023851,0.0
cb_rnn,5,2,4,5,0.25499329957883954,0.10608635553906043
cb_rnn,5,2,4,6,0.9745222299296494,0.0210892313906529
cb_rnn,5,2,4,7,0.1613749392753261,0.12276450426629182
cb_rnn,5,2,5,0,0.9927619512964143,0.009459368634882203
cb_rnn,5,2,5,1,0.19437083644535805,0.11463848302684994
cb_rnn,5,2,5,2,0.962617241828557,0.027905284748052348
cb_rnn,5,2,5,3,0.320878467459306,0.10282807345174756
cb_rnn,5,2,5,4,0.25499329957883954,0.10608635553906043
cb_rnn,5,2,5,5,0.9999999747903181,0.0
cb_rnn,5,2,5,6,0.39626224261137993,0.09368044998845616
cb_rnn,5,2,5,7,0.9742465572420222,0.025938953528518462
cb_rnn,5,2,6,0,0.3037075989071584,0.10034998781348876
cb_rnn,5,2,6,1,0.9523440152429183,0.030836315356968312
cb_rnn,5,2,6,2,0.2435654108163105,0.11353556752479199
cb_rnn,5,2,6,3,0.9927284545795318,0.012439170513745691
cb_rnn,5,2,6,4,0.9745222299296494,0.0210892313906529
cb_rnn,5,2,6,5,0.39626224261137993,0.09368044998845616
cb_rnn,5,2,6,6,0.9999999810437289,0.0
cb_rnn,5,2,6,7,0.31395079732674985,0.10924247676900885
cb_rnn,5,2,7,0,0.9786390849404385,0.024803584804501257
cb_rnn,5,2,7,1,0.09440109751146752,0.1316867449321549
cb_rnn,5,2,7,2,0.995371518319517,0.009292616822714142
cb_rnn,5,2,7,3,0.22929154941345023,0.11899129948347004
cb_rnn,5,2,7,4,0.1613749392753261,0.12276450426629182
cb_rnn,5,2,7,5,0.9742465572420222,0.025938953528518462
cb_rnn,5,2,7,6,0.31395079732674985,0.10924247676900885
cb_rnn,5,2,7,7,0.9999999829082401,0.0
cb_rnn,5,3,0,0,0.9999999989708105,0.0
cb_rnn,5,3,0,1,0.6420696928186393,0.3924488152813629
cb_rnn,5,3,0,2,0.9024944777465407,0.1842404947939396
cb_rnn,5,3,0,3,0.9549888455220759,0.11625349199510736
cb_rnn,5,3,0,4,0.7180079590752007,0.3247079948128988
cb_rnn,5,3,0,5,0.9800101690409795,0.08233468615230806
cb_rnn,5,3,0,6,0.9184197469549099,0.1689772854306644
cb_rnn,5,3,0,7,0.9520570267990168,0.12430620305217162
cb_rnn,5,3,1,0,0.6420696928186393,0.3924488152813629
cb_rnn,5,3,1,1,0.999999999386598,0.0
cb_rnn,5,3,1,2,0.2829221086581123,0.561694675550819
cb_rnn,5,3,1,3,0.5867177810812553,0.41816668575382404
cb_rnn,5,3,1,4,0.9923197096368122,0.07552590217006279
cb_rnn,5,3,1,5,0.7551701875088198,0.33207050355574413
cb_rnn,5,3,1,6,0.3859765074306748,0.5203189813445432
cb_rnn,5,3,1,7,0.4260505949628607,0.4950200181982094
cb_rnn,5,3,2,0,0.9024944777465407,0.1842404947939396
cb_rnn,5,3,2,1,0.2829221086581123,0.561694675550819
cb_rnn,5,3,2,2,0.9999999991457723,0.0
cb_rnn,5,3,2,3,0.9093951847514435,0.17794165143970214
cb_rnn,5,3,2,4,0.3838543584264849,0.4924342109381787
cb_rnn,5,3,2,5,0.8135023776086775,0.25625778718616155
cb_rnn,5,3,2,6,0.967522741534862,0.1089253949509247
cb_rnn,5,3,2,7,0.9838847623408505,0.07784659241691956
cb_rnn,5,3,3,0,0.9549888455220759,0.11625349199510736
cb_rnn,5,3,3,1,0.5867177810812553,0.41816668575382404
cb_rnn,5,3,3,2,0.9093951847514435,0.17794165143970214
cb_rnn,5,3,3,3,0.9999999989434849,0.0
cb_rnn,5,3,3,4,0.6719920862708438,0.3479482862097224
cb_rnn,5,3,3,5,0.9397015905844662,0.1400814926584809
cb_rnn,5,3,3,6,0.9705525583090827,0.1071477290273156
cb_rnn,5,3,3,7,0.9609211112014008,0.1126007834573122
cb_rnn,5,3,4,0,0.7180079590752007,0.3247079948128988
cb_rnn,5,3,4,1,0.9923197096368122,0.07552590217006279
cb_rnn,5,3,4,2,0.3838543584264849,0.4924342109381787
cb_rnn,5,3,4,3,0.6719920862708438,0.3479482862097224
cb_rnn,5,3,4,4,0.999999999256176,0.0
cb_rnn,5,3,4,5,0.8163035545019837,0.2671049784205021
cb_rnn,5,3,4,6,0.48715251307567997,0.4491650971982068
cb_rnn,5,3,4,7,0.5189315939763481,0.4264372605847305
cb_rnn,5,3,5,0,0.9800101690409795,0.08233468615230806
cb_rnn,5,3,5,1,0.7551701875088198,0.33207050355574413
cb_rnn,5,3,5,2,0.8135023776086775,0.25625778718616155
cb_rnn,5,3,5,3,0.9397015905844662,0.1400814926584809
cb_rnn,5,3,5,4,0.8163035545019837,0.2671049784205021
cb_rnn,5,3,5,5,0.9999999990686739,0.0
cb_rnn,5,3,5,6,0.8618238194891571,0.22056477549912942
cb_rnn,5,3,5,7,0.8959431445923941,0.18611640424881049
cb_rnn,5,3,6,0,0.9184197469549099,0.1689772854306644
cb_rnn,5,3,6,1,0.3859765074306748,0.5203189813445432
cb_rnn,5,3,6,2,0.967522741534862,0.1089253949509247
cb_rnn,5,3,6,3,0.9705525583090827,0.1071477290273156
cb_rnn,5,3,6,4,0.48715251307567997,0.4491650971982068
cb_rnn,5,3,6,5,0.8618238194891571,0.22056477549912942
cb_rnn,5,3,6,6,0.9999999991433662,0.0
cb_rnn,5,3,6,7,0.980414366948237,0.08503503859661547
cb_rnn,5,3,7,0,0.9520570267990168,0.12430620305217162
cb_rnn,5,3,7,1,0.4260505949628607,0.4950200181982094
cb_rnn,5,3,7,2,0.9838847623408505,0.07784659241691956
cb_rnn,5,3,7,3,0.9609211112014008,0.1126007834573122
cb_rnn,5,3,7,4,0.5189315939763481,0.4264372605847305
cb_rnn,5,3,7,5,0.8959431445923941,0.18611640424881049
cb_rnn,5,3,7,6,0.980414366948237,0.08503503859661547
cb_rnn,5,3,7,7,0.9999999990531383,0.0
cb_rnn,5,4,0,0,0.9999999996671176,0.0
cb_rnn,5,4,0,1,0.8971245949915806,0.3107614359587795
cb_rnn,5,4,0,2,0.7957558598328476,0.4382097224804369
cb_rnn,5,4,0,3,0.7717072616239349,0.4537448399373274
cb_rnn,5,4,0,4,0.8888285341508421,0.32286685591877434
cb_rnn,5,4,0,5,0.9887250245855387,0.13514390653170114
cb_rnn,5,4,0,6,0.5720598648646873,0.5684374001246303
cb_rnn,5,4,0,7,0.8889734058923437,0.36631675363825805
cb_rnn,5,4,1,0,0.8971245949915806,0.3107614359587795
cb_rnn,5,4,1,1,0.9999999996670923,0.0
cb_rnn,5,4,1,2,0.7309926371125796,0.4773663671726806
cb_rnn,5,4,1,3,0.6807242868639457,0.505954915743803
cb_rnn,5,4,1,4,0.9944919706520952,0.07186883618120096
cb_rnn,5,4,1,5,0.8775798547291679,0.32866533358309075
cb_rnn,5,4,1,6,0.3504316561879451,0.6842073052962883
cb_rnn,5,4,1,7,0.7916019482832216,0.4361247458266028
cb_rnn,5,4,2,0,0.7957558598328476,0.4382097224804369
cb_rnn,5,4,2,1,0.7309926371125796,0.4773663671726806
cb_rnn,5,4,2,2,0.9999999990437398,0.0
cb_rnn,5,4,2,3,0.9628407560695291,0.10992628497186042
cb_rnn,5,4,2,4,0.7629134873284061,0.4578378012695459
cb_rnn,5,4,2,5,0.8277860281758996,0.34111670702111624
cb_rnn,5,4,2,6,0.8399591266616524,0.259199363234681
cb_rnn,5,4,2,7,0.975204842267503,0.09309824799806288
cb_rnn,5,4,3,0,0.7717072616239349,0.4537448399373274
cb_rnn,5,4,3,1,0.6807242868639457,0.505954915743803
cb_rnn,5,4,3,2,0.9628407560695291,0.10992628497186042
cb_rnn,5,4,3,3,0.9999999990335492,0.0
cb_rnn,5,4,3,4,0.7133862265954793,0.48721549600491176
cb_rnn,5,4,3,5,0.8239899742066167,0.3442704504531407
cb_rnn,5,4,3,6,0.9138305892938503,0.19698345702966275
cb_rnn,5,4,3,7,0.9651618813241738,0.10993920492963874
cb_rnn,5,4,4,0,0.8888285341508421,0.32286685591877434
cb_rnn,5,4,4,1,0.9944919706520952,0.07186883618120096
cb_rnn,5,4,4,2,0.7629134873284061,0.4578378012695459
cb_rnn,5,4,4,3,0.7133862265954793,0.48721549600491176
cb_rnn,5,4,4,4,0.9999999996663375,0.0
cb_rnn,5,4,4,5,0.8697133445257748,0.33779754555269514
cb_rnn,5,4,4,6,0.38988888503148833,0.6644883241734154
cb_rnn,5,4,4,7,0.8148069361549953,0.41990506683840334
cb_rnn,5,4,5,0,0.9887250245855387,0.13514390653170114
cb_rnn,5,4,5,1,0.8775798547291679,0.32866533358309075
cb_rnn,5,4,5,2,0.8277860281758996,0.34111670702111624
cb_rnn,5,4,5,3,0.8239899742066167,0.3442704504531407
cb_rnn,5,4,5,4,0.8697133445257748,0.33779754555269514
cb_rnn,5,4,5,5,0.999999999550252,0.0
cb_rnn,5,4,5,6,0.6477765206184398,0.4591461266185829
cb_rnn,5,4,5,7,0.9158916707162231,0.2652358644536955
cb_rnn,5,4,6,0,0.5720598648646873,0.5684374001246303
cb_rnn,5,4,6,1,0.3504316561879451,0.6842073052962883
cb_rnn,5,4,6,2,0.8399591266616524,0.259199363234681
cb_rnn,5,4,6,3,0.9138305892938503,0.19698345702966275
cb_rnn,5,4,6,4,0.38988888503148833,0.6644883241734154
cb_rnn,5,4,6,5,0.6477765206184398,0.4591461266185829
cb_rnn,5,4,6,6,0.9999999993150622,0.0
cb_rnn,5,4,6,7,0.8317155344306086,0.26615001126388516
cb_rnn,5,4,7,0,0.8889734058923437,0.36631675363825805
cb_rnn,5,4,7,1,0.7916019482832216,0.4361247458266028
cb_rnn,5,4,7,2,0.975204842267503,0.09309824799806288
cb_rnn,5,4,7,3,0.9651618813241738,0.10993920492963874
cb_rnn,5,4,7,4,0.8148069361549953,0.41990506683840334
cb_rnn,5,4,7,5,0.9158916707162231,0.2652358644536955
cb_rnn,5,4,7,6,0.8317155344306086,0.26615001126388516
cb_rnn,5,4,7,7,0.9999999991141677,0.0
cb_rnn,5,5,0,0,0.9999999996444429,0.0
cb_rnn,5,5,0,1,0.8494169929411471,0.361067480953486
cb_rnn,5,5,0,2,0.6603353029427302,0.49941278842290626
cb_rnn,5,5,0,3,0.7006738593709746,0.4791180074547678
cb_rnn,5,5,0,4,0.8755301416836868,0.32841735487255636
cb_rnn,5,5,0,5,0.9973086814655749,0.05210468245023949
cb_rnn,5,5,0,6,0.6091619095814134,0.533289831804946
cb_rnn,5,5,0,7,0.7641700741924703,0.43985262553003235
cb_rnn,5,5,1,0,0.8494169929411471,0.361067480953486
cb_rnn,5,5,1,1,0.9999999996329563,0.0
cb_rnn,5,5,1,2,0.7387941456315988,0.4476718866624042
cb_rnn,5,5,1,3,0.4704470678976038,0.581423968304408
cb_rnn,5,5,1,4,0.9854773814922394,0.11124257562798882
cb_rnn,5,5,1,5,0.8472941412849034,0.369102932471677
cb_rnn,5,5,1,6,0.28481011752640806,0.6969541666545822
cb_rnn,5,5,1,7,0.8256193187875451,0.39219232057444436
cb_rnn,5,5,2,0,0.6603353029427302,0.49941278842290626
cb_rnn,5,5,2,1,0.7387941456315988,0.4476718866624042
cb_rnn,5,5,2,2,0.9999999990134851,0.0
cb_rnn,5,5,2,3,0.8170183400589061,0.23793027398623653
cb_rnn,5,5,2,4,0.797403846208844,0.4127111101203436
cb_rnn,5,5,2,5,0.6190914104695731,0.534436515256104
cb_rnn,5,5,2,6,0.674949462801498,0.36978796300486577
cb_rnn,5,5,2,7,0.9791398218188073,0.08202556538942578
cb_rnn,5,5,3,0,0.7006738593709746,0.4791180074547678
cb_rnn,5,5,3,1,0.4704470678976038,0.581423968304408
cb_rnn,5,5,3,2,0.8170183400589061,0.23793027398623653
cb_rnn,5,5,3,3,0.9999999989621393,0.0
cb_rnn,5,5,3,4,0.5600573648222419,0.5414307660689914
cb_rnn,5,5,3,5,0.663028498362344,0.5128326231713232
cb_rnn,5,5,3,6,0.9693795249489121,0.15107128764819935
cb_rnn,5,5,3,7,0.7981468195310303,0.251856477137343
cb_rnn,5,5,4,0,0.8755301416836868,0.32841735487255636
cb_rnn,5,5,4,1,0.9854773814922394,0.11124257562798882
cb_rnn,5,5,4,2,0.797403846208844,0.4127111101203436
cb_rnn,5,5,4,3,0.5600573648222419,0.5414307660689914
cb_rnn,5,5,4,4,0.9999999996335556,0.0
cb_rnn,5,5,4,5,0.8666571231386139,0.34514563732545417
cb_rnn,5,5,4,6,0.3936285278534722,0.6451184706738138
cb_rnn,5,5,4,7,0.8821109969269088,0.3526925169627958
cb_rnn,5,5,5,0,0.9973086814655749,0.05210468245023949
cb_rnn,5,5,5,1,0.8472941412849034,0.369102932471677
cb_rnn,5,5,5,2,0.6190914104695731,0.534436515256104
cb_rnn,5,5,5,3,0.663028498362344,0.5128326231713232
cb_rnn,5,5,5,4,0.8666571231386139,0.34514563732545417
cb_rnn,5,5,5,5,0.9999999996619963,0.0
cb_rnn,5,5,5,6,0.572188124478609,0.5672823970469462
cb_rnn,5,5,5,7,0.7319983186441282,0.4727179408290733
cb_rnn,5,5,6,0,0.6091619095814134,0.533289831804946
cb_rnn,5,5,6,1,0.28481011752640806,0.6969541666545822
cb_rnn,5,5,6,2,0.674949462801498,0.36978796300486577
cb_rnn,5,5,6,3,0.9693795249489121,0.15107128764819935
cb_rnn,5,5,6,4,0.3936285278534722,0.6451184706738138
cb_rnn,5,5,6,5,0.572188124478609,0.5672823970469462
cb_rnn,5,5,6,6,0.9999999993580663,0.0
cb_rnn,5,5,6,7,0.6512965639395978,0.383271704827969
cb_rnn,5,5,7,0,0.7641700741924703,0.43985262553003235
cb_rnn,5,5,7,1,0.8256193187875451,0.39219232057444436
cb_rnn,5,5,7,2,0.9791398218188073,0.08202556538942578
cb_rnn,5,5,7,3,0.7981468195310303,0.251856477137343
cb_rnn,5,5,7,4,0.8821109969269088,0.3526925169627958
cb_rnn,5,5,7,5,0.7319983186441282,0.4727179408290733
cb_rnn,5,5,7,6,0.6512965639395978,0.383271704827969
cb_rnn,5,5,7,7,0.9999999990399742,0.0
cb_rnn,5,6,0,0,0.9999999995762475,0.0
cb_rnn,5,6,0,1,0.9018395946993184,0.2627514911874784
cb_rnn,5,6,0,2,0.5719179682155997,0.4981213914851572
cb_rnn,5,6,0,3,0.7311444369871166,0.4258741965344292
cb_rnn,5,6,0,4,0.9326397862301025,0.21934775805210682
cb_rnn,5,6,0,5,0.9965737460707466,0.05321553290270968
cb_rnn,5,6,0,6,0.6502582600272201,0.46246017645013543
cb_rnn,5,6,0,7,0.784090678042929,0.40666905461393194
cb_rnn,5,6,1,0,0.9018395946993184,0.2627514911874784
cb_rnn,5,6,1,1,0.999999999505006,0.0
cb_rnn,5,6,1,2,0.7159880388367587,0.3958127320939101
cb_rnn,5,6,1,3,0.5492028747774697,0.47094963252101324
cb_rnn,5,6,1,4,0.9934400520589691,0.06691958674346467
cb_rnn,5,6,1,5,0.8857448157409042,0.275854063283135
cb_rnn,5,6,1,6,0.40279030746465777,0.5521270192622252
cb_rnn,5,6,1,7,0.8423851300050372,0.33785801770757923
cb_rnn,5,6,2,0,0.5719179682155997,0.4981213914851572
cb_rnn,5,6,2,1,0.7159880388367587,0.3958127320939101
cb_rnn,5,6,2,2,0.9999999987178838,0.0
cb_rnn,5,6,2,3,0.6481580059747896,0.29123899622483196
cb_rnn,5,6,2,4,0.7217565592726976,0.40490432108000546
cb_rnn,5,6,2,5,0.5610783163459936,0.48674642677577007
cb_rnn,5,6,2,6,0.5393273621085881,0.37887731202707053
cb_rnn,5,6,2,7,0.9440274120729815,0.11532362222751386
cb_rnn,5,6,3,0,0.7311444369871166,0.4258741965344292
cb_rnn,5,6,3,1,0.5492028747774697,0.47094963252101324
cb_rnn,5,6,3,2,0.6481580059747896,0.29123899622483196
cb_rnn,5,6,3,3,0.9999999986889364,0.0
cb_rnn,5,6,3,4,0.6068960219381182,0.4585109989551682
cb_rnn,5,6,3,5,0.7611723189841337,0.3944784820340458
cb_rnn,5,6,3,6,0.9770006420733748,0.11627873877647145
cb_rnn,5,6,3,7,0.8005436483478373,0.21214754022544124
cb_rnn,5,6,4,0,0.9326397862301025,0.21934775805210682
cb_rnn,5,6,4,1,0.9934400520589691,0.06691958674346467
cb_rnn,5,6,4,2,0.7217565592726976,0.40490432108000546
cb_rnn,5,6,4,3,0.6068960219381182,0.4585109989551682
cb_rnn,5,6,4,4,0.9999999995304681,0.0
cb_rnn,5,6,4,5,0.9182920942540449,0.23559090085831388
cb_rnn,5,6,4,6,0.4771525857748256,0.5292715890563887
cb_rnn,5,6,4,7,0.8587429391639481,0.34201584367322896
cb_rnn,5,6,5,0,0.9965737460707466,0.05321553290270968
cb_rnn,5,6,5,1,0.8857448157409042,0.275854063283135
cb_rnn,5,6,5,2,0.5610783163459936,0.48674642677577007
cb_rnn,5,6,5,3,0.7611723189841337,0.3944784820340458
cb_rnn,5,6,5,4,0.9182920942540449,0.23559090085831388
cb_rnn,5,6,5,5,0.9999999995473955,0.0
cb_rnn,5,6,5,6,0.6840487279092102,0.42933640445185517
cb_rnn,5,6,5,7,0.7829528430227166,0.39023328316349104
cb_rnn,5,6,6,0,0.6502582600272201,0.46246017645013543
cb_rnn,5,6,6,1,0.40279030746465777,0.5521270192622252
cb_rnn,5,6,6,2,0.5393273621085881,0.37887731202707053
cb_rnn,5,6,6,3,0.9770006420733748,0.11627873877647145
cb_rnn,5,6,6,4,0.4771525857748256,0.5292715890563887
cb_rnn,5,6,6,5,0.6840487279092102,0.42933640445185517
cb_rnn,5,6,6,6,0.9999999991442016,0.0
cb_rnn,5,6,6,7,0.68892974752599,0.3110640851880188
cb_rnn,5,6,7,0,0.784090678042929,0.40666905461393194
cb_rnn,5,6,7,1,0.8423851300050372,0.33785801770757923
cb_rnn,5,6,7,2,0.9440274120729815,0.11532362222751386
cb_rnn,5,6,7,3,0.8005436483478373,0.21214754022544124
cb_rnn,5,6,7,4,0.8587429391639481,0.34201584367322896
cb_rnn,5,6,7,5,0.7829528430227166,0.39023328316349104
cb_rnn,5,6,7,6,0.68892974752599,0.3110640851880188
cb_rnn,5,6,7,7,0.9999999985054365,0.0
cb_rnn,5,7,0,0,0.9999999994099085,0.0
cb_rnn,5,7,0,1,0.7930072735289255,0.34202985987028983
cb_rnn,5,7,0,2,0.39337516543909595,0.4914781649424266
cb_rnn,5,7,0,3,0.6928132316710106,0.3841509603181382
cb_rnn,5,7,0,4,0.8484968371668622,0.2948775329078426
cb_rnn,5,7,0,5,0.9945903003930064,0.054511076916253544
cb_rnn,5,7,0,6,0.7308817801577101,0.35473132778899974
cb_rnn,5,7,0,7,0.5141783396177587,0.4445670016593574
cb_rnn,5,7,1,0,0.7930072735289255,0.34202985987028983
cb_rnn,5,7,1,1,0.9999999994736606,0.0
cb_rnn,5,7,1,2,0.6933432835574034,0.3948811521373111
cb_rnn,5,7,1,3,0.4111272338865947,0.4977757362269473
cb_rnn,5,7,1,4,0.9863625717523299,0.09051810222376475
cb_rnn,5,7,1,5,0.7992735405723271,0.33879853102704566
cb_rnn,5,7,1,6,0.30368486366710357,0.5434253331012321
cb_rnn,5,7,1,7,0.7458130079399388,0.37354996067145485
cb_rnn,5,7,2,0,0.39337516543909595,0.4914781649424266
cb_rnn,5,7,2,1,0.6933432835574034,0.3948811521373111
cb_rnn,5,7,2,2,0.9999999986126686,0.0
cb_rnn,5,7,2,3,0.5343580687549991,0.29413836043589947
cb_rnn,5,7,2,4,0.6848865427613554,0.4026545776137108
cb_rnn,5,7,2,5,0.3618526925362568,0.5086450175515587
cb_rnn,5,7,2,6,0.3319953188744959,0.3825337720923666
cb_rnn,5,7,2,7,0.9850946918969008,0.05908139047090003
cb_rnn,5,7,3,0,0.6928132316710106,0.3841509603181382
cb_rnn,5,7,3,1,0.4111272338865947,0.4977757362269473
cb_rnn,5,7,3,2,0.5343580687549991,0.29413836043589947
cb_rnn,5,7,3,3,0.9999999976364102,0.0
cb_rnn,5,7,3,4,0.46626753592397363,0.48632793917150563
cb_rnn,5,7,3,5,0.670356175625812,0.3987360631223406
cb_rnn,5,7,3,6,0.9357637670056077,0.12467238518295218
cb_rnn,5,7,3,7,0.6141158414439696,0.2584854557397097
cb_rnn,5,7,4,0,0.8484968371668622,0.2948775329078426
cb_rnn,5,7,4,1,0.9863625717523299,0.09051810222376475
cb_rnn,5,7,4,2,0.6848865427613554,0.4026545776137108
cb_rnn,5,7,4,3,0.46626753592397363,0.48632793917150563
cb_rnn,5,7,4,4,0.9999999994829895,0.0
cb_rnn,5,7,4,5,0.8437440416184744,0.30084360648393627
cb_rnn,5,7,4,6,0.401966780358113,0.5142490648760037
cb_rnn,5,7,4,7,0.7504856590631424,0.3754209384699287
cb_rnn,5,7,5,0,0.9945903003930064,0.054511076916253544
cb_rnn,5,7,5,1,0.7992735405723271,0.33879853102704566
cb_rnn,5,7,5,2,0.3618526925362568,0.5086450175515587
cb_rnn,5,7,5,3,0.670356175625812,0.3987360631223406
cb_rnn,5,7,5,4,0.8437440416184744,0.30084360648393627
cb_rnn,5,7,5,5,0.9999999994276391,0.0
cb_rnn,5,7,5,6,0.6968236727138347,0.3766619594095679
cb_rnn,5,7,5,7,0.4849776124658463,0.4614757040655955
cb_rnn,5,7,6,0,0.7308817801577101,0.35473132778899974
cb_rnn,5,7,6,1,0.30368486366710357,0.5434253331012321
cb_rnn,5,7,6,2,0.3319953188744959,0.3825337720923666
cb_rnn,5,7,6,3,0.9357637670056077,0.12467238518295218
cb_rnn,5,7,6,4,0.401966780358113,0.5142490648760037
cb_rnn,5,7,6,5,0.6968236727138347,0.3766619594095679
cb_rnn,5,7,6,6,0.9999999985313198,0.0
cb_rnn,5,7,6,7,0.43946242516107326,0.34110766412246085
cb_rnn,5,7,7,0,0.5141783396177587,0.4445670016593574
cb_rnn,5,7,7,1,0.7458130079399388,0.37354996067145485
cb_rnn,5,7,7,2,0.9850946918969008,0.05908139047090003
cb_rnn,5,7,7,3,0.6141158414439696,0.2584854557397097
cb_rnn,5,7,7,4,0.7504856590631424,0.3754209384699287
cb_rnn,5,7,7,5,0.4849776124658463,0.4614757040655955
cb_rnn,5,7,7,6,0.43946242516107326,0.34110766412246085
cb_rnn,5,7,7,7,0.9999999984550566,0.0
cb_rnn,5,8,0,0,0.9999999992771309,0.0
cb_rnn,5,8,0,1,0.8058268300169213,0.2991706819427697
cb_rnn,5,8,0,2,0.26472319095252306,0.4896299259372005
cb_rnn,5,8,0,3,0.6690185972405329,0.36226311242860026
cb_rnn,5,8,0,4,0.8326308897221602,0.28411577746379196
cb_rnn,5,8,0,5,0.9977001645974775,0.03319649571677924
cb_rnn,5,8,0,6,0.7566777282119033,0.32107326535289316
cb_rnn,5,8,0,7,0.39295958586084107,0.4382019656551197
cb_rnn,5,8,1,0,0.8058268300169213,0.2991706819427697
cb_rnn,5,8,1,1,0.9999999993538251,0.0
cb_rnn,5,8,1,2,0.6900280990226275,0.35644247705373505
cb_rnn,5,8,1,3,0.42990608766407884,0.44407214952683116
cb_rnn,5,8,1,4,0.993742470795156,0.057969402156348715
cb_rnn,5,8,1,5,0.809078945528818,0.2989319179030981
cb_rnn,5,8,1,6,0.40717606877858536,0.4517036230173502
cb_rnn,5,8,1,7,0.747544634426089,0.33846067226593074
cb_rnn,5,8,2,0,0.26472319095252306,0.4896299259372005
cb_rnn,5,8,2,1,0.6900280990226275,0.35644247705373505
cb_rnn,5,8,2,2,0.9999999984729898,0.0
cb_rnn,5,8,2,3,0.3902628742980012,0.3045276711641335
cb_rnn,5,8,2,4,0.6590708446753065,0.3817278626809031
cb_rnn,5,8,2,5,0.2563718998127535,0.499482635546098
cb_rnn,5,8,2,6,0.21005398361222508,0.36143643434714207
cb_rnn,5,8,2,7,0.9842426600069232,0.06704105666770668
cb_rnn,5,8,3,0,0.6690185972405329,0.36226311242860026
cb_rnn,5,8,3,1,0.42990608766407884,0.44407214952683116
cb_rnn,5,8,3,2,0.3902628742980012,0.3045276711641335
cb_rnn,5,8,3,3,0.9999999961813548,0.0
cb_rnn,5,8,3,4,0.4480350645176502,0.4541323892573531
cb_rnn,5,8,3,5,0.6522815944075756,0.3751113669283556
cb_rnn,5,8,3,6,0.9465788663330861,0.08655932712902015
cb_rnn,5,8,3,7,0.5124401083823182,0.24671080512701518
cb_rnn,5,8,4,0,0.8326308897221602,0.28411577746379196
cb_rnn,5,8,4,1,0.993742470795156,0.057969402156348715
cb_rnn,5,8,4,2,0.6590708446753065,0.3817278626809031
cb_rnn,5,8,4,3,0.4480350645176502,0.4541323892573531
cb_rnn,5,8,4,4,0.9999999993926206,0.0
cb_rnn,5,8,4,5,0.8332150501230299,0.2851784741631701
cb_rnn,5,8,4,6,0.44319876108594497,0.45527806007888477
cb_rnn,5,8,4,7,0.7246752999041798,0.360588131326277
cb_rnn,5,8,5,0,0.9977001645974775,0.03319649571677924
cb_rnn,5,8,5,1,0.809078945528818,0.2989319179030981
cb_rnn,5,8,5,2,0.2563718998127535,0.499482635546098
cb_rnn,5,8,5,3,0.6522815944075756,0.3751113669283556
cb_rnn,5,8,5,4,0.8332150501230299,0.2851784741631701
cb_rnn,5,8,5,5,0.9999999993054024,0.0
cb_rnn,5,8,5,6,0.7401836741038592,0.3350387420029399
cb_rnn,5,8,5,7,0.38540573428794644,0.448066955543789
cb_rnn,5,8,6,0,0.7566777282119033,0.32107326535289316
cb_rnn,5,8,6,1,0.40717606877858536,0.4517036230173502
cb_rnn,5,8,6,2,0.21005398361222508,0.36143643434714207
cb_rnn,5,8,6,3,0.9465788663330861,0.08655932712902015
cb_rnn,5,8,6,4,0.44319876108594497,0.45527806007888477
cb_rnn,5,8,6,5,0.7401836741038592,0.3350387420029399
cb_rnn,5,8,6,6,0.999999997467171,0.0
cb_rnn,5,8,6,7,0.35273949300465257,0.30097690569095575
cb_rnn,5,8,7,0,0.39295958586084107,0.4382019656551197
cb_rnn,5,8,7,1,0.747544634426089,0.33846067226593074
cb_rnn,5,8,7,2,0.9842426600069232,0.06704105666770668
cb_rnn,5,8,7,3,0.5124401083823182,0.24671080512701518
cb_rnn,5,8,7,4,0.7246752999041798,0.360588131326277
cb_rnn,5,8,7,5,0.38540573428794644,0.448066955543789
cb_rnn,5,8,7,6,0.35273949300465257,0.30097690569095575
cb_rnn,5,8,7,7,0.9999999979905729,0.0
cb_rnn,5,9,0,0,0.9999999992848708,0.0
cb_rnn,5,9,0,1,0.7749857024288166,0.30781679276894863
cb_rnn,5,9,0,2,0.2197303084233288,0.4874144429656454
cb_rnn,5,9,0,3,0.6689966839584327,0.35990091054548784
cb_rnn,5,9,0,4,0.8128925379456222,0.2808605556943083
cb_rnn,5,9,0,5,0.9946577611228543,0.05423187512816305
cb_rnn,5,9,0,6,0.7095194970209292,0.33679021599561393
cb_rnn,5,9,0,7,0.35627991619102556,0.4459747238697026
cb_rnn,5,9,1,0,0.7749857024288166,0.30781679276894863
cb_rnn,5,9,1,1,0.999999999224176,0.0
cb_rnn,5,9,1,2,0.6352171364879328,0.3467546882488876
cb_rnn,5,9,1,3,0.3198245557048109,0.43180987455031355
cb_rnn,5,9,1,4,0.9956087655649374,0.042069511690740496
cb_rnn,5,9,1,5,0.724225658350033,0.35054632758976256
cb_rnn,5,9,1,6,0.28902636418622674,0.4493666637853165
cb_rnn,5,9,1,7,0.6693332145755749,0.336267150635245
cb_rnn,5,9,2,0,0.2197303084233288,0.4874144429656454
cb_rnn,5,9,2,1,0.6352171364879328,0.3467546882488876
cb_rnn,5,9,2,2,0.9999999979315127,0.0
cb_rnn,5,9,2,3,0.3310594225877708,0.28911578604708027
cb_rnn,5,9,2,4,0.60571916958572,0.35729393694038375
cb_rnn,5,9,2,5,0.15678078681916682,0.5226215127253415
cb_rnn,5,9,2,6,0.20120823543851388,0.3390829458618607
cb_rnn,5,9,2,7,0.9702806143998954,0.06724558665442737
cb_rnn,5,9,3,0,0.6689966839584327,0.35990091054548784
cb_rnn,5,9,3,1,0.3198245557048109,0.43180987455031355
cb_rnn,5,9,3,2,0.3310594225877708,0.28911578604708027
cb_rnn,5,9,3,3,0.9999999967353741,0.0
cb_rnn,5,9,3,4,0.36051425507611934,0.42267943964593174
cb_rnn,5,9,3,5,0.6858665347200398,0.3751039874243485
cb_rnn,5,9,3,6,0.9786140822222789,0.06532761470608558
cb_rnn,5,9,3,7,0.4867170184771726,0.24310477139551231
cb_rnn,5,9,4,0,0.8128925379456222,0.2808605556943083
cb_rnn,5,9,4,1,0.9956087655649374,0.042069511690740496
cb_rnn,5,9,4,2,0.60571916958572,0.35729393694038375
cb_rnn,5,9,4,3,0.36051425507611934,0.42267943964593174
cb_rnn,5,9,4,4,0.9999999992250533,0.0
cb_rnn,5,9,4,5,0.7671441832977278,0.32257762956918273
cb_rnn,5,9,4,6,0.3415350769379199,0.43565030363209895
cb_rnn,5,9,4,7,0.6548702284685228,0.34139559141986664
cb_rnn,5,9,5,0,0.9946577611228543,0.05423187512816305
cb_rnn,5,9,5,1,0.724225658350033,0.35054632758976256
cb_rnn,5,9,5,2,0.15678078681916682,0.5226215127253415
cb_rnn,5,9,5,3,0.6858665347200398,0.3751039874243485
cb_rnn,5,9,5,4,0.7671441832977278,0.32257762956918273
cb_rnn,5,9,5,5,0.9999999993484056,0.0
cb_rnn,5,9,5,6,0.7361234290851391,0.3459216258282733
cb_rnn,5,9,5,7,0.3070769226740686,0.47801416448617845
cb_rnn,5,9,6,0,0.7095194970209292,0.33679021599561393
cb_rnn,5,9,6,1,0.28902636418622674,0.4493666637853165
cb_rnn,5,9,6,2,0.20120823543851388,0.3390829458618607
cb_rnn,5,9,6,3,0.9786140822222789,0.06532761470608558
cb_rnn,5,9,6,4,0.3415350769379199,0.43565030363209895
cb_rnn,5,9,6,5,0.7361234290851391,0.3459216258282733
cb_rnn,5,9,6,6,0.9999999977141547,0.0
cb_rnn,5,9,6,7,0.3853417118454518,0.2872938340921122
cb_rnn,5,9,7,0,0.35627991619102556,0.4459747238697026
cb_rnn,5,9,7,1,0.6693332145755749,0.336267150635245
cb_rnn,5,9,7,2,0.9702806143998954,0.06724558665442737
cb_rnn,5,9,7,3,0.4867170184771726,0.24310477139551231
cb_rnn,5,9,7,4,0.6548702284685228,0.34139559141986664
cb_rnn,5,9,7,5,0.3070769226740686,0.47801416448617845
cb_rnn,5,9,7,6,0.3853417118454518,0.2872938340921122
cb_rnn,5,9,7,7,0.9999999976294491,0.0
cb_rnn,5,10,0,0,0.9999999991164369,0.0
cb_rnn,5,10,0,1,0.7673704533711965,0.27543475729011735
cb_rnn,5,10,0,2,0.044198648697675286,0.4708048388220782
cb_rnn,5,10,0,3,0.5562969300436793,0.3514524296020716
cb_rnn,5,10,0,4,0.853764227994696,0.22010281271672302
cb_rnn,5,10,0,5,0.9955910946032229,0.04014872038792619
cb_rnn,5,10,0,6,0.5645000188540442,0.3471163089220119
cb_rnn,5,10,0,7,0.1388967306633302,0.44400421207297497
cb_rnn,5,10,1,0,0.7673704533711965,0.27543475729011735
cb_rnn,5,10,1,1,0.9999999989115853,0.0
cb_rnn,5,10,1,2,0.4781305600819255,0.3365011655722983
cb_rnn,5,10,1,3,0.17309593666313403,0.3954559871107569
cb_rnn,5,10,1,4,0.9859153493468679,0.06386685506317986
cb_rnn,5,10,1,5,0.7176026380174197,0.3056612510393867
cb_rnn,5,10,1,6,0.11930224816246407,0.4228969373565112
cb_rnn,5,10,1,7,0.49615811132474846,0.32986811806218774
cb_rnn,5,10,2,0,0.044198648697675286,0.4708048388220782
cb_rnn,5,10,2,1,0.4781305600819255,0.3365011655722983
cb_rnn,5,10,2,2,0.9999999970743577,0.0
cb_rnn,5,10,2,3,0.2552114893963636,0.2623553857032332
cb_rnn,5,10,2,4,0.40096945499280634,0.35813531320604963
cb_rnn,5,10,2,5,-0.010201566189122229,0.48685106545006923
cb_rnn,5,10,2,6,0.15083436598422023,0.3059802295350413
cb_rnn,5,10,2,7,0.9817848731742832,0.04623976429852569
cb_rnn,5,10,3,0,0.5562969300436793,0.3514524296020716
cb_rnn,5,10,3,1,0.17309593666313403,0.3954559871107569
cb_rnn,5,10,3,2,0.2552114893963636,0.2623553857032332
cb_rnn,5,10,3,3,0.999999995951842,0.0
cb_rnn,5,10,3,4,0.2756764521711764,0.3779309328974401
cb_rnn,5,10,3,5,0.5823749742501587,0.3502687244537045
cb_rnn,5,10,3,6,0.9714332114684251,0.0665974586623704
cb_rnn,5,10,3,7,0.39263844903860173,0.22570045427901303
cb_rnn,5,10,4,0,0.853764227994696,0.22010281271672302
cb_rnn,5,10,4,1,0.9859153493468679,0.06386685506317986
cb_rnn,5,10,4,2,0.40096945499280634,0.35813531320604963
cb_rnn,5,10,4,3,0.2756764521711764,0.3779309328974401
cb_rnn,5,10,4,4,0.9999999989265663,0.0
cb_rnn,5,10,4,5,0.8136284899731013,0.25019088321663113
cb_rnn,5,10,4,6,0.23677868468686936,0.3991549414599858
cb_rnn,5,10,4,7,0.44228217462288094,0.34495304786549286
cb_rnn,5,10,5,0,0.9955910946032229,0.04014872038792619
cb_rnn,5,10,5,1,0.7176026380174197,0.3056612510393867
cb_rnn,5,10,5,2,-0.010201566189122229,0.48685106545006923
cb_rnn,5,10,5,3,0.5823749742501587,0.3502687244537045
cb_rnn,5,10,5,4,0.8136284899731013,0.25019088321663113
cb_rnn,5,10,5,5,0.999999999139628,0.0
cb_rnn,5,10,5,6,0.5964053534102066,0.3424296140703242
cb_rnn,5,10,5,7,0.09216017111549749,0.45829536476145427
cb_rnn,5,10,6,0,0.5645000188540442,0.3471163089220119
cb_rnn,5,10,6,1,0.11930224816246407,0.4228969373565112
cb_rnn,5,10,6,2,0.15083436598422023,0.3059802295350413
cb_rnn,5,10,6,3,0.9714332114684251,0.0665974586623704
cb_rnn,5,10,6,4,0.23677868468686936,0.3991549414599858
cb_rnn,5,10,6,5,0.5964053534102066,0.3424296140703242
cb_rnn,5,10,6,6,0.9999999972509315,0.0
cb_rnn,5,10,6,7,0.28816997718768605,0.26974889299669946
cb_rnn,5,10,7,0,0.1388967306633302,0.44400421207297497
cb_rnn,5,10,7,1,0.49615811132474846,0.32986811806218774
cb_rnn,5,10,7,2,0.9817848731742832,0.04623976429852569
cb_rnn,5,10,7,3,0.39263844903860173,0.22570045427901303
cb_rnn,5,10,7,4,0.44228217462288094,0.34495304786549286
cb_rnn,5,10,7,5,0.09216017111549749,0.45829536476145427
cb_rnn,5,10,7,6,0.28816997718768605,0.26974889299669946
cb_rnn,5,10,7,7,0.9999999965362669,0.0
cb_rnn,5,11,0,0,0.9999999991496057,0.0
cb_rnn,5,11,0,1,0.758984460568356,0.28325526902103026
cb_rnn,5,11,0,2,0.0505718483845747,0.4663057096342953
cb_rnn,5,11,0,3,0.507761840102972,0.3692914402262133
cb_rnn,5,11,0,4,0.8612288729489225,0.2178461890727896
cb_rnn,5,11,0,5,0.9913228425921852,0.05734127788806675
cb_rnn,5,11,0,6,0.5158057431056325,0.36741102337587445
cb_rnn,5,11,0,7,0.02960225246986856,0.46774726063906974
cb_rnn,5,11,1,0,0.758984460568356,0.28325526902103026
cb_rnn,5,11,1,1,0.9999999988811465,0.0
cb_rnn,5,11,1,2,0.4520064828370855,0.33546229498910735
cb_rnn,5,11,1,3,0.07884557730043112,0.41597804241831043
cb_rnn,5,11,1,4,0.9773256705500535,0.0792076892062429
cb_rnn,5,11,1,5,0.6784211661727126,0.3294167062142012
cb_rnn,5,11,1,6,0.09124525648036683,0.42187136863021446
cb_rnn,5,11,1,7,0.39581921845957585,0.34715925280687443
cb_rnn,5,11,2,0,0.0505718483845747,0.4663057096342953
cb_rnn,5,11,2,1,0.4520064828370855,0.33546229498910735
cb_rnn,5,11,2,2,0.9999999963370664,0.0
cb_rnn,5,11,2,3,0.26541780351653144,0.2552724240918475
cb_rnn,5,11,2,4,0.3660564661263522,0.35056238652937477
cb_rnn,5,11,2,5,-0.027987499057621584,0.48724893858298274
cb_rnn,5,11,2,6,0.252851468939103,0.26933530396172833
cb_rnn,5,11,2,7,0.9773487131634653,0.04373686061690813
cb_rnn,5,11,3,0,0.507761840102972,0.3692914402262133
cb_rnn,5,11,3,1,0.07884557730043112,0.41597804241831043
cb_rnn,5,11,3,2,0.26541780351653144,0.2552724240918475
cb_rnn,5,11,3,3,0.99999999660538,0.0
cb_rnn,5,11,3,4,0.20066317033921535,0.3876537375737584
cb_rnn,5,11,3,5,0.5560320589793997,0.3630806297819326
cb_rnn,5,11,3,6,0.9826540430577981,0.045458352056166
cb_rnn,5,11,3,7,0.31583287007270217,0.24292577499540638
cb_rnn,5,11,4,0,0.8612288729489225,0.2178461890727896
cb_rnn,5,11,4,1,0.9773256705500535,0.0792076892062429
cb_rnn,5,11,4,2,0.3660564661263522,0.35056238652937477
cb_rnn,5,11,4,3,0.20066317033921535,0.3876537375737584
cb_rnn,5,11,4,4,0.9999999988510976,0.0
cb_rnn,5,11,4,5,0.7995061760870678,0.2624321855629774
cb_rnn,5,11,4,6,0.2201277835524075,0.3903861374561581
cb_rnn,5,11,4,7,0.3195732170252958,0.3590448035311041
cb_rnn,5,11,5,0,0.9913228425921852,0.05734127788806675
cb_rnn,5,11,5,1,0.6784211661727126,0.3294167062142012
cb_rnn,5,11,5,2,-0.027987499057621584,0.48724893858298274
cb_rnn,5,11,5,3,0.5560320589793997,0.3630806297819326
cb_rnn,5,11,5,4,0.7995061760870678,0.2624321855629774
cb_rnn,5,11,5,5,0.9999999991764134,0.0
cb_rnn,5,11,5,6,0.567900119126136,0.3588094882155956
cb_rnn,5,11,5,7,-0.035926533213271404,0.48592379087387816
cb_rnn,5,11,6,0,0.5158057431056325,0.36741102337587445
cb_rnn,5,11,6,1,0.09124525648036683,0.42187136863021446
cb_rnn,5,11,6,2,0.252851468939103,0.26933530396172833
cb_rnn,5,11,6,3,0.9826540430577981,0.045458352056166
cb_rnn,5,11,6,4,0.2201277835524075,0.3903861374561581
cb_rnn,5,11,6,5,0.567900119126136,0.3588094882155956
cb_rnn,5,11,6,6,0.999999997117183,0.0
cb_rnn,5,11,6,7,0.33013454189088604,0.2520695950064787
cb_rnn,5,11,7,0,0.02960225246986856,0.46774726063906974
cb_rnn,5,11,7,1,0.39581921845957585,0.34715925280687443
cb_rnn,5,11,7,2,0.9773487131634653,0.04373686061690813
cb_rnn,5,11,7,3,0.31583287007270217,0.24292577499540638
cb_rnn,5,11,7,4,0.3195732170252958,0.3590448035311041
cb_rnn,5,11,7,5,-0.035926533213271404,0.48592379087387816
cb_rnn,5,11,7,6,0.33013454189088604,0.2520695950064787
cb_rnn,5,11,7,7,0.9999999961067156,0.0
cb_rnn,5,12,0,0,0.9999999992557871,0.0
cb_rnn,5,12,0,1,0.7925323684698827,0.28456821518503705
cb_rnn,5,12,0,2,0.025680196097363113,0.5142732670446365
cb_rnn,5,12,0,3,0.428793637066892,0.41993253187085555
cb_rnn,5,12,0,4,0.8409472712397459,0.24935864979227854
cb_rnn,5,12,0,5,0.9920800575675447,0.05785887101279698
cb_rnn,5,12,0,6,0.35484885217098106,0.44522141151753764
cb_rnn,5,12,0,7,0.03201951912233447,0.5045148116441512
cb_rnn,5,12,1,0,0.7925323684698827,0.28456821518503705
cb_rnn,5,12,1,1,0.9999999991013772,0.0
cb_rnn,5,12,1,2,0.3175563160014043,0.4112734742812766
cb_rnn,5,12,1,3,0.0028579438781587887,0.4945725521154195
cb_rnn,5,12,1,4,0.9887812633105544,0.06228711176398431
cb_rnn,5,12,1,5,0.7203120051076072,0.330618939328307
cb_rnn,5,12,1,6,-0.07442229689072917,0.5216053189023303
cb_rnn,5,12,1,7,0.26479350717335953,0.4184742547164205
cb_rnn,5,12,2,0,0.025680196097363113,0.5142732670446365
cb_rnn,5,12,2,1,0.3175563160014043,0.4112734742812766
cb_rnn,5,12,2,2,0.999999997408903,0.0
cb_rnn,5,12,2,3,0.3383928691421829,0.29541054394520755
cb_rnn,5,12,2,4,0.314530144813302,0.4078067754469003
cb_rnn,5,12,2,5,-0.026566646012252875,0.5276171692622544
cb_rnn,5,12,2,6,0.3221544281609401,0.3097853139155657
cb_rnn,5,12,2,7,0.9775987027004925,0.053481306010349956
cb_rnn,5,12,3,0,0.428793637066892,0.41993253187085555
cb_rnn,5,12,3,1,0.0028579438781587887,0.4945725521154195
cb_rnn,5,12,3,2,0.3383928691421829,0.29541054394520755
cb_rnn,5,12,3,3,0.9999999978104447,0.0
cb_rnn,5,12,3,4,0.08726060366958037,0.4709415777406292
cb_rnn,5,12,3,5,0.4876724075792696,0.40428299919745925
cb_rnn,5,12,3,6,0.9882569897300655,0.045394338696354744
cb_rnn,5,12,3,7,0.4309442362605343,0.26547146502634955
cb_rnn,5,12,4,0,0.8409472712397459,0.24935864979227854
cb_rnn,5,12,4,1,0.9887812633105544,0.06228711176398431
cb_rnn,5,12,4,2,0.314530144813302,0.4078067754469003
cb_rnn,5,12,4,3,0.08726060366958037,0.4709415777406292
cb_rnn,5,12,4,4,0.9999999990788533,0.0
cb_rnn,5,12,4,5,0.7805511518350863,0.292591852998513
cb_rnn,5,12,4,6,0.012759463345166651,0.4972111541281543
cb_rnn,5,12,4,7,0.27594381590395883,0.41158858917795194
cb_rnn,5,12,5,0,0.9920800575675447,0.05785887101279698
cb_rnn,5,12,5,1,0.7203120051076072,0.330618939328307
cb_rnn,5,12,5,2,-0.026566646012252875,0.5276171692622544
cb_rnn,5,12,5,3,0.4876724075792696,0.40428299919745925
cb_rnn,5,12,5,4,0.7805511518350863,0.292591852998513
cb_rnn,5,12,5,5,0.9999999992632101,0.0
cb_rnn,5,12,5,6,0.4189367355878047,0.4279232596571541
cb_rnn,5,12,5,7,-0.005477294774691063,0.5142307066460711
cb_rnn,5,12,6,0,0.35484885217098106,0.44522141151753764
cb_rnn,5,12,6,1,-0.07442229689072917,0.5216053189023303
cb_rnn,5,12,6,2,0.3221544281609401,0.3097853139155657
cb_rnn,5,12,6,3,0.9882569897300655,0.045394338696354744
cb_rnn,5,12,6,4,0.012759463345166651,0.4972111541281543
cb_rnn,5,12,6,5,0.4189367355878047,0.4279232596571541
cb_rnn,5,12,6,6,0.9999999980608564,0.0
cb_rnn,5,12,6,7,0.4298704286047221,0.2767054602000815
cb_rnn,5,12,7,0,0.03201951912233447,0.5045148116441512
cb_rnn,5,12,7,1,0.26479350717335953,0.4184742547164205
cb_rnn,5,12,7,2,0.9775987027004925,0.053481306010349956
cb_rnn,5,12,7,3,0.4309442362605343,0.26547146502634955
cb_rnn,5,12,7,4,0.27594381590395883,0.41158858917795194
cb_rnn,5,12,7,5,-0.005477294774691063,0.5142307066460711
cb_rnn,5,12,7,6,0.4298704286047221,0.2767054602000815
cb_rnn,5,12,7,7,0.9999999969496034,0.0
cb_rnn,5,13,0,0,0.9999999993635792,0.0
cb_rnn,5,13,0,1,0.8473906257071656,0.2685383737215873
cb_rnn,5,13,0,2,-0.030710568200819906,0.5901383389522826
cb_rnn,5,13,0,3,0.194999866799952,0.5305667849089468
cb_rnn,5,13,0,4,0.8468870045332959,0.2651891064159246
cb_rnn,5,13,0,5,0.9969454971008437,0.03885132681582347
cb_rnn,5,13,0,6,0.23493199544431254,0.5290174633420616
cb_rnn,5,13,0,7,0.057490383011211885,0.5573329477127067
cb_rnn,5,13,1,0,0.8473906257071656,0.2685383737215873
cb_rnn,5,13,1,1,0.99999999930363,0.0
cb_rnn,5,13,1,2,0.191510843909525,0.5122131339257942
cb_rnn,5,13,1,3,-0.08685548850470108,0.5879153598069617
cb_rnn,5,13,1,4,0.9951390073005667,0.05148433793996756
cb_rnn,5,13,1,5,0.8168686784744416,0.29221272424606487
cb_rnn,5,13,1,6,-0.10323045322442354,0.6079182426330474
cb_rnn,5,13,1,7,0.13596003459869607,0.5186476695452856
cb_rnn,5,13,2,0,-0.030710568200819906,0.5901383389522826
cb_rnn,5,13,2,1,0.191510843909525,0.5122131339257942
cb_rnn,5,13,2,2,0.9999999983279169,0.0
cb_rnn,5,13,2,3,0.5587790769643554,0.2889756735463596
cb_rnn,5,13,2,4,0.22825977022813398,0.4825374358174043
cb_rnn,5,13,2,5,-0.045803766227713406,0.5897515117042954
cb_rnn,5,13,2,6,0.4583054970051306,0.33452367320137943
cb_rnn,5,13,2,7,0.9550168561634904,0.09090066018520016
cb_rnn,5,13,3,0,0.194999866799952,0.5305667849089468
cb_rnn,5,13,3,1,-0.08685548850470108,0.5879153598069617
cb_rnn,5,13,3,2,0.5587790769643554,0.2889756735463596
cb_rnn,5,13,3,3,0.9999999983689726,0.0
cb_rnn,5,13,3,4,-0.051354821149362406,0.5587757939272137
cb_rnn,5,13,3,5,0.2227632158559287,0.5184394702794799
cb_rnn,5,13,3,6,0.9890893771171987,0.05410374485231186
cb_rnn,5,13,3,7,0.7474055554175928,0.21257726751824288
cb_rnn,5,13,4,0,0.8468870045332959,0.2651891064159246
cb_rnn,5,13,4,1,0.9951390073005667,0.05148433793996756
cb_rnn,5,13,4,2,0.22825977022813398,0.4825374358174043
cb_rnn,5,13,4,3,-0.051354821149362406,0.5587757939272137
cb_rnn,5,13,4,4,0.9999999992270174,0.0
cb_rnn,5,13,4,5,0.819088750105489,0.2854353883111068
cb_rnn,5,13,4,6,-0.0663421733351016,0.5783927028369816
cb_rnn,5,13,4,7,0.17984946138683167,0.48720439371825314
cb_rnn,5,13,5,0,0.9969454971008437,0.03885132681582347
cb_rnn,5,13,5,1,0.8168686784744416,0.29221272424606487
cb_rnn,5,13,5,2,-0.045803766227713406,0.5897515117042954
cb_rnn,5,13,5,3,0.2227632158559287,0.5184394702794799
cb_rnn,5,13,5,4,0.819088750105489,0.2854353883111068
cb_rnn,5,13,5,5,0.9999999993506462,0.0
cb_rnn,5,13,5,6,0.26879534610903333,0.514405266072797
cb_rnn,5,13,5,7,0.060440559273102545,0.5523289858670081
cb_rnn,5,13,6,0,0.23493199544431254,0.5290174633420616
cb_rnn,5,13,6,1,-0.10323045322442354,0.6079182426330474
cb_rnn,5,13,6,2,0.4583054970051306,0.33452367320137943
cb_rnn,5,13,6,3,0.9890893771171987,0.05410374485231186
cb_rnn,5,13,6,4,-0.0663421733351016,0.5783927028369816
cb_rnn,5,13,6,5,0.26879534610903333,0.514405266072797
cb_rnn,5,13,6,6,0.9999999986098652,0.0
cb_rnn,5,13,6,7,0.6709637960231142,0.2557968199446768
cb_rnn,5,13,7,0,0.057490383011211885,0.5573329477127067
cb_rnn,5,13,7,1,0.13596003459869607,0.5186476695452856
cb_rnn,5,13,7,2,0.9550168561634904,0.09090066018520016
cb_rnn,5,13,7,3,0.7474055554175928,0.21257726751824288
cb_rnn,5,13,7,4,0.17984946138683167,0.48720439371825314
cb_rnn,5,13,7,5,0.060440559273102545,0.5523289858670081
cb_rnn,5,13,7,6,0.6709637960231142,0.2557968199446768
cb_rnn,5,13,7,7,0.9999999980794424,0.0
cb_rnn,5,14,0,0,0.9999999995847699,0.0
cb_rnn,5,14,0,1,0.8953604694193202,0.27645438218412544
cb_rnn,5,14,0,2,0.06090113623008192,0.6886319644006921
cb_rnn,5,14,0,3,0.1463347244153294,0.6587666317425045
cb_rnn,5,14,0,4,0.9138920362695279,0.24993501005007013
cb_rnn,5,14,0,5,0.9964647387256893,0.05184486613562887
cb_rnn,5,14,0,6,0.18193278084486678,0.6654663989026013
cb_rnn,5,14,0,7,-0.00020870541721911313,0.702847143501819
cb_rnn,5,14,1,0,0.8953604694193202,0.27645438218412544
cb_rnn,5,14,1,1,0.9999999995535925,0.0
cb_rnn,5,14,1,2,0.19059290281858182,0.628312118277546
cb_rnn,5,14,1,3,-0.07563169856233247,0.7076831091383097
cb_rnn,5,14,1,4,0.993199624083849,0.06911443498288129
cb_rnn,5,14,1,5,0.8630237394498743,0.31360851026337777
cb_rnn,5,14,1,6,-0.09391017406077516,0.7401665895299121
cb_rnn,5,14,1,7,0.06156835083222169,0.6653132766545391
cb_rnn,5,14,2,0,0.06090113623008192,0.6886319644006921
cb_rnn,5,14,2,1,0.19059290281858182,0.628312118277546
cb_rnn,5,14,2,2,0.9999999987424952,0.0
cb_rnn,5,14,2,3,0.6719834220279667,0.2829979900984554
cb_rnn,5,14,2,4,0.22215682226939817,0.6096902492852159
cb_rnn,5,14,2,5,0.06271973679699083,0.6813492169136026
cb_rnn,5,14,2,6,0.5669186456880224,0.34857845637317997
cb_rnn,5,14,2,7,0.9766897427946672,0.07567735434974401
cb_rnn,5,14,3,0,0.1463347244153294,0.6587666317425045
cb_rnn,5,14,3,1,-0.07563169856233247,0.7076831091383097
cb_rnn,5,14,3,2,0.6719834220279667,0.2829979900984554
cb_rnn,5,14,3,3,0.9999999986959769,0.0
cb_rnn,5,14,3,4,-0.015230841109318582,0.6815876366292588
cb_rnn,5,14,3,5,0.19460164844405084,0.6363903780075307
cb_rnn,5,14,3,6,0.9848319410415646,0.07929780588499728
cb_rnn,5,14,3,7,0.776643078667089,0.23030347619437339
cb_rnn,5,14,4,0,0.9138920362695279,0.24993501005007013
cb_rnn,5,14,4,1,0.993199624083849,0.06911443498288129
cb_rnn,5,14,4,2,0.22215682226939817,0.6096902492852159
cb_rnn,5,14,4,3,-0.015230841109318582,0.6815876366292588
cb_rnn,5,14,4,4,0.9999999995385469,0.0
cb_rnn,5,14,4,5,0.8872764970675786,0.28286052418483915
cb_rnn,5,14,4,6,-0.023845436833324792,0.7097168484433806
cb_rnn,5,14,4,7,0.1051561221204792,0.6436178740794316
cb_rnn,5,14,5,0,0.9964647387256893,0.05184486613562887
cb_rnn,5,14,5,1,0.8630237394498743,0.31360851026337777
cb_rnn,5,14,5,2,0.06271973679699083,0.6813492169136026
cb_rnn,5,14,5,3,0.19460164844405084,0.6363903780075307
cb_rnn,5,14,5,4,0.8872764970675786,0.28286052418483915
cb_rnn,5,14,5,5,0.9999999995739731,0.0
cb_rnn,5,14,5,6,0.23641031411689561,0.6391526760468218
cb_rnn,5,14,5,7,0.014622732979010459,0.6915892606795128
cb_rnn,5,14,6,0,0.18193278084486678,0.6654663989026013
cb_rnn,5,14,6,1,-0.09391017406077516,0.7401665895299121
cb_rnn,5,14,6,2,0.5669186456880224,0.34857845637317997
cb_rnn,5,14,6,3,0.9848319410415646,0.07929780588499728
cb_rnn,5,14,6,4,-0.023845436833324792,0.7097168484433806
cb_rnn,5,14,6,5,0.23641031411689561,0.6391526760468218
cb_rnn,5,14,6,6,0.9999999989866808,0.0
cb_rnn,5,14,6,7,0.6863826256189944,0.2948571161700249
cb_rnn,5,14,7,0,-0.00020870541721911313,0.702847143501819
cb_rnn,5,14,7,1,0.06156835083222169,0.6653132766545391
cb_rnn,5,14,7,2,0.9766897427946672,0.07567735434974401
cb_rnn,5,14,7,3,0.776643078667089,0.23030347619437339
cb_rnn,5,14,7,4,0.1051561221204792,0.6436178740794316
cb_rnn,5,14,7,5,0.014622732979010459,0.6915892606795128
cb_rnn,5,14,7,6,0.6863826256189944,0.2948571161700249
cb_rnn,5,14,7,7,0.9999999986714421,0.0
cb_rnn,5,15,0,0,0.9999999997256821,0.0
cb_rnn,5,15,0,1,0.9097279965621525,0.3268273955780535
cb_rnn,5,15,0,2,0.1431831898647602,0.8139729350401568
cb_rnn,5,15,0,3,0.1529282776286223,0.816302408300934
cb_rnn,5,15,0,4,0.937037630738714,0.2690039928610364
cb_rnn,5,15,0,5,0.9983386224087016,0.060084935565324814
cb_rnn,5,15,0,6,0.1837503318485722,0.8226684367953067
cb_rnn,5,15,0,7,0.10343231618226169,0.8259113953140961
cb_rnn,5,15,1,0,0.9097279965621525,0.3268273955780535
cb_rnn,5,15,1,1,0.9999999997428057,0.0
cb_rnn,5,15,1,2,0.16172850791065965,0.827613753110867
cb_rnn,5,15,1,3,-0.08037792377967495,0.9292649043742692
cb_rnn,5,15,1,4,0.9938032339580937,0.08769812342048493
cb_rnn,5,15,1,5,0.9124788475345735,0.32968848288941893
cb_rnn,5,15,1,6,-0.06868546149532853,0.9511599529501851
cb_rnn,5,15,1,7,0.06719415068834203,0.8612541024981712
cb_rnn,5,15,2,0,0.1431831898647602,0.8139729350401568
cb_rnn,5,15,2,1,0.16172850791065965,0.827613753110867
cb_rnn,5,15,2,2,0.999999999160952,0.0
cb_rnn,5,15,2,3,0.7819166763718496,0.2905456664140779
cb_rnn,5,15,2,4,0.18304730709916017,0.8031951767337533
cb_rnn,5,15,2,5,0.16115405309344205,0.8411674682337262
cb_rnn,5,15,2,6,0.7497786853795244,0.33266487999305433
cb_rnn,5,15,2,7,0.9830331119105158,0.07917461335923406
cb_rnn,5,15,3,0,0.1529282776286223,0.816302408300934
cb_rnn,5,15,3,1,-0.08037792377967495,0.9292649043742692
cb_rnn,5,15,3,2,0.7819166763718496,0.2905456664140779
cb_rnn,5,15,3,3,0.9999999992186832,0.0
cb_rnn,5,15,3,4,-0.01984327686306466,0.8902886096261118
cb_rnn,5,15,3,5,0.16046304989445312,0.8472319636175999
cb_rnn,5,15,3,6,0.9941293922143662,0.06933925593143417
cb_rnn,5,15,3,7,0.8563966342678069,0.23425102323008912
cb_rnn,5,15,4,0,0.937037630738714,0.2690039928610364
cb_rnn,5,15,4,1,0.9938032339580937,0.08769812342048493
cb_rnn,5,15,4,2,0.18304730709916017,0.8031951767337533
cb_rnn,5,15,4,3,-0.01984327686306466,0.8902886096261118
cb_rnn,5,15,4,4,0.9999999997301964,0.0
cb_rnn,5,15,4,5,0.9401556939222417,0.27121015049044833
cb_rnn,5,15,4,6,-0.002821031355720617,0.9085791704860795
cb_rnn,5,15,4,7,0.10126978015470116,0.8321664291213668
cb_rnn,5,15,5,0,0.9983386224087016,0.060084935565324814
cb_rnn,5,15,5,1,0.9124788475345735,0.32968848288941893
cb_rnn,5,15,5,2,0.16115405309344205,0.8411674682337262
cb_rnn,5,15,5,3,0.16046304989445312,0.8472319636175999
cb_rnn,5,15,5,4,0.9401556939222417,0.27121015049044833
cb_rnn,5,15,5,5,0.9999999997527315,0.0
cb_rnn,5,15,5,6,0.19163907413039138,0.8518160216922921
cb_rnn,5,15,5,7,0.12047692336254705,0.85409356791125
cb_rnn,5,15,6,0,0.1837503318485722,0.8226684367953067
cb_rnn,5,15,6,1,-0.06868546149532853,0.9511599529501851
cb_rnn,5,15,6,2,0.7497786853795244,0.33266487999305433
cb_rnn,5,15,6,3,0.9941293922143662,0.06933925593143417
cb_rnn,5,15,6,4,-0.002821031355720617,0.9085791704860795
cb_rnn,5,15,6,5,0.19163907413039138,0.8518160216922921
cb_rnn,5,15,6,6,0.9999999993603367,0.0
cb_rnn,5,15,6,7,0.8279522969772156,0.27748489378033325
cb_rnn,5,15,7,0,0.10343231618226169,0.8259113953140961
cb_rnn,5,15,7,1,0.06719415068834203,0.8612541024981712
cb_rnn,5,15,7,2,0.9830331119105158,0.07917461335923406
cb_rnn,5,15,7,3,0.8563966342678069,0.23425102323008912
cb_rnn,5,15,7,4,0.10126978015470116,0.8321664291213668
cb_rnn,5,15,7,5,0.12047692336254705,0.85409356791125
cb_rnn,5,15,7,6,0.8279522969772156,0.27748489378033325
cb_rnn,5,15,7,7,0.9999999991246268,0.0
cb_rnn,6,2,0,0,0.9999999167819049,0.0
cb_rnn,6,2,0,1,0.6165629266038729,0.049202818813958694
cb_rnn,6,2,0,2,0.9808538684353258,0.008599235597284847
cb_rnn,6,2,0,3,0.6600820419281546,0.04659652218410674
cb_rnn,6,2,0,4,0.6853758253848293,0.04162660116397955
cb_rnn,6,2,0,5,0.9889497590163908,0.006514863592564911
cb_rnn,6,2,0,6,0.7237057053755137,0.03928978119406919
cb_rnn,6,2,0,7,0.9652701860855493,0.011902660100013115
cb_rnn,6,2,1,0,0.6165629266038729,0.049202818813958694
cb_rnn,6,2,1,1,0.9999999595766897,0.0
cb_rnn,6,2,1,2,0.6437406479097217,0.04775589124780847
cb_rnn,6,2,1,3,0.9826969040508465,0.011546745547820165
cb_rnn,6,2,1,4,0.9945786263542032,0.008164362331940936
cb_rnn,6,2,1,5,0.7128750324886083,0.04360227478813549
cb_rnn,6,2,1,6,0.9693268556923136,0.015658543037384863
cb_rnn,6,2,1,7,0.7326673487188076,0.042313399223158576
cb_rnn,6,2,2,0,0.9808538684353258,0.008599235597284847
cb_rnn,6,2,2,1,0.6437406479097217,0.04775589124780847
cb_rnn,6,2,2,2,0.9999999198627555,0.0
cb_rnn,6,2,2,3,0.6970325490216206,0.04442757746488787
cb_rnn,6,2,2,4,0.7070395357155038,0.04039679533008024
cb_rnn,6,2,2,5,0.9775725665675986,0.009331194619361891
cb_rnn,6,2,2,6,0.7572333281591298,0.03714399241423122
cb_rnn,6,2,2,7,0.990239472452959,0.00640605132889192
cb_rnn,6,2,3,0,0.6600820419281546,0.04659652218410674
cb_rnn,6,2,3,1,0.9826969040508465,0.011546745547820165
cb_rnn,6,2,3,2,0.6970325490216206,0.04442757746488787
cb_rnn,6,2,3,3,0.9999999592796309,0.0
cb_rnn,6,2,3,4,0.9830951898617927,0.012042726037677984
cb_rnn,6,2,3,5,0.7512032927685148,0.04097019656577112
cb_rnn,6,2,3,6,0.9947582454694874,0.007932919712075421
cb_rnn,6,2,3,7,0.7821656937814544,0.038708298733567834
cb_rnn,6,2,4,0,0.6853758253848293,0.04162660116397955
cb_rnn,6,2,4,1,0.9945786263542032,0.008164362331940936
cb_rnn,6,2,4,2,0.7070395357155038,0.04039679533008024
cb_rnn,6,2,4,3,0.9830951898617927,0.012042726037677984
cb_rnn,6,2,4,4,0.9999999516522493,0.0
cb_rnn,6,2,4,5,0.7727472698087475,0.03608276442513166
cb_rnn,6,2,4,6,0.9800446165081076,0.011356586198647694
cb_rnn,6,2,4,7,0.7867549704237751,0.03509945000929618
cb_rnn,6,2,5,0,0.9889497590163908,0.006514863592564911
cb_rnn,6,2,5,1,0.7128750324886083,0.04360227478813549
cb_rnn,6,2,5,2,0.9775725665675986,0.009331194619361891
cb_rnn,6,2,5,3,0.7512032927685148,0.04097019656577112
cb_rnn,6,2,5,4,0.7727472698087475,0.03608276442513166
cb_rnn,6,2,5,5,0.9999999190623198,0.0
cb_rnn,6,2,5,6,0.8054438524173702,0.0337404507915944
cb_rnn,6,2,5,7,0.9821334265038807,0.00859614104584323
cb_rnn,6,2,6,0,0.7237057053755137,0.03928978119406919
cb_rnn,6,2,6,1,0.9693268556923136,0.015658543037384863
cb_rnn,6,2,6,2,0.7572333281591298,0.03714399241423122
cb_rnn,6,2,6,3,0.9947582454694874,0.007932919712075421
cb_rnn,6,2,6,4,0.9800446165081076,0.011356586198647694
cb_rnn,6,2,6,5,0.8054438524173702,0.0337404507915944
cb_rnn,6,2,6,6,0.9999999516439548,0.0
cb_rnn,6,2,6,7,0.8327993638416034,0.031520935452929784
cb_rnn,6,2,7,0,0.9652701860855493,0.011902660100013115
cb_rnn,6,2,7,1,0.7326673487188076,0.042313399223158576
cb_rnn,6,2,7,2,0.990239472452959,0.00640605132889192
cb_rnn,6,2,7,3,0.7821656937814544,0.038708298733567834
cb_rnn,6,2,7,4,0.7867549704237751,0.03509945000929618
cb_rnn,6,2,7,5,0.9821334265038807,0.00859614104584323
cb_rnn,6,2,7,6,0.8327993638416034,0.031520935452929784
cb_rnn,6,2,7,7,0.9999999245375282,0.0
cb_rnn,6,3,0,0,0.9999999981975531,0.0
cb_rnn,6,3,0,1,0.667742452249124,0.24499539331230796
cb_rnn,6,3,0,2,0.9147458820947076,0.13439506711680402
cb_rnn,6,3,0,3,0.6958013115837761,0.22563329726955253
cb_rnn,6,3,0,4,0.6829268149409725,0.23010764305158463
cb_rnn,6,3,0,5,0.986295390543812,0.04914096259204169
cb_rnn,6,3,0,6,0.7194844885501734,0.2123137073073168
cb_rnn,6,3,0,7,0.9133929624930817,0.1367089966865745
cb_rnn,6,3,1,0,0.667742452249124,0.24499539331230796
cb_rnn,6,3,1,1,0.9999999983322706,0.0
cb_rnn,6,3,1,2,0.5668573147829391,0.29776163937016525
cb_rnn,6,3,1,3,0.8495732516308993,0.1631548392115485
cb_rnn,6,3,1,4,0.9891073255139556,0.04924490980212573
cb_rnn,6,3,1,5,0.7598338011983474,0.2094143064545189
cb_rnn,6,3,1,6,0.7855811039425977,0.19152883421357506
cb_rnn,6,3,1,7,0.6499855500152005,0.2693161774659076
cb_rnn,6,3,2,0,0.9147458820947076,0.13439506711680402
cb_rnn,6,3,2,1,0.5668573147829391,0.29776163937016525
cb_rnn,6,3,2,2,0.9999999985812842,0.0
cb_rnn,6,3,2,3,0.7707915878798971,0.21324085112496152
cb_rnn,6,3,2,4,0.5509376710868131,0.29447130853877435
cb_rnn,6,3,2,5,0.8974380825632153,0.1463993615281627
cb_rnn,6,3,2,6,0.8072029069202257,0.1958946902560654
cb_rnn,6,3,2,7,0.9902058352482237,0.04672945289499585
cb_rnn,6,3,3,0,0.6958013115837761,0.22563329726955253
cb_rnn,6,3,3,1,0.8495732516308993,0.1631548392115485
cb_rnn,6,3,3,2,0.7707915878798971,0.21324085112496152
cb_rnn,6,3,3,3,0.9999999980566073,0.0
cb_rnn,6,3,3,4,0.815833899846461,0.17188465926069973
cb_rnn,6,3,3,5,0.7727085034064368,0.1964453717530301
cb_rnn,6,3,3,6,0.9820358740630485,0.05433917589525193
cb_rnn,6,3,3,7,0.8364781252253636,0.18344306202636548
cb_rnn,6,3,4,0,0.6829268149409725,0.23010764305158463
cb_rnn,6,3,4,1,0.9891073255139556,0.04924490980212573
cb_rnn,6,3,4,2,0.5509376710868131,0.29447130853877435
cb_rnn,6,3,4,3,0.815833899846461,0.17188465926069973
cb_rnn,6,3,4,4,0.9999999980473535,0.0
cb_rnn,6,3,4,5,0.7638715540323515,0.20002072550931477
cb_rnn,6,3,4,6,0.769599171613217,0.187759123076394
cb_rnn,6,3,4,7,0.6254383217259685,0.27130677453021096
cb_rnn,6,3,5,0,0.986295390543812,0.04914096259204169
cb_rnn,6,3,5,1,0.7598338011983474,0.2094143064545189
cb_rnn,6,3,5,2,0.8974380825632153,0.1463993615281627
cb_rnn,6,3,5,3,0.7727085034064368,0.1964453717530301
cb_rnn,6,3,5,4,0.7638715540323515,0.20002072550931477
cb_rnn,6,3,5,5,0.9999999982383073,0.0
cb_rnn,6,3,5,6,0.7757483699801317,0.19172437644143864
cb_rnn,6,3,5,7,0.9187727896730888,0.1324840431371383
cb_rnn,6,3,6,0,0.7194844885501734,0.2123137073073168
cb_rnn,6,3,6,1,0.7855811039425977,0.19152883421357506
cb_rnn,6,3,6,2,0.8072029069202257,0.1958946902560654
cb_rnn,6,3,6,3,0.9820358740630485,0.05433917589525193
cb_rnn,6,3,6,4,0.769599171613217,0.187759123076394
cb_rnn,6,3,6,5,0.7757483699801317,0.19172437644143864
cb_rnn,6,3,6,6,0.9999999978401655,0.0
cb_rnn,6,3,6,7,0.8545485347530299,0.17465922264255532
cb_rnn,6,3,7,0,0.9133929624930817,0.1367089966865745
cb_rnn,6,3,7,1,0.6499855500152005,0.2693161774659076
cb_rnn,6,3,7,2,0.9902058352482237,0.04672945289499585
cb_rnn,6,3,7,3,0.8364781252253636,0.18344306202636548
cb_rnn,6,3,7,4,0.6254383217259685,0.27130677453021096
cb_rnn,6,3,7,5,0.9187727896730888,0.1324840431371383
cb_rnn,6,3,7,6,0.8545485347530299,0.17465922264255532
cb_rnn,6,3,7,7,0.9999999986050917,0.0
cb_rnn,6,4,0,0,0.9999999996120205,0.0
cb_rnn,6,4,0,1,0.8755999299111795,0.3098160353326427
cb_rnn,6,4,0,2,0.8986679702940049,0.3018493623029915
cb_rnn,6,4,0,3,0.9530467191621462,0.20266701539467433
cb_rnn,6,4,0,4,0.8730128094929354,0.3095494772385519
cb_rnn,6,4,0,5,0.9695332369856284,0.1599625008193668
cb_rnn,6,4,0,6,0.9454021840151631,0.20683051283384138
cb_rnn,6,4,0,7,0.8851523888297897,0.33155067920303016
cb_rnn,6,4,1,0,0.8755999299111795,0.3098160353326427
cb_rnn,6,4,1,1,0.999999999400965,0.0
cb_rnn,6,4,1,2,0.6521824636458676,0.5245793191568517
cb_rnn,6,4,1,3,0.7512304440247712,0.37176943228813275
cb_rnn,6,4,1,4,0.9904485190926869,0.08868010623613298
cb_rnn,6,4,1,5,0.8152085878289871,0.3368744766281246
cb_rnn,6,4,1,6,0.7321496952878308,0.4138729928813733
cb_rnn,6,4,1,7,0.601873220546045,0.5748589371550334
cb_rnn,6,4,2,0,0.8986679702940049,0.3018493623029915
cb_rnn,6,4,2,1,0.6521824636458676,0.5245793191568517
cb_rnn,6,4,2,2,0.9999999996689874,0.0
cb_rnn,6,4,2,3,0.9203430645718875,0.2839861124470331
cb_rnn,6,4,2,4,0.6481691395122675,0.5355509927101831
cb_rnn,6,4,2,5,0.8847415865009014,0.32165157447936216
cb_rnn,6,4,2,6,0.9069745367821088,0.2904524772064977
cb_rnn,6,4,2,7,0.9890618580858546,0.10656780716748857
cb_rnn,6,4,3,0,0.9530467191621462,0.20266701539467433
cb_rnn,6,4,3,1,0.7512304440247712,0.37176943228813275
cb_rnn,6,4,3,2,0.9203430645718875,0.2839861124470331
cb_rnn,6,4,3,3,0.9999999994650443,0.0
cb_rnn,6,4,3,4,0.7520645446184825,0.38778658242101915
cb_rnn,6,4,3,5,0.9076405691884502,0.2429726987371831
cb_rnn,6,4,3,6,0.991486051904281,0.09398742321863968
cb_rnn,6,4,3,7,0.9194665846114635,0.30269573607785716
cb_rnn,6,4,4,0,0.8730128094929354,0.3095494772385519
cb_rnn,6,4,4,1,0.9904485190926869,0.08868010623613298
cb_rnn,6,4,4,2,0.6481691395122675,0.5355509927101831
cb_rnn,6,4,4,3,0.7520645446184825,0.38778658242101915
cb_rnn,6,4,4,4,0.9999999995012964,0.0
cb_rnn,6,4,4,5,0.8270450329759637,0.3348809823096156
cb_rnn,6,4,4,6,0.7498094688692252,0.41110275035778504
cb_rnn,6,4,4,7,0.5972840574632289,0.5869879638912925
cb_rnn,6,4,5,0,0.9695332369856284,0.1599625008193668
cb_rnn,6,4,5,1,0.8152085878289871,0.3368744766281246
cb_rnn,6,4,5,2,0.8847415865009014,0.32165157447936216
cb_rnn,6,4,5,3,0.9076405691884502,0.2429726987371831
cb_rnn,6,4,5,4,0.8270450329759637,0.3348809823096156
cb_rnn,6,4,5,5,0.9999999995315919,0.0
cb_rnn,6,4,5,6,0.9184690668860572,0.2382345040024854
cb_rnn,6,4,5,7,0.8901563417521826,0.3295643884963899
cb_rnn,6,4,6,0,0.9454021840151631,0.20683051283384138
cb_rnn,6,4,6,1,0.7321496952878308,0.4138729928813733
cb_rnn,6,4,6,2,0.9069745367821088,0.2904524772064977
cb_rnn,6,4,6,3,0.991486051904281,0.09398742321863968
cb_rnn,6,4,6,4,0.7498094688692252,0.41110275035778504
cb_rnn,6,4,6,5,0.9184690668860572,0.2382345040024854
cb_rnn,6,4,6,6,0.9999999995632733,0.0
cb_rnn,6,4,6,7,0.9090468040876015,0.30100152458362245
cb_rnn,6,4,7,0,0.8851523888297897,0.33155067920303016
cb_rnn,6,4,7,1,0.601873220546045,0.5748589371550334
cb_rnn,6,4,7,2,0.9890618580858546,0.10656780716748857
cb_rnn,6,4,7,3,0.9194665846114635,0.30269573607785716
cb_rnn,6,4,7,4,0.5972840574632289,0.5869879638912925
cb_rnn,6,4,7,5,0.8901563417521826,0.3295643884963899
cb_rnn,6,4,7,6,0.9090468040876015,0.30100152458362245
cb_rnn,6,4,7,7,0.9999999996922133,0.0
cb_rnn,6,5,0,0,0.9999999996384297,0.0
cb_rnn,6,5,0,1,0.9565292517132791,0.19896198458197548
cb_rnn,6,5,0,2,0.8241448595126436,0.42808790114052464
cb_rnn,6,5,0,3,0.9157319775615517,0.26429905571399487
cb_rnn,6,5,0,4,0.930352275633598,0.2411172582734519
cb_rnn,6,5,0,5,0.9866426687842668,0.10796348423653204
cb_rnn,6,5,0,6,0.9294769474357294,0.2498336222397792
cb_rnn,6,5,0,7,0.8177723669384723,0.41254273960072124
cb_rnn,6,5,1,0,0.9565292517132791,0.19896198458197548
cb_rnn,6,5,1,1,0.9999999995283764,0.0
cb_rnn,6,5,1,2,0.8449143302655654,0.4073457004241067
cb_rnn,6,5,1,3,0.8561577980137456,0.3202368598149317
cb_rnn,6,5,1,4,0.9598357627742544,0.17419308590768945
cb_rnn,6,5,1,5,0.9249960569561827,0.2415130914654083
cb_rnn,6,5,1,6,0.8487621123004951,0.3549279705287089
cb_rnn,6,5,1,7,0.831484649572951,0.3901001175737647
cb_rnn,6,5,2,0,0.8241448595126436,0.42808790114052464
cb_rnn,6,5,2,1,0.8449143302655654,0.4073457004241067
cb_rnn,6,5,2,2,0.9999999997244611,0.0
cb_rnn,6,5,2,3,0.929723619802879,0.29112272600942485
cb_rnn,6,5,2,4,0.6993898454102752,0.5458850367085875
cb_rnn,6,5,2,5,0.8255289556148541,0.42519100265890875
cb_rnn,6,5,2,6,0.8880255629478616,0.3462521588310414
cb_rnn,6,5,2,7,0.9956425965648151,0.08490338408092431
cb_rnn,6,5,3,0,0.9157319775615517,0.26429905571399487
cb_rnn,6,5,3,1,0.8561577980137456,0.3202368598149317
cb_rnn,6,5,3,2,0.929723619802879,0.29112272600942485
cb_rnn,6,5,3,3,0.9999999995821727,0.0
cb_rnn,6,5,3,4,0.7536505547301282,0.43147669001715716
cb_rnn,6,5,3,5,0.9359300708379418,0.2242596717996663
cb_rnn,6,5,3,6,0.9883516399636397,0.11451964146758344
cb_rnn,6,5,3,7,0.9366692080025638,0.25014051003901955
cb_rnn,6,5,4,0,0.930352275633598,0.2411172582734519
cb_rnn,6,5,4,1,0.9598357627742544,0.17419308590768945
cb_rnn,6,5,4,2,0.6993898454102752,0.5458850367085875
cb_rnn,6,5,4,3,0.7536505547301282,0.43147669001715716
cb_rnn,6,5,4,4,0.9999999995905893,0.0
cb_rnn,6,5,4,5,0.8730067110033165,0.3160782716108508
cb_rnn,6,5,4,6,0.7827113983657014,0.4278160489297378
cb_rnn,6,5,4,7,0.6735671854821376,0.5387471925576179
cb_rnn,6,5,5,0,0.9866426687842668,0.10796348423653204
cb_rnn,6,5,5,1,0.9249960569561827,0.2415130914654083
cb_rnn,6,5,5,2,0.8255289556148541,0.42519100265890875
cb_rnn,6,5,5,3,0.9359300708379418,0.2242596717996663
cb_rnn,6,5,5,4,0.8730067110033165,0.3160782716108508
cb_rnn,6,5,5,5,0.9999999996123273,0.0
cb_rnn,6,5,5,6,0.9426489336170717,0.22402547746488766
cb_rnn,6,5,5,7,0.8333866500014603,0.39119080855450716
cb_rnn,6,5,6,0,0.9294769474357294,0.2498336222397792
cb_rnn,6,5,6,1,0.8487621123004951,0.3549279705287089
cb_rnn,6,5,6,2,0.8880255629478616,0.3462521588310414
cb_rnn,6,5,6,3,0.9883516399636397,0.11451964146758344
cb_rnn,6,5,6,4,0.7827113983657014,0.4278160489297378
cb_rnn,6,5,6,5,0.9426489336170717,0.22402547746488766
cb_rnn,6,5,6,6,0.9999999996531007,0.0
cb_rnn,6,5,6,7,0.890642367395462,0.3224979772302986
cb_rnn,6,5,7,0,0.8177723669384723,0.41254273960072124
cb_rnn,6,5,7,1,0.831484649572951,0.3901001175737647
cb_rnn,6,5,7,2,0.9956425965648151,0.08490338408092431
cb_rnn,6,5,7,3,0.9366692080025638,0.25014051003901955
cb_rnn,6,5,7,4,0.6735671854821376,0.5387471925576179
cb_rnn,6,5,7,5,0.8333866500014603,0.39119080855450716
cb_rnn,6,5,7,6,0.890642367395462,0.3224979772302986
cb_rnn,6,5,7,7,0.9999999996829702,0.0
cb_rnn,6,6,0,0,0.9999999995935341,0.0
cb_rnn,6,6,0,1,0.9223536666389146,0.24226611679107773
cb_rnn,6,6,0,2,0.7777781852277539,0.4200764013271546
cb_rnn,6,6,0,3,0.8840650866267533,0.29417241204126493
cb_rnn,6,6,0,4,0.9335320582952903,0.22427985542806966
cb_rnn,6,6,0,5,0.996094571457511,0.07072953409096074
cb_rnn,6,6,0,6,0.9186316697843321,0.2554889250248893
cb_rnn,6,6,0,7,0.7886931549738136,0.41399576920616477
cb_rnn,6,6,1,0,0.9223536666389146,0.24226611679107773
cb_rnn,6,6,1,1,0.9999999994553543,0.0
cb_rnn,6,6,1,2,0.8987118821140948,0.2829190108025017
cb_rnn,6,6,1,3,0.8736418989971362,0.2916393454888961
cb_rnn,6,6,1,4,0.9971124038831932,0.08504873201133463
cb_rnn,6,6,1,5,0.9149549812104483,0.23144409646130704
cb_rnn,6,6,1,6,0.8620712746119793,0.3259004620796093
cb_rnn,6,6,1,7,0.883600142208614,0.3071279671272765
cb_rnn,6,6,2,0,0.7777781852277539,0.4200764013271546
cb_rnn,6,6,2,1,0.8987118821140948,0.2829190108025017
cb_rnn,6,6,2,2,0.9999999996174167,0.0
cb_rnn,6,6,2,3,0.9310813513128197,0.23317047924148807
cb_rnn,6,6,2,4,0.9005124312413274,0.2798708285559821
cb_rnn,6,6,2,5,0.7619219710214897,0.42271996116140353
cb_rnn,6,6,2,6,0.8858774139807821,0.3060529465952107
cb_rnn,6,6,2,7,0.9880064063651524,0.10052057986130479
cb_rnn,6,6,3,0,0.8840650866267533,0.29417241204126493
cb_rnn,6,6,3,1,0.8736418989971362,0.2916393454888961
cb_rnn,6,6,3,2,0.9310813513128197,0.23317047924148807
cb_rnn,6,6,3,3,0.9999999995642775,0.0
cb_rnn,6,6,3,4,0.8855855931853258,0.28899319394222583
cb_rnn,6,6,3,5,0.8733363736528642,0.2959251843846253
cb_rnn,6,6,3,6,0.986194796901695,0.11175183855702925
cb_rnn,6,6,3,7,0.9585165166907208,0.1870724887791582
cb_rnn,6,6,4,0,0.9335320582952903,0.22427985542806966
cb_rnn,6,6,4,1,0.9971124038831932,0.08504873201133463
cb_rnn,6,6,4,2,0.9005124312413274,0.2798708285559821
cb_rnn,6,6,4,3,0.8855855931853258,0.28899319394222583
cb_rnn,6,6,4,4,0.9999999995783743,0.0
cb_rnn,6,6,4,5,0.925946498604419,0.23008210710853594
cb_rnn,6,6,4,6,0.8820678059216656,0.305462240496776
cb_rnn,6,6,4,7,0.8862710825513144,0.30302835034590114
cb_rnn,6,6,5,0,0.996094571457511,0.07072953409096074
cb_rnn,6,6,5,1,0.9149549812104483,0.23144409646130704
cb_rnn,6,6,5,2,0.7619219710214897,0.42271996116140353
cb_rnn,6,6,5,3,0.8733363736528642,0.2959251843846253
cb_rnn,6,6,5,4,0.925946498604419,0.23008210710853594
cb_rnn,6,6,5,5,0.9999999995237726,0.0
cb_rnn,6,6,5,6,0.907890521214001,0.2693641106419806
cb_rnn,6,6,5,7,0.7802980734159906,0.4120462355752319
cb_rnn,6,6,6,0,0.9186316697843321,0.2554889250248893
cb_rnn,6,6,6,1,0.8620712746119793,0.3259004620796093
cb_rnn,6,6,6,2,0.8858774139807821,0.3060529465952107
cb_rnn,6,6,6,3,0.986194796901695,0.11175183855702925
cb_rnn,6,6,6,4,0.8820678059216656,0.305462240496776
cb_rnn,6,6,6,5,0.907890521214001,0.2693641106419806
cb_rnn,6,6,6,6,0.9999999996210199,0.0
cb_rnn,6,6,6,7,0.9103478123556674,0.273806357377508
cb_rnn,6,6,7,0,0.7886931549738136,0.41399576920616477
cb_rnn,6,6,7,1,0.883600142208614,0.3071279671272765
cb_rnn,6,6,7,2,0.9880064063651524,0.10052057986130479
cb_rnn,6,6,7,3,0.9585165166907208,0.1870724887791582
cb_rnn,6,6,7,4,0.8862710825513144,0.30302835034590114
cb_rnn,6,6,7,5,0.7802980734159906,0.4120462355752319
cb_rnn,6,6,7,6,0.9103478123556674,0.273806357377508
cb_rnn,6,6,7,7,0.9999999996308019,0.0
cb_rnn,6,7,0,0,0.9999999995587101,0.0
cb_rnn,6,7,0,1,0.8494721513012087,0.3189409703647691
cb_rnn,6,7,0,2,0.581379665567483,0.5039207238196218
cb_rnn,6,7,0,3,0.825000116370883,0.3363192819672731
cb_rnn,6,7,0,4,0.8362830152527667,0.326948688415567
cb_rnn,6,7,0,5,0.9931633887158334,0.08058561475050384
cb_rnn,6,7,0,6,0.8446871401857061,0.32626436137542725
cb_rnn,6,7,0,7,0.6269444069551482,0.47261096271048336
cb_rnn,6,7,1,0,0.8494721513012087,0.3189409703647691
cb_rnn,6,7,1,1,0.9999999992261592,0.0
cb_rnn,6,7,1,2,0.795882045234804,0.3007081884722684
cb_rnn,6,7,1,3,0.6846103114800371,0.37793246268097086
cb_rnn,6,7,1,4,0.9940301376872889,0.08723688643470341
cb_rnn,6,7,1,5,0.8364454475168329,0.30168552370587953
cb_rnn,6,7,1,6,0.6975603859603668,0.41379081242308574
cb_rnn,6,7,1,7,0.7925960091179132,0.2948287055819071
cb_rnn,6,7,2,0,0.581379665567483,0.5039207238196218
cb_rnn,6,7,2,1,0.795882045234804,0.3007081884722684
cb_rnn,6,7,2,2,0.9999999993377297,0.0
cb_rnn,6,7,2,3,0.7720032184507363,0.3316759633971248
cb_rnn,6,7,2,4,0.7728718848837584,0.3399575673236039
cb_rnn,6,7,2,5,0.5911729920853299,0.47183613281304365
cb_rnn,6,7,2,6,0.754288516046833,0.38018689896780405
cb_rnn,6,7,2,7,0.9911737510691725,0.06645124642635789
cb_rnn,6,7,3,0,0.825000116370883,0.3363192819672731
cb_rnn,6,7,3,1,0.6846103114800371,0.37793246268097086
cb_rnn,6,7,3,2,0.7720032184507363,0.3316759633971248
cb_rnn,6,7,3,3,0.9999999993653557,0.0
cb_rnn,6,7,3,4,0.645351632859516,0.4279125840767738
cb_rnn,6,7,3,5,0.851052009459954,0.29021139850981875
cb_rnn,6,7,3,6,0.990628475646072,0.10625074740837412
cb_rnn,6,7,3,7,0.8295089319324055,0.2822218396337898
cb_rnn,6,7,4,0,0.8362830152527667,0.326948688415567
cb_rnn,6,7,4,1,0.9940301376872889,0.08723688643470341
cb_rnn,6,7,4,2,0.7728718848837584,0.3399575673236039
cb_rnn,6,7,4,3,0.645351632859516,0.4279125840767738
cb_rnn,6,7,4,4,0.9999999994195303,0.0
cb_rnn,6,7,4,5,0.8204898580661093,0.3216347831279731
cb_rnn,6,7,4,6,0.6669544858868578,0.4484657505029479
cb_rnn,6,7,4,7,0.767064091794496,0.3395493600175947
cb_rnn,6,7,5,0,0.9931633887158334,0.08058561475050384
cb_rnn,6,7,5,1,0.8364454475168329,0.30168552370587953
cb_rnn,6,7,5,2,0.5911729920853299,0.47183613281304365
cb_rnn,6,7,5,3,0.851052009459954,0.29021139850981875
cb_rnn,6,7,5,4,0.8204898580661093,0.3216347831279731
cb_rnn,6,7,5,5,0.9999999994836929,0.0
cb_rnn,6,7,5,6,0.8731239507293224,0.28386427432152234
cb_rnn,6,7,5,7,0.6447130539212691,0.4347636337716492
cb_rnn,6,7,6,0,0.8446871401857061,0.32626436137542725
cb_rnn,6,7,6,1,0.6975603859603668,0.41379081242308574
cb_rnn,6,7,6,2,0.754288516046833,0.38018689896780405
cb_rnn,6,7,6,3,0.990628475646072,0.10625074740837412
cb_rnn,6,7,6,4,0.6669544858868578,0.4484657505029479
cb_rnn,6,7,6,5,0.8731239507293224,0.28386427432152234
cb_rnn,6,7,6,6,0.9999999995247145,0.0
cb_rnn,6,7,6,7,0.8101804805957757,0.33609703580187605
cb_rnn,6,7,7,0,0.6269444069551482,0.47261096271048336
cb_rnn,6,7,7,1,0.7925960091179132,0.2948287055819071
cb_rnn,6,7,7,2,0.9911737510691725,0.06645124642635789
cb_rnn,6,7,7,3,0.8295089319324055,0.2822218396337898
cb_rnn,6,7,7,4,0.767064091794496,0.3395493600175947
cb_rnn,6,7,7,5,0.6447130539212691,0.4347636337716492
cb_rnn,6,7,7,6,0.8101804805957757,0.33609703580187605
cb_rnn,6,7,7,7,0.9999999992774578,0.0
cb_rnn,6,8,0,0,0.9999999994068307,0.0
cb_rnn,6,8,0,1,0.7968168909431309,0.3102552208176083
cb_rnn,6,8,0,2,0.45060495340797935,0.48442985478083217
cb_rnn,6,8,0,3,0.7669062986211492,0.32947226632390586
cb_rnn,6,8,0,4,0.7615572460144907,0.34022933362085234
cb_rnn,6,8,0,5,0.9959131076348036,0.05068579753502559
cb_rnn,6,8,0,6,0.7928529870746278,0.3183560158940683
cb_rnn,6,8,0,7,0.47627463559710415,0.466663652994178
cb_rnn,6,8,1,0,0.7968168909431309,0.3102552208176083
cb_rnn,6,8,1,1,0.9999999990208934,0.0
cb_rnn,6,8,1,2,0.6736222940044065,0.3185000338261748
cb_rnn,6,8,1,3,0.524329017617164,0.3830925110685114
cb_rnn,6,8,1,4,0.9886502565019101,0.09026594892803846
cb_rnn,6,8,1,5,0.7835741568381837,0.3052040590014909
cb_rnn,6,8,1,6,0.5595436233994955,0.4105432488691863
cb_rnn,6,8,1,7,0.6565867831938191,0.3177675398690015
cb_rnn,6,8,2,0,0.45060495340797935,0.48442985478083217
cb_rnn,6,8,2,1,0.6736222940044065,0.3185000338261748
cb_rnn,6,8,2,2,0.9999999989651104,0.0
cb_rnn,6,8,2,3,0.6878746118841443,0.3058692131719608
cb_rnn,6,8,2,4,0.6575480791975818,0.3584655213399418
cb_rnn,6,8,2,5,0.4598328133806986,0.46516678355958097
cb_rnn,6,8,2,6,0.7126506650013517,0.3319045318609001
cb_rnn,6,8,2,7,0.9909853707142627,0.05644580973172617
cb_rnn,6,8,3,0,0.7669062986211492,0.32947226632390586
cb_rnn,6,8,3,1,0.524329017617164,0.3830925110685114
cb_rnn,6,8,3,2,0.6878746118841443,0.3058692131719608
cb_rnn,6,8,3,3,0.9999999989494927,0.0
cb_rnn,6,8,3,4,0.4639478152151308,0.44391599734708154
cb_rnn,6,8,3,5,0.7864637822309881,0.30303730420257996
cb_rnn,6,8,3,6,0.9849432366420552,0.10914523988295276
cb_rnn,6,8,3,7,0.7438344724026567,0.26883904772855627
cb_rnn,6,8,4,0,0.7615572460144907,0.34022933362085234
cb_rnn,6,8,4,1,0.9886502565019101,0.09026594892803846
cb_rnn,6,8,4,2,0.6575480791975818,0.3584655213399418
cb_rnn,6,8,4,3,0.4639478152151308,0.44391599734708154
cb_rnn,6,8,4,4,0.9999999992691297,0.0
cb_rnn,6,8,4,5,0.7499055802417284,0.33803954324150365
cb_rnn,6,8,4,6,0.5155918162755334,0.4570369661967068
cb_rnn,6,8,4,7,0.6354555775500704,0.3637002640617137
cb_rnn,6,8,5,0,0.9959131076348036,0.05068579753502559
cb_rnn,6,8,5,1,0.7835741568381837,0.3052040590014909
cb_rnn,6,8,5,2,0.4598328133806986,0.46516678355958097
cb_rnn,6,8,5,3,0.7864637822309881,0.30303730420257996
cb_rnn,6,8,5,4,0.7499055802417284,0.33803954324150365
cb_rnn,6,8,5,5,0.9999999993509266,0.0
cb_rnn,6,8,5,6,0.8135037285102733,0.293128002926288
cb_rnn,6,8,5,7,0.4926750651347988,0.4439157480609362
cb_rnn,6,8,6,0,0.7928529870746278,0.3183560158940683
cb_rnn,6,8,6,1,0.5595436233994955,0.4105432488691863
cb_rnn,6,8,6,2,0.7126506650013517,0.3319045318609001
cb_rnn,6,8,6,3,0.9849432366420552,0.10914523988295276
cb_rnn,6,8,6,4,0.5155918162755334,0.4570369661967068
cb_rnn,6,8,6,5,0.8135037285102733,0.293128002926288
cb_rnn,6,8,6,6,0.9999999992813117,0.0
cb_rnn,6,8,6,7,0.7598518822858892,0.3032537019574164
cb_rnn,6,8,7,0,0.47627463559710415,0.466663652994178
cb_rnn,6,8,7,1,0.6565867831938191,0.3177675398690015
cb_rnn,6,8,7,2,0.9909853707142627,0.05644580973172617
cb_rnn,6,8,7,3,0.7438344724026567,0.26883904772855627
cb_rnn,6,8,7,4,0.6354555775500704,0.3637002640617137
cb_rnn,6,8,7,5,0.4926750651347988,0.4439157480609362
cb_rnn,6,8,7,6,0.7598518822858892,0.3032537019574164
cb_rnn,6,8,7,7,0.9999999988157614,0.0
cb_rnn,6,9,0,0,0.9999999993686299,0.0
cb_rnn,6,9,0,1,0.7712787191150604,0.316903930249398
cb_rnn,6,9,0,2,0.4007395834792783,0.4732364955337089
cb_rnn,6,9,0,3,0.7118238608306741,0.35584429893992775
cb_rnn,6,9,0,4,0.7773971300805583,0.3158863468837077
cb_rnn,6,9,0,5,0.9942112048337108,0.05348298971704665
cb_rnn,6,9,0,6,0.7227544197247389,0.3590338964013607
cb_rnn,6,9,0,7,0.4396544053945284,0.45700745770172
cb_rnn,6,9,1,0,0.7712787191150604,0.316903930249398
cb_rnn,6,9,1,1,0.9999999990068106,0.0
cb_rnn,6,9,1,2,0.5650584543078041,0.3429481282220985
cb_rnn,6,9,1,3,0.38510146253381844,0.45412039518863956
cb_rnn,6,9,1,4,0.9912251558051872,0.06405755433293923
cb_rnn,6,9,1,5,0.7422470869220359,0.33388496030260756
cb_rnn,6,9,1,6,0.353204403768281,0.4919025148299027
cb_rnn,6,9,1,7,0.5750838483343287,0.3358464285624062
cb_rnn,6,9,2,0,0.4007395834792783,0.4732364955337089
cb_rnn,6,9,2,1,0.5650584543078041,0.3429481282220985
cb_rnn,6,9,2,2,0.9999999985361242,0.0
cb_rnn,6,9,2,3,0.6841229321666548,0.30981815161244247
cb_rnn,6,9,2,4,0.6154691912160969,0.3445178666921747
cb_rnn,6,9,2,5,0.37034180828492425,0.48278425198598496
cb_rnn,6,9,2,6,0.6415581681479819,0.35639753658969947
cb_rnn,6,9,2,7,0.9883432896952642,0.050408207966918486
cb_rnn,6,9,3,0,0.7118238608306741,0.35584429893992775
cb_rnn,6,9,3,1,0.38510146253381844,0.45412039518863956
cb_rnn,6,9,3,2,0.6841229321666548,0.30981815161244247
cb_rnn,6,9,3,3,0.9999999991205709,0.0
cb_rnn,6,9,3,4,0.4205274359849368,0.45837906175389403
cb_rnn,6,9,3,5,0.7178419296660212,0.35172708857316537
cb_rnn,6,9,3,6,0.9921660202669109,0.06913541900782097
cb_rnn,6,9,3,7,0.7273939626353606,0.28936328050534016
cb_rnn,6,9,4,0,0.7773971300805583,0.3158863468837077
cb_rnn,6,9,4,1,0.9912251558051872,0.06405755433293923
cb_rnn,6,9,4,2,0.6154691912160969,0.3445178666921747
cb_rnn,6,9,4,3,0.4205274359849368,0.45837906175389403
cb_rnn,6,9,4,4,0.9999999991547968,0.0
cb_rnn,6,9,4,5,0.7498969955844511,0.33346480084217783
cb_rnn,6,9,4,6,0.3968763400201695,0.49114776320146947
cb_rnn,6,9,4,7,0.6256859126139027,0.3384994992334049
cb_rnn,6,9,5,0,0.9942112048337108,0.05348298971704665
cb_rnn,6,9,5,1,0.7422470869220359,0.33388496030260756
cb_rnn,6,9,5,2,0.37034180828492425,0.48278425198598496
cb_rnn,6,9,5,3,0.7178419296660212,0.35172708857316537
cb_rnn,6,9,5,4,0.7498969955844511,0.33346480084217783
cb_rnn,6,9,5,5,0.9999999993660802,0.0
cb_rnn,6,9,5,6,0.7306153210676055,0.35350563852112593
cb_rnn,6,9,5,7,0.42218133873108804,0.4621662262179285
cb_rnn,6,9,6,0,0.7227544197247389,0.3590338964013607
cb_rnn,6,9,6,1,0.353204403768281,0.4919025148299027
cb_rnn,6,9,6,2,0.6415581681479819,0.35639753658969947
cb_rnn,6,9,6,3,0.9921660202669109,0.06913541900782097
cb_rnn,6,9,6,4,0.3968763400201695,0.49114776320146947
cb_rnn,6,9,6,5,0.7306153210676055,0.35350563852112593
cb_rnn,6,9,6,6,0.99999999927114,0.0
cb_rnn,6,9,6,7,0.6873045314748315,0.3363328751779367
cb_rnn,6,9,7,0,0.4396544053945284,0.45700745770172
cb_rnn,6,9,7,1,0.5750838483343287,0.3358464285624062
cb_rnn,6,9,7,2,0.9883432896952642,0.050408207966918486
cb_rnn,6,9,7,3,0.7273939626353606,0.28936328050534016
cb_rnn,6,9,7,4,0.6256859126139027,0.3384994992334049
cb_rnn,6,9,7,5,0.42218133873108804,0.4621662262179285
cb_rnn,6,9,7,6,0.6873045314748315,0.3363328751779367
cb_rnn,6,9,7,7,0.9999999984223717,0.0
cb_rnn,6,10,0,0,0.9999999991109607,0.0
cb_rnn,6,10,0,1,0.7574545641250265,0.2737998594001337
cb_rnn,6,10,0,2,0.328720562983565,0.44447612992535845
cb_rnn,6,10,0,3,0.6279957020930033,0.3439649130545055
cb_rnn,6,10,0,4,0.7527219889131311,0.2803311081062917
cb_rnn,6,10,0,5,0.9953451451550651,0.04166793334163329
cb_rnn,6,10,0,6,0.6691103423987522,0.33878655478715447
cb_rnn,6,10,0,7,0.37201753254516845,0.4226256990673377
cb_rnn,6,10,1,0,0.7574545641250265,0.2737998594001337
cb_rnn,6,10,1,1,0.9999999985172657,0.0
cb_rnn,6,10,1,2,0.4815889546807917,0.33852199641948827
cb_rnn,6,10,1,3,0.3383052416456161,0.402716288847967
cb_rnn,6,10,1,4,0.992718920180867,0.05769739850166038
cb_rnn,6,10,1,5,0.7301476061996204,0.27950287109437316
cb_rnn,6,10,1,6,0.3137216828007679,0.43840054639940174
cb_rnn,6,10,1,7,0.4781078486163552,0.32973529262088597
cb_rnn,6,10,2,0,0.328720562983565,0.44447612992535845
cb_rnn,6,10,2,1,0.4815889546807917,0.33852199641948827
cb_rnn,6,10,2,2,0.9999999986467301,0.0
cb_rnn,6,10,2,3,0.7729925708493139,0.24182248520305927
cb_rnn,6,10,2,4,0.5003380949464322,0.35278067022668985
cb_rnn,6,10,2,5,0.31264611542179815,0.4412323168393499
cb_rnn,6,10,2,6,0.6978110075795199,0.3006364764350754
cb_rnn,6,10,2,7,0.9921824679847183,0.04543068608794081
cb_rnn,6,10,3,0,0.6279957020930033,0.3439649130545055
cb_rnn,6,10,3,1,0.3383052416456161,0.402716288847967
cb_rnn,6,10,3,2,0.7729925708493139,0.24182248520305927
cb_rnn,6,10,3,3,0.9999999988723282,0.0
cb_rnn,6,10,3,4,0.3453404094809296,0.4216585222927602
cb_rnn,6,10,3,5,0.6363729285401588,0.3337917485677635
cb_rnn,6,10,3,6,0.9890968396463443,0.0711844745723776
cb_rnn,6,10,3,7,0.8191183718913422,0.21411733622408227
cb_rnn,6,10,4,0,0.7527219889131311,0.2803311081062917
cb_rnn,6,10,4,1,0.992718920180867,0.05769739850166038
cb_rnn,6,10,4,2,0.5003380949464322,0.35278067022668985
cb_rnn,6,10,4,3,0.3453404094809296,0.4216585222927602
cb_rnn,6,10,4,4,0.9999999988251473,0.0
cb_rnn,6,10,4,5,0.7262447945250927,0.2882365619713362
cb_rnn,6,10,4,6,0.3249184144516579,0.45391264327082126
cb_rnn,6,10,4,7,0.49674566576014045,0.34596068360858795
cb_rnn,6,10,5,0,0.9953451451550651,0.04166793334163329
cb_rnn,6,10,5,1,0.7301476061996204,0.27950287109437316
cb_rnn,6,10,5,2,0.31264611542179815,0.4412323168393499
cb_rnn,6,10,5,3,0.6363729285401588,0.3337917485677635
cb_rnn,6,10,5,4,0.7262447945250927,0.2882365619713362
cb_rnn,6,10,5,5,0.9999999990571394,0.0
cb_rnn,6,10,5,6,0.6801984367621472,0.3282225190017831
cb_rnn,6,10,5,7,0.3647184275408758,0.4163952546333469
cb_rnn,6,10,6,0,0.6691103423987522,0.33878655478715447
cb_rnn,6,10,6,1,0.3137216828007679,0.43840054639940174
cb_rnn,6,10,6,2,0.6978110075795199,0.3006364764350754
cb_rnn,6,10,6,3,0.9890968396463443,0.0711844745723776
cb_rnn,6,10,6,4,0.3249184144516579,0.45391264327082126
cb_rnn,6,10,6,5,0.6801984367621472,0.3282225190017831
cb_rnn,6,10,6,6,0.9999999990865572,0.0
cb_rnn,6,10,6,7,0.7506268109200132,0.2734666969489488
cb_rnn,6,10,7,0,0.37201753254516845,0.4226256990673377
cb_rnn,6,10,7,1,0.4781078486163552,0.32973529262088597
cb_rnn,6,10,7,2,0.9921824679847183,0.04543068608794081
cb_rnn,6,10,7,3,0.8191183718913422,0.21411733622408227
cb_rnn,6,10,7,4,0.49674566576014045,0.34596068360858795
cb_rnn,6,10,7,5,0.3647184275408758,0.4163952546333469
cb_rnn,6,10,7,6,0.7506268109200132,0.2734666969489488
cb_rnn,6,10,7,7,0.9999999984820725,0.0
cb_rnn,6,11,0,0,0.9999999986980335,0.0
cb_rnn,6,11,0,1,0.6803589041163588,0.25764269607839246
cb_rnn,6,11,0,2,0.21808280915755837,0.4439737158952495
cb_rnn,6,11,0,3,0.4733167723256514,0.3700367129694946
cb_rnn,6,11,0,4,0.7269308746556679,0.24781633067207195
cb_rnn,6,11,0,5,0.9951189265695549,0.034589749178778946
cb_rnn,6,11,0,6,0.5070522848829059,0.3956374995249126
cb_rnn,6,11,0,7,0.25923021671686136,0.43993779608537237
cb_rnn,6,11,1,0,0.6803589041163588,0.25764269607839246
cb_rnn,6,11,1,1,0.9999999980001375,0.0
cb_rnn,6,11,1,2,0.4532112261297202,0.343625742174823
cb_rnn,6,11,1,3,0.21971955393097922,0.4142521065280974
cb_rnn,6,11,1,4,0.9880736927078841,0.06231590632147065
cb_rnn,6,11,1,5,0.6751076100391111,0.2554411039159415
cb_rnn,6,11,1,6,0.1972306674073508,0.46857179731520016
cb_rnn,6,11,1,7,0.42937384169059273,0.3591333553326797
cb_rnn,6,11,2,0,0.21808280915755837,0.4439737158952495
cb_rnn,6,11,2,1,0.4532112261297202,0.343625742174823
cb_rnn,6,11,2,2,0.9999999988162751,0.0
cb_rnn,6,11,2,3,0.7977933477555748,0.23439658239874595
cb_rnn,6,11,2,4,0.4538367848045414,0.35952790126918016
cb_rnn,6,11,2,5,0.22524761862381515,0.43780728241388817
cb_rnn,6,11,2,6,0.7536705065092717,0.288219482946632
cb_rnn,6,11,2,7,0.9928906063593231,0.045684394180579145
cb_rnn,6,11,3,0,0.4733167723256514,0.3700367129694946
cb_rnn,6,11,3,1,0.21971955393097922,0.4142521065280974
cb_rnn,6,11,3,2,0.7977933477555748,0.23439658239874595
cb_rnn,6,11,3,3,0.9999999988784996,0.0
cb_rnn,6,11,3,4,0.24758291912771235,0.42795808948317926
cb_rnn,6,11,3,5,0.48902588582255785,0.36143064114711926
cb_rnn,6,11,3,6,0.9943604678021801,0.07530863474710821
cb_rnn,6,11,3,7,0.8478408138665993,0.20652643625440906
cb_rnn,6,11,4,0,0.7269308746556679,0.24781633067207195
cb_rnn,6,11,4,1,0.9880736927078841,0.06231590632147065
cb_rnn,6,11,4,2,0.4538367848045414,0.35952790126918016
cb_rnn,6,11,4,3,0.24758291912771235,0.42795808948317926
cb_rnn,6,11,4,4,0.9999999984859591,0.0
cb_rnn,6,11,4,5,0.7193227101945527,0.24809173157024444
cb_rnn,6,11,4,6,0.23443910988863556,0.47650932058268386
cb_rnn,6,11,4,7,0.43308543212184747,0.37376025617918573
cb_rnn,6,11,5,0,0.9951189265695549,0.034589749178778946
cb_rnn,6,11,5,1,0.6751076100391111,0.2554411039159415
cb_rnn,6,11,5,2,0.22524761862381515,0.43780728241388817
cb_rnn,6,11,5,3,0.48902588582255785,0.36143064114711926
cb_rnn,6,11,5,4,0.7193227101945527,0.24809173157024444
cb_rnn,6,11,5,5,0.9999999986441098,0.0
cb_rnn,6,11,5,6,0.5233622752783572,0.3873087436953805
cb_rnn,6,11,5,7,0.2722668755782639,0.4322080568444707
cb_rnn,6,11,6,0,0.5070522848829059,0.3956374995249126
cb_rnn,6,11,6,1,0.1972306674073508,0.46857179731520016
cb_rnn,6,11,6,2,0.7536705065092717,0.288219482946632
cb_rnn,6,11,6,3,0.9943604678021801,0.07530863474710821
cb_rnn,6,11,6,4,0.23443910988863556,0.47650932058268386
cb_rnn,6,11,6,5,0.5233622752783572,0.3873087436953805
cb_rnn,6,11,6,6,0.9999999991750963,0.0
cb_rnn,6,11,6,7,0.8103570947878137,0.25602609439883356
cb_rnn,6,11,7,0,0.25923021671686136,0.43993779608537237
cb_rnn,6,11,7,1,0.42937384169059273,0.3591333553326797
cb_rnn,6,11,7,2,0.9928906063593231,0.045684394180579145
cb_rnn,6,11,7,3,0.8478408138665993,0.20652643625440906
cb_rnn,6,11,7,4,0.43308543212184747,0.37376025617918573
cb_rnn,6,11,7,5,0.2722668755782639,0.4322080568444707
cb_rnn,6,11,7,6,0.8103570947878137,0.25602609439883356
cb_rnn,6,11,7,7,0.9999999988916088,0.0
cb_rnn,6,12,0,0,0.9999999984454147,0.0
cb_rnn,6,12,0,1,0.5624066608746332,0.2981865781933244
cb_rnn,6,12,0,2,0.09685702342926686,0.5203472597145175
cb_rnn,6,12,0,3,0.34382213190856115,0.44032228875918644
cb_rnn,6,12,0,4,0.5933762795350283,0.29384584520237433
cb_rnn,6,12,0,5,0.996725724617226,0.025660920523196247
cb_rnn,6,12,0,6,0.34472480639566355,0.46889762588277056
cb_rnn,6,12,0,7,0.1327824461423798,0.5093948206195238
cb_rnn,6,12,1,0,0.5624066608746332,0.2981865781933244
cb_rnn,6,12,1,1,0.9999999984780985,0.0
cb_rnn,6,12,1,2,0.3437545759658584,0.44978303751445053
cb_rnn,6,12,1,3,0.034758103861338915,0.5299799166740812
cb_rnn,6,12,1,4,0.989777526185611,0.048641800792673696
cb_rnn,6,12,1,5,0.586716314569191,0.2898460398284324
cb_rnn,6,12,1,6,-0.04142061339826029,0.5810618958254256
cb_rnn,6,12,1,7,0.3236169464328493,0.455042573113189
cb_rnn,6,12,2,0,0.09685702342926686,0.5203472597145175
cb_rnn,6,12,2,1,0.3437545759658584,0.44978303751445053
cb_rnn,6,12,2,2,0.9999999992090537,0.0
cb_rnn,6,12,2,3,0.81634237636302,0.266239518655601
cb_rnn,6,12,2,4,0.4022313206665704,0.4354551658936071
cb_rnn,6,12,2,5,0.09897648369160716,0.5198429298318001
cb_rnn,6,12,2,6,0.7613866974276067,0.3174565118494985
cb_rnn,6,12,2,7,0.9961413974154144,0.039008414593727225
cb_rnn,6,12,3,0,0.34382213190856115,0.44032228875918644
cb_rnn,6,12,3,1,0.034758103861338915,0.5299799166740812
cb_rnn,6,12,3,2,0.81634237636302,0.266239518655601
cb_rnn,6,12,3,3,0.9999999991682881,0.0
cb_rnn,6,12,3,4,0.11029338865750068,0.5170856430664805
cb_rnn,6,12,3,5,0.33141017227081576,0.4442308074543303
cb_rnn,6,12,3,6,0.9929046523970831,0.06603598095303305
cb_rnn,6,12,3,7,0.8493226135031259,0.24074724630999178
cb_rnn,6,12,4,0,0.5933762795350283,0.29384584520237433
cb_rnn,6,12,4,1,0.989777526185611,0.048641800792673696
cb_rnn,6,12,4,2,0.4022313206665704,0.4354551658936071
cb_rnn,6,12,4,3,0.11029338865750068,0.5170856430664805
cb_rnn,6,12,4,4,0.999999998597741,0.0
cb_rnn,6,12,4,5,0.6171416942981234,0.2852102464962124
cb_rnn,6,12,4,6,0.03622997133909597,0.5678605116483922
cb_rnn,6,12,4,7,0.38662585808819994,0.43971340472589127
cb_rnn,6,12,5,0,0.996725724617226,0.025660920523196247
cb_rnn,6,12,5,1,0.586716314569191,0.2898460398284324
cb_rnn,6,12,5,2,0.09897648369160716,0.5198429298318001
cb_rnn,6,12,5,3,0.33141017227081576,0.4442308074543303
cb_rnn,6,12,5,4,0.6171416942981234,0.2852102464962124
cb_rnn,6,12,5,5,0.9999999984467192,0.0
cb_rnn,6,12,5,6,0.3288148532802727,0.47398945156868755
cb_rnn,6,12,5,7,0.13508071764657892,0.5088280306029381
cb_rnn,6,12,6,0,0.34472480639566355,0.46889762588277056
cb_rnn,6,12,6,1,-0.04142061339826029,0.5810618958254256
cb_rnn,6,12,6,2,0.7613866974276067,0.3174565118494985
cb_rnn,6,12,6,3,0.9929046523970831,0.06603598095303305
cb_rnn,6,12,6,4,0.03622997133909597,0.5678605116483922
cb_rnn,6,12,6,5,0.3288148532802727,0.47398945156868755
cb_rnn,6,12,6,6,0.9999999992975829,0.0
cb_rnn,6,12,6,7,0.7990130388049346,0.29122399103732005
cb_rnn,6,12,7,0,0.1327824461423798,0.5093948206195238
cb_rnn,6,12,7,1,0.3236169464328493,0.455042573113189
cb_rnn,6,12,7,2,0.9961413974154144,0.039008414593727225
cb_rnn,6,12,7,3,0.8493226135031259,0.24074724630999178
cb_rnn,6,12,7,4,0.38662585808819994,0.43971340472589127
cb_rnn,6,12,7,5,0.13508071764657892,0.5088280306029381
cb_rnn,6,12,7,6,0.7990130388049346,0.29122399103732005
cb_rnn,6,12,7,7,0.9999999992039172,0.0
cb_rnn,6,13,0,0,0.9999999980321497,0.0
cb_rnn,6,13,0,1,0.4888580031771797,0.29624832952616426
cb_rnn,6,13,0,2,0.08449102224191557,0.5467074396646563
cb_rnn,6,13,0,3,0.2893314435618754,0.49908285189029455
cb_rnn,6,13,0,4,0.6001625799878791,0.2609814145089369
cb_rnn,6,13,0,5,0.9912237838522466,0.049517427665084206
cb_rnn,6,13,0,6,0.25152528962497983,0.5276575741740863
cb_rnn,6,13,0,7,0.08477787438891524,0.5555009326452377
cb_rnn,6,13,1,0,0.4888580031771797,0.29624832952616426
cb_rnn,6,13,1,1,0.9999999982991229,0.0
cb_rnn,6,13,1,2,0.2966095055265861,0.49618325354973597
cb_rnn,6,13,1,3,-0.05106473768730716,0.599026466463583
cb_rnn,6,13,1,4,0.9807748654162488,0.05924473686140542
cb_rnn,6,13,1,5,0.38985738543710946,0.3397789110646151
cb_rnn,6,13,1,6,-0.04096846033831823,0.6147690511192555
cb_rnn,6,13,1,7,0.32201161930298206,0.496850845325963
cb_rnn,6,13,2,0,0.08449102224191557,0.5467074396646563
cb_rnn,6,13,2,1,0.2966095055265861,0.49618325354973597
cb_rnn,6,13,2,2,0.9999999993568848,0.0
cb_rnn,6,13,2,3,0.842284065372771,0.2793507355222528
cb_rnn,6,13,2,4,0.33857216489915654,0.4827103754146635
cb_rnn,6,13,2,5,0.06184576740236196,0.5667831232760796
cb_rnn,6,13,2,6,0.866035295267458,0.26437904354243186
cb_rnn,6,13,2,7,0.9986582950741726,0.027780609767526773
cb_rnn,6,13,3,0,0.2893314435618754,0.49908285189029455
cb_rnn,6,13,3,1,-0.05106473768730716,0.599026466463583
cb_rnn,6,13,3,2,0.842284065372771,0.2793507355222528
cb_rnn,6,13,3,3,0.9999999993785949,0.0
cb_rnn,6,13,3,4,0.0489731139020705,0.5719164473979663
cb_rnn,6,13,3,5,0.32222895041588323,0.49794064516295794
cb_rnn,6,13,3,6,0.9968206074286154,0.04597151079808134
cb_rnn,6,13,3,7,0.8273425294663243,0.2951904503457838
cb_rnn,6,13,4,0,0.6001625799878791,0.2609814145089369
cb_rnn,6,13,4,1,0.9807748654162488,0.05924473686140542
cb_rnn,6,13,4,2,0.33857216489915654,0.4827103754146635
cb_rnn,6,13,4,3,0.0489731139020705,0.5719164473979663
cb_rnn,6,13,4,4,0.9999999982717612,0.0
cb_rnn,6,13,4,5,0.5118403478455131,0.3028181255626255
cb_rnn,6,13,4,6,0.05270367591421587,0.5890207490923904
cb_rnn,6,13,4,7,0.3605088651759758,0.48429042143010176
cb_rnn,6,13,5,0,0.9912237838522466,0.049517427665084206
cb_rnn,6,13,5,1,0.38985738543710946,0.3397789110646151
cb_rnn,6,13,5,2,0.06184576740236196,0.5667831232760796
cb_rnn,6,13,5,3,0.32222895041588323,0.49794064516295794
cb_rnn,6,13,5,4,0.5118403478455131,0.3028181255626255
cb_rnn,6,13,5,5,0.9999999983941956,0.0
cb_rnn,6,13,5,6,0.28035168233832064,0.5282040953338489
cb_rnn,6,13,5,7,0.05972606379957003,0.5759993483363638
cb_rnn,6,13,6,0,0.25152528962497983,0.5276575741740863
cb_rnn,6,13,6,1,-0.04096846033831823,0.6147690511192555
cb_rnn,6,13,6,2,0.866035295267458,0.26437904354243186
cb_rnn,6,13,6,3,0.9968206074286154,0.04597151079808134
cb_rnn,6,13,6,4,0.05270367591421587,0.5890207490923904
cb_rnn,6,13,6,5,0.28035168233832064,0.5282040953338489
cb_rnn,6,13,6,6,0.999999999427862,0.0
cb_rnn,6,13,6,7,0.8527103012745146,0.2790013822302224
cb_rnn,6,13,7,0,0.08477787438891524,0.5555009326452377
cb_rnn,6,13,7,1,0.32201161930298206,0.496850845325963
cb_rnn,6,13,7,2,0.9986582950741726,0.027780609767526773
cb_rnn,6,13,7,3,0.8273425294663243,0.2951904503457838
cb_rnn,6,13,7,4,0.3605088651759758,0.48429042143010176
cb_rnn,6,13,7,5,0.05972606379957003,0.5759993483363638
cb_rnn,6,13,7,6,0.8527103012745146,0.2790013822302224
cb_rnn,6,13,7,7,0.9999999993829535,0.0
cb_rnn,6,14,0,0,0.9999999979232594,0.0
cb_rnn,6,14,0,1,0.474868088047768,0.2915370974033392
cb_rnn,6,14,0,2,0.13062948275820388,0.5882751450889537
cb_rnn,6,14,0,3,0.2887986760456831,0.5479341858266683
cb_rnn,6,14,0,4,0.6234008624981247,0.2437909568950976
cb_rnn,6,14,0,5,0.9831157330311383,0.05861948320303206
cb_rnn,6,14,0,6,0.3067917921610492,0.5807574841561204
cb_rnn,6,14,0,7,0.1475734240446137,0.59003909232163
cb_rnn,6,14,1,0,0.474868088047768,0.2915370974033392
cb_rnn,6,14,1,1,0.99999999818889,0.0
cb_rnn,6,14,1,2,0.27760256812553047,0.5533004606313073
cb_rnn,6,14,1,3,-0.02042806770007163,0.6377536858755318
cb_rnn,6,14,1,4,0.9694527779995897,0.07207604832891361
cb_rnn,6,14,1,5,0.36302489877014604,0.33507490332530687
cb_rnn,6,14,1,6,-0.0447085781210205,0.6823657670346339
cb_rnn,6,14,1,7,0.27509653377042587,0.5600535690880445
cb_rnn,6,14,2,0,0.13062948275820388,0.5882751450889537
cb_rnn,6,14,2,1,0.27760256812553047,0.5533004606313073
cb_rnn,6,14,2,2,0.9999999994972317,0.0
cb_rnn,6,14,2,3,0.8928191736879454,0.2587319656096332
cb_rnn,6,14,2,4,0.3245086785781395,0.5378560395982649
cb_rnn,6,14,2,5,0.11363339345455108,0.6022835603141212
cb_rnn,6,14,2,6,0.8731287818317983,0.2955534815959242
cb_rnn,6,14,2,7,0.9986808328534664,0.029645302468706905
cb_rnn,6,14,3,0,0.2887986760456831,0.5479341858266683
cb_rnn,6,14,3,1,-0.02042806770007163,0.6377536858755318
cb_rnn,6,14,3,2,0.8928191736879454,0.2587319656096332
cb_rnn,6,14,3,3,0.9999999995019683,0.0
cb_rnn,6,14,3,4,0.08695673508493468,0.6067148696854132
cb_rnn,6,14,3,5,0.319117262011636,0.5444957324592551
cb_rnn,6,14,3,6,0.9968777804450344,0.06277551277668891
cb_rnn,6,14,3,7,0.8994969857731007,0.2521287380734456
cb_rnn,6,14,4,0,0.6234008624981247,0.2437909568950976
cb_rnn,6,14,4,1,0.9694527779995897,0.07207604832891361
cb_rnn,6,14,4,2,0.3245086785781395,0.5378560395982649
cb_rnn,6,14,4,3,0.08695673508493468,0.6067148696854132
cb_rnn,6,14,4,4,0.999999998101835,0.0
cb_rnn,6,14,4,5,0.5315305508675635,0.2842539014622851
cb_rnn,6,14,4,6,0.07339149711112371,0.6484136483062889
cb_rnn,6,14,4,7,0.3276500676285218,0.5429529935168044
cb_rnn,6,14,5,0,0.9831157330311383,0.05861948320303206
cb_rnn,6,14,5,1,0.36302489877014604,0.33507490332530687
cb_rnn,6,14,5,2,0.11363339345455108,0.6022835603141212
cb_rnn,6,14,5,3,0.319117262011636,0.5444957324592551
cb_rnn,6,14,5,4,0.5315305508675635,0.2842539014622851
cb_rnn,6,14,5,5,0.99999999826327,0.0
cb_rnn,6,14,5,6,0.3457905533715595,0.5730744347407346
cb_rnn,6,14,5,7,0.13598896488991508,0.602100704187742
cb_rnn,6,14,6,0,0.3067917921610492,0.5807574841561204
cb_rnn,6,14,6,1,-0.0447085781210205,0.6823657670346339
cb_rnn,6,14,6,2,0.8731287818317983,0.2955534815959242
cb_rnn,6,14,6,3,0.9968777804450344,0.06277551277668891
cb_rnn,6,14,6,4,0.07339149711112371,0.6484136483062889
cb_rnn,6,14,6,5,0.3457905533715595,0.5730744347407346
cb_rnn,6,14,6,6,0.999999999570169,0.0
cb_rnn,6,14,6,7,0.8820172357466964,0.285978607862269
cb_rnn,6,14,7,0,0.1475734240446137,0.59003909232163
cb_rnn,6,14,7,1,0.27509653377042587,0.5600535690880445
cb_rnn,6,14,7,2,0.9986808328534664,0.029645302468706905
cb_rnn,6,14,7,3,0.8994969857731007,0.2521287380734456
cb_rnn,6,14,7,4,0.3276500676285218,0.5429529935168044
cb_rnn,6,14,7,5,0.13598896488991508,0.602100704187742
cb_rnn,6,14,7,6,0.8820172357466964,0.285978607862269
cb_rnn,6,14,7,7,0.9999999995095801,0.0
cb_rnn,6,15,0,0,0.9999999976370071,0.0
cb_rnn,6,15,0,1,0.5012291213261383,0.27724172622182686
cb_rnn,6,15,0,2,0.07282951671206808,0.6419357110937443
cb_rnn,6,15,0,3,0.20161991257419332,0.599239707662564
cb_rnn,6,15,0,4,0.5753316482985479,0.2563921327773146
cb_rnn,6,15,0,5,0.9822981877341279,0.06224876513932332
cb_rnn,6,15,0,6,0.22678926824824336,0.6151722425715502
cb_rnn,6,15,0,7,0.08438104017143108,0.64370828474865
cb_rnn,6,15,1,0,0.5012291213261383,0.27724172622182686
cb_rnn,6,15,1,1,0.9999999981956413,0.0
cb_rnn,6,15,1,2,0.2817462118189503,0.5954911878471849
cb_rnn,6,15,1,3,0.010879268691682464,0.6614406977043767
cb_rnn,6,15,1,4,0.9838181065430637,0.05296739994598552
cb_rnn,6,15,1,5,0.4048648194007572,0.3198273600069074
cb_rnn,6,15,1,6,0.0027630242679545463,0.6857391035000017
cb_rnn,6,15,1,7,0.28277940007857344,0.59959232225861
cb_rnn,6,15,2,0,0.07282951671206808,0.6419357110937443
cb_rnn,6,15,2,1,0.2817462118189503,0.5954911878471849
cb_rnn,6,15,2,2,0.9999999995762148,0.0
cb_rnn,6,15,2,3,0.9131964978689969,0.2508365152968579
cb_rnn,6,15,2,4,0.316217309445727,0.5851093204781437
cb_rnn,6,15,2,5,0.06306652532169353,0.656971976781555
cb_rnn,6,15,2,6,0.8976105895363572,0.27800506948403225
cb_rnn,6,15,2,7,0.9987380740327798,0.031036571672379984
cb_rnn,6,15,3,0,0.20161991257419332,0.599239707662564
cb_rnn,6,15,3,1,0.010879268691682464,0.6614406977043767
cb_rnn,6,15,3,2,0.9131964978689969,0.2508365152968579
cb_rnn,6,15,3,3,0.9999999995595136,0.0
cb_rnn,6,15,3,4,0.07411047440821214,0.6445859951657165
cb_rnn,6,15,3,5,0.23309698368010567,0.5990959813872865
cb_rnn,6,15,3,6,0.9972673183529613,0.05123303174352594
cb_rnn,6,15,3,7,0.9168162818034653,0.2468565494289341
cb_rnn,6,15,4,0,0.5753316482985479,0.2563921327773146
cb_rnn,6,15,4,1,0.9838181065430637,0.05296739994598552
cb_rnn,6,15,4,2,0.316217309445727,0.5851093204781437
cb_rnn,6,15,4,3,0.07411047440821214,0.6445859951657165
cb_rnn,6,15,4,4,0.9999999981993495,0.0
cb_rnn,6,15,4,5,0.49584156413814684,0.2945236976009785
cb_rnn,6,15,4,6,0.07385077608236514,0.6666637374101883
cb_rnn,6,15,4,7,0.3214917644236751,0.5878957982676658
cb_rnn,6,15,5,0,0.9822981877341279,0.06224876513932332
cb_rnn,6,15,5,1,0.4048648194007572,0.3198273600069074
cb_rnn,6,15,5,2,0.06306652532169353,0.656971976781555
cb_rnn,6,15,5,3,0.23309698368010567,0.5990959813872865
cb_rnn,6,15,5,4,0.49584156413814684,0.2945236976009785
cb_rnn,6,15,5,5,0.9999999981677326,0.0
cb_rnn,6,15,5,6,0.2668414273497867,0.6109590128973872
cb_rnn,6,15,5,7,0.0788655361178278,0.6571774251700605
cb_rnn,6,15,6,0,0.22678926824824336,0.6151722425715502
cb_rnn,6,15,6,1,0.0027630242679545463,0.6857391035000017
cb_rnn,6,15,6,2,0.8976105895363572,0.27800506948403225
cb_rnn,6,15,6,3,0.9972673183529613,0.05123303174352594
cb_rnn,6,15,6,4,0.07385077608236514,0.6666637374101883
cb_rnn,6,15,6,5,0.2668414273497867,0.6109590128973872
cb_rnn,6,15,6,6,0.9999999995937874,0.0
cb_rnn,6,15,6,7,0.9035066052214468,0.270813747243597
cb_rnn,6,15,7,0,0.08438104017143108,0.64370828474865
cb_rnn,6,15,7,1,0.28277940007857344,0.59959232225861
cb_rnn,6,15,7,2,0.9987380740327798,0.031036571672379984
cb_rnn,6,15,7,3,0.9168162818034653,0.2468565494289341
cb_rnn,6,15,7,4,0.3214917644236751,0.5878957982676658
cb_rnn,6,15,7,5,0.0788655361178278,0.6571774251700605
cb_rnn,6,15,7,6,0.9035066052214468,0.270813747243597
cb_rnn,6,15,7,7,0.999999999583116,0.0
cb_rnn,7,2,0,0,0.9999999763986755,0.0
cb_rnn,7,2,0,1,0.041713059184277,0.10802667021402194
cb_rnn,7,2,0,2,0.9882328123426996,0.01244937595505123
cb_rnn,7,2,0,3,0.12724455620258535,0.10206415799436197
cb_rnn,7,2,0,4,0.2195378259864092,0.09023200308209688
cb_rnn,7,2,0,5,0.981198571319994,0.01653295704018094
cb_rnn,7,2,0,6,0.302476227744388,0.08555524934267664
cb_rnn,7,2,0,7,0.974802867095214,0.01847892088954883
cb_rnn,7,2,1,0,0.041713059184277,0.10802667021402194
cb_rnn,7,2,1,1,0.9999999718737541,0.0
cb_rnn,7,2,1,2,0.03742613711307845,0.10734945774879326
cb_rnn,7,2,1,3,0.9709482895109064,0.017841259268083866
cb_rnn,7,2,1,4,0.9798447880976856,0.01929188303455462
cb_rnn,7,2,1,5,0.21136253926444842,0.09368957697172152
cb_rnn,7,2,1,6,0.9259370554399076,0.02934157902516359
cb_rnn,7,2,1,7,0.18784654568271136,0.09583309994507018
cb_rnn,7,2,2,0,0.9882328123426996,0.01244937595505123
cb_rnn,7,2,2,1,0.03742613711307845,0.10734945774879326
cb_rnn,7,2,2,2,0.9999999756447648,0.0
cb_rnn,7,2,2,3,0.13295163436184468,0.10084194447381378
cb_rnn,7,2,2,4,0.21718672384198143,0.0894071042174148
cb_rnn,7,2,2,5,0.9662494497152875,0.020813043864877166
cb_rnn,7,2,2,6,0.3153375234147255,0.08388246721535653
cb_rnn,7,2,2,7,0.9843932434682086,0.014411609447881935
cb_rnn,7,2,3,0,0.12724455620258535,0.10206415799436197
cb_rnn,7,2,3,1,0.9709482895109064,0.017841259268083866
cb_rnn,7,2,3,2,0.13295163436184468,0.10084194447381378
cb_rnn,7,2,3,3,0.9999999705458996,0.0
cb_rnn,7,2,3,4,0.9673189875284341,0.02085595092364118
cb_rnn,7,2,3,5,0.2929473835044725,0.08771304032869724
cb_rnn,7,2,3,6,0.9783221489700065,0.018389088670783642
cb_rnn,7,2,3,7,0.2837523869717567,0.08900768514084118
cb_rnn,7,2,4,0,0.2195378259864092,0.09023200308209688
cb_rnn,7,2,4,1,0.9798447880976856,0.01929188303455462
cb_rnn,7,2,4,2,0.21718672384198143,0.0894071042174148
cb_rnn,7,2,4,3,0.9673189875284341,0.02085595092364118
cb_rnn,7,2,4,4,0.9999999576817623,0.0
cb_rnn,7,2,4,5,0.38090306497329396,0.07622931131480755
cb_rnn,7,2,4,6,0.9612843202664847,0.016904645671408706
cb_rnn,7,2,4,7,0.3602763467844096,0.07825577115008393
cb_rnn,7,2,5,0,0.981198571319994,0.01653295704018094
cb_rnn,7,2,5,1,0.21136253926444842,0.09368957697172152
cb_rnn,7,2,5,2,0.9662494497152875,0.020813043864877166
cb_rnn,7,2,5,3,0.2929473835044725,0.08771304032869724
cb_rnn,7,2,5,4,0.38090306497329396,0.07622931131480755
cb_rnn,7,2,5,5,0.999999971972804,0.0
cb_rnn,7,2,5,6,0.45537588818929065,0.07164959409288389
cb_rnn,7,2,5,7,0.9864971826543146,0.012422737334534638
cb_rnn,7,2,6,0,0.302476227744388,0.08555524934267664
cb_rnn,7,2,6,1,0.9259370554399076,0.02934157902516359
cb_rnn,7,2,6,2,0.3153375234147255,0.08388246721535653
cb_rnn,7,2,6,3,0.9783221489700065,0.018389088670783642
cb_rnn,7,2,6,4,0.9612843202664847,0.016904645671408706
cb_rnn,7,2,6,5,0.45537588818929065,0.07164959409288389
cb_rnn,7,2,6,6,0.9999999576431808,0.0
cb_rnn,7,2,6,7,0.45568100661249017,0.07240954621326139
cb_rnn,7,2,7,0,0.974802867095214,0.01847892088954883
cb_rnn,7,2,7,1,0.18784654568271136,0.09583309994507018
cb_rnn,7,2,7,2,0.9843932434682086,0.014411609447881935
cb_rnn,7,2,7,3,0.2837523869717567,0.08900768514084118
cb_rnn,7,2,7,4,0.3602763467844096,0.07825577115008393
cb_rnn,7,2,7,5,0.9864971826543146,0.012422737334534638
cb_rnn,7,2,7,6,0.45568100661249017,0.07240954621326139
cb_rnn,7,2,7,7,0.9999999728378028,0.0
cb_rnn,7,3,0,0,0.999999998647412,0.0
cb_rnn,7,3,0,1,0.484876584488579,0.3317682290643265
cb_rnn,7,3,0,2,0.9501751303982661,0.10887478486407112
cb_rnn,7,3,0,3,0.4865703831579668,0.3113120803794856
cb_rnn,7,3,0,4,0.42274761413899764,0.3289764821471617
cb_rnn,7,3,0,5,0.9775495675630425,0.0731967044824676
cb_rnn,7,3,0,6,0.42196687548602496,0.32105121307891316
cb_rnn,7,3,0,7,0.9325999404853041,0.1289505141937702
cb_rnn,7,3,1,0,0.484876584488579,0.3317682290643265
cb_rnn,7,3,1,1,0.9999999983963467,0.0
cb_rnn,7,3,1,2,0.4128777429261007,0.3589584196802957
cb_rnn,7,3,1,3,0.8267423893564295,0.17560804881398231
cb_rnn,7,3,1,4,0.96218082608902,0.09444651924046116
cb_rnn,7,3,1,5,0.6301522084321836,0.2853951219368981
cb_rnn,7,3,1,6,0.6275441274092933,0.24593063517574798
cb_rnn,7,3,1,7,0.5462542522541045,0.3209983698386193
cb_rnn,7,3,2,0,0.9501751303982661,0.10887478486407112
cb_rnn,7,3,2,1,0.4128777429261007,0.3589584196802957
cb_rnn,7,3,2,2,0.9999999987099886,0.0
cb_rnn,7,3,2,3,0.5374306405790521,0.3021612705595676
cb_rnn,7,3,2,4,0.329219644679539,0.3590541884043401
cb_rnn,7,3,2,5,0.9265041976079484,0.13331035747420775
cb_rnn,7,3,2,6,0.49933504204748735,0.3074000412554388
cb_rnn,7,3,2,7,0.9804643639368994,0.07019017903352891
cb_rnn,7,3,3,0,0.4865703831579668,0.3113120803794856
cb_rnn,7,3,3,1,0.8267423893564295,0.17560804881398231
cb_rnn,7,3,3,2,0.5374306405790521,0.3021612705595676
cb_rnn,7,3,3,3,0.9999999976687812,0.0
cb_rnn,7,3,3,4,0.8335967668019689,0.14945158326591465
cb_rnn,7,3,3,5,0.6222031369090893,0.27529211724127406
cb_rnn,7,3,3,6,0.9371944702756644,0.09075903873559285
cb_rnn,7,3,3,7,0.6622845380730686,0.2682410370955321
cb_rnn,7,3,4,0,0.42274761413899764,0.3289764821471617
cb_rnn,7,3,4,1,0.96218082608902,0.09444651924046116
cb_rnn,7,3,4,2,0.329219644679539,0.3590541884043401
cb_rnn,7,3,4,3,0.8335967668019689,0.14945158326591465
cb_rnn,7,3,4,4,0.9999999976748929,0.0
cb_rnn,7,3,4,5,0.5586016952843567,0.29541495871349355
cb_rnn,7,3,4,6,0.7071702692437467,0.19004582777929102
cb_rnn,7,3,4,7,0.4532301667989512,0.33261727687584214
cb_rnn,7,3,5,0,0.9775495675630425,0.0731967044824676
cb_rnn,7,3,5,1,0.6301522084321836,0.2853951219368981
cb_rnn,7,3,5,2,0.9265041976079484,0.13331035747420775
cb_rnn,7,3,5,3,0.6222031369090893,0.27529211724127406
cb_rnn,7,3,5,4,0.5586016952843567,0.29541495871349355
cb_rnn,7,3,5,5,0.9999999987052196,0.0
cb_rnn,7,3,5,6,0.5182171646089058,0.30188479338097646
cb_rnn,7,3,5,7,0.9506553787243341,0.11098396550655504
cb_rnn,7,3,6,0,0.42196687548602496,0.32105121307891316
cb_rnn,7,3,6,1,0.6275441274092933,0.24593063517574798
cb_rnn,7,3,6,2,0.49933504204748735,0.3074000412554388
cb_rnn,7,3,6,3,0.9371944702756644,0.09075903873559285
cb_rnn,7,3,6,4,0.7071702692437467,0.19004582777929102
cb_rnn,7,3,6,5,0.5182171646089058,0.30188479338097646
cb_rnn,7,3,6,6,0.9999999971354024,0.0
cb_rnn,7,3,6,7,0.5873538455144115,0.2897138714159161
cb_rnn,7,3,7,0,0.9325999404853041,0.1289505141937702
cb_rnn,7,3,7,1,0.5462542522541045,0.3209983698386193
cb_rnn,7,3,7,2,0.9804643639368994,0.07019017903352891
cb_rnn,7,3,7,3,0.6622845380730686,0.2682410370955321
cb_rnn,7,3,7,4,0.4532301667989512,0.33261727687584214
cb_rnn,7,3,7,5,0.9506553787243341,0.11098396550655504
cb_rnn,7,3,7,6,0.5873538455144115,0.2897138714159161
cb_rnn,7,3,7,7,0.9999999987721973,0.0
cb_rnn,7,4,0,0,0.9999999996208868,0.0
cb_rnn,7,4,0,1,0.7793748341883533,0.4026025023214273
cb_rnn,7,4,0,2,0.9061588121088993,0.2932942321204564
cb_rnn,7,4,0,3,0.8342133873377965,0.36244851054921273
cb_rnn,7,4,0,4,0.7728210770022429,0.408497801293245
cb_rnn,7,4,0,5,0.9746114760911995,0.14398209907203222
cb_rnn,7,4,0,6,0.8016345304753999,0.38381435620530036
cb_rnn,7,4,0,7,0.902731288652539,0.30268971623230984
cb_rnn,7,4,1,0,0.7793748341883533,0.4026025023214273
cb_rnn,7,4,1,1,0.9999999993310685,0.0
cb_rnn,7,4,1,2,0.5256834550852398,0.601149735239104
cb_rnn,7,4,1,3,0.6726200211539973,0.3814828347136195
cb_rnn,7,4,1,4,0.9814180017485336,0.09306782272476673
cb_rnn,7,4,1,5,0.7327761010478222,0.4212460143413706
cb_rnn,7,4,1,6,0.5623462991775356,0.46997287709791646
cb_rnn,7,4,1,7,0.5117679057619842,0.6167677923480808
cb_rnn,7,4,2,0,0.9061588121088993,0.2932942321204564
cb_rnn,7,4,2,1,0.5256834550852398,0.601149735239104
cb_rnn,7,4,2,2,0.999999999674309,0.0
cb_rnn,7,4,2,3,0.8319929459167613,0.40210460833349965
cb_rnn,7,4,2,4,0.5152648996808681,0.603644630909798
cb_rnn,7,4,2,5,0.9018836715605144,0.2992945863458228
cb_rnn,7,4,2,6,0.8228631919895526,0.39685757818932305
cb_rnn,7,4,2,7,0.9932429788262955,0.0818538900007542
cb_rnn,7,4,3,0,0.8342133873377965,0.36244851054921273
cb_rnn,7,4,3,1,0.6726200211539973,0.3814828347136195
cb_rnn,7,4,3,2,0.8319929459167613,0.40210460833349965
cb_rnn,7,4,3,3,0.999999999254577,0.0
cb_rnn,7,4,3,4,0.714041385201371,0.3496002354650054
cb_rnn,7,4,3,5,0.8080779653818284,0.36599638253479344
cb_rnn,7,4,3,6,0.9759714848628352,0.12317855910633478
cb_rnn,7,4,3,7,0.8560427008255804,0.39118599910920276
cb_rnn,7,4,4,0,0.7728210770022429,0.408497801293245
cb_rnn,7,4,4,1,0.9814180017485336,0.09306782272476673
cb_rnn,7,4,4,2,0.5152648996808681,0.603644630909798
cb_rnn,7,4,4,3,0.714041385201371,0.3496002354650054
cb_rnn,7,4,4,4,0.9999999992819598,0.0
cb_rnn,7,4,4,5,0.7412317020038668,0.4145133171487694
cb_rnn,7,4,4,6,0.6344821756555602,0.42400964685779474
cb_rnn,7,4,4,7,0.5101031950719861,0.6145155666612914
cb_rnn,7,4,5,0,0.9746114760911995,0.14398209907203222
cb_rnn,7,4,5,1,0.7327761010478222,0.4212460143413706
cb_rnn,7,4,5,2,0.9018836715605144,0.2992945863458228
cb_rnn,7,4,5,3,0.8080779653818284,0.36599638253479344
cb_rnn,7,4,5,4,0.7412317020038668,0.4145133171487694
cb_rnn,7,4,5,5,0.9999999995900706,0.0
cb_rnn,7,4,5,6,0.8033575833885966,0.36837581247859474
cb_rnn,7,4,5,7,0.9041759242441572,0.3010435157263905
cb_rnn,7,4,6,0,0.8016345304753999,0.38381435620530036
cb_rnn,7,4,6,1,0.5623462991775356,0.46997287709791646
cb_rnn,7,4,6,2,0.8228631919895526,0.39685757818932305
cb_rnn,7,4,6,3,0.9759714848628352,0.12317855910633478
cb_rnn,7,4,6,4,0.6344821756555602,0.42400964685779474
cb_rnn,7,4,6,5,0.8033575833885966,0.36837581247859474
cb_rnn,7,4,6,6,0.9999999994201191,0.0
cb_rnn,7,4,6,7,0.8536325110729456,0.37531259169410325
cb_rnn,7,4,7,0,0.902731288652539,0.30268971623230984
cb_rnn,7,4,7,1,0.5117679057619842,0.6167677923480808
cb_rnn,7,4,7,2,0.9932429788262955,0.0818538900007542
cb_rnn,7,4,7,3,0.8560427008255804,0.39118599910920276
cb_rnn,7,4,7,4,0.5101031950719861,0.6145155666612914
cb_rnn,7,4,7,5,0.9041759242441572,0.3010435157263905
cb_rnn,7,4,7,6,0.8536325110729456,0.37531259169410325
cb_rnn,7,4,7,7,0.9999999996842034,0.0
cb_rnn,7,5,0,0,0.9999999996082272,0.0
cb_rnn,7,5,0,1,0.9325193249090103,0.23599895302874066
cb_rnn,7,5,0,2,0.8419220914089776,0.38192802855852326
cb_rnn,7,5,0,3,0.8617084993486485,0.32961280894559075
cb_rnn,7,5,0,4,0.8926657194122245,0.2999058831533551
cb_rnn,7,5,0,5,0.9902489071278276,0.08990202382752112
cb_rnn,7,5,0,6,0.785331741545115,0.39207274123527674
cb_rnn,7,5,0,7,0.8445856272964336,0.35666727849469865
cb_rnn,7,5,1,0,0.9325193249090103,0.23599895302874066
cb_rnn,7,5,1,1,0.9999999994399678,0.0
cb_rnn,7,5,1,2,0.796133707043058,0.427332034497447
cb_rnn,7,5,1,3,0.7732820121336518,0.3399899783611789
cb_rnn,7,5,1,4,0.9495837363882207,0.16871869006673135
cb_rnn,7,5,1,5,0.9034579439894402,0.2609242871241836
cb_rnn,7,5,1,6,0.6373074594003868,0.4486957213167304
cb_rnn,7,5,1,7,0.7762685278303848,0.40861375162404767
cb_rnn,7,5,2,0,0.8419220914089776,0.38192802855852326
cb_rnn,7,5,2,1,0.796133707043058,0.427332034497447
cb_rnn,7,5,2,2,0.9999999996848794,0.0
cb_rnn,7,5,2,3,0.8713246440492687,0.3753408721852084
cb_rnn,7,5,2,4,0.6504472394510368,0.5349646321729139
cb_rnn,7,5,2,5,0.847255690994357,0.3741804458738995
cb_rnn,7,5,2,6,0.779481352860689,0.4417268011254203
cb_rnn,7,5,2,7,0.9909693931506242,0.10728570997547453
cb_rnn,7,5,3,0,0.8617084993486485,0.32961280894559075
cb_rnn,7,5,3,1,0.7732820121336518,0.3399899783611789
cb_rnn,7,5,3,2,0.8713246440492687,0.3753408721852084
cb_rnn,7,5,3,3,0.9999999992834678,0.0
cb_rnn,7,5,3,4,0.7465999055255028,0.3332677436720661
cb_rnn,7,5,3,5,0.8725467437730065,0.3030006694114049
cb_rnn,7,5,3,6,0.9715179405184313,0.13188644970356325
cb_rnn,7,5,3,7,0.8920870851516287,0.31233364645320105
cb_rnn,7,5,4,0,0.8926657194122245,0.2999058831533551
cb_rnn,7,5,4,1,0.9495837363882207,0.16871869006673135
cb_rnn,7,5,4,2,0.6504472394510368,0.5349646321729139
cb_rnn,7,5,4,3,0.7465999055255028,0.3332677436720661
cb_rnn,7,5,4,4,0.9999999992905095,0.0
cb_rnn,7,5,4,5,0.8491612563574606,0.32379884843602325
cb_rnn,7,5,4,6,0.6560140664763753,0.41568022108299524
cb_rnn,7,5,4,7,0.6330194229801385,0.5043158189075158
cb_rnn,7,5,5,0,0.9902489071278276,0.08990202382752112
cb_rnn,7,5,5,1,0.9034579439894402,0.2609242871241836
cb_rnn,7,5,5,2,0.847255690994357,0.3741804458738995
cb_rnn,7,5,5,3,0.8725467437730065,0.3030006694114049
cb_rnn,7,5,5,4,0.8491612563574606,0.32379884843602325
cb_rnn,7,5,5,5,0.9999999995757429,0.0
cb_rnn,7,5,5,6,0.8018713723803426,0.36467244138712185
cb_rnn,7,5,5,7,0.8665693532533936,0.3261255718328558
cb_rnn,7,5,6,0,0.785331741545115,0.39207274123527674
cb_rnn,7,5,6,1,0.6373074594003868,0.4486957213167304
cb_rnn,7,5,6,2,0.779481352860689,0.4417268011254203
cb_rnn,7,5,6,3,0.9715179405184313,0.13188644970356325
cb_rnn,7,5,6,4,0.6560140664763753,0.41568022108299524
cb_rnn,7,5,6,5,0.8018713723803426,0.36467244138712185
cb_rnn,7,5,6,6,0.9999999994340346,0.0
cb_rnn,7,5,6,7,0.8118572507765137,0.3776723934856518
cb_rnn,7,5,7,0,0.8445856272964336,0.35666727849469865
cb_rnn,7,5,7,1,0.7762685278303848,0.40861375162404767
cb_rnn,7,5,7,2,0.9909693931506242,0.10728570997547453
cb_rnn,7,5,7,3,0.8920870851516287,0.31233364645320105
cb_rnn,7,5,7,4,0.6330194229801385,0.5043158189075158
cb_rnn,7,5,7,5,0.8665693532533936,0.3261255718328558
cb_rnn,7,5,7,6,0.8118572507765137,0.3776723934856518
cb_rnn,7,5,7,7,0.9999999996265767,0.0
cb_rnn,7,6,0,0,0.9999999995162598,0.0
cb_rnn,7,6,0,1,0.8724421824727214,0.2803812433697753
cb_rnn,7,6,0,2,0.7411815655611687,0.4226079103853829
cb_rnn,7,6,0,3,0.7948830547124066,0.3466078920509687
cb_rnn,7,6,0,4,0.9146661893039809,0.2325912573539984
cb_rnn,7,6,0,5,0.9857843118733098,0.09626274867831328
cb_rnn,7,6,0,6,0.7556436740864969,0.3850692794535618
cb_rnn,7,6,0,7,0.7679356019362408,0.3932628530407062
cb_rnn,7,6,1,0,0.8724421824727214,0.2803812433697753
cb_rnn,7,6,1,1,0.9999999994523117,0.0
cb_rnn,7,6,1,2,0.8481347771849524,0.3202614405498916
cb_rnn,7,6,1,3,0.6219644524008034,0.4458598102124524
cb_rnn,7,6,1,4,0.982235728733634,0.10509024699715261
cb_rnn,7,6,1,5,0.8164921286557926,0.3280780564849445
cb_rnn,7,6,1,6,0.5177639662174145,0.5215668471968568
cb_rnn,7,6,1,7,0.8167037894971761,0.3423469779621843
cb_rnn,7,6,2,0,0.7411815655611687,0.4226079103853829
cb_rnn,7,6,2,1,0.8481347771849524,0.3202614405498916
cb_rnn,7,6,2,2,0.9999999995702747,0.0
cb_rnn,7,6,2,3,0.7696134219676828,0.3856824293611448
cb_rnn,7,6,2,4,0.8960064874080653,0.26822914253590713
cb_rnn,7,6,2,5,0.6811375466326298,0.46235962457836977
cb_rnn,7,6,2,6,0.6977709045575281,0.4450519657476412
cb_rnn,7,6,2,7,0.9876875279891407,0.09489843707324154
cb_rnn,7,6,3,0,0.7948830547124066,0.3466078920509687
cb_rnn,7,6,3,1,0.6219644524008034,0.4458598102124524
cb_rnn,7,6,3,2,0.7696134219676828,0.3856824293611448
cb_rnn,7,6,3,3,0.9999999993403254,0.0
cb_rnn,7,6,3,4,0.7230667292517631,0.3934109025564102
cb_rnn,7,6,3,5,0.7745113229331866,0.35222459312123505
cb_rnn,7,6,3,6,0.9798103932669096,0.10992034778579567
cb_rnn,7,6,3,7,0.8378529586735064,0.3194919233270041
cb_rnn,7,6,4,0,0.9146661893039809,0.2325912573539984
cb_rnn,7,6,4,1,0.982235728733634,0.10509024699715261
cb_rnn,7,6,4,2,0.8960064874080653,0.26822914253590713
cb_rnn,7,6,4,3,0.7230667292517631,0.3934109025564102
cb_rnn,7,6,4,4,0.9999999994949751,0.0
cb_rnn,7,6,4,5,0.8706981010927394,0.2808972853473612
cb_rnn,7,6,4,6,0.6434297327510092,0.4585144143843904
cb_rnn,7,6,4,7,0.8832922880013718,0.27716718779212673
cb_rnn,7,6,5,0,0.9857843118733098,0.09626274867831328
cb_rnn,7,6,5,1,0.8164921286557926,0.3280780564849445
cb_rnn,7,6,5,2,0.6811375466326298,0.46235962457836977
cb_rnn,7,6,5,3,0.7745113229331866,0.35222459312123505
cb_rnn,7,6,5,4,0.8706981010927394,0.2808972853473612
cb_rnn,7,6,5,5,0.9999999994798373,0.0
cb_rnn,7,6,5,6,0.7560595317183295,0.37627910060979425
cb_rnn,7,6,5,7,0.7239255094515822,0.4224687858841551
cb_rnn,7,6,6,0,0.7556436740864969,0.3850692794535618
cb_rnn,7,6,6,1,0.5177639662174145,0.5215668471968568
cb_rnn,7,6,6,2,0.6977709045575281,0.4450519657476412
cb_rnn,7,6,6,3,0.9798103932669096,0.10992034778579567
cb_rnn,7,6,6,4,0.6434297327510092,0.4585144143843904
cb_rnn,7,6,6,5,0.7560595317183295,0.37627910060979425
cb_rnn,7,6,6,6,0.999999999439512,0.0
cb_rnn,7,6,6,7,0.7777452117946526,0.3750010763481978
cb_rnn,7,6,7,0,0.7679356019362408,0.3932628530407062
cb_rnn,7,6,7,1,0.8167037894971761,0.3423469779621843
cb_rnn,7,6,7,2,0.9876875279891407,0.09489843707324154
cb_rnn,7,6,7,3,0.8378529586735064,0.3194919233270041
cb_rnn,7,6,7,4,0.8832922880013718,0.27716718779212673
cb_rnn,7,6,7,5,0.7239255094515822,0.4224687858841551
cb_rnn,7,6,7,6,0.7777452117946526,0.3750010763481978
cb_rnn,7,6,7,7,0.9999999995437776,0.0
cb_rnn,7,7,0,0,0.9999999992731142,0.0
cb_rnn,7,7,0,1,0.8383798761494506,0.2541643724804081
cb_rnn,7,7,0,2,0.6289475572335174,0.4057495351498915
cb_rnn,7,7,0,3,0.7643518549126564,0.3031666349693456
cb_rnn,7,7,0,4,0.852315203137041,0.24611801280885193
cb_rnn,7,7,0,5,0.9949277065898368,0.06752660838221636
cb_rnn,7,7,0,6,0.7547987145289269,0.32444921453763215
cb_rnn,7,7,0,7,0.6876713358789365,0.3536444870349451
cb_rnn,7,7,1,0,0.8383798761494506,0.2541643724804081
cb_rnn,7,7,1,1,0.9999999990960099,0.0
cb_rnn,7,7,1,2,0.8254401578281627,0.2706065140312593
cb_rnn,7,7,1,3,0.6002127531480504,0.3669737923960605
cb_rnn,7,7,1,4,0.9904551842007963,0.06270647967135569
cb_rnn,7,7,1,5,0.8343892583049747,0.23834213031922064
cb_rnn,7,7,1,6,0.5093296664829698,0.43717436087176154
cb_rnn,7,7,1,7,0.7866107237497276,0.2755772756264267
cb_rnn,7,7,2,0,0.6289475572335174,0.4057495351498915
cb_rnn,7,7,2,1,0.8254401578281627,0.2706065140312593
cb_rnn,7,7,2,2,0.9999999993158574,0.0
cb_rnn,7,7,2,3,0.7504836899993899,0.31918530788167926
cb_rnn,7,7,2,4,0.8231178947748821,0.2749084226915897
cb_rnn,7,7,2,5,0.6480788593778941,0.37817713418796567
cb_rnn,7,7,2,6,0.6599298013525786,0.38821258367463457
cb_rnn,7,7,2,7,0.9798101841940151,0.10396648384302763
cb_rnn,7,7,3,0,0.7643518549126564,0.3031666349693456
cb_rnn,7,7,3,1,0.6002127531480504,0.3669737923960605
cb_rnn,7,7,3,2,0.7504836899993899,0.31918530788167926
cb_rnn,7,7,3,3,0.9999999990462526,0.0
cb_rnn,7,7,3,4,0.6041634369266811,0.3757151407465792
cb_rnn,7,7,3,5,0.794256016825261,0.26220942251480384
cb_rnn,7,7,3,6,0.9818256547338917,0.1010025486503809
cb_rnn,7,7,3,7,0.8518907432682378,0.22745113056529193
cb_rnn,7,7,4,0,0.852315203137041,0.24611801280885193
cb_rnn,7,7,4,1,0.9904551842007963,0.06270647967135569
cb_rnn,7,7,4,2,0.8231178947748821,0.2749084226915897
cb_rnn,7,7,4,3,0.6041634369266811,0.3757151407465792
cb_rnn,7,7,4,4,0.9999999991827012,0.0
cb_rnn,7,7,4,5,0.8467092087819125,0.23643890443697338
cb_rnn,7,7,4,6,0.5290535308890738,0.43741612239768457
cb_rnn,7,7,4,7,0.7923094798380448,0.2787467096503012
cb_rnn,7,7,5,0,0.9949277065898368,0.06752660838221636
cb_rnn,7,7,5,1,0.8343892583049747,0.23834213031922064
cb_rnn,7,7,5,2,0.6480788593778941,0.37817713418796567
cb_rnn,7,7,5,3,0.794256016825261,0.26220942251480384
cb_rnn,7,7,5,4,0.8467092087819125,0.23643890443697338
cb_rnn,7,7,5,5,0.9999999990815062,0.0
cb_rnn,7,7,5,6,0.7833086438767946,0.2920793263106019
cb_rnn,7,7,5,7,0.7150722368173007,0.3172420226089627
cb_rnn,7,7,6,0,0.7547987145289269,0.32444921453763215
cb_rnn,7,7,6,1,0.5093296664829698,0.43717436087176154
cb_rnn,7,7,6,2,0.6599298013525786,0.38821258367463457
cb_rnn,7,7,6,3,0.9818256547338917,0.1010025486503809
cb_rnn,7,7,6,4,0.5290535308890738,0.43741612239768457
cb_rnn,7,7,6,5,0.7833086438767946,0.2920793263106019
cb_rnn,7,7,6,6,0.9999999992710528,0.0
cb_rnn,7,7,6,7,0.7850237154260737,0.2938137846913395
cb_rnn,7,7,7,0,0.6876713358789365,0.3536444870349451
cb_rnn,7,7,7,1,0.7866107237497276,0.2755772756264267
cb_rnn,7,7,7,2,0.9798101841940151,0.10396648384302763
cb_rnn,7,7,7,3,0.8518907432682378,0.22745113056529193
cb_rnn,7,7,7,4,0.7923094798380448,0.2787467096503012
cb_rnn,7,7,7,5,0.7150722368173007,0.3172420226089627
cb_rnn,7,7,7,6,0.7850237154260737,0.2938137846913395
cb_rnn,7,7,7,7,0.999999999144093,0.0
cb_rnn,7,8,0,0,0.9999999991562752,0.0
cb_rnn,7,8,0,1,0.7719836928361554,0.28116555879215466
cb_rnn,7,8,0,2,0.5413910510984797,0.41025575769128475
cb_rnn,7,8,0,3,0.7972833674926854,0.25977545466895813
cb_rnn,7,8,0,4,0.7939346248533328,0.2720306319508117
cb_rnn,7,8,0,5,0.9961194639939698,0.04818711277398424
cb_rnn,7,8,0,6,0.7865225939200388,0.27777633076653857
cb_rnn,7,8,0,7,0.591873003794808,0.3637047098137801
cb_rnn,7,8,1,0,0.7719836928361554,0.28116555879215466
cb_rnn,7,8,1,1,0.9999999990098585,0.0
cb_rnn,7,8,1,2,0.7932915925079932,0.26621490544463366
cb_rnn,7,8,1,3,0.4891976194304662,0.375758707721713
cb_rnn,7,8,1,4,0.9893710850505836,0.062203861770449155
cb_rnn,7,8,1,5,0.746310243902286,0.2835461481341012
cb_rnn,7,8,1,6,0.4478562184594713,0.4294375095598187
cb_rnn,7,8,1,7,0.7790330215820425,0.25498666369868844
cb_rnn,7,8,2,0,0.5413910510984797,0.41025575769128475
cb_rnn,7,8,2,1,0.7932915925079932,0.26621490544463366
cb_rnn,7,8,2,2,0.9999999991404982,0.0
cb_rnn,7,8,2,3,0.6317922252563215,0.33791032316176295
cb_rnn,7,8,2,4,0.8096911475364764,0.2600618218324275
cb_rnn,7,8,2,5,0.5123162816202511,0.40821043887265873
cb_rnn,7,8,2,6,0.6077685996655321,0.37455248715122363
cb_rnn,7,8,2,7,0.9896252898660028,0.08425997271311648
cb_rnn,7,8,3,0,0.7972833674926854,0.25977545466895813
cb_rnn,7,8,3,1,0.4891976194304662,0.375758707721713
cb_rnn,7,8,3,2,0.6317922252563215,0.33791032316176295
cb_rnn,7,8,3,3,0.9999999986465811,0.0
cb_rnn,7,8,3,4,0.5270290123619992,0.37358354399359117
cb_rnn,7,8,3,5,0.800051790313461,0.24018831240922514
cb_rnn,7,8,3,6,0.9899285643831629,0.09587193796466544
cb_rnn,7,8,3,7,0.7076627140543451,0.2700391444799858
cb_rnn,7,8,4,0,0.7939346248533328,0.2720306319508117
cb_rnn,7,8,4,1,0.9893710850505836,0.062203861770449155
cb_rnn,7,8,4,2,0.8096911475364764,0.2600618218324275
cb_rnn,7,8,4,3,0.5270290123619992,0.37358354399359117
cb_rnn,7,8,4,4,0.9999999990975568,0.0
cb_rnn,7,8,4,5,0.771780769015451,0.2757778615717544
cb_rnn,7,8,4,6,0.49934539138805817,0.4179768728758139
cb_rnn,7,8,4,7,0.8035937420140844,0.24943118147065657
cb_rnn,7,8,5,0,0.9961194639939698,0.04818711277398424
cb_rnn,7,8,5,1,0.746310243902286,0.2835461481341012
cb_rnn,7,8,5,2,0.5123162816202511,0.40821043887265873
cb_rnn,7,8,5,3,0.800051790313461,0.24018831240922514
cb_rnn,7,8,5,4,0.771780769015451,0.2757778615717544
cb_rnn,7,8,5,5,0.9999999990179301,0.0
cb_rnn,7,8,5,6,0.7911574256389344,0.26508825914787343
cb_rnn,7,8,5,7,0.5718409993888851,0.3543599881210439
cb_rnn,7,8,6,0,0.7865225939200388,0.27777633076653857
cb_rnn,7,8,6,1,0.4478562184594713,0.4294375095598187
cb_rnn,7,8,6,2,0.6077685996655321,0.37455248715122363
cb_rnn,7,8,6,3,0.9899285643831629,0.09587193796466544
cb_rnn,7,8,6,4,0.49934539138805817,0.4179768728758139
cb_rnn,7,8,6,5,0.7911574256389344,0.26508825914787343
cb_rnn,7,8,6,6,0.9999999991112125,0.0
cb_rnn,7,8,6,7,0.6848993117505782,0.3150431318144143
cb_rnn,7,8,7,0,0.591873003794808,0.3637047098137801
cb_rnn,7,8,7,1,0.7790330215820425,0.25498666369868844
cb_rnn,7,8,7,2,0.9896252898660028,0.08425997271311648
cb_rnn,7,8,7,3,0.7076627140543451,0.2700391444799858
cb_rnn,7,8,7,4,0.8035937420140844,0.24943118147065657
cb_rnn,7,8,7,5,0.5718409993888851,0.3543599881210439
cb_rnn,7,8,7,6,0.6848993117505782,0.3150431318144143
cb_rnn,7,8,7,7,0.9999999988213095,0.0
cb_rnn,7,9,0,0,0.9999999991576003,0.0
cb_rnn,7,9,0,1,0.644468060749929,0.37174513472931264
cb_rnn,7,9,0,2,0.41049509989570626,0.46340398558665613
cb_rnn,7,9,0,3,0.751154173887688,0.28545074464386044
cb_rnn,7,9,0,4,0.7006086751553511,0.34350870562654756
cb_rnn,7,9,0,5,0.9858337197031513,0.0772535607788068
cb_rnn,7,9,0,6,0.7311194359836478,0.30047530454980625
cb_rnn,7,9,0,7,0.4469690124348299,0.42758509569636804
cb_rnn,7,9,1,0,0.644468060749929,0.37174513472931264
cb_rnn,7,9,1,1,0.9999999992285321,0.0
cb_rnn,7,9,1,2,0.772888614062407,0.2952434901555016
cb_rnn,7,9,1,3,0.3266975838250454,0.4709057313737713
cb_rnn,7,9,1,4,0.9903385651318926,0.06313194713793334
cb_rnn,7,9,1,5,0.5527049116678224,0.40336240019185654
cb_rnn,7,9,1,6,0.24288425283405365,0.5124803814855915
cb_rnn,7,9,1,7,0.7744143183464618,0.2862509020864596
cb_rnn,7,9,2,0,0.41049509989570626,0.46340398558665613
cb_rnn,7,9,2,1,0.772888614062407,0.2952434901555016
cb_rnn,7,9,2,2,0.9999999991258834,0.0
cb_rnn,7,9,2,3,0.5500822029623814,0.3718096980252856
cb_rnn,7,9,2,4,0.7978282244872852,0.2808470565049171
cb_rnn,7,9,2,5,0.28754962241667714,0.48983096677927473
cb_rnn,7,9,2,6,0.4749408191465349,0.41198742726355303
cb_rnn,7,9,2,7,0.993110999601348,0.06488375608530927
cb_rnn,7,9,3,0,0.751154173887688,0.28545074464386044
cb_rnn,7,9,3,1,0.3266975838250454,0.4709057313737713
cb_rnn,7,9,3,2,0.5500822029623814,0.3718096980252856
cb_rnn,7,9,3,3,0.9999999987178985,0.0
cb_rnn,7,9,3,4,0.41506974095357646,0.44404772722284347
cb_rnn,7,9,3,5,0.7286301523332523,0.2785089375937379
cb_rnn,7,9,3,6,0.9884858644099848,0.06209734233097055
cb_rnn,7,9,3,7,0.5870833128182523,0.3313676121757707
cb_rnn,7,9,4,0,0.7006086751553511,0.34350870562654756
cb_rnn,7,9,4,1,0.9903385651318926,0.06313194713793334
cb_rnn,7,9,4,2,0.7978282244872852,0.2808470565049171
cb_rnn,7,9,4,3,0.41506974095357646,0.44404772722284347
cb_rnn,7,9,4,4,0.9999999992460223,0.0
cb_rnn,7,9,4,5,0.609753483429721,0.3801194801903428
cb_rnn,7,9,4,6,0.34289856012653597,0.48165006664625015
cb_rnn,7,9,4,7,0.8044814414279767,0.27065182054342324
cb_rnn,7,9,5,0,0.9858337197031513,0.0772535607788068
cb_rnn,7,9,5,1,0.5527049116678224,0.40336240019185654
cb_rnn,7,9,5,2,0.28754962241667714,0.48983096677927473
cb_rnn,7,9,5,3,0.7286301523332523,0.2785089375937379
cb_rnn,7,9,5,4,0.609753483429721,0.3801194801903428
cb_rnn,7,9,5,5,0.9999999990095518,0.0
cb_rnn,7,9,5,6,0.719927111266195,0.29054427016854795
cb_rnn,7,9,5,7,0.3351879164552513,0.4471943154663208
cb_rnn,7,9,6,0,0.7311194359836478,0.30047530454980625
cb_rnn,7,9,6,1,0.24288425283405365,0.5124803814855915
cb_rnn,7,9,6,2,0.4749408191465349,0.41198742726355303
cb_rnn,7,9,6,3,0.9884858644099848,0.06209734233097055
cb_rnn,7,9,6,4,0.34289856012653597,0.48165006664625015
cb_rnn,7,9,6,5,0.719927111266195,0.29054427016854795
cb_rnn,7,9,6,6,0.9999999989048673,0.0
cb_rnn,7,9,6,7,0.5166326318259101,0.371514583568409
cb_rnn,7,9,7,0,0.4469690124348299,0.42758509569636804
cb_rnn,7,9,7,1,0.7744143183464618,0.2862509020864596
cb_rnn,7,9,7,2,0.993110999601348,0.06488375608530927
cb_rnn,7,9,7,3,0.5870833128182523,0.3313676121757707
cb_rnn,7,9,7,4,0.8044814414279767,0.27065182054342324
cb_rnn,7,9,7,5,0.3351879164552513,0.4471943154663208
cb_rnn,7,9,7,6,0.5166326318259101,0.371514583568409
cb_rnn,7,9,7,7,0.9999999989063334,0.0
cb_rnn,7,10,0,0,0.9999999988658113,0.0
cb_rnn,7,10,0,1,0.6910584698562888,0.3100516567437517
cb_rnn,7,10,0,2,0.4351045802083434,0.43466079700122257
cb_rnn,7,10,0,3,0.6217674688371698,0.3020619762193837
cb_rnn,7,10,0,4,0.7123371671402066,0.3092399801261914
cb_rnn,7,10,0,5,0.9948557576696394,0.06173685834454745
cb_rnn,7,10,0,6,0.585755757383036,0.33013716392334597
cb_rnn,7,10,0,7,0.44690465298118337,0.3991215558280608
cb_rnn,7,10,1,0,0.6910584698562888,0.3100516567437517
cb_rnn,7,10,1,1,0.9999999990791774,0.0
cb_rnn,7,10,1,2,0.7647773287032018,0.29310972400194807
cb_rnn,7,10,1,3,0.4333270754813585,0.3948090968839222
cb_rnn,7,10,1,4,0.9942718233721821,0.048983358833416785
cb_rnn,7,10,1,5,0.7049431044472977,0.29369242666100664
cb_rnn,7,10,1,6,0.24421087366501898,0.4727353396692731
cb_rnn,7,10,1,7,0.7371224847393562,0.29067705481175976
cb_rnn,7,10,2,0,0.4351045802083434,0.43466079700122257
cb_rnn,7,10,2,1,0.7647773287032018,0.29310972400194807
cb_rnn,7,10,2,2,0.9999999991908266,0.0
cb_rnn,7,10,2,3,0.7576891166151015,0.28748187040768025
cb_rnn,7,10,2,4,0.7872623512450693,0.28400745710518066
cb_rnn,7,10,2,5,0.42700449532125945,0.4189110622440433
cb_rnn,7,10,2,6,0.5950619784896622,0.36492714153707906
cb_rnn,7,10,2,7,0.9950916791854844,0.06620900868419483
cb_rnn,7,10,3,0,0.6217674688371698,0.3020619762193837
cb_rnn,7,10,3,1,0.4333270754813585,0.3948090968839222
cb_rnn,7,10,3,2,0.7576891166151015,0.28748187040768025
cb_rnn,7,10,3,3,0.9999999984036247,0.0
cb_rnn,7,10,3,4,0.47548857827579505,0.39424739208831266
cb_rnn,7,10,3,5,0.5997258228929427,0.2833257270235829
cb_rnn,7,10,3,6,0.9655859318221517,0.0962009157967506
cb_rnn,7,10,3,7,0.7946303365846636,0.23520944382598014
cb_rnn,7,10,4,0,0.7123371671402066,0.3092399801261914
cb_rnn,7,10,4,1,0.9942718233721821,0.048983358833416785
cb_rnn,7,10,4,2,0.7872623512450693,0.28400745710518066
cb_rnn,7,10,4,3,0.47548857827579505,0.39424739208831266
cb_rnn,7,10,4,4,0.9999999991590182,0.0
cb_rnn,7,10,4,5,0.7237278149445623,0.29757060698739907
cb_rnn,7,10,4,6,0.3005142512289593,0.46811943122707467
cb_rnn,7,10,4,7,0.7641385422127537,0.2840220211714681
cb_rnn,7,10,5,0,0.9948557576696394,0.06173685834454745
cb_rnn,7,10,5,1,0.7049431044472977,0.29369242666100664
cb_rnn,7,10,5,2,0.42700449532125945,0.4189110622440433
cb_rnn,7,10,5,3,0.5997258228929427,0.2833257270235829
cb_rnn,7,10,5,4,0.7237278149445623,0.29757060698739907
cb_rnn,7,10,5,5,0.9999999984768787,0.0
cb_rnn,7,10,5,6,0.5610172102800917,0.3169801272455789
cb_rnn,7,10,5,7,0.4417092118389438,0.37818343417661177
cb_rnn,7,10,6,0,0.585755757383036,0.33013716392334597
cb_rnn,7,10,6,1,0.24421087366501898,0.4727353396692731
cb_rnn,7,10,6,2,0.5950619784896622,0.36492714153707906
cb_rnn,7,10,6,3,0.9655859318221517,0.0962009157967506
cb_rnn,7,10,6,4,0.3005142512289593,0.46811943122707467
cb_rnn,7,10,6,5,0.5610172102800917,0.3169801272455789
cb_rnn,7,10,6,6,0.9999999987489735,0.0
cb_rnn,7,10,6,7,0.6467931379356889,0.31281550856289264
cb_rnn,7,10,7,0,0.44690465298118337,0.3991215558280608
cb_rnn,7,10,7,1,0.7371224847393562,0.29067705481175976
cb_rnn,7,10,7,2,0.9950916791854844,0.06620900868419483
cb_rnn,7,10,7,3,0.7946303365846636,0.23520944382598014
cb_rnn,7,10,7,4,0.7641385422127537,0.2840220211714681
cb_rnn,7,10,7,5,0.4417092118389438,0.37818343417661177
cb_rnn,7,10,7,6,0.6467931379356889,0.31281550856289264
cb_rnn,7,10,7,7,0.9999999989585876,0.0
cb_rnn,7,11,0,0,0.9999999987020544,0.0
cb_rnn,7,11,0,1,0.6666886769108903,0.31693537817308437
cb_rnn,7,11,0,2,0.4541879944367283,0.4043863342349786
cb_rnn,7,11,0,3,0.5339387107091781,0.3242406927884787
cb_rnn,7,11,0,4,0.7095904486427611,0.29371549064594854
cb_rnn,7,11,0,5,0.9900569400825444,0.06495277184411072
cb_rnn,7,11,0,6,0.5344236932684032,0.35316269325582017
cb_rnn,7,11,0,7,0.4459973018705123,0.395317583703106
cb_rnn,7,11,1,0,0.6666886769108903,0.31693537817308437
cb_rnn,7,11,1,1,0.999999999090756,0.0
cb_rnn,7,11,1,2,0.7248103928417421,0.30895798575809985
cb_rnn,7,11,1,3,0.24691968775663048,0.45848131803623177
cb_rnn,7,11,1,4,0.9944736766471349,0.04364324139370206
cb_rnn,7,11,1,5,0.6153859787034565,0.3299132713727183
cb_rnn,7,11,1,6,0.22476398379903378,0.4966940590800248
cb_rnn,7,11,1,7,0.7031899690978305,0.3138574293951645
cb_rnn,7,11,2,0,0.4541879944367283,0.4043863342349786
cb_rnn,7,11,2,1,0.7248103928417421,0.30895798575809985
cb_rnn,7,11,2,2,0.999999999107074,0.0
cb_rnn,7,11,2,3,0.720443232471998,0.2909377642739134
cb_rnn,7,11,2,4,0.740668316642112,0.2980328221326155
cb_rnn,7,11,2,5,0.3898216602302567,0.40905418499433566
cb_rnn,7,11,2,6,0.7003193159915007,0.3116588978530493
cb_rnn,7,11,2,7,0.9970417351629398,0.036708210075574475
cb_rnn,7,11,3,0,0.5339387107091781,0.3242406927884787
cb_rnn,7,11,3,1,0.24691968775663048,0.45848131803623177
cb_rnn,7,11,3,2,0.720443232471998,0.2909377642739134
cb_rnn,7,11,3,3,0.99999999850556,0.0
cb_rnn,7,11,3,4,0.29410534666933486,0.4404995643577006
cb_rnn,7,11,3,5,0.5187066846656087,0.30674714325062336
cb_rnn,7,11,3,6,0.9924379525857111,0.07303128640925989
cb_rnn,7,11,3,7,0.7386515887691419,0.2706960013498043
cb_rnn,7,11,4,0,0.7095904486427611,0.29371549064594854
cb_rnn,7,11,4,1,0.9944736766471349,0.04364324139370206
cb_rnn,7,11,4,2,0.740668316642112,0.2980328221326155
cb_rnn,7,11,4,3,0.29410534666933486,0.4404995643577006
cb_rnn,7,11,4,4,0.9999999990659082,0.0
cb_rnn,7,11,4,5,0.6585734036706528,0.309361250124543
cb_rnn,7,11,4,6,0.276072585061189,0.47649372106965465
cb_rnn,7,11,4,7,0.7205179171836346,0.30231153168933994
cb_rnn,7,11,5,0,0.9900569400825444,0.06495277184411072
cb_rnn,7,11,5,1,0.6153859787034565,0.3299132713727183
cb_rnn,7,11,5,2,0.3898216602302567,0.40905418499433566
cb_rnn,7,11,5,3,0.5187066846656087,0.30674714325062336
cb_rnn,7,11,5,4,0.6585734036706528,0.309361250124543
cb_rnn,7,11,5,5,0.9999999982714315,0.0
cb_rnn,7,11,5,6,0.5142649692738706,0.34392571057556
cb_rnn,7,11,5,7,0.38719627991679184,0.3961099262097288
cb_rnn,7,11,6,0,0.5344236932684032,0.35316269325582017
cb_rnn,7,11,6,1,0.22476398379903378,0.4966940590800248
cb_rnn,7,11,6,2,0.7003193159915007,0.3116588978530493
cb_rnn,7,11,6,3,0.9924379525857111,0.07303128640925989
cb_rnn,7,11,6,4,0.276072585061189,0.47649372106965465
cb_rnn,7,11,6,5,0.5142649692738706,0.34392571057556
cb_rnn,7,11,6,6,0.9999999989304016,0.0
cb_rnn,7,11,6,7,0.7209263818139936,0.29238690278478385
cb_rnn,7,11,7,0,0.4459973018705123,0.395317583703106
cb_rnn,7,11,7,1,0.7031899690978305,0.3138574293951645
cb_rnn,7,11,7,2,0.9970417351629398,0.036708210075574475
cb_rnn,7,11,7,3,0.7386515887691419,0.2706960013498043
cb_rnn,7,11,7,4,0.7205179171836346,0.30231153168933994
cb_rnn,7,11,7,5,0.38719627991679184,0.3961099262097288
cb_rnn,7,11,7,6,0.7209263818139936,0.29238690278478385
cb_rnn,7,11,7,7,0.9999999990203272,0.0
cb_rnn,7,12,0,0,0.9999999983445306,0.0
cb_rnn,7,12,0,1,0.6162257248661693,0.29726671825549733
cb_rnn,7,12,0,2,0.3190498788377294,0.43933146947926754
cb_rnn,7,12,0,3,0.4113830226989714,0.39162248424886603
cb_rnn,7,12,0,4,0.6501115467880557,0.278487992075296
cb_rnn,7,12,0,5,0.9842247749867002,0.060404984033432155
cb_rnn,7,12,0,6,0.4012977549301679,0.4230456098955738
cb_rnn,7,12,0,7,0.32699526715807625,0.4193913264668218
cb_rnn,7,12,1,0,0.6162257248661693,0.29726671825549733
cb_rnn,7,12,1,1,0.9999999988077437,0.0
cb_rnn,7,12,1,2,0.4552151572584665,0.41551684072734535
cb_rnn,7,12,1,3,0.015173889431753712,0.5355299713834543
cb_rnn,7,12,1,4,0.9920443044783749,0.046193716861364774
cb_rnn,7,12,1,5,0.5209993746644433,0.3211257700761006
cb_rnn,7,12,1,6,0.019906681454200312,0.5635563076139213
cb_rnn,7,12,1,7,0.47392607540185216,0.3939925453026994
cb_rnn,7,12,2,0,0.3190498788377294,0.43933146947926754
cb_rnn,7,12,2,1,0.4552151572584665,0.41551684072734535
cb_rnn,7,12,2,2,0.9999999991430742,0.0
cb_rnn,7,12,2,3,0.7879462282198719,0.27053707210892536
cb_rnn,7,12,2,4,0.5172578474271219,0.3881224058338411
cb_rnn,7,12,2,5,0.2436510771652705,0.4484312368028395
cb_rnn,7,12,2,6,0.7978158090293876,0.27564356702882237
cb_rnn,7,12,2,7,0.9970315902922424,0.03991446186931752
cb_rnn,7,12,3,0,0.4113830226989714,0.39162248424886603
cb_rnn,7,12,3,1,0.015173889431753712,0.5355299713834543
cb_rnn,7,12,3,2,0.7879462282198719,0.27053707210892536
cb_rnn,7,12,3,3,0.9999999990242588,0.0
cb_rnn,7,12,3,4,0.09913840007307385,0.5058200195452275
cb_rnn,7,12,3,5,0.4151020578949967,0.38029259062341586
cb_rnn,7,12,3,6,0.9975612197333973,0.04876912499733334
cb_rnn,7,12,3,7,0.778944817522297,0.2670696865174829
cb_rnn,7,12,4,0,0.6501115467880557,0.278487992075296
cb_rnn,7,12,4,1,0.9920443044783749,0.046193716861364774
cb_rnn,7,12,4,2,0.5172578474271219,0.3881224058338411
cb_rnn,7,12,4,3,0.09913840007307385,0.5058200195452275
cb_rnn,7,12,4,4,0.9999999987360033,0.0
cb_rnn,7,12,4,5,0.5563455154860628,0.30301984711675867
cb_rnn,7,12,4,6,0.10591133242345539,0.5327101163447441
cb_rnn,7,12,4,7,0.5331830699459794,0.367393063757425
cb_rnn,7,12,5,0,0.9842247749867002,0.060404984033432155
cb_rnn,7,12,5,1,0.5209993746644433,0.3211257700761006
cb_rnn,7,12,5,2,0.2436510771652705,0.4484312368028395
cb_rnn,7,12,5,3,0.4151020578949967,0.38029259062341586
cb_rnn,7,12,5,4,0.5563455154860628,0.30301984711675867
cb_rnn,7,12,5,5,0.9999999979491588,0.0
cb_rnn,7,12,5,6,0.4044494142614968,0.41352646677262056
cb_rnn,7,12,5,7,0.2549387817935503,0.42655943129676793
cb_rnn,7,12,6,0,0.4012977549301679,0.4230456098955738
cb_rnn,7,12,6,1,0.019906681454200312,0.5635563076139213
cb_rnn,7,12,6,2,0.7978158090293876,0.27564356702882237
cb_rnn,7,12,6,3,0.9975612197333973,0.04876912499733334
cb_rnn,7,12,6,4,0.10591133242345539,0.5327101163447441
cb_rnn,7,12,6,5,0.4044494142614968,0.41352646677262056
cb_rnn,7,12,6,6,0.9999999991898748,0.0
cb_rnn,7,12,6,7,0.789127095788365,0.2756154257739586
cb_rnn,7,12,7,0,0.32699526715807625,0.4193913264668218
cb_rnn,7,12,7,1,0.47392607540185216,0.3939925453026994
cb_rnn,7,12,7,2,0.9970315902922424,0.03991446186931752
cb_rnn,7,12,7,3,0.778944817522297,0.2670696865174829
cb_rnn,7,12,7,4,0.5331830699459794,0.367393063757425
cb_rnn,7,12,7,5,0.2549387817935503,0.42655943129676793
cb_rnn,7,12,7,6,0.789127095788365,0.2756154257739586
cb_rnn,7,12,7,7,0.9999999990384457,0.0
cb_rnn,7,13,0,0,0.9999999979963217,0.0
cb_rnn,7,13,0,1,0.5108535620447319,0.317211611679824
cb_rnn,7,13,0,2,0.1159057465352355,0.579420645030771
cb_rnn,7,13,0,3,0.2726993442556317,0.5220250557090905
cb_rnn,7,13,0,4,0.5050066434285484,0.32068369546976966
cb_rnn,7,13,0,5,0.9954750800789642,0.03108304075181029
cb_rnn,7,13,0,6,0.25075815126063344,0.5489896739450479
cb_rnn,7,13,0,7,0.1374792272767516,0.5439760121123928
cb_rnn,7,13,1,0,0.5108535620447319,0.317211611679824
cb_rnn,7,13,1,1,0.9999999987245141,0.0
cb_rnn,7,13,1,2,0.29730069556604566,0.5501535760222629
cb_rnn,7,13,1,3,-0.0928609155734578,0.6563850784793506
cb_rnn,7,13,1,4,0.9942206763432796,0.037851956999976656
cb_rnn,7,13,1,5,0.5173000754024233,0.31022635339917964
cb_rnn,7,13,1,6,-0.07938225512152401,0.6731109210924295
cb_rnn,7,13,1,7,0.27627364098834584,0.5304082331024161
cb_rnn,7,13,2,0,0.1159057465352355,0.579420645030771
cb_rnn,7,13,2,1,0.29730069556604566,0.5501535760222629
cb_rnn,7,13,2,2,0.9999999994663106,0.0
cb_rnn,7,13,2,3,0.8343957937518102,0.30685520917490583
cb_rnn,7,13,2,4,0.3404567529176588,0.5358868491044351
cb_rnn,7,13,2,5,0.10159676922605393,0.5766534285352727
cb_rnn,7,13,2,6,0.8533964155725084,0.2948918565985884
cb_rnn,7,13,2,7,0.997474588080272,0.050604702648367056
cb_rnn,7,13,3,0,0.2726993442556317,0.5220250557090905
cb_rnn,7,13,3,1,-0.0928609155734578,0.6563850784793506
cb_rnn,7,13,3,2,0.8343957937518102,0.30685520917490583
cb_rnn,7,13,3,3,0.9999999994303573,0.0
cb_rnn,7,13,3,4,-0.05181428215339007,0.646314324292589
cb_rnn,7,13,3,5,0.25237977919685367,0.5230919314164783
cb_rnn,7,13,3,6,0.9974974378260072,0.04491666264728184
cb_rnn,7,13,3,7,0.8564898534559429,0.2765304821942114
cb_rnn,7,13,4,0,0.5050066434285484,0.32068369546976966
cb_rnn,7,13,4,1,0.9942206763432796,0.037851956999976656
cb_rnn,7,13,4,2,0.3404567529176588,0.5358868491044351
cb_rnn,7,13,4,3,-0.05181428215339007,0.646314324292589
cb_rnn,7,13,4,4,0.9999999987428915,0.0
cb_rnn,7,13,4,5,0.5123994677097534,0.3134412698533651
cb_rnn,7,13,4,6,-0.03580103857154901,0.662009037987311
cb_rnn,7,13,4,7,0.3204842422067117,0.516344403856557
cb_rnn,7,13,5,0,0.9954750800789642,0.03108304075181029
cb_rnn,7,13,5,1,0.5173000754024233,0.31022635339917964
cb_rnn,7,13,5,2,0.10159676922605393,0.5766534285352727
cb_rnn,7,13,5,3,0.25237977919685367,0.5230919314164783
cb_rnn,7,13,5,4,0.5123994677097534,0.3134412698533651
cb_rnn,7,13,5,5,0.9999999977202986,0.0
cb_rnn,7,13,5,6,0.23281940345892427,0.5494435699334408
cb_rnn,7,13,5,7,0.12375145607451171,0.5408720174833118
cb_rnn,7,13,6,0,0.25075815126063344,0.5489896739450479
cb_rnn,7,13,6,1,-0.07938225512152401,0.6731109210924295
cb_rnn,7,13,6,2,0.8533964155725084,0.2948918565985884
cb_rnn,7,13,6,3,0.9974974378260072,0.04491666264728184
cb_rnn,7,13,6,4,-0.03580103857154901,0.662009037987311
cb_rnn,7,13,6,5,0.23281940345892427,0.5494435699334408
cb_rnn,7,13,6,6,0.9999999994793981,0.0
cb_rnn,7,13,6,7,0.8737585881406292,0.2679283046975705
cb_rnn,7,13,7,0,0.1374792272767516,0.5439760121123928
cb_rnn,7,13,7,1,0.27627364098834584,0.5304082331024161
cb_rnn,7,13,7,2,0.997474588080272,0.050604702648367056
cb_rnn,7,13,7,3,0.8564898534559429,0.2765304821942114
cb_rnn,7,13,7,4,0.3204842422067117,0.516344403856557
cb_rnn,7,13,7,5,0.12375145607451171,0.5408720174833118
cb_rnn,7,13,7,6,0.8737585881406292,0.2679283046975705
cb_rnn,7,13,7,7,0.9999999993916479,0.0
cb_rnn,7,14,0,0,0.9999999980356956,0.0
cb_rnn,7,14,0,1,0.499280957216303,0.32606377133868203
cb_rnn,7,14,0,2,0.05369974749177743,0.7018330529276774
cb_rnn,7,14,0,3,0.1562795633044391,0.6579470765848195
cb_rnn,7,14,0,4,0.515192591941524,0.3080628849313487
cb_rnn,7,14,0,5,0.9876747942155641,0.04414709700761127
cb_rnn,7,14,0,6,0.16452387015909029,0.6790251356771586
cb_rnn,7,14,0,7,0.05157960668888144,0.6946983516606808
cb_rnn,7,14,1,0,0.499280957216303,0.32606377133868203
cb_rnn,7,14,1,1,0.9999999987718895,0.0
cb_rnn,7,14,1,2,0.17436282580722637,0.6916198514538108
cb_rnn,7,14,1,3,-0.1613782258728953,0.7814753117221969
cb_rnn,7,14,1,4,0.992914628538361,0.046004663746911464
cb_rnn,7,14,1,5,0.4387097703611313,0.34281787424015825
cb_rnn,7,14,1,6,-0.1419229804317885,0.7987243595081764
cb_rnn,7,14,1,7,0.18026837533188664,0.6823869515124614
cb_rnn,7,14,2,0,0.05369974749177743,0.7018330529276774
cb_rnn,7,14,2,1,0.17436282580722637,0.6916198514538108
cb_rnn,7,14,2,2,0.9999999996391088,0.0
cb_rnn,7,14,2,3,0.8910794807076058,0.30343906885224725
cb_rnn,7,14,2,4,0.22061056624139624,0.6696342781959238
cb_rnn,7,14,2,5,0.03224576796929427,0.7060303590491087
cb_rnn,7,14,2,6,0.8986070146499919,0.2981668199313316
cb_rnn,7,14,2,7,0.9990797621397187,0.029280915746067344
cb_rnn,7,14,3,0,0.1562795633044391,0.6579470765848195
cb_rnn,7,14,3,1,-0.1613782258728953,0.7814753117221969
cb_rnn,7,14,3,2,0.8910794807076058,0.30343906885224725
cb_rnn,7,14,3,3,0.9999999996186978,0.0
cb_rnn,7,14,3,4,-0.11214355196025848,0.7557403974206618
cb_rnn,7,14,3,5,0.1680506531574394,0.6536631950351695
cb_rnn,7,14,3,6,0.9985617732837557,0.043423769688081516
cb_rnn,7,14,3,7,0.8872597781324391,0.30634908797068444
cb_rnn,7,14,4,0,0.515192591941524,0.3080628849313487
cb_rnn,7,14,4,1,0.992914628538361,0.046004663746911464
cb_rnn,7,14,4,2,0.22061056624139624,0.6696342781959238
cb_rnn,7,14,4,3,-0.11214355196025848,0.7557403974206618
cb_rnn,7,14,4,4,0.9999999986182637,0.0
cb_rnn,7,14,4,5,0.45546104523456454,0.3243858529126282
cb_rnn,7,14,4,6,-0.08995984054516397,0.7724557405106708
cb_rnn,7,14,4,7,0.2265198359472296,0.6603640536580199
cb_rnn,7,14,5,0,0.9876747942155641,0.04414709700761127
cb_rnn,7,14,5,1,0.4387097703611313,0.34281787424015825
cb_rnn,7,14,5,2,0.03224576796929427,0.7060303590491087
cb_rnn,7,14,5,3,0.1680506531574394,0.6536631950351695
cb_rnn,7,14,5,4,0.45546104523456454,0.3243858529126282
cb_rnn,7,14,5,5,0.9999999979792508,0.0
cb_rnn,7,14,5,6,0.1751483526212728,0.6751208739362496
cb_rnn,7,14,5,7,0.03167778129819454,0.6984550540318569
cb_rnn,7,14,6,0,0.16452387015909029,0.6790251356771586
cb_rnn,7,14,6,1,-0.1419229804317885,0.7987243595081764
cb_rnn,7,14,6,2,0.8986070146499919,0.2981668199313316
cb_rnn,7,14,6,3,0.9985617732837557,0.043423769688081516
cb_rnn,7,14,6,4,-0.08995984054516397,0.7724557405106708
cb_rnn,7,14,6,5,0.1751483526212728,0.6751208739362496
cb_rnn,7,14,6,6,0.9999999996475467,0.0
cb_rnn,7,14,6,7,0.8952105341738971,0.3015103397842783
cb_rnn,7,14,7,0,0.05157960668888144,0.6946983516606808
cb_rnn,7,14,7,1,0.18026837533188664,0.6823869515124614
cb_rnn,7,14,7,2,0.9990797621397187,0.029280915746067344
cb_rnn,7,14,7,3,0.8872597781324391,0.30634908797068444
cb_rnn,7,14,7,4,0.2265198359472296,0.6603640536580199
cb_rnn,7,14,7,5,0.03167778129819454,0.6984550540318569
cb_rnn,7,14,7,6,0.8952105341738971,0.3015103397842783
cb_rnn,7,14,7,7,0.9999999996297045,0.0
cb_rnn,7,15,0,0,0.9999999980482409,0.0
cb_rnn,7,15,0,1,0.5439509169474425,0.3050197020318111
cb_rnn,7,15,0,2,0.02922866959950575,0.7608234345293028
cb_rnn,7,15,0,3,0.12785988784645536,0.7334569245800839
cb_rnn,7,15,0,4,0.5979993384938712,0.2748705053078405
cb_rnn,7,15,0,5,0.990701430781812,0.03858731354915934
cb_rnn,7,15,0,6,0.13845249706495769,0.7459648152297267
cb_rnn,7,15,0,7,0.027573837373253703,0.766604695097149
cb_rnn,7,15,1,0,0.5439509169474425,0.3050197020318111
cb_rnn,7,15,1,1,0.9999999986902578,0.0
cb_rnn,7,15,1,2,0.0957447893364611,0.7633164285287484
cb_rnn,7,15,1,3,-0.15497273919790297,0.8398021599731627
cb_rnn,7,15,1,4,0.9883632540129239,0.05517533708132944
cb_rnn,7,15,1,5,0.5088525182533447,0.3160758978553974
cb_rnn,7,15,1,6,-0.14297183604926647,0.851520547416174
cb_rnn,7,15,1,7,0.11908292795366565,0.7608612011977771
cb_rnn,7,15,2,0,0.02922866959950575,0.7608234345293028
cb_rnn,7,15,2,1,0.0957447893364611,0.7633164285287484
cb_rnn,7,15,2,2,0.9999999996939964,0.0
cb_rnn,7,15,2,3,0.9263561206979593,0.2740976897957101
cb_rnn,7,15,2,4,0.13947873995370896,0.7424569401662244
cb_rnn,7,15,2,5,0.03533858958604114,0.7592088682850918
cb_rnn,7,15,2,6,0.9283718228969043,0.2739231798321759
cb_rnn,7,15,2,7,0.999011999460245,0.03240618803927011
cb_rnn,7,15,3,0,0.12785988784645536,0.7334569245800839
cb_rnn,7,15,3,1,-0.15497273919790297,0.8398021599731627
cb_rnn,7,15,3,2,0.9263561206979593,0.2740976897957101
cb_rnn,7,15,3,3,0.9999999996933576,0.0
cb_rnn,7,15,3,4,-0.09399737070554474,0.8114292712768191
cb_rnn,7,15,3,5,0.14969101016707817,0.7274281784338733
cb_rnn,7,15,3,6,0.9989225415668714,0.03744174548723404
cb_rnn,7,15,3,7,0.9150242261543715,0.2956842754294236
cb_rnn,7,15,4,0,0.5979993384938712,0.2748705053078405
cb_rnn,7,15,4,1,0.9883632540129239,0.05517533708132944
cb_rnn,7,15,4,2,0.13947873995370896,0.7424569401662244
cb_rnn,7,15,4,3,-0.09399737070554474,0.8114292712768191
cb_rnn,7,15,4,4,0.9999999985163737,0.0
cb_rnn,7,15,4,5,0.5692179275879367,0.2843335563598703
cb_rnn,7,15,4,6,-0.07935590947899679,0.8225466657728603
cb_rnn,7,15,4,7,0.16072076497233273,0.7409734006773413
cb_rnn,7,15,5,0,0.990701430781812,0.03858731354915934
cb_rnn,7,15,5,1,0.5088525182533447,0.3160758978553974
cb_rnn,7,15,5,2,0.03533858958604114,0.7592088682850918
cb_rnn,7,15,5,3,0.14969101016707817,0.7274281784338733
cb_rnn,7,15,5,4,0.5692179275879367,0.2843335563598703
cb_rnn,7,15,5,5,0.9999999980486811,0.0
cb_rnn,7,15,5,6,0.15992450833432742,0.7399986243842337
cb_rnn,7,15,5,7,0.03270030511427137,0.7652513747370403
cb_rnn,7,15,6,0,0.13845249706495769,0.7459648152297267
cb_rnn,7,15,6,1,-0.14297183604926647,0.851520547416174
cb_rnn,7,15,6,2,0.9283718228969043,0.2739231798321759
cb_rnn,7,15,6,3,0.9989225415668714,0.03744174548723404
cb_rnn,7,15,6,4,-0.07935590947899679,0.8225466657728603
cb_rnn,7,15,6,5,0.15992450833432742,0.7399986243842337
cb_rnn,7,15,6,6,0.9999999997072003,0.0
cb_rnn,7,15,6,7,0.9175810535522164,0.29468922100015604
cb_rnn,7,15,7,0,0.027573837373253703,0.766604695097149
cb_rnn,7,15,7,1,0.11908292795366565,0.7608612011977771
cb_rnn,7,15,7,2,0.999011999460245,0.03240618803927011
cb_rnn,7,15,7,3,0.9150242261543715,0.2956842754294236
cb_rnn,7,15,7,4,0.16072076497233273,0.7409734006773413
cb_rnn,7,15,7,5,0.03270030511427137,0.7652513747370403
cb_rnn,7,15,7,6,0.9175810535522164,0.29468922100015604
cb_rnn,7,15,7,7,0.9999999996988626,0.0
cb_rnn,8,2,0,0,0.9999999580359498,0.0
cb_rnn,8,2,0,1,0.2212704484135872,0.08265071285363017
cb_rnn,8,2,0,2,0.9691564819413115,0.015091552046154076
cb_rnn,8,2,0,3,0.21650039717585803,0.08156615182271244
cb_rnn,8,2,0,4,0.3865060518398863,0.06626577879772626
cb_rnn,8,2,0,5,0.9749310196602049,0.013623440579105736
cb_rnn,8,2,0,6,0.3824327386181347,0.06541714540659047
cb_rnn,8,2,0,7,0.9366412028343003,0.021492364861958074
cb_rnn,8,2,1,0,0.2212704484135872,0.08265071285363017
cb_rnn,8,2,1,1,0.9999999688820601,0.0
cb_rnn,8,2,1,2,0.24632532682558675,0.08100265526724545
cb_rnn,8,2,1,3,0.9729756086703175,0.016362267257871807
cb_rnn,8,2,1,4,0.980879486226071,0.017600464158761344
cb_rnn,8,2,1,5,0.40328921736662604,0.07135962237867689
cb_rnn,8,2,1,6,0.9527966722547644,0.02416532626227193
cb_rnn,8,2,1,7,0.41238580619759274,0.07126021004926862
cb_rnn,8,2,2,0,0.9691564819413115,0.015091552046154076
cb_rnn,8,2,2,1,0.24632532682558675,0.08100265526724545
cb_rnn,8,2,2,2,0.9999999571798492,0.0
cb_rnn,8,2,2,3,0.2494141461451098,0.07951612319709554
cb_rnn,8,2,2,4,0.40282649847862834,0.06503063877808048
cb_rnn,8,2,2,5,0.956124415627515,0.01770747977840831
cb_rnn,8,2,2,6,0.4138791679500841,0.0633779683267916
cb_rnn,8,2,2,7,0.9767811980801822,0.012947552467008041
cb_rnn,8,2,3,0,0.21650039717585803,0.08156615182271244
cb_rnn,8,2,3,1,0.9729756086703175,0.016362267257871807
cb_rnn,8,2,3,2,0.2494141461451098,0.07951612319709554
cb_rnn,8,2,3,3,0.9999999671103957,0.0
cb_rnn,8,2,3,4,0.9449207497215882,0.023493608940637747
cb_rnn,8,2,3,5,0.3978657527386263,0.07040209673366953
cb_rnn,8,2,3,6,0.9809502465028628,0.01739349161168527
cb_rnn,8,2,3,7,0.4168696269460899,0.06975399539767928
cb_rnn,8,2,4,0,0.3865060518398863,0.06626577879772626
cb_rnn,8,2,4,1,0.980879486226071,0.017600464158761344
cb_rnn,8,2,4,2,0.40282649847862834,0.06503063877808048
cb_rnn,8,2,4,3,0.9449207497215882,0.023493608940637747
cb_rnn,8,2,4,4,0.9999999544514834,0.0
cb_rnn,8,2,4,5,0.5553782414890743,0.05513743711770635
cb_rnn,8,2,4,6,0.9612849191350105,0.016140583975843368
cb_rnn,8,2,4,7,0.5556815790150634,0.05560837036426706
cb_rnn,8,2,5,0,0.9749310196602049,0.013623440579105736
cb_rnn,8,2,5,1,0.40328921736662604,0.07135962237867689
cb_rnn,8,2,5,2,0.956124415627515,0.01770747977840831
cb_rnn,8,2,5,3,0.3978657527386263,0.07040209673366953
cb_rnn,8,2,5,4,0.5553782414890743,0.05513743711770635
cb_rnn,8,2,5,5,0.999999954140199,0.0
cb_rnn,8,2,5,6,0.5515381332082527,0.054424322396156785
cb_rnn,8,2,5,7,0.9710846300252588,0.014197561800128775
cb_rnn,8,2,6,0,0.3824327386181347,0.06541714540659047
cb_rnn,8,2,6,1,0.9527966722547644,0.02416532626227193
cb_rnn,8,2,6,2,0.4138791679500841,0.0633779683267916
cb_rnn,8,2,6,3,0.9809502465028628,0.01739349161168527
cb_rnn,8,2,6,4,0.9612849191350105,0.016140583975843368
cb_rnn,8,2,6,5,0.5515381332082527,0.054424322396156785
cb_rnn,8,2,6,6,0.9999999510715014,0.0
cb_rnn,8,2,6,7,0.5689928714790364,0.05386920556376806
cb_rnn,8,2,7,0,0.9366412028343003,0.021492364861958074
cb_rnn,8,2,7,1,0.41238580619759274,0.07126021004926862
cb_rnn,8,2,7,2,0.9767811980801822,0.012947552467008041
cb_rnn,8,2,7,3,0.4168696269460899,0.06975399539767928
cb_rnn,8,2,7,4,0.5556815790150634,0.05560837036426706
cb_rnn,8,2,7,5,0.9710846300252588,0.014197561800128775
cb_rnn,8,2,7,6,0.5689928714790364,0.05386920556376806
cb_rnn,8,2,7,7,0.9999999557159484,0.0
cb_rnn,8,3,0,0,0.9999999977142777,0.0
cb_rnn,8,3,0,1,0.7886627542179586,0.18985617731820392
cb_rnn,8,3,0,2,0.9326791950175755,0.09543814376303454
cb_rnn,8,3,0,3,0.8966198719706163,0.1162418465215293
cb_rnn,8,3,0,4,0.8155327781121298,0.1655989694581909
cb_rnn,8,3,0,5,0.9801091620008903,0.056309501886144316
cb_rnn,8,3,0,6,0.8226121230587252,0.15444022338054156
cb_rnn,8,3,0,7,0.9614536294926365,0.07253878999025098
cb_rnn,8,3,1,0,0.7886627542179586,0.18985617731820392
cb_rnn,8,3,1,1,0.999999998344526,0.0
cb_rnn,8,3,1,2,0.6201845677447086,0.25039883069707397
cb_rnn,8,3,1,3,0.7356662505353068,0.2089450519309191
cb_rnn,8,3,1,4,0.9901971950923696,0.049013155545644234
cb_rnn,8,3,1,5,0.854553225466955,0.16031866876409412
cb_rnn,8,3,1,6,0.5770380986613413,0.26324723864491606
cb_rnn,8,3,1,7,0.7213373197007829,0.2163989835203977
cb_rnn,8,3,2,0,0.9326791950175755,0.09543814376303454
cb_rnn,8,3,2,1,0.6201845677447086,0.25039883069707397
cb_rnn,8,3,2,2,0.9999999976615662,0.0
cb_rnn,8,3,2,3,0.9227534525055087,0.0998215893490831
cb_rnn,8,3,2,4,0.6715341287823071,0.21936674651226545
cb_rnn,8,3,2,5,0.8706325110405261,0.13779298550149272
cb_rnn,8,3,2,6,0.9241739192155328,0.10036868154565845
cb_rnn,8,3,2,7,0.9792336425490145,0.053000574852890885
cb_rnn,8,3,3,0,0.8966198719706163,0.1162418465215293
cb_rnn,8,3,3,1,0.7356662505353068,0.2089450519309191
cb_rnn,8,3,3,2,0.9227534525055087,0.0998215893490831
cb_rnn,8,3,3,3,0.9999999973938816,0.0
cb_rnn,8,3,3,4,0.77247585595477,0.1803571796262289
cb_rnn,8,3,3,5,0.8937378186785433,0.12482010925084587
cb_rnn,8,3,3,6,0.962741829039868,0.06952068819750518
cb_rnn,8,3,3,7,0.9586755479072016,0.07446371624751533
cb_rnn,8,3,4,0,0.8155327781121298,0.1655989694581909
cb_rnn,8,3,4,1,0.9901971950923696,0.049013155545644234
cb_rnn,8,3,4,2,0.6715341287823071,0.21936674651226545
cb_rnn,8,3,4,3,0.77247585595477,0.1803571796262289
cb_rnn,8,3,4,4,0.9999999980144607,0.0
cb_rnn,8,3,4,5,0.8606794757041243,0.14746425062470273
cb_rnn,8,3,4,6,0.6426827739437673,0.2281713188595844
cb_rnn,8,3,4,7,0.7519764095954753,0.19158475131919106
cb_rnn,8,3,5,0,0.9801091620008903,0.056309501886144316
cb_rnn,8,3,5,1,0.854553225466955,0.16031866876409412
cb_rnn,8,3,5,2,0.8706325110405261,0.13779298550149272
cb_rnn,8,3,5,3,0.8937378186785433,0.12482010925084587
cb_rnn,8,3,5,4,0.8606794757041243,0.14746425062470273
cb_rnn,8,3,5,5,0.9999999979800791,0.0
cb_rnn,8,3,5,6,0.7768846994993697,0.1798207842795594
cb_rnn,8,3,5,7,0.9382550764020174,0.09621639766609363
cb_rnn,8,3,6,0,0.8226121230587252,0.15444022338054156
cb_rnn,8,3,6,1,0.5770380986613413,0.26324723864491606
cb_rnn,8,3,6,2,0.9241739192155328,0.10036868154565845
cb_rnn,8,3,6,3,0.962741829039868,0.06952068819750518
cb_rnn,8,3,6,4,0.6426827739437673,0.2281713188595844
cb_rnn,8,3,6,5,0.7768846994993697,0.1798207842795594
cb_rnn,8,3,6,6,0.9999999976328099,0.0
cb_rnn,8,3,6,7,0.9128185849989034,0.10821743852840136
cb_rnn,8,3,7,0,0.9614536294926365,0.07253878999025098
cb_rnn,8,3,7,1,0.7213373197007829,0.2163989835203977
cb_rnn,8,3,7,2,0.9792336425490145,0.053000574852890885
cb_rnn,8,3,7,3,0.9586755479072016,0.07446371624751533
cb_rnn,8,3,7,4,0.7519764095954753,0.19158475131919106
cb_rnn,8,3,7,5,0.9382550764020174,0.09621639766609363
cb_rnn,8,3,7,6,0.9128185849989034,0.10821743852840136
cb_rnn,8,3,7,7,0.9999999977070735,0.0
cb_rnn,8,4,0,0,0.999999999553088,0.0
cb_rnn,8,4,0,1,0.8726689447341376,0.2956861136525064
cb_rnn,8,4,0,2,0.7469341328783267,0.3973084044953724
cb_rnn,8,4,0,3,0.6520633288205635,0.4519748628054003
cb_rnn,8,4,0,4,0.8847982790077669,0.294078493808039
cb_rnn,8,4,0,5,0.9683972456757548,0.17023202456361627
cb_rnn,8,4,0,6,0.5879473236846046,0.5137918111326737
cb_rnn,8,4,0,7,0.7964363264921048,0.35761302381325194
cb_rnn,8,4,1,0,0.8726689447341376,0.2956861136525064
cb_rnn,8,4,1,1,0.999999999535112,0.0
cb_rnn,8,4,1,2,0.7425991498567599,0.3942702975593121
cb_rnn,8,4,1,3,0.5386253772271277,0.5056855476059462
cb_rnn,8,4,1,4,0.984423180309671,0.11594325669628466
cb_rnn,8,4,1,5,0.8702104956453127,0.28612919606923576
cb_rnn,8,4,1,6,0.41926782778293253,0.6020191361121945
cb_rnn,8,4,1,7,0.7376250456065475,0.3932351916143253
cb_rnn,8,4,2,0,0.7469341328783267,0.3973084044953724
cb_rnn,8,4,2,1,0.7425991498567599,0.3942702975593121
cb_rnn,8,4,2,2,0.9999999993725212,0.0
cb_rnn,8,4,2,3,0.9201969939530735,0.19600017662720112
cb_rnn,8,4,2,4,0.8163096697817551,0.3617688048615712
cb_rnn,8,4,2,5,0.809803981796706,0.3044367168558941
cb_rnn,8,4,2,6,0.8631957260102858,0.27277435774253744
cb_rnn,8,4,2,7,0.9890952318006017,0.07882473494855144
cb_rnn,8,4,3,0,0.6520633288205635,0.4519748628054003
cb_rnn,8,4,3,1,0.5386253772271277,0.5056855476059462
cb_rnn,8,4,3,2,0.9201969939530735,0.19600017662720112
cb_rnn,8,4,3,3,0.9999999992042681,0.0
cb_rnn,8,4,3,4,0.6417139262052026,0.4818699210815143
cb_rnn,8,4,3,5,0.7225397320185166,0.34909747963609294
cb_rnn,8,4,3,6,0.9830866640942236,0.12853932853252564
cb_rnn,8,4,3,7,0.9342282692907709,0.16610493870358625
cb_rnn,8,4,4,0,0.8847982790077669,0.294078493808039
cb_rnn,8,4,4,1,0.984423180309671,0.11594325669628466
cb_rnn,8,4,4,2,0.8163096697817551,0.3617688048615712
cb_rnn,8,4,4,3,0.6417139262052026,0.4818699210815143
cb_rnn,8,4,4,4,0.9999999996012413,0.0
cb_rnn,8,4,4,5,0.8864428715540942,0.29744133007051354
cb_rnn,8,4,4,6,0.5421827970744104,0.5612836956749877
cb_rnn,8,4,4,7,0.8092145217677242,0.37009799013886924
cb_rnn,8,4,5,0,0.9683972456757548,0.17023202456361627
cb_rnn,8,4,5,1,0.8702104956453127,0.28612919606923576
cb_rnn,8,4,5,2,0.809803981796706,0.3044367168558941
cb_rnn,8,4,5,3,0.7225397320185166,0.34909747963609294
cb_rnn,8,4,5,4,0.8864428715540942,0.29744133007051354
cb_rnn,8,4,5,5,0.999999999342731,0.0
cb_rnn,8,4,5,6,0.6577328452305475,0.4253757375601611
cb_rnn,8,4,5,7,0.8460045552892668,0.2652263968513084
cb_rnn,8,4,6,0,0.5879473236846046,0.5137918111326737
cb_rnn,8,4,6,1,0.41926782778293253,0.6020191361121945
cb_rnn,8,4,6,2,0.8631957260102858,0.27277435774253744
cb_rnn,8,4,6,3,0.9830866640942236,0.12853932853252564
cb_rnn,8,4,6,4,0.5421827970744104,0.5612836956749877
cb_rnn,8,4,6,5,0.6577328452305475,0.4253757375601611
cb_rnn,8,4,6,6,0.9999999994547364,0.0
cb_rnn,8,4,6,7,0.8805796092405641,0.2537618087040493
cb_rnn,8,4,7,0,0.7964363264921048,0.35761302381325194
cb_rnn,8,4,7,1,0.7376250456065475,0.3932351916143253
cb_rnn,8,4,7,2,0.9890952318006017,0.07882473494855144
cb_rnn,8,4,7,3,0.9342282692907709,0.16610493870358625
cb_rnn,8,4,7,4,0.8092145217677242,0.37009799013886924
cb_rnn,8,4,7,5,0.8460045552892668,0.2652263968513084
cb_rnn,8,4,7,6,0.8805796092405641,0.2537618087040493
cb_rnn,8,4,7,7,0.9999999992775979,0.0
cb_rnn,8,5,0,0,0.9999999994810667,0.0
cb_rnn,8,5,0,1,0.9031293369540981,0.25061712785612406
cb_rnn,8,5,0,2,0.6494435906596466,0.4442235464413326
cb_rnn,8,5,0,3,0.636335554918707,0.43042887322902207
cb_rnn,8,5,0,4,0.8768590225755839,0.3066006995691799
cb_rnn,8,5,0,5,0.9947329187509162,0.058647889416642125
cb_rnn,8,5,0,6,0.5567461105395712,0.5071473098359427
cb_rnn,8,5,0,7,0.7188121138502938,0.38460226954993165
cb_rnn,8,5,1,0,0.9031293369540981,0.25061712785612406
cb_rnn,8,5,1,1,0.9999999995371279,0.0
cb_rnn,8,5,1,2,0.7613988250802,0.38246580854817297
cb_rnn,8,5,1,3,0.5499159054133547,0.49707923157798445
cb_rnn,8,5,1,4,0.9846826583733228,0.12052473954340473
cb_rnn,8,5,1,5,0.8873283133910445,0.26827221841654486
cb_rnn,8,5,1,6,0.4419365729631499,0.5874620741291814
cb_rnn,8,5,1,7,0.7896542172362583,0.3568099925536521
cb_rnn,8,5,2,0,0.6494435906596466,0.4442235464413326
cb_rnn,8,5,2,1,0.7613988250802,0.38246580854817297
cb_rnn,8,5,2,2,0.9999999993964032,0.0
cb_rnn,8,5,2,3,0.8632557795818838,0.2570987613760424
cb_rnn,8,5,2,4,0.813713080990704,0.3706344244815672
cb_rnn,8,5,2,5,0.6123671714769237,0.4573455763894882
cb_rnn,8,5,2,6,0.799867098570374,0.3284131956189772
cb_rnn,8,5,2,7,0.9896975553300219,0.09448482189213994
cb_rnn,8,5,3,0,0.636335554918707,0.43042887322902207
cb_rnn,8,5,3,1,0.5499159054133547,0.49707923157798445
cb_rnn,8,5,3,2,0.8632557795818838,0.2570987613760424
cb_rnn,8,5,3,3,0.9999999991439379,0.0
cb_rnn,8,5,3,4,0.6132527942271411,0.5047877479503998
cb_rnn,8,5,3,5,0.6107988293455106,0.4317354959234332
cb_rnn,8,5,3,6,0.9867716295720521,0.12683519431686374
cb_rnn,8,5,3,7,0.8907403606284379,0.20408952559368881
cb_rnn,8,5,4,0,0.8768590225755839,0.3066006995691799
cb_rnn,8,5,4,1,0.9846826583733228,0.12052473954340473
cb_rnn,8,5,4,2,0.813713080990704,0.3706344244815672
cb_rnn,8,5,4,3,0.6132527942271411,0.5047877479503998
cb_rnn,8,5,4,4,0.9999999996154187,0.0
cb_rnn,8,5,4,5,0.852201290906819,0.33379256953281167
cb_rnn,8,5,4,6,0.5206087634338623,0.5784299673430255
cb_rnn,8,5,4,7,0.8335391462695478,0.3629538596912261
cb_rnn,8,5,5,0,0.9947329187509162,0.058647889416642125
cb_rnn,8,5,5,1,0.8873283133910445,0.26827221841654486
cb_rnn,8,5,5,2,0.6123671714769237,0.4573455763894882
cb_rnn,8,5,5,3,0.6107988293455106,0.4317354959234332
cb_rnn,8,5,5,4,0.852201290906819,0.33379256953281167
cb_rnn,8,5,5,5,0.9999999994421064,0.0
cb_rnn,8,5,5,6,0.5324460883580004,0.5110888663299789
cb_rnn,8,5,5,7,0.6901202174489891,0.39088354731892866
cb_rnn,8,5,6,0,0.5567461105395712,0.5071473098359427
cb_rnn,8,5,6,1,0.4419365729631499,0.5874620741291814
cb_rnn,8,5,6,2,0.799867098570374,0.3284131956189772
cb_rnn,8,5,6,3,0.9867716295720521,0.12683519431686374
cb_rnn,8,5,6,4,0.5206087634338623,0.5784299673430255
cb_rnn,8,5,6,5,0.5324460883580004,0.5110888663299789
cb_rnn,8,5,6,6,0.999999999439168,0.0
cb_rnn,8,5,6,7,0.8245991981413413,0.2987127870576638
cb_rnn,8,5,7,0,0.7188121138502938,0.38460226954993165
cb_rnn,8,5,7,1,0.7896542172362583,0.3568099925536521
cb_rnn,8,5,7,2,0.9896975553300219,0.09448482189213994
cb_rnn,8,5,7,3,0.8907403606284379,0.20408952559368881
cb_rnn,8,5,7,4,0.8335391462695478,0.3629538596912261
cb_rnn,8,5,7,5,0.6901202174489891,0.39088354731892866
cb_rnn,8,5,7,6,0.8245991981413413,0.2987127870576638
cb_rnn,8,5,7,7,0.9999999992051509,0.0
cb_rnn,8,6,0,0,0.9999999996174102,0.0
cb_rnn,8,6,0,1,0.8692611777536272,0.35041580138266
cb_rnn,8,6,0,2,0.45715262592408334,0.6428674964276638
cb_rnn,8,6,0,3,0.4354713171480298,0.5942312337850404
cb_rnn,8,6,0,4,0.8914332980581173,0.33472672461170644
cb_rnn,8,6,0,5,0.9918395036573567,0.09696828132682729
cb_rnn,8,6,0,6,0.41128825629205773,0.6210126824999394
cb_rnn,8,6,0,7,0.5247036517645959,0.5661134776836021
cb_rnn,8,6,1,0,0.8692611777536272,0.35041580138266
cb_rnn,8,6,1,1,0.9999999996875095,0.0
cb_rnn,8,6,1,2,0.6877286795875751,0.5242198310206593
cb_rnn,8,6,1,3,0.3670618773098455,0.6787726329423598
cb_rnn,8,6,1,4,0.9953855190575959,0.07575644292522281
cb_rnn,8,6,1,5,0.8357971114004348,0.3883568183376317
cb_rnn,8,6,1,6,0.29450407228406295,0.7276472778697952
cb_rnn,8,6,1,7,0.702954026573644,0.5029534074739278
cb_rnn,8,6,2,0,0.45715262592408334,0.6428674964276638
cb_rnn,8,6,2,1,0.6877286795875751,0.5242198310206593
cb_rnn,8,6,2,2,0.9999999995549598,0.0
cb_rnn,8,6,2,3,0.7592530322504453,0.3862855500728201
cb_rnn,8,6,2,4,0.6813227660974808,0.5473249912349615
cb_rnn,8,6,2,5,0.428545465289939,0.6275082924210348
cb_rnn,8,6,2,6,0.6874880769537772,0.43607029293588706
cb_rnn,8,6,2,7,0.9868525063019449,0.13337179158999474
cb_rnn,8,6,3,0,0.4354713171480298,0.5942312337850404
cb_rnn,8,6,3,1,0.3670618773098455,0.6787726329423598
cb_rnn,8,6,3,2,0.7592530322504453,0.3862855500728201
cb_rnn,8,6,3,3,0.9999999991436167,0.0
cb_rnn,8,6,3,4,0.3935655204933048,0.6917002760893775
cb_rnn,8,6,3,5,0.45112237881329076,0.5443451119568111
cb_rnn,8,6,3,6,0.9825856106898218,0.09853811899878534
cb_rnn,8,6,3,7,0.8157924589161082,0.28566713697288054
cb_rnn,8,6,4,0,0.8914332980581173,0.33472672461170644
cb_rnn,8,6,4,1,0.9953855190575959,0.07575644292522281
cb_rnn,8,6,4,2,0.6813227660974808,0.5473249912349615
cb_rnn,8,6,4,3,0.3935655204933048,0.6917002760893775
cb_rnn,8,6,4,4,0.9999999997127614,0.0
cb_rnn,8,6,4,5,0.8633438069656442,0.37629067289551993
cb_rnn,8,6,4,6,0.3320128038863236,0.7337619740856085
cb_rnn,8,6,4,7,0.7076377019340018,0.5219942875536322
cb_rnn,8,6,5,0,0.9918395036573567,0.09696828132682729
cb_rnn,8,6,5,1,0.8357971114004348,0.3883568183376317
cb_rnn,8,6,5,2,0.428545465289939,0.6275082924210348
cb_rnn,8,6,5,3,0.45112237881329076,0.5443451119568111
cb_rnn,8,6,5,4,0.8633438069656442,0.37629067289551993
cb_rnn,8,6,5,5,0.9999999995375485,0.0
cb_rnn,8,6,5,6,0.4403065478293722,0.5672118835698244
cb_rnn,8,6,5,7,0.5052634448036306,0.5393590612013326
cb_rnn,8,6,6,0,0.41128825629205773,0.6210126824999394
cb_rnn,8,6,6,1,0.29450407228406295,0.7276472778697952
cb_rnn,8,6,6,2,0.6874880769537772,0.43607029293588706
cb_rnn,8,6,6,3,0.9825856106898218,0.09853811899878534
cb_rnn,8,6,6,4,0.3320128038863236,0.7337619740856085
cb_rnn,8,6,6,5,0.4403065478293722,0.5672118835698244
cb_rnn,8,6,6,6,0.9999999993164487,0.0
cb_rnn,8,6,6,7,0.7532768272060332,0.3409438694802097
cb_rnn,8,6,7,0,0.5247036517645959,0.5661134776836021
cb_rnn,8,6,7,1,0.702954026573644,0.5029534074739278
cb_rnn,8,6,7,2,0.9868525063019449,0.13337179158999474
cb_rnn,8,6,7,3,0.8157924589161082,0.28566713697288054
cb_rnn,8,6,7,4,0.7076377019340018,0.5219942875536322
cb_rnn,8,6,7,5,0.5052634448036306,0.5393590612013326
cb_rnn,8,6,7,6,0.7532768272060332,0.3409438694802097
cb_rnn,8,6,7,7,0.9999999993542819,0.0
cb_rnn,8,7,0,0,0.99999999942611,0.0
cb_rnn,8,7,0,1,0.8826433278017763,0.2859590904567372
cb_rnn,8,7,0,2,0.43106227031579847,0.5334624815374512
cb_rnn,8,7,0,3,0.4113014908340233,0.4889505259792862
cb_rnn,8,7,0,4,0.8932390469937683,0.2947453003613464
cb_rnn,8,7,0,5,0.9903444559263526,0.07344724200012907
cb_rnn,8,7,0,6,0.49824639445783225,0.45883576920775265
cb_rnn,8,7,0,7,0.45956144795037984,0.49892094711359414
cb_rnn,8,7,1,0,0.8826433278017763,0.2859590904567372
cb_rnn,8,7,1,1,0.9999999995767421,0.0
cb_rnn,8,7,1,2,0.6187503363104896,0.4876328091724207
cb_rnn,8,7,1,3,0.27678387661286663,0.605342138166113
cb_rnn,8,7,1,4,0.9947075223797607,0.07422992351664624
cb_rnn,8,7,1,5,0.8455852248474418,0.3245003051797387
cb_rnn,8,7,1,6,0.2804069756701742,0.6064094487496541
cb_rnn,8,7,1,7,0.6191248892729047,0.47958557680868524
cb_rnn,8,7,2,0,0.43106227031579847,0.5334624815374512
cb_rnn,8,7,2,1,0.6187503363104896,0.4876328091724207
cb_rnn,8,7,2,2,0.9999999993096295,0.0
cb_rnn,8,7,2,3,0.7193193824112465,0.3307896628716726
cb_rnn,8,7,2,4,0.6047414164886954,0.5204668278812377
cb_rnn,8,7,2,5,0.3526430695987623,0.5578956013318116
cb_rnn,8,7,2,6,0.6029823416732034,0.3827552101096338
cb_rnn,8,7,2,7,0.9922412514009226,0.07581725839242402
cb_rnn,8,7,3,0,0.4113014908340233,0.4889505259792862
cb_rnn,8,7,3,1,0.27678387661286663,0.605342138166113
cb_rnn,8,7,3,2,0.7193193824112465,0.3307896628716726
cb_rnn,8,7,3,3,0.9999999985480374,0.0
cb_rnn,8,7,3,4,0.2721673207908367,0.6387031499597458
cb_rnn,8,7,3,5,0.3910962968951409,0.4819949418231068
cb_rnn,8,7,3,6,0.9566110041803646,0.09823742803479218
cb_rnn,8,7,3,7,0.7668977826617511,0.27251585183366256
cb_rnn,8,7,4,0,0.8932390469937683,0.2947453003613464
cb_rnn,8,7,4,1,0.9947075223797607,0.07422992351664624
cb_rnn,8,7,4,2,0.6047414164886954,0.5204668278812377
cb_rnn,8,7,4,3,0.2721673207908367,0.6387031499597458
cb_rnn,8,7,4,4,0.9999999996238744,0.0
cb_rnn,8,7,4,5,0.8569029078817613,0.33573128240462974
cb_rnn,8,7,4,6,0.2976078297704684,0.6321065297041676
cb_rnn,8,7,4,7,0.607338929793834,0.5131158946077808
cb_rnn,8,7,5,0,0.9903444559263526,0.07344724200012907
cb_rnn,8,7,5,1,0.8455852248474418,0.3245003051797387
cb_rnn,8,7,5,2,0.3526430695987623,0.5578956013318116
cb_rnn,8,7,5,3,0.3910962968951409,0.4819949418231068
cb_rnn,8,7,5,4,0.8569029078817613,0.33573128240462974
cb_rnn,8,7,5,5,0.9999999993849245,0.0
cb_rnn,8,7,5,6,0.4932103808443764,0.4471767588446206
cb_rnn,8,7,5,7,0.392052206955333,0.5162588148610741
cb_rnn,8,7,6,0,0.49824639445783225,0.45883576920775265
cb_rnn,8,7,6,1,0.2804069756701742,0.6064094487496541
cb_rnn,8,7,6,2,0.6029823416732034,0.3827552101096338
cb_rnn,8,7,6,3,0.9566110041803646,0.09823742803479218
cb_rnn,8,7,6,4,0.2976078297704684,0.6321065297041676
cb_rnn,8,7,6,5,0.4932103808443764,0.4471767588446206
cb_rnn,8,7,6,6,0.999999998620082,0.0
cb_rnn,8,7,6,7,0.6580420653285769,0.3247833894907068
cb_rnn,8,7,7,0,0.45956144795037984,0.49892094711359414
cb_rnn,8,7,7,1,0.6191248892729047,0.47958557680868524
cb_rnn,8,7,7,2,0.9922412514009226,0.07581725839242402
cb_rnn,8,7,7,3,0.7668977826617511,0.27251585183366256
cb_rnn,8,7,7,4,0.607338929793834,0.5131158946077808
cb_rnn,8,7,7,5,0.392052206955333,0.5162588148610741
cb_rnn,8,7,7,6,0.6580420653285769,0.3247833894907068
cb_rnn,8,7,7,7,0.9999999991333808,0.0
cb_rnn,8,8,0,0,0.9999999993742146,0.0
cb_rnn,8,8,0,1,0.8540961140164729,0.29912309257427927
cb_rnn,8,8,0,2,0.29078001543227655,0.5817067793790063
cb_rnn,8,8,0,3,0.2456092439695547,0.5254829563671706
cb_rnn,8,8,0,4,0.8690560457950839,0.2875912915212534
cb_rnn,8,8,0,5,0.9903969190019825,0.07391790802409542
cb_rnn,8,8,0,6,0.3494958420948413,0.49803985355238534
cb_rnn,8,8,0,7,0.2681373612579065,0.5584612776198117
cb_rnn,8,8,1,0,0.8540961140164729,0.29912309257427927
cb_rnn,8,8,1,1,0.9999999995271901,0.0
cb_rnn,8,8,1,2,0.5511248262726967,0.5056145472517678
cb_rnn,8,8,1,3,0.13471463771985473,0.6216790713490351
cb_rnn,8,8,1,4,0.9911012302018648,0.07737614941078085
cb_rnn,8,8,1,5,0.8057802488696586,0.34048669960724165
cb_rnn,8,8,1,6,0.14934053446915066,0.6245036155578504
cb_rnn,8,8,1,7,0.5144195504504737,0.5076886802988057
cb_rnn,8,8,2,0,0.29078001543227655,0.5817067793790063
cb_rnn,8,8,2,1,0.5511248262726967,0.5056145472517678
cb_rnn,8,8,2,2,0.9999999993123291,0.0
cb_rnn,8,8,2,3,0.6933414893851843,0.34351794314925227
cb_rnn,8,8,2,4,0.5220609363883699,0.5251295066857519
cb_rnn,8,8,2,5,0.21542564932822378,0.5920802132005161
cb_rnn,8,8,2,6,0.5898204386486073,0.3901084779778955
cb_rnn,8,8,2,7,0.9943743720977278,0.07607734830503461
cb_rnn,8,8,3,0,0.2456092439695547,0.5254829563671706
cb_rnn,8,8,3,1,0.13471463771985473,0.6216790713490351
cb_rnn,8,8,3,2,0.6933414893851843,0.34351794314925227
cb_rnn,8,8,3,3,0.9999999985339393,0.0
cb_rnn,8,8,3,4,0.11981968664000109,0.6316087147415488
cb_rnn,8,8,3,5,0.23302648316466912,0.5048386653736737
cb_rnn,8,8,3,6,0.963306601455914,0.09262511793223727
cb_rnn,8,8,3,7,0.7346312044342437,0.283686963209392
cb_rnn,8,8,4,0,0.8690560457950839,0.2875912915212534
cb_rnn,8,8,4,1,0.9911012302018648,0.07737614941078085
cb_rnn,8,8,4,2,0.5220609363883699,0.5251295066857519
cb_rnn,8,8,4,3,0.11981968664000109,0.6316087147415488
cb_rnn,8,8,4,4,0.9999999995374792,0.0
cb_rnn,8,8,4,5,0.8242896760249534,0.32923884758179117
cb_rnn,8,8,4,6,0.15969542197686615,0.6265421071043075
cb_rnn,8,8,4,7,0.4850272289314184,0.5259477916044368
cb_rnn,8,8,5,0,0.9903969190019825,0.07391790802409542
cb_rnn,8,8,5,1,0.8057802488696586,0.34048669960724165
cb_rnn,8,8,5,2,0.21542564932822378,0.5920802132005161
cb_rnn,8,8,5,3,0.23302648316466912,0.5048386653736737
cb_rnn,8,8,5,4,0.8242896760249534,0.32923884758179117
cb_rnn,8,8,5,5,0.9999999992884143,0.0
cb_rnn,8,8,5,6,0.3573307846271023,0.47211777201162497
cb_rnn,8,8,5,7,0.20216734798492936,0.5608154518116164
cb_rnn,8,8,6,0,0.3494958420948413,0.49803985355238534
cb_rnn,8,8,6,1,0.14934053446915066,0.6245036155578504
cb_rnn,8,8,6,2,0.5898204386486073,0.3901084779778955
cb_rnn,8,8,6,3,0.963306601455914,0.09262511793223727
cb_rnn,8,8,6,4,0.15969542197686615,0.6265421071043075
cb_rnn,8,8,6,5,0.3573307846271023,0.47211777201162497
cb_rnn,8,8,6,6,0.999999998683504,0.0
cb_rnn,8,8,6,7,0.6310570018199975,0.3336058218826678
cb_rnn,8,8,7,0,0.2681373612579065,0.5584612776198117
cb_rnn,8,8,7,1,0.5144195504504737,0.5076886802988057
cb_rnn,8,8,7,2,0.9943743720977278,0.07607734830503461
cb_rnn,8,8,7,3,0.7346312044342437,0.283686963209392
cb_rnn,8,8,7,4,0.4850272289314184,0.5259477916044368
cb_rnn,8,8,7,5,0.20216734798492936,0.5608154518116164
cb_rnn,8,8,7,6,0.6310570018199975,0.3336058218826678
cb_rnn,8,8,7,7,0.999999999101795,0.0
cb_rnn,8,9,0,0,0.9999999993181303,0.0
cb_rnn,8,9,0,1,0.8373924456920007,0.2997029645043705
cb_rnn,8,9,0,2,0.17877510197320054,0.6124568198228062
cb_rnn,8,9,0,3,0.2373486704552472,0.5271910924405125
cb_rnn,8,9,0,4,0.8413608918657404,0.3013059844411614
cb_rnn,8,9,0,5,0.9876349737427573,0.07838720821501362
cb_rnn,8,9,0,6,0.2964289554706069,0.5073941609562818
cb_rnn,8,9,0,7,0.20827663961936554,0.571502262584075
cb_rnn,8,9,1,0,0.8373924456920007,0.2997029645043705
cb_rnn,8,9,1,1,0.9999999994777894,0.0
cb_rnn,8,9,1,2,0.4852981568947371,0.5229982544381873
cb_rnn,8,9,1,3,0.08538910315813078,0.6296281806976862
cb_rnn,8,9,1,4,0.9961337400060664,0.04960268558576793
cb_rnn,8,9,1,5,0.7748279535331583,0.34679693434744624
cb_rnn,8,9,1,6,0.0911712509521378,0.6278000760906393
cb_rnn,8,9,1,7,0.4787384216285822,0.5079792492164115
cb_rnn,8,9,2,0,0.17877510197320054,0.6124568198228062
cb_rnn,8,9,2,1,0.4852981568947371,0.5229982544381873
cb_rnn,8,9,2,2,0.9999999993135212,0.0
cb_rnn,8,9,2,3,0.6268072368480162,0.37702568821418564
cb_rnn,8,9,2,4,0.49342015435038045,0.5251079341789896
cb_rnn,8,9,2,5,0.09330762584928708,0.6246236976691928
cb_rnn,8,9,2,6,0.5589765832758992,0.40690856045386786
cb_rnn,8,9,2,7,0.9931977721260025,0.0723878318455302
cb_rnn,8,9,3,0,0.2373486704552472,0.5271910924405125
cb_rnn,8,9,3,1,0.08538910315813078,0.6296281806976862
cb_rnn,8,9,3,2,0.6268072368480162,0.37702568821418564
cb_rnn,8,9,3,3,0.9999999988076034,0.0
cb_rnn,8,9,3,4,0.10566061395672767,0.6315613044809508
cb_rnn,8,9,3,5,0.2317181444633405,0.5080787071622016
cb_rnn,8,9,3,6,0.9854464551684937,0.06175761667139006
cb_rnn,8,9,3,7,0.6798217461599823,0.32149946413658104
cb_rnn,8,9,4,0,0.8413608918657404,0.3013059844411614
cb_rnn,8,9,4,1,0.9961337400060664,0.04960268558576793
cb_rnn,8,9,4,2,0.49342015435038045,0.5251079341789896
cb_rnn,8,9,4,3,0.10566061395672767,0.6315613044809508
cb_rnn,8,9,4,4,0.9999999994967043,0.0
cb_rnn,8,9,4,5,0.7838813010843123,0.3462195334141959
cb_rnn,8,9,4,6,0.12046408262908226,0.6268091359780137
cb_rnn,8,9,4,7,0.4920639714466051,0.5086972980146154
cb_rnn,8,9,5,0,0.9876349737427573,0.07838720821501362
cb_rnn,8,9,5,1,0.7748279535331583,0.34679693434744624
cb_rnn,8,9,5,2,0.09330762584928708,0.6246236976691928
cb_rnn,8,9,5,3,0.2317181444633405,0.5080787071622016
cb_rnn,8,9,5,4,0.7838813010843123,0.3462195334141959
cb_rnn,8,9,5,5,0.9999999992288515,0.0
cb_rnn,8,9,5,6,0.3060826563045948,0.48363516230163756
cb_rnn,8,9,5,7,0.13651665396765922,0.5768743932892082
cb_rnn,8,9,6,0,0.2964289554706069,0.5073941609562818
cb_rnn,8,9,6,1,0.0911712509521378,0.6278000760906393
cb_rnn,8,9,6,2,0.5589765832758992,0.40690856045386786
cb_rnn,8,9,6,3,0.9854464551684937,0.06175761667139006
cb_rnn,8,9,6,4,0.12046408262908226,0.6268091359780137
cb_rnn,8,9,6,5,0.3060826563045948,0.48363516230163756
cb_rnn,8,9,6,6,0.9999999988075098,0.0
cb_rnn,8,9,6,7,0.6241205589743095,0.3472694478341901
cb_rnn,8,9,7,0,0.20827663961936554,0.571502262584075
cb_rnn,8,9,7,1,0.4787384216285822,0.5079792492164115
cb_rnn,8,9,7,2,0.9931977721260025,0.0723878318455302
cb_rnn,8,9,7,3,0.6798217461599823,0.32149946413658104
cb_rnn,8,9,7,4,0.4920639714466051,0.5086972980146154
cb_rnn,8,9,7,5,0.13651665396765922,0.5768743932892082
cb_rnn,8,9,7,6,0.6241205589743095,0.3472694478341901
cb_rnn,8,9,7,7,0.999999999144753,0.0
cb_rnn,8,10,0,0,0.9999999989974616,0.0
cb_rnn,8,10,0,1,0.8255337470531336,0.2611878071720781
cb_rnn,8,10,0,2,0.05933439955890747,0.5958511123042102
cb_rnn,8,10,0,3,0.16379202847655744,0.47561519907113503
cb_rnn,8,10,0,4,0.8306109115636536,0.2613625584331984
cb_rnn,8,10,0,5,0.9876132138740064,0.062179651682535156
cb_rnn,8,10,0,6,0.1672088596757577,0.4831072943775988
cb_rnn,8,10,0,7,0.11163865690636776,0.5343377799196725
cb_rnn,8,10,1,0,0.8255337470531336,0.2611878071720781
cb_rnn,8,10,1,1,0.9999999992686461,0.0
cb_rnn,8,10,1,2,0.3763627715565003,0.5207898024828044
cb_rnn,8,10,1,3,0.04516384582223711,0.5599749291172132
cb_rnn,8,10,1,4,0.9970442347871846,0.03649634588482393
cb_rnn,8,10,1,5,0.7793696126140193,0.29172281566313135
cb_rnn,8,10,1,6,0.014931794981780567,0.5769040276366801
cb_rnn,8,10,1,7,0.3994989107797011,0.4784521287405249
cb_rnn,8,10,2,0,0.05933439955890747,0.5958511123042102
cb_rnn,8,10,2,1,0.3763627715565003,0.5207898024828044
cb_rnn,8,10,2,2,0.9999999992936857,0.0
cb_rnn,8,10,2,3,0.6930890613636796,0.33924628293121717
cb_rnn,8,10,2,4,0.3751141246198943,0.525210374026162
cb_rnn,8,10,2,5,-0.00898162813687152,0.6171023004035016
cb_rnn,8,10,2,6,0.6465205841179548,0.3620298341575868
cb_rnn,8,10,2,7,0.9932684575694227,0.08128640346109117
cb_rnn,8,10,3,0,0.16379202847655744,0.47561519907113503
cb_rnn,8,10,3,1,0.04516384582223711,0.5599749291172132
cb_rnn,8,10,3,2,0.6930890613636796,0.33924628293121717
cb_rnn,8,10,3,3,0.9999999986296911,0.0
cb_rnn,8,10,3,4,0.05721797212585704,0.5622333008076266
cb_rnn,8,10,3,5,0.15546682185363497,0.47830770110541804
cb_rnn,8,10,3,6,0.9839766002842363,0.06341669807920387
cb_rnn,8,10,3,7,0.7311539844283959,0.2804534334041
cb_rnn,8,10,4,0,0.8306109115636536,0.2613625584331984
cb_rnn,8,10,4,1,0.9970442347871846,0.03649634588482393
cb_rnn,8,10,4,2,0.3751141246198943,0.525210374026162
cb_rnn,8,10,4,3,0.05721797212585704,0.5622333008076266
cb_rnn,8,10,4,4,0.9999999992904647,0.0
cb_rnn,8,10,4,5,0.7873326024351167,0.2904684744063227
cb_rnn,8,10,4,6,0.028095665981563957,0.5787595383974017
cb_rnn,8,10,4,7,0.4016610923013288,0.4820454853386395
cb_rnn,8,10,5,0,0.9876132138740064,0.062179651682535156
cb_rnn,8,10,5,1,0.7793696126140193,0.29172281566313135
cb_rnn,8,10,5,2,-0.00898162813687152,0.6171023004035016
cb_rnn,8,10,5,3,0.15546682185363497,0.47830770110541804
cb_rnn,8,10,5,4,0.7873326024351167,0.2904684744063227
cb_rnn,8,10,5,5,0.9999999990000425,0.0
cb_rnn,8,10,5,6,0.1588041370251061,0.4858755899568537
cb_rnn,8,10,5,7,0.054548912682649296,0.5515755961904067
cb_rnn,8,10,6,0,0.1672088596757577,0.4831072943775988
cb_rnn,8,10,6,1,0.014931794981780567,0.5769040276366801
cb_rnn,8,10,6,2,0.6465205841179548,0.3620298341575868
cb_rnn,8,10,6,3,0.9839766002842363,0.06341669807920387
cb_rnn,8,10,6,4,0.028095665981563957,0.5787595383974017
cb_rnn,8,10,6,5,0.1588041370251061,0.4858755899568537
cb_rnn,8,10,6,6,0.9999999987402725,0.0
cb_rnn,8,10,6,7,0.6888040103412761,0.30359138966073684
cb_rnn,8,10,7,0,0.11163865690636776,0.5343377799196725
cb_rnn,8,10,7,1,0.3994989107797011,0.4784521287405249
cb_rnn,8,10,7,2,0.9932684575694227,0.08128640346109117
cb_rnn,8,10,7,3,0.7311539844283959,0.2804534334041
cb_rnn,8,10,7,4,0.4016610923013288,0.4820454853386395
cb_rnn,8,10,7,5,0.054548912682649296,0.5515755961904067
cb_rnn,8,10,7,6,0.6888040103412761,0.30359138966073684
cb_rnn,8,10,7,7,0.9999999990560311,0.0
cb_rnn,8,11,0,0,0.9999999990439778,0.0
cb_rnn,8,11,0,1,0.8482199238486768,0.25155069910363326
cb_rnn,8,11,0,2,0.03356193078405862,0.6178316628170748
cb_rnn,8,11,0,3,0.07796059328613857,0.5414553189724001
cb_rnn,8,11,0,4,0.8411183435355849,0.2560605018626338
cb_rnn,8,11,0,5,0.9886929756717175,0.06082328095697345
cb_rnn,8,11,0,6,0.11361582691592124,0.543623125681431
cb_rnn,8,11,0,7,0.05670660375456958,0.5824989251708921
cb_rnn,8,11,1,0,0.8482199238486768,0.25155069910363326
cb_rnn,8,11,1,1,0.9999999993072902,0.0
cb_rnn,8,11,1,2,0.3211404049013611,0.5569364719863452
cb_rnn,8,11,1,3,0.03633202380477557,0.6054023716859827
cb_rnn,8,11,1,4,0.9966354290294756,0.03892680139655593
cb_rnn,8,11,1,5,0.8061352461565198,0.28187664172374816
cb_rnn,8,11,1,6,0.015135502035278196,0.6241770175707824
cb_rnn,8,11,1,7,0.31461702393118907,0.5379358260345068
cb_rnn,8,11,2,0,0.03356193078405862,0.6178316628170748
cb_rnn,8,11,2,1,0.3211404049013611,0.5569364719863452
cb_rnn,8,11,2,2,0.9999999993245582,0.0
cb_rnn,8,11,2,3,0.7872566332507693,0.2969282520790171
cb_rnn,8,11,2,4,0.3200672554750208,0.55643772732033
cb_rnn,8,11,2,5,-0.03122708795207026,0.6381371022624537
cb_rnn,8,11,2,6,0.7185381554989634,0.3410861713287093
cb_rnn,8,11,2,7,0.9943682208578786,0.062027089915847294
cb_rnn,8,11,3,0,0.07796059328613857,0.5414553189724001
cb_rnn,8,11,3,1,0.03633202380477557,0.6054023716859827
cb_rnn,8,11,3,2,0.7872566332507693,0.2969282520790171
cb_rnn,8,11,3,3,0.9999999989887658,0.0
cb_rnn,8,11,3,4,0.027740567597629256,0.606800809985461
cb_rnn,8,11,3,5,0.06070486468274952,0.546751460784809
cb_rnn,8,11,3,6,0.9908781364861455,0.05765693090244068
cb_rnn,8,11,3,7,0.824272159946862,0.25233481341761926
cb_rnn,8,11,4,0,0.8411183435355849,0.2560605018626338
cb_rnn,8,11,4,1,0.9966354290294756,0.03892680139655593
cb_rnn,8,11,4,2,0.3200672554750208,0.55643772732033
cb_rnn,8,11,4,3,0.027740567597629256,0.606800809985461
cb_rnn,8,11,4,4,0.9999999993025025,0.0
cb_rnn,8,11,4,5,0.801654838448491,0.2840555151133008
cb_rnn,8,11,4,6,0.007023753007016515,0.6254875360597253
cb_rnn,8,11,4,7,0.3140606687028948,0.5371359178773403
cb_rnn,8,11,5,0,0.9886929756717175,0.06082328095697345
cb_rnn,8,11,5,1,0.8061352461565198,0.28187664172374816
cb_rnn,8,11,5,2,-0.03122708795207026,0.6381371022624537
cb_rnn,8,11,5,3,0.06070486468274952,0.546751460784809
cb_rnn,8,11,5,4,0.801654838448491,0.2840555151133008
cb_rnn,8,11,5,5,0.9999999990457087,0.0
cb_rnn,8,11,5,6,0.10383526464953399,0.5468559060938609
cb_rnn,8,11,5,7,0.00175590493222595,0.5993995361035924
cb_rnn,8,11,6,0,0.11361582691592124,0.543623125681431
cb_rnn,8,11,6,1,0.015135502035278196,0.6241770175707824
cb_rnn,8,11,6,2,0.7185381554989634,0.3410861713287093
cb_rnn,8,11,6,3,0.9908781364861455,0.05765693090244068
cb_rnn,8,11,6,4,0.007023753007016515,0.6254875360597253
cb_rnn,8,11,6,5,0.10383526464953399,0.5468559060938609
cb_rnn,8,11,6,6,0.9999999990806687,0.0
cb_rnn,8,11,6,7,0.7639723004868294,0.2951881072487333
cb_rnn,8,11,7,0,0.05670660375456958,0.5824989251708921
cb_rnn,8,11,7,1,0.31461702393118907,0.5379358260345068
cb_rnn,8,11,7,2,0.9943682208578786,0.062027089915847294
cb_rnn,8,11,7,3,0.824272159946862,0.25233481341761926
cb_rnn,8,11,7,4,0.3140606687028948,0.5371359178773403
cb_rnn,8,11,7,5,0.00175590493222595,0.5993995361035924
cb_rnn,8,11,7,6,0.7639723004868294,0.2951881072487333
cb_rnn,8,11,7,7,0.9999999992035177,0.0
cb_rnn,8,12,0,0,0.9999999990954089,0.0
cb_rnn,8,12,0,1,0.8516951823152298,0.24762901174365584
cb_rnn,8,12,0,2,0.023387412290554313,0.6646605346341395
cb_rnn,8,12,0,3,0.0781470487778526,0.5905246682054538
cb_rnn,8,12,0,4,0.859399492524165,0.24721388530532515
cb_rnn,8,12,0,5,0.9941190677633884,0.04506917418210033
cb_rnn,8,12,0,6,0.08606669363620376,0.5971141777607193
cb_rnn,8,12,0,7,0.041302125412512145,0.6114595141600286
cb_rnn,8,12,1,0,0.8516951823152298,0.24762901174365584
cb_rnn,8,12,1,1,0.9999999992980815,0.0
cb_rnn,8,12,1,2,0.2391856614554207,0.6185776175784851
cb_rnn,8,12,1,3,-0.03333645087196042,0.6650509162581673
cb_rnn,8,12,1,4,0.9986656329362618,0.027301379909512338
cb_rnn,8,12,1,5,0.8220463534777258,0.26963670465752443
cb_rnn,8,12,1,6,-0.059742177841302514,0.6826616698429642
cb_rnn,8,12,1,7,0.2108599031175913,0.5890971251697283
cb_rnn,8,12,2,0,0.023387412290554313,0.6646605346341395
cb_rnn,8,12,2,1,0.2391856614554207,0.6185776175784851
cb_rnn,8,12,2,2,0.9999999994406015,0.0
cb_rnn,8,12,2,3,0.8000203554966979,0.3185455840045724
cb_rnn,8,12,2,4,0.2529951596448244,0.6195082768150408
cb_rnn,8,12,2,5,-0.026052696906958366,0.6777821770385316
cb_rnn,8,12,2,6,0.7593304096660147,0.3499318966314682
cb_rnn,8,12,2,7,0.9912828867146714,0.09056108879477899
cb_rnn,8,12,3,0,0.0781470487778526,0.5905246682054538
cb_rnn,8,12,3,1,-0.03333645087196042,0.6650509162581673
cb_rnn,8,12,3,2,0.8000203554966979,0.3185455840045724
cb_rnn,8,12,3,3,0.9999999992394033,0.0
cb_rnn,8,12,3,4,-0.008441868559525648,0.6655068442697643
cb_rnn,8,12,3,5,0.06508813594754506,0.5915666336105482
cb_rnn,8,12,3,6,0.9969023388627787,0.03835522081620166
cb_rnn,8,12,3,7,0.8563813975771001,0.24663698195506523
cb_rnn,8,12,4,0,0.859399492524165,0.24721388530532515
cb_rnn,8,12,4,1,0.9986656329362618,0.027301379909512338
cb_rnn,8,12,4,2,0.2529951596448244,0.6195082768150408
cb_rnn,8,12,4,3,-0.008441868559525648,0.6655068442697643
cb_rnn,8,12,4,4,0.9999999993316037,0.0
cb_rnn,8,12,4,5,0.8305670117306577,0.2694260638880642
cb_rnn,8,12,4,6,-0.03335395757505048,0.682606118826192
cb_rnn,8,12,4,7,0.22816661919390038,0.5900038212812628
cb_rnn,8,12,5,0,0.9941190677633884,0.04506917418210033
cb_rnn,8,12,5,1,0.8220463534777258,0.26963670465752443
cb_rnn,8,12,5,2,-0.026052696906958366,0.6777821770385316
cb_rnn,8,12,5,3,0.06508813594754506,0.5915666336105482
cb_rnn,8,12,5,4,0.8305670117306577,0.2694260638880642
cb_rnn,8,12,5,5,0.9999999990741191,0.0
cb_rnn,8,12,5,6,0.07717975768463715,0.596960304906659
cb_rnn,8,12,5,7,0.001610186040702211,0.6207193959621978
cb_rnn,8,12,6,0,0.08606669363620376,0.5971141777607193
cb_rnn,8,12,6,1,-0.059742177841302514,0.6826616698429642
cb_rnn,8,12,6,2,0.7593304096660147,0.3499318966314682
cb_rnn,8,12,6,3,0.9969023388627787,0.03835522081620166
cb_rnn,8,12,6,4,-0.03335395757505048,0.682606118826192
cb_rnn,8,12,6,5,0.07717975768463715,0.596960304906659
cb_rnn,8,12,6,6,0.9999999992804606,0.0
cb_rnn,8,12,6,7,0.8205108422523285,0.2792002641205184
cb_rnn,8,12,7,0,0.041302125412512145,0.6114595141600286
cb_rnn,8,12,7,1,0.2108599031175913,0.5890971251697283
cb_rnn,8,12,7,2,0.9912828867146714,0.09056108879477899
cb_rnn,8,12,7,3,0.8563813975771001,0.24663698195506523
cb_rnn,8,12,7,4,0.22816661919390038,0.5900038212812628
cb_rnn,8,12,7,5,0.001610186040702211,0.6207193959621978
cb_rnn,8,12,7,6,0.8205108422523285,0.2792002641205184
cb_rnn,8,12,7,7,0.9999999992804541,0.0
cb_rnn,8,13,0,0,0.9999999992334374,0.0
cb_rnn,8,13,0,1,0.8828196617585947,0.24233420922113785
cb_rnn,8,13,0,2,-0.03175477464619874,0.7407997477268164
cb_rnn,8,13,0,3,-0.043968533161154656,0.6967708377090205
cb_rnn,8,13,0,4,0.8835588493418347,0.2439659134791957
cb_rnn,8,13,0,5,0.9941634176668717,0.048839672115788886
cb_rnn,8,13,0,6,-0.038497425479171996,0.7080013113661243
cb_rnn,8,13,0,7,-0.013410822941665903,0.689381704653597
cb_rnn,8,13,1,0,0.8828196617585947,0.24233420922113785
cb_rnn,8,13,1,1,0.9999999994128241,0.0
cb_rnn,8,13,1,2,0.14046364632659075,0.7152347018819784
cb_rnn,8,13,1,3,-0.13176023987091795,0.7726325981033347
cb_rnn,8,13,1,4,0.9988013444509972,0.025817807507264506
cb_rnn,8,13,1,5,0.8640617476142237,0.2597596150197396
cb_rnn,8,13,1,6,-0.13940554698282792,0.788132932667639
cb_rnn,8,13,1,7,0.13293428487755393,0.6787178400062632
cb_rnn,8,13,2,0,-0.03175477464619874,0.7407997477268164
cb_rnn,8,13,2,1,0.14046364632659075,0.7152347018819784
cb_rnn,8,13,2,2,0.9999999995243789,0.0
cb_rnn,8,13,2,3,0.8382676891717107,0.3140341807535095
cb_rnn,8,13,2,4,0.13748261067489354,0.7193841074648336
cb_rnn,8,13,2,5,-0.08771413347632195,0.760726885291729
cb_rnn,8,13,2,6,0.8201327299898777,0.3330737860550791
cb_rnn,8,13,2,7,0.9949251623734986,0.07990005301562192
cb_rnn,8,13,3,0,-0.043968533161154656,0.6967708377090205
cb_rnn,8,13,3,1,-0.13176023987091795,0.7726325981033347
cb_rnn,8,13,3,2,0.8382676891717107,0.3140341807535095
cb_rnn,8,13,3,3,0.9999999994021672,0.0
cb_rnn,8,13,3,4,-0.1341369830613996,0.7770521027486922
cb_rnn,8,13,3,5,-0.07760284732139643,0.7084881650281488
cb_rnn,8,13,3,6,0.9985953061320918,0.03238791981474609
cb_rnn,8,13,3,7,0.8695095698003925,0.26214590392120646
cb_rnn,8,13,4,0,0.8835588493418347,0.2439659134791957
cb_rnn,8,13,4,1,0.9988013444509972,0.025817807507264506
cb_rnn,8,13,4,2,0.13748261067489354,0.7193841074648336
cb_rnn,8,13,4,3,-0.1341369830613996,0.7770521027486922
cb_rnn,8,13,4,4,0.9999999994235288,0.0
cb_rnn,8,13,4,5,0.8649812679028196,0.2612580025755623
cb_rnn,8,13,4,6,-0.1412652666197256,0.792350957910928
cb_rnn,8,13,4,7,0.12917051484351455,0.6833481315725294
cb_rnn,8,13,5,0,0.9941634176668717,0.048839672115788886
cb_rnn,8,13,5,1,0.8640617476142237,0.2597596150197396
cb_rnn,8,13,5,2,-0.08771413347632195,0.760726885291729
cb_rnn,8,13,5,3,-0.07760284732139643,0.7084881650281488
cb_rnn,8,13,5,4,0.8649812679028196,0.2612580025755623
cb_rnn,8,13,5,5,0.9999999992366719,0.0
cb_rnn,8,13,5,6,-0.06848740004336962,0.7186821951070794
cb_rnn,8,13,5,7,-0.06249033531551267,0.7063946791180967
cb_rnn,8,13,6,0,-0.038497425479171996,0.7080013113661243
cb_rnn,8,13,6,1,-0.13940554698282792,0.788132932667639
cb_rnn,8,13,6,2,0.8201327299898777,0.3330737860550791
cb_rnn,8,13,6,3,0.9985953061320918,0.03238791981474609
cb_rnn,8,13,6,4,-0.1412652666197256,0.792350957910928
cb_rnn,8,13,6,5,-0.06848740004336962,0.7186821951070794
cb_rnn,8,13,6,6,0.9999999994401053,0.0
cb_rnn,8,13,6,7,0.854257570753726,0.28190730341132897
cb_rnn,8,13,7,0,-0.013410822941665903,0.689381704653597
cb_rnn,8,13,7,1,0.13293428487755393,0.6787178400062632
cb_rnn,8,13,7,2,0.9949251623734986,0.07990005301562192
cb_rnn,8,13,7,3,0.8695095698003925,0.26214590392120646
cb_rnn,8,13,7,4,0.12917051484351455,0.6833481315725294
cb_rnn,8,13,7,5,-0.06249033531551267,0.7063946791180967
cb_rnn,8,13,7,6,0.854257570753726,0.28190730341132897
cb_rnn,8,13,7,7,0.999999999410776,0.0
cb_rnn,8,14,0,0,0.9999999993815869,0.0
cb_rnn,8,14,0,1,0.8864429657896299,0.2707133369431702
cb_rnn,8,14,0,2,-0.1001409187301589,0.910706266181395
cb_rnn,8,14,0,3,-0.13759369160205726,0.8803656979613699
cb_rnn,8,14,0,4,0.8872683716891908,0.27663484780966074
cb_rnn,8,14,0,5,0.9962107860405275,0.04977848056339324
cb_rnn,8,14,0,6,-0.12442830911746874,0.8883747988064605
cb_rnn,8,14,0,7,-0.1057754696784786,0.8804567588132669
cb_rnn,8,14,1,0,0.8864429657896299,0.2707133369431702
cb_rnn,8,14,1,1,0.9999999995418598,0.0
cb_rnn,8,14,1,2,0.04591493931644248,0.8989471462023708
cb_rnn,8,14,1,3,-0.19258610828778527,0.9593389182955099
cb_rnn,8,14,1,4,0.9993089883269927,0.025456887490481438
cb_rnn,8,14,1,5,0.8810032866173813,0.27647793707933027
cb_rnn,8,14,1,6,-0.20274429513427789,0.9760845471933245
cb_rnn,8,14,1,7,0.020362998316963143,0.881020869223756
cb_rnn,8,14,2,0,-0.1001409187301589,0.910706266181395
cb_rnn,8,14,2,1,0.04591493931644248,0.8989471462023708
cb_rnn,8,14,2,2,0.9999999996906979,0.0
cb_rnn,8,14,2,3,0.8966406050287685,0.3153026127819415
cb_rnn,8,14,2,4,0.053320335955022446,0.903443108347331
cb_rnn,8,14,2,5,-0.14420379176936451,0.942261745258676
cb_rnn,8,14,2,6,0.8739647490828922,0.34922774388896505
cb_rnn,8,14,2,7,0.9972144625828423,0.06471647330088892
cb_rnn,8,14,3,0,-0.13759369160205726,0.8803656979613699
cb_rnn,8,14,3,1,-0.19258610828778527,0.9593389182955099
cb_rnn,8,14,3,2,0.8966406050287685,0.3153026127819415
cb_rnn,8,14,3,3,0.9999999996379043,0.0
cb_rnn,8,14,3,4,-0.18423445113976078,0.9655429858513879
cb_rnn,8,14,3,5,-0.1753712272820846,0.9096897072893956
cb_rnn,8,14,3,6,0.9977155833070116,0.04759913643280099
cb_rnn,8,14,3,7,0.9172622957503399,0.2706047272081049
cb_rnn,8,14,4,0,0.8872683716891908,0.27663484780966074
cb_rnn,8,14,4,1,0.9993089883269927,0.025456887490481438
cb_rnn,8,14,4,2,0.053320335955022446,0.903443108347331
cb_rnn,8,14,4,3,-0.18423445113976078,0.9655429858513879
cb_rnn,8,14,4,4,0.9999999995614423,0.0
cb_rnn,8,14,4,5,0.8815550420720892,0.28178683766636015
cb_rnn,8,14,4,6,-0.19352387166930124,0.9818773621361867
cb_rnn,8,14,4,7,0.02808278257102204,0.8859366567600012
cb_rnn,8,14,5,0,0.9962107860405275,0.04977848056339324
cb_rnn,8,14,5,1,0.8810032866173813,0.27647793707933027
cb_rnn,8,14,5,2,-0.14420379176936451,0.942261745258676
cb_rnn,8,14,5,3,-0.1753712272820846,0.9096897072893956
cb_rnn,8,14,5,4,0.8815550420720892,0.28178683766636015
cb_rnn,8,14,5,5,0.9999999994321495,0.0
cb_rnn,8,14,5,6,-0.16147285270986747,0.9173406383025832
cb_rnn,8,14,5,7,-0.1471562495656522,0.9110281746960203
cb_rnn,8,14,6,0,-0.12442830911746874,0.8883747988064605
cb_rnn,8,14,6,1,-0.20274429513427789,0.9760845471933245
cb_rnn,8,14,6,2,0.8739647490828922,0.34922774388896505
cb_rnn,8,14,6,3,0.9977155833070116,0.04759913643280099
cb_rnn,8,14,6,4,-0.19352387166930124,0.9818773621361867
cb_rnn,8,14,6,5,-0.16147285270986747,0.9173406383025832
cb_rnn,8,14,6,6,0.9999999996546276,0.0
cb_rnn,8,14,6,7,0.897239732498697,0.30470930908214333
cb_rnn,8,14,7,0,-0.1057754696784786,0.8804567588132669
cb_rnn,8,14,7,1,0.020362998316963143,0.881020869223756
cb_rnn,8,14,7,2,0.9972144625828423,0.06471647330088892
cb_rnn,8,14,7,3,0.9172622957503399,0.2706047272081049
cb_rnn,8,14,7,4,0.02808278257102204,0.8859366567600012
cb_rnn,8,14,7,5,-0.1471562495656522,0.9110281746960203
cb_rnn,8,14,7,6,0.897239732498697,0.30470930908214333
cb_rnn,8,14,7,7,0.9999999996536393,0.0
cb_rnn,8,15,0,0,0.9999999995673634,0.0
cb_rnn,8,15,0,1,0.9000434469123738,0.2963389150358851
cb_rnn,8,15,0,2,-0.21532735064528993,1.1653376020649011
cb_rnn,8,15,0,3,-0.22236817082381116,1.1240136159344707
cb_rnn,8,15,0,4,0.9085862621990668,0.2922717069723494
cb_rnn,8,15,0,5,0.9966405389062698,0.056450443294597745
cb_rnn,8,15,0,6,-0.20650292915893104,1.10304811891898
cb_rnn,8,15,0,7,-0.21856645376444725,1.1156061342488786
cb_rnn,8,15,1,0,0.9000434469123738,0.2963389150358851
cb_rnn,8,15,1,1,0.9999999996616393,0.0
cb_rnn,8,15,1,2,-0.0860950912703812,1.1550893038149606
cb_rnn,8,15,1,3,-0.27192071970990234,1.2035317527849863
cb_rnn,8,15,1,4,0.9985439942594663,0.040480205580753915
cb_rnn,8,15,1,5,0.8861209533983005,0.31588511489699295
cb_rnn,8,15,1,6,-0.2580839325920375,1.1833549577616413
cb_rnn,8,15,1,7,-0.10214532390510937,1.1153086222210156
cb_rnn,8,15,2,0,-0.21532735064528993,1.1653376020649011
cb_rnn,8,15,2,1,-0.0860950912703812,1.1550893038149606
cb_rnn,8,15,2,2,0.9999999997970208,0.0
cb_rnn,8,15,2,3,0.911481117874594,0.3618268158760732
cb_rnn,8,15,2,4,-0.09007241299297784,1.1678134882550253
cb_rnn,8,15,2,5,-0.2503150345667296,1.1990069627016688
cb_rnn,8,15,2,6,0.9105175709023456,0.36291349886349134
cb_rnn,8,15,2,7,0.9984333521040312,0.07622510538040546
cb_rnn,8,15,3,0,-0.22236817082381116,1.1240136159344707
cb_rnn,8,15,3,1,-0.27192071970990234,1.2035317527849863
cb_rnn,8,15,3,2,0.911481117874594,0.3618268158760732
cb_rnn,8,15,3,3,0.9999999997707579,0.0
cb_rnn,8,15,3,4,-0.2682522179247241,1.2140004200637786
cb_rnn,8,15,3,5,-0.24224440836805627,1.1510143493908842
cb_rnn,8,15,3,6,0.9985296811155189,0.04727120976938124
cb_rnn,8,15,3,7,0.9249113251327006,0.31850102504079336
cb_rnn,8,15,4,0,0.9085862621990668,0.2922717069723494
cb_rnn,8,15,4,1,0.9985439942594663,0.040480205580753915
cb_rnn,8,15,4,2,-0.09007241299297784,1.1678134882550253
cb_rnn,8,15,4,3,-0.2682522179247241,1.2140004200637786
cb_rnn,8,15,4,4,0.9999999996771973,0.0
cb_rnn,8,15,4,5,0.8943108932196687,0.31133320248641766
cb_rnn,8,15,4,6,-0.25286935394704446,1.193094056923951
cb_rnn,8,15,4,7,-0.10530002681276374,1.1280348168703893
cb_rnn,8,15,5,0,0.9966405389062698,0.056450443294597745
cb_rnn,8,15,5,1,0.8861209533983005,0.31588511489699295
cb_rnn,8,15,5,2,-0.2503150345667296,1.1990069627016688
cb_rnn,8,15,5,3,-0.24224440836805627,1.1510143493908842
cb_rnn,8,15,5,4,0.8943108932196687,0.31133320248641766
cb_rnn,8,15,5,5,0.9999999996020251,0.0
cb_rnn,8,15,5,6,-0.22711034826656284,1.1303226969552007
cb_rnn,8,15,5,7,-0.2508120783172545,1.1481434316644485
cb_rnn,8,15,6,0,-0.20650292915893104,1.10304811891898
cb_rnn,8,15,6,1,-0.2580839325920375,1.1833549577616413
cb_rnn,8,15,6,2,0.9105175709023456,0.36291349886349134
cb_rnn,8,15,6,3,0.9985296811155189,0.04727120976938124
cb_rnn,8,15,6,4,-0.25286935394704446,1.193094056923951
cb_rnn,8,15,6,5,-0.22711034826656284,1.1303226969552007
cb_rnn,8,15,6,6,0.99999999976135,0.0
cb_rnn,8,15,6,7,0.9243321363365679,0.31654611510501357
cb_rnn,8,15,7,0,-0.21856645376444725,1.1156061342488786
cb_rnn,8,15,7,1,-0.10214532390510937,1.1153086222210156
cb_rnn,8,15,7,2,0.9984333521040312,0.07622510538040546
cb_rnn,8,15,7,3,0.9249113251327006,0.31850102504079336
cb_rnn,8,15,7,4,-0.10530002681276374,1.1280348168703893
cb_rnn,8,15,7,5,-0.2508120783172545,1.1481434316644485
cb_rnn,8,15,7,6,0.9243321363365679,0.31654611510501357
cb_rnn,8,15,7,7,0.999999999766307,0.0
